ISO-10303-21;
HEADER;
/* Generated by software containing ST-Developer
 * from STEP Tools, Inc. (www.steptools.com) 
 */

FILE_DESCRIPTION(
/* description */ (''),
/* implementation_level */ '2;1');

FILE_NAME(
/* name */ 'Box.step',
/* time_stamp */ '2026-03-08T11:57:48Z',
/* author */ (''),
/* organization */ (''),
/* preprocessor_version */ 'ST-DEVELOPER v20.1',
/* originating_system */ 'Autodesk Translation Framework v14.24.0.0',
/* authorisation */ '');

FILE_SCHEMA (('AUTOMOTIVE_DESIGN { 1 0 10303 214 3 1 1 }'));
ENDSEC;

DATA;
#10=MECHANICAL_DESIGN_GEOMETRIC_PRESENTATION_REPRESENTATION('',(#13),#2462);
#11=SHAPE_REPRESENTATION_RELATIONSHIP('SRR','None',#2469,#12);
#12=ADVANCED_BREP_SHAPE_REPRESENTATION('',(#14),#2461);
#13=STYLED_ITEM('',(#2478),#14);
#14=MANIFOLD_SOLID_BREP('Box',#1484);
#15=CYLINDRICAL_SURFACE('',#1512,16.5);
#16=CYLINDRICAL_SURFACE('',#1515,16.5);
#17=CYLINDRICAL_SURFACE('',#1536,8.5);
#18=CYLINDRICAL_SURFACE('',#1541,8.5);
#19=CYLINDRICAL_SURFACE('',#1580,2.17074656936734);
#20=CYLINDRICAL_SURFACE('',#1582,0.123935118969751);
#21=CYLINDRICAL_SURFACE('',#1584,0.123935118969641);
#22=CYLINDRICAL_SURFACE('',#1586,2.17029906949837);
#23=CYLINDRICAL_SURFACE('',#1589,4.52357006710035);
#24=CYLINDRICAL_SURFACE('',#1591,2.17029906949837);
#25=CYLINDRICAL_SURFACE('',#1593,0.123935118969641);
#26=CYLINDRICAL_SURFACE('',#1595,0.123935118969751);
#27=CYLINDRICAL_SURFACE('',#1597,2.17074656936734);
#28=CYLINDRICAL_SURFACE('',#1598,4.52423906917134);
#29=CYLINDRICAL_SURFACE('',#1602,1.5);
#30=CYLINDRICAL_SURFACE('',#1604,2.4);
#31=CYLINDRICAL_SURFACE('',#1607,1.5);
#32=CYLINDRICAL_SURFACE('',#1609,2.4);
#33=CYLINDRICAL_SURFACE('',#1612,1.5);
#34=CYLINDRICAL_SURFACE('',#1614,2.4);
#35=CYLINDRICAL_SURFACE('',#1617,1.5);
#36=CYLINDRICAL_SURFACE('',#1619,2.4);
#37=FACE_BOUND('',#131,.T.);
#38=FACE_BOUND('',#132,.T.);
#39=FACE_BOUND('',#133,.T.);
#40=FACE_BOUND('',#143,.T.);
#41=FACE_BOUND('',#144,.T.);
#42=FACE_BOUND('',#145,.T.);
#43=FACE_BOUND('',#146,.T.);
#44=FACE_BOUND('',#202,.T.);
#45=FACE_BOUND('',#206,.T.);
#46=FACE_BOUND('',#210,.T.);
#47=FACE_BOUND('',#214,.T.);
#48=FACE_OUTER_BOUND('',#126,.T.);
#49=FACE_OUTER_BOUND('',#127,.T.);
#50=FACE_OUTER_BOUND('',#128,.T.);
#51=FACE_OUTER_BOUND('',#129,.T.);
#52=FACE_OUTER_BOUND('',#130,.T.);
#53=FACE_OUTER_BOUND('',#134,.T.);
#54=FACE_OUTER_BOUND('',#135,.T.);
#55=FACE_OUTER_BOUND('',#136,.T.);
#56=FACE_OUTER_BOUND('',#137,.T.);
#57=FACE_OUTER_BOUND('',#138,.T.);
#58=FACE_OUTER_BOUND('',#139,.T.);
#59=FACE_OUTER_BOUND('',#140,.T.);
#60=FACE_OUTER_BOUND('',#141,.T.);
#61=FACE_OUTER_BOUND('',#142,.T.);
#62=FACE_OUTER_BOUND('',#147,.T.);
#63=FACE_OUTER_BOUND('',#148,.T.);
#64=FACE_OUTER_BOUND('',#149,.T.);
#65=FACE_OUTER_BOUND('',#150,.T.);
#66=FACE_OUTER_BOUND('',#151,.T.);
#67=FACE_OUTER_BOUND('',#152,.T.);
#68=FACE_OUTER_BOUND('',#153,.T.);
#69=FACE_OUTER_BOUND('',#154,.T.);
#70=FACE_OUTER_BOUND('',#155,.T.);
#71=FACE_OUTER_BOUND('',#156,.T.);
#72=FACE_OUTER_BOUND('',#157,.T.);
#73=FACE_OUTER_BOUND('',#158,.T.);
#74=FACE_OUTER_BOUND('',#159,.T.);
#75=FACE_OUTER_BOUND('',#160,.T.);
#76=FACE_OUTER_BOUND('',#161,.T.);
#77=FACE_OUTER_BOUND('',#162,.T.);
#78=FACE_OUTER_BOUND('',#163,.T.);
#79=FACE_OUTER_BOUND('',#164,.T.);
#80=FACE_OUTER_BOUND('',#165,.T.);
#81=FACE_OUTER_BOUND('',#166,.T.);
#82=FACE_OUTER_BOUND('',#167,.T.);
#83=FACE_OUTER_BOUND('',#168,.T.);
#84=FACE_OUTER_BOUND('',#169,.T.);
#85=FACE_OUTER_BOUND('',#170,.T.);
#86=FACE_OUTER_BOUND('',#171,.T.);
#87=FACE_OUTER_BOUND('',#172,.T.);
#88=FACE_OUTER_BOUND('',#173,.T.);
#89=FACE_OUTER_BOUND('',#174,.T.);
#90=FACE_OUTER_BOUND('',#175,.T.);
#91=FACE_OUTER_BOUND('',#176,.T.);
#92=FACE_OUTER_BOUND('',#177,.T.);
#93=FACE_OUTER_BOUND('',#178,.T.);
#94=FACE_OUTER_BOUND('',#179,.T.);
#95=FACE_OUTER_BOUND('',#180,.T.);
#96=FACE_OUTER_BOUND('',#181,.T.);
#97=FACE_OUTER_BOUND('',#182,.T.);
#98=FACE_OUTER_BOUND('',#183,.T.);
#99=FACE_OUTER_BOUND('',#184,.T.);
#100=FACE_OUTER_BOUND('',#185,.T.);
#101=FACE_OUTER_BOUND('',#186,.T.);
#102=FACE_OUTER_BOUND('',#187,.T.);
#103=FACE_OUTER_BOUND('',#188,.T.);
#104=FACE_OUTER_BOUND('',#189,.T.);
#105=FACE_OUTER_BOUND('',#190,.T.);
#106=FACE_OUTER_BOUND('',#191,.T.);
#107=FACE_OUTER_BOUND('',#192,.T.);
#108=FACE_OUTER_BOUND('',#193,.T.);
#109=FACE_OUTER_BOUND('',#194,.T.);
#110=FACE_OUTER_BOUND('',#195,.T.);
#111=FACE_OUTER_BOUND('',#196,.T.);
#112=FACE_OUTER_BOUND('',#197,.T.);
#113=FACE_OUTER_BOUND('',#198,.T.);
#114=FACE_OUTER_BOUND('',#199,.T.);
#115=FACE_OUTER_BOUND('',#200,.T.);
#116=FACE_OUTER_BOUND('',#201,.T.);
#117=FACE_OUTER_BOUND('',#203,.T.);
#118=FACE_OUTER_BOUND('',#204,.T.);
#119=FACE_OUTER_BOUND('',#205,.T.);
#120=FACE_OUTER_BOUND('',#207,.T.);
#121=FACE_OUTER_BOUND('',#208,.T.);
#122=FACE_OUTER_BOUND('',#209,.T.);
#123=FACE_OUTER_BOUND('',#211,.T.);
#124=FACE_OUTER_BOUND('',#212,.T.);
#125=FACE_OUTER_BOUND('',#213,.T.);
#126=EDGE_LOOP('',(#932,#933,#934,#935,#936));
#127=EDGE_LOOP('',(#937,#938,#939,#940,#941));
#128=EDGE_LOOP('',(#942,#943,#944,#945,#946,#947));
#129=EDGE_LOOP('',(#948,#949,#950,#951));
#130=EDGE_LOOP('',(#952,#953,#954,#955));
#131=EDGE_LOOP('',(#956,#957,#958,#959));
#132=EDGE_LOOP('',(#960,#961,#962,#963));
#133=EDGE_LOOP('',(#964,#965,#966,#967));
#134=EDGE_LOOP('',(#968,#969,#970,#971));
#135=EDGE_LOOP('',(#972,#973,#974,#975));
#136=EDGE_LOOP('',(#976,#977,#978,#979,#980,#981));
#137=EDGE_LOOP('',(#982,#983,#984,#985,#986,#987,#988,#989,#990,#991));
#138=EDGE_LOOP('',(#992,#993,#994,#995));
#139=EDGE_LOOP('',(#996,#997,#998,#999,#1000,#1001,#1002,#1003));
#140=EDGE_LOOP('',(#1004,#1005,#1006,#1007,#1008,#1009));
#141=EDGE_LOOP('',(#1010,#1011,#1012,#1013,#1014,#1015));
#142=EDGE_LOOP('',(#1016,#1017,#1018,#1019,#1020,#1021,#1022,#1023,#1024,
#1025,#1026,#1027,#1028,#1029,#1030,#1031,#1032,#1033));
#143=EDGE_LOOP('',(#1034));
#144=EDGE_LOOP('',(#1035));
#145=EDGE_LOOP('',(#1036));
#146=EDGE_LOOP('',(#1037));
#147=EDGE_LOOP('',(#1038));
#148=EDGE_LOOP('',(#1039));
#149=EDGE_LOOP('',(#1040));
#150=EDGE_LOOP('',(#1041));
#151=EDGE_LOOP('',(#1042,#1043,#1044,#1045));
#152=EDGE_LOOP('',(#1046,#1047,#1048,#1049,#1050,#1051,#1052,#1053));
#153=EDGE_LOOP('',(#1054,#1055,#1056,#1057,#1058,#1059));
#154=EDGE_LOOP('',(#1060,#1061,#1062,#1063));
#155=EDGE_LOOP('',(#1064,#1065,#1066,#1067));
#156=EDGE_LOOP('',(#1068,#1069,#1070,#1071,#1072,#1073,#1074,#1075));
#157=EDGE_LOOP('',(#1076,#1077,#1078,#1079,#1080));
#158=EDGE_LOOP('',(#1081,#1082,#1083,#1084));
#159=EDGE_LOOP('',(#1085,#1086,#1087,#1088,#1089));
#160=EDGE_LOOP('',(#1090,#1091,#1092,#1093));
#161=EDGE_LOOP('',(#1094,#1095,#1096,#1097,#1098));
#162=EDGE_LOOP('',(#1099,#1100,#1101,#1102));
#163=EDGE_LOOP('',(#1103,#1104,#1105,#1106,#1107));
#164=EDGE_LOOP('',(#1108,#1109,#1110,#1111));
#165=EDGE_LOOP('',(#1112,#1113,#1114,#1115,#1116));
#166=EDGE_LOOP('',(#1117,#1118,#1119,#1120));
#167=EDGE_LOOP('',(#1121,#1122,#1123,#1124,#1125));
#168=EDGE_LOOP('',(#1126,#1127,#1128,#1129));
#169=EDGE_LOOP('',(#1130,#1131,#1132,#1133,#1134,#1135,#1136,#1137,#1138,
#1139,#1140,#1141,#1142,#1143,#1144,#1145,#1146,#1147,#1148,#1149,#1150,
#1151,#1152,#1153,#1154,#1155));
#170=EDGE_LOOP('',(#1156,#1157,#1158,#1159));
#171=EDGE_LOOP('',(#1160,#1161,#1162,#1163));
#172=EDGE_LOOP('',(#1164,#1165,#1166,#1167));
#173=EDGE_LOOP('',(#1168,#1169,#1170,#1171,#1172,#1173,#1174,#1175,#1176,
#1177,#1178,#1179));
#174=EDGE_LOOP('',(#1180,#1181,#1182,#1183));
#175=EDGE_LOOP('',(#1184,#1185,#1186,#1187,#1188,#1189,#1190,#1191,#1192,
#1193,#1194,#1195));
#176=EDGE_LOOP('',(#1196,#1197,#1198,#1199,#1200,#1201,#1202,#1203,#1204,
#1205,#1206,#1207));
#177=EDGE_LOOP('',(#1208,#1209,#1210,#1211));
#178=EDGE_LOOP('',(#1212,#1213,#1214,#1215));
#179=EDGE_LOOP('',(#1216,#1217,#1218,#1219));
#180=EDGE_LOOP('',(#1220,#1221,#1222,#1223));
#181=EDGE_LOOP('',(#1224,#1225,#1226,#1227));
#182=EDGE_LOOP('',(#1228,#1229,#1230,#1231));
#183=EDGE_LOOP('',(#1232,#1233,#1234,#1235));
#184=EDGE_LOOP('',(#1236,#1237,#1238,#1239));
#185=EDGE_LOOP('',(#1240,#1241,#1242,#1243,#1244));
#186=EDGE_LOOP('',(#1245,#1246,#1247,#1248));
#187=EDGE_LOOP('',(#1249,#1250,#1251,#1252,#1253,#1254,#1255,#1256));
#188=EDGE_LOOP('',(#1257,#1258,#1259,#1260));
#189=EDGE_LOOP('',(#1261,#1262,#1263,#1264));
#190=EDGE_LOOP('',(#1265,#1266,#1267,#1268));
#191=EDGE_LOOP('',(#1269,#1270,#1271,#1272,#1273,#1274));
#192=EDGE_LOOP('',(#1275,#1276,#1277,#1278));
#193=EDGE_LOOP('',(#1279,#1280,#1281,#1282));
#194=EDGE_LOOP('',(#1283,#1284,#1285,#1286));
#195=EDGE_LOOP('',(#1287,#1288,#1289,#1290));
#196=EDGE_LOOP('',(#1291,#1292,#1293,#1294,#1295));
#197=EDGE_LOOP('',(#1296,#1297,#1298,#1299,#1300,#1301));
#198=EDGE_LOOP('',(#1302,#1303,#1304,#1305,#1306,#1307,#1308,#1309));
#199=EDGE_LOOP('',(#1310,#1311,#1312,#1313));
#200=EDGE_LOOP('',(#1314,#1315,#1316,#1317));
#201=EDGE_LOOP('',(#1318));
#202=EDGE_LOOP('',(#1319));
#203=EDGE_LOOP('',(#1320,#1321,#1322,#1323));
#204=EDGE_LOOP('',(#1324,#1325,#1326,#1327));
#205=EDGE_LOOP('',(#1328));
#206=EDGE_LOOP('',(#1329));
#207=EDGE_LOOP('',(#1330,#1331,#1332,#1333));
#208=EDGE_LOOP('',(#1334,#1335,#1336,#1337));
#209=EDGE_LOOP('',(#1338));
#210=EDGE_LOOP('',(#1339));
#211=EDGE_LOOP('',(#1340,#1341,#1342,#1343));
#212=EDGE_LOOP('',(#1344,#1345,#1346,#1347));
#213=EDGE_LOOP('',(#1348));
#214=EDGE_LOOP('',(#1349));
#215=LINE('',#2041,#378);
#216=LINE('',#2043,#379);
#217=LINE('',#2045,#380);
#218=LINE('',#2046,#381);
#219=LINE('',#2052,#382);
#220=LINE('',#2054,#383);
#221=LINE('',#2056,#384);
#222=LINE('',#2057,#385);
#223=LINE('',#2060,#386);
#224=LINE('',#2062,#387);
#225=LINE('',#2064,#388);
#226=LINE('',#2066,#389);
#227=LINE('',#2067,#390);
#228=LINE('',#2071,#391);
#229=LINE('',#2073,#392);
#230=LINE('',#2075,#393);
#231=LINE('',#2076,#394);
#232=LINE('',#2080,#395);
#233=LINE('',#2084,#396);
#234=LINE('',#2088,#397);
#235=LINE('',#2090,#398);
#236=LINE('',#2092,#399);
#237=LINE('',#2093,#400);
#238=LINE('',#2096,#401);
#239=LINE('',#2098,#402);
#240=LINE('',#2100,#403);
#241=LINE('',#2101,#404);
#242=LINE('',#2104,#405);
#243=LINE('',#2106,#406);
#244=LINE('',#2108,#407);
#245=LINE('',#2109,#408);
#246=LINE('',#2113,#409);
#247=LINE('',#2115,#410);
#248=LINE('',#2117,#411);
#249=LINE('',#2118,#412);
#250=LINE('',#2121,#413);
#251=LINE('',#2123,#414);
#252=LINE('',#2124,#415);
#253=LINE('',#2127,#416);
#254=LINE('',#2128,#417);
#255=LINE('',#2130,#418);
#256=LINE('',#2131,#419);
#257=LINE('',#2133,#420);
#258=LINE('',#2135,#421);
#259=LINE('',#2136,#422);
#260=LINE('',#2137,#423);
#261=LINE('',#2138,#424);
#262=LINE('',#2140,#425);
#263=LINE('',#2143,#426);
#264=LINE('',#2145,#427);
#265=LINE('',#2147,#428);
#266=LINE('',#2150,#429);
#267=LINE('',#2153,#430);
#268=LINE('',#2154,#431);
#269=LINE('',#2158,#432);
#270=LINE('',#2161,#433);
#271=LINE('',#2165,#434);
#272=LINE('',#2169,#435);
#273=LINE('',#2173,#436);
#274=LINE('',#2177,#437);
#275=LINE('',#2181,#438);
#276=LINE('',#2184,#439);
#277=LINE('',#2185,#440);
#278=LINE('',#2209,#441);
#279=LINE('',#2213,#442);
#280=LINE('',#2215,#443);
#281=LINE('',#2217,#444);
#282=LINE('',#2218,#445);
#283=LINE('',#2221,#446);
#284=LINE('',#2223,#447);
#285=LINE('',#2225,#448);
#286=LINE('',#2226,#449);
#287=LINE('',#2231,#450);
#288=LINE('',#2234,#451);
#289=LINE('',#2235,#452);
#290=LINE('',#2239,#453);
#291=LINE('',#2241,#454);
#292=LINE('',#2243,#455);
#293=LINE('',#2244,#456);
#294=LINE('',#2247,#457);
#295=LINE('',#2248,#458);
#296=LINE('',#2251,#459);
#297=LINE('',#2253,#460);
#298=LINE('',#2254,#461);
#299=LINE('',#2256,#462);
#300=LINE('',#2259,#463);
#301=LINE('',#2261,#464);
#302=LINE('',#2263,#465);
#303=LINE('',#2264,#466);
#304=LINE('',#2267,#467);
#305=LINE('',#2268,#468);
#306=LINE('',#2271,#469);
#307=LINE('',#2273,#470);
#308=LINE('',#2274,#471);
#309=LINE('',#2276,#472);
#310=LINE('',#2279,#473);
#311=LINE('',#2281,#474);
#312=LINE('',#2283,#475);
#313=LINE('',#2284,#476);
#314=LINE('',#2287,#477);
#315=LINE('',#2288,#478);
#316=LINE('',#2291,#479);
#317=LINE('',#2293,#480);
#318=LINE('',#2294,#481);
#319=LINE('',#2296,#482);
#320=LINE('',#2299,#483);
#321=LINE('',#2303,#484);
#322=LINE('',#2307,#485);
#323=LINE('',#2310,#486);
#324=LINE('',#2312,#487);
#325=LINE('',#2316,#488);
#326=LINE('',#2319,#489);
#327=LINE('',#2320,#490);
#328=LINE('',#2322,#491);
#329=LINE('',#2325,#492);
#330=LINE('',#2327,#493);
#331=LINE('',#2329,#494);
#332=LINE('',#2333,#495);
#333=LINE('',#2334,#496);
#334=LINE('',#2335,#497);
#335=LINE('',#2338,#498);
#336=LINE('',#2340,#499);
#337=LINE('',#2342,#500);
#338=LINE('',#2346,#501);
#339=LINE('',#2350,#502);
#340=LINE('',#2354,#503);
#341=LINE('',#2358,#504);
#342=LINE('',#2359,#505);
#343=LINE('',#2362,#506);
#344=LINE('',#2366,#507);
#345=LINE('',#2370,#508);
#346=LINE('',#2374,#509);
#347=LINE('',#2377,#510);
#348=LINE('',#2379,#511);
#349=LINE('',#2380,#512);
#350=LINE('',#2381,#513);
#351=LINE('',#2382,#514);
#352=LINE('',#2384,#515);
#353=LINE('',#2386,#516);
#354=LINE('',#2388,#517);
#355=LINE('',#2390,#518);
#356=LINE('',#2392,#519);
#357=LINE('',#2394,#520);
#358=LINE('',#2396,#521);
#359=LINE('',#2399,#522);
#360=LINE('',#2401,#523);
#361=LINE('',#2403,#524);
#362=LINE('',#2405,#525);
#363=LINE('',#2407,#526);
#364=LINE('',#2409,#527);
#365=LINE('',#2411,#528);
#366=LINE('',#2413,#529);
#367=LINE('',#2415,#530);
#368=LINE('',#2418,#531);
#369=LINE('',#2421,#532);
#370=LINE('',#2425,#533);
#371=LINE('',#2429,#534);
#372=LINE('',#2434,#535);
#373=LINE('',#2438,#536);
#374=LINE('',#2443,#537);
#375=LINE('',#2447,#538);
#376=LINE('',#2452,#539);
#377=LINE('',#2456,#540);
#378=VECTOR('',#1628,10.);
#379=VECTOR('',#1629,10.);
#380=VECTOR('',#1630,10.);
#381=VECTOR('',#1631,10.);
#382=VECTOR('',#1636,10.);
#383=VECTOR('',#1637,10.);
#384=VECTOR('',#1638,10.);
#385=VECTOR('',#1639,10.);
#386=VECTOR('',#1642,10.);
#387=VECTOR('',#1643,10.);
#388=VECTOR('',#1644,10.);
#389=VECTOR('',#1645,10.);
#390=VECTOR('',#1646,10.);
#391=VECTOR('',#1649,10.);
#392=VECTOR('',#1650,10.);
#393=VECTOR('',#1651,10.);
#394=VECTOR('',#1652,10.);
#395=VECTOR('',#1655,10.);
#396=VECTOR('',#1658,10.);
#397=VECTOR('',#1661,10.);
#398=VECTOR('',#1662,10.);
#399=VECTOR('',#1663,10.);
#400=VECTOR('',#1664,10.);
#401=VECTOR('',#1665,10.);
#402=VECTOR('',#1666,10.);
#403=VECTOR('',#1667,10.);
#404=VECTOR('',#1668,10.);
#405=VECTOR('',#1669,10.);
#406=VECTOR('',#1670,10.);
#407=VECTOR('',#1671,10.);
#408=VECTOR('',#1672,10.);
#409=VECTOR('',#1675,10.);
#410=VECTOR('',#1676,10.);
#411=VECTOR('',#1677,10.);
#412=VECTOR('',#1678,10.);
#413=VECTOR('',#1681,10.);
#414=VECTOR('',#1682,10.);
#415=VECTOR('',#1683,10.);
#416=VECTOR('',#1686,10.);
#417=VECTOR('',#1687,10.);
#418=VECTOR('',#1688,10.);
#419=VECTOR('',#1689,10.);
#420=VECTOR('',#1692,10.);
#421=VECTOR('',#1693,10.);
#422=VECTOR('',#1694,10.);
#423=VECTOR('',#1695,10.);
#424=VECTOR('',#1696,10.);
#425=VECTOR('',#1699,10.);
#426=VECTOR('',#1702,16.5);
#427=VECTOR('',#1703,16.5);
#428=VECTOR('',#1704,16.5);
#429=VECTOR('',#1707,10.);
#430=VECTOR('',#1710,10.);
#431=VECTOR('',#1711,10.);
#432=VECTOR('',#1716,16.5);
#433=VECTOR('',#1719,10.);
#434=VECTOR('',#1722,10.);
#435=VECTOR('',#1725,10.);
#436=VECTOR('',#1728,10.);
#437=VECTOR('',#1731,10.);
#438=VECTOR('',#1734,10.);
#439=VECTOR('',#1737,10.);
#440=VECTOR('',#1738,10.);
#441=VECTOR('',#1765,10.);
#442=VECTOR('',#1772,10.);
#443=VECTOR('',#1773,10.);
#444=VECTOR('',#1774,10.);
#445=VECTOR('',#1775,10.);
#446=VECTOR('',#1778,10.);
#447=VECTOR('',#1779,10.);
#448=VECTOR('',#1780,10.);
#449=VECTOR('',#1781,10.);
#450=VECTOR('',#1786,10.);
#451=VECTOR('',#1791,10.);
#452=VECTOR('',#1792,10.);
#453=VECTOR('',#1797,10.);
#454=VECTOR('',#1798,10.);
#455=VECTOR('',#1799,10.);
#456=VECTOR('',#1800,10.);
#457=VECTOR('',#1803,10.);
#458=VECTOR('',#1804,10.);
#459=VECTOR('',#1807,10.);
#460=VECTOR('',#1808,10.);
#461=VECTOR('',#1809,10.);
#462=VECTOR('',#1812,10.);
#463=VECTOR('',#1815,10.);
#464=VECTOR('',#1816,10.);
#465=VECTOR('',#1817,10.);
#466=VECTOR('',#1818,10.);
#467=VECTOR('',#1821,10.);
#468=VECTOR('',#1822,10.);
#469=VECTOR('',#1825,10.);
#470=VECTOR('',#1826,10.);
#471=VECTOR('',#1827,10.);
#472=VECTOR('',#1830,10.);
#473=VECTOR('',#1833,10.);
#474=VECTOR('',#1834,10.);
#475=VECTOR('',#1835,10.);
#476=VECTOR('',#1836,10.);
#477=VECTOR('',#1839,10.);
#478=VECTOR('',#1840,10.);
#479=VECTOR('',#1843,10.);
#480=VECTOR('',#1844,10.);
#481=VECTOR('',#1845,10.);
#482=VECTOR('',#1848,10.);
#483=VECTOR('',#1851,10.);
#484=VECTOR('',#1854,10.);
#485=VECTOR('',#1857,10.);
#486=VECTOR('',#1860,10.);
#487=VECTOR('',#1861,10.);
#488=VECTOR('',#1864,10.);
#489=VECTOR('',#1867,10.);
#490=VECTOR('',#1868,10.);
#491=VECTOR('',#1869,10.);
#492=VECTOR('',#1872,10.);
#493=VECTOR('',#1875,10.);
#494=VECTOR('',#1878,10.);
#495=VECTOR('',#1881,10.);
#496=VECTOR('',#1882,10.);
#497=VECTOR('',#1883,10.);
#498=VECTOR('',#1886,10.);
#499=VECTOR('',#1887,10.);
#500=VECTOR('',#1888,10.);
#501=VECTOR('',#1891,10.);
#502=VECTOR('',#1894,10.);
#503=VECTOR('',#1897,10.);
#504=VECTOR('',#1902,10.);
#505=VECTOR('',#1903,10.);
#506=VECTOR('',#1906,10.);
#507=VECTOR('',#1909,10.);
#508=VECTOR('',#1912,10.);
#509=VECTOR('',#1915,10.);
#510=VECTOR('',#1918,10.);
#511=VECTOR('',#1921,10.);
#512=VECTOR('',#1922,10.);
#513=VECTOR('',#1923,10.);
#514=VECTOR('',#1924,10.);
#515=VECTOR('',#1927,10.);
#516=VECTOR('',#1930,10.);
#517=VECTOR('',#1933,10.);
#518=VECTOR('',#1936,10.);
#519=VECTOR('',#1939,10.);
#520=VECTOR('',#1942,10.);
#521=VECTOR('',#1945,10.);
#522=VECTOR('',#1950,10.);
#523=VECTOR('',#1953,10.);
#524=VECTOR('',#1956,10.);
#525=VECTOR('',#1959,10.);
#526=VECTOR('',#1962,10.);
#527=VECTOR('',#1965,10.);
#528=VECTOR('',#1968,10.);
#529=VECTOR('',#1971,10.);
#530=VECTOR('',#1974,10.);
#531=VECTOR('',#1979,10.);
#532=VECTOR('',#1984,10.);
#533=VECTOR('',#1989,1.5);
#534=VECTOR('',#1994,2.4);
#535=VECTOR('',#2001,1.5);
#536=VECTOR('',#2006,2.4);
#537=VECTOR('',#2013,1.5);
#538=VECTOR('',#2018,2.4);
#539=VECTOR('',#2025,1.5);
#540=VECTOR('',#2030,2.4);
#541=CIRCLE('',#1499,16.5);
#542=CIRCLE('',#1501,16.5);
#543=CIRCLE('',#1505,16.5);
#544=CIRCLE('',#1506,16.5);
#545=CIRCLE('',#1513,16.5);
#546=CIRCLE('',#1516,16.5);
#547=CIRCLE('',#1518,4.52423906917134);
#548=CIRCLE('',#1519,2.17074656936734);
#549=CIRCLE('',#1520,0.123935118969751);
#550=CIRCLE('',#1521,0.123935118969641);
#551=CIRCLE('',#1522,2.17029906949837);
#552=CIRCLE('',#1523,4.52357006710035);
#553=CIRCLE('',#1524,2.4);
#554=CIRCLE('',#1525,2.4);
#555=CIRCLE('',#1526,2.4);
#556=CIRCLE('',#1527,2.4);
#557=CIRCLE('',#1529,1.5);
#558=CIRCLE('',#1531,1.5);
#559=CIRCLE('',#1533,1.5);
#560=CIRCLE('',#1535,1.5);
#561=CIRCLE('',#1537,8.5);
#562=CIRCLE('',#1538,8.5);
#563=CIRCLE('',#1542,8.5);
#564=CIRCLE('',#1543,8.5);
#565=CIRCLE('',#1559,4.52357006710035);
#566=CIRCLE('',#1560,2.17029906949837);
#567=CIRCLE('',#1561,0.123935118969641);
#568=CIRCLE('',#1562,0.123935118969751);
#569=CIRCLE('',#1563,2.17074656936734);
#570=CIRCLE('',#1564,4.52423906917134);
#571=CIRCLE('',#1569,2.17029906949837);
#572=CIRCLE('',#1570,0.123935118969641);
#573=CIRCLE('',#1571,0.123935118969751);
#574=CIRCLE('',#1572,2.17074656936734);
#575=CIRCLE('',#1575,2.17074656936734);
#576=CIRCLE('',#1576,0.123935118969751);
#577=CIRCLE('',#1577,0.123935118969641);
#578=CIRCLE('',#1578,2.17029906949837);
#579=CIRCLE('',#1603,1.5);
#580=CIRCLE('',#1605,2.4);
#581=CIRCLE('',#1608,1.5);
#582=CIRCLE('',#1610,2.4);
#583=CIRCLE('',#1613,1.5);
#584=CIRCLE('',#1615,2.4);
#585=CIRCLE('',#1618,1.5);
#586=CIRCLE('',#1620,2.4);
#587=VERTEX_POINT('',#2037);
#588=VERTEX_POINT('',#2038);
#589=VERTEX_POINT('',#2040);
#590=VERTEX_POINT('',#2042);
#591=VERTEX_POINT('',#2044);
#592=VERTEX_POINT('',#2048);
#593=VERTEX_POINT('',#2049);
#594=VERTEX_POINT('',#2051);
#595=VERTEX_POINT('',#2053);
#596=VERTEX_POINT('',#2055);
#597=VERTEX_POINT('',#2059);
#598=VERTEX_POINT('',#2061);
#599=VERTEX_POINT('',#2063);
#600=VERTEX_POINT('',#2065);
#601=VERTEX_POINT('',#2069);
#602=VERTEX_POINT('',#2070);
#603=VERTEX_POINT('',#2072);
#604=VERTEX_POINT('',#2074);
#605=VERTEX_POINT('',#2078);
#606=VERTEX_POINT('',#2079);
#607=VERTEX_POINT('',#2081);
#608=VERTEX_POINT('',#2083);
#609=VERTEX_POINT('',#2086);
#610=VERTEX_POINT('',#2087);
#611=VERTEX_POINT('',#2089);
#612=VERTEX_POINT('',#2091);
#613=VERTEX_POINT('',#2094);
#614=VERTEX_POINT('',#2095);
#615=VERTEX_POINT('',#2097);
#616=VERTEX_POINT('',#2099);
#617=VERTEX_POINT('',#2102);
#618=VERTEX_POINT('',#2103);
#619=VERTEX_POINT('',#2105);
#620=VERTEX_POINT('',#2107);
#621=VERTEX_POINT('',#2111);
#622=VERTEX_POINT('',#2112);
#623=VERTEX_POINT('',#2114);
#624=VERTEX_POINT('',#2116);
#625=VERTEX_POINT('',#2120);
#626=VERTEX_POINT('',#2122);
#627=VERTEX_POINT('',#2126);
#628=VERTEX_POINT('',#2129);
#629=VERTEX_POINT('',#2134);
#630=VERTEX_POINT('',#2142);
#631=VERTEX_POINT('',#2144);
#632=VERTEX_POINT('',#2146);
#633=VERTEX_POINT('',#2148);
#634=VERTEX_POINT('',#2152);
#635=VERTEX_POINT('',#2156);
#636=VERTEX_POINT('',#2160);
#637=VERTEX_POINT('',#2162);
#638=VERTEX_POINT('',#2164);
#639=VERTEX_POINT('',#2166);
#640=VERTEX_POINT('',#2168);
#641=VERTEX_POINT('',#2170);
#642=VERTEX_POINT('',#2172);
#643=VERTEX_POINT('',#2174);
#644=VERTEX_POINT('',#2176);
#645=VERTEX_POINT('',#2178);
#646=VERTEX_POINT('',#2180);
#647=VERTEX_POINT('',#2182);
#648=VERTEX_POINT('',#2186);
#649=VERTEX_POINT('',#2188);
#650=VERTEX_POINT('',#2190);
#651=VERTEX_POINT('',#2192);
#652=VERTEX_POINT('',#2195);
#653=VERTEX_POINT('',#2198);
#654=VERTEX_POINT('',#2201);
#655=VERTEX_POINT('',#2204);
#656=VERTEX_POINT('',#2207);
#657=VERTEX_POINT('',#2208);
#658=VERTEX_POINT('',#2214);
#659=VERTEX_POINT('',#2216);
#660=VERTEX_POINT('',#2220);
#661=VERTEX_POINT('',#2222);
#662=VERTEX_POINT('',#2224);
#663=VERTEX_POINT('',#2228);
#664=VERTEX_POINT('',#2230);
#665=VERTEX_POINT('',#2238);
#666=VERTEX_POINT('',#2240);
#667=VERTEX_POINT('',#2242);
#668=VERTEX_POINT('',#2246);
#669=VERTEX_POINT('',#2250);
#670=VERTEX_POINT('',#2252);
#671=VERTEX_POINT('',#2258);
#672=VERTEX_POINT('',#2260);
#673=VERTEX_POINT('',#2262);
#674=VERTEX_POINT('',#2266);
#675=VERTEX_POINT('',#2270);
#676=VERTEX_POINT('',#2272);
#677=VERTEX_POINT('',#2278);
#678=VERTEX_POINT('',#2280);
#679=VERTEX_POINT('',#2282);
#680=VERTEX_POINT('',#2286);
#681=VERTEX_POINT('',#2290);
#682=VERTEX_POINT('',#2292);
#683=VERTEX_POINT('',#2298);
#684=VERTEX_POINT('',#2300);
#685=VERTEX_POINT('',#2302);
#686=VERTEX_POINT('',#2304);
#687=VERTEX_POINT('',#2306);
#688=VERTEX_POINT('',#2308);
#689=VERTEX_POINT('',#2311);
#690=VERTEX_POINT('',#2313);
#691=VERTEX_POINT('',#2315);
#692=VERTEX_POINT('',#2317);
#693=VERTEX_POINT('',#2321);
#694=VERTEX_POINT('',#2323);
#695=VERTEX_POINT('',#2331);
#696=VERTEX_POINT('',#2332);
#697=VERTEX_POINT('',#2337);
#698=VERTEX_POINT('',#2339);
#699=VERTEX_POINT('',#2341);
#700=VERTEX_POINT('',#2343);
#701=VERTEX_POINT('',#2345);
#702=VERTEX_POINT('',#2347);
#703=VERTEX_POINT('',#2349);
#704=VERTEX_POINT('',#2351);
#705=VERTEX_POINT('',#2353);
#706=VERTEX_POINT('',#2357);
#707=VERTEX_POINT('',#2361);
#708=VERTEX_POINT('',#2363);
#709=VERTEX_POINT('',#2365);
#710=VERTEX_POINT('',#2367);
#711=VERTEX_POINT('',#2369);
#712=VERTEX_POINT('',#2371);
#713=VERTEX_POINT('',#2373);
#714=VERTEX_POINT('',#2375);
#715=VERTEX_POINT('',#2424);
#716=VERTEX_POINT('',#2428);
#717=VERTEX_POINT('',#2433);
#718=VERTEX_POINT('',#2437);
#719=VERTEX_POINT('',#2442);
#720=VERTEX_POINT('',#2446);
#721=VERTEX_POINT('',#2451);
#722=VERTEX_POINT('',#2455);
#723=EDGE_CURVE('',#587,#588,#541,.T.);
#724=EDGE_CURVE('',#589,#587,#215,.T.);
#725=EDGE_CURVE('',#590,#589,#216,.T.);
#726=EDGE_CURVE('',#591,#590,#217,.T.);
#727=EDGE_CURVE('',#588,#591,#218,.T.);
#728=EDGE_CURVE('',#592,#593,#542,.T.);
#729=EDGE_CURVE('',#594,#592,#219,.T.);
#730=EDGE_CURVE('',#595,#594,#220,.T.);
#731=EDGE_CURVE('',#596,#595,#221,.T.);
#732=EDGE_CURVE('',#593,#596,#222,.T.);
#733=EDGE_CURVE('',#597,#591,#223,.T.);
#734=EDGE_CURVE('',#597,#598,#224,.T.);
#735=EDGE_CURVE('',#599,#598,#225,.T.);
#736=EDGE_CURVE('',#600,#599,#226,.T.);
#737=EDGE_CURVE('',#588,#600,#227,.T.);
#738=EDGE_CURVE('',#601,#602,#228,.T.);
#739=EDGE_CURVE('',#603,#602,#229,.T.);
#740=EDGE_CURVE('',#604,#603,#230,.T.);
#741=EDGE_CURVE('',#604,#601,#231,.T.);
#742=EDGE_CURVE('',#605,#606,#232,.T.);
#743=EDGE_CURVE('',#607,#606,#543,.T.);
#744=EDGE_CURVE('',#608,#607,#233,.T.);
#745=EDGE_CURVE('',#605,#608,#544,.T.);
#746=EDGE_CURVE('',#609,#610,#234,.T.);
#747=EDGE_CURVE('',#610,#611,#235,.T.);
#748=EDGE_CURVE('',#611,#612,#236,.T.);
#749=EDGE_CURVE('',#612,#609,#237,.T.);
#750=EDGE_CURVE('',#613,#614,#238,.T.);
#751=EDGE_CURVE('',#614,#615,#239,.T.);
#752=EDGE_CURVE('',#615,#616,#240,.T.);
#753=EDGE_CURVE('',#616,#613,#241,.T.);
#754=EDGE_CURVE('',#617,#618,#242,.T.);
#755=EDGE_CURVE('',#618,#619,#243,.T.);
#756=EDGE_CURVE('',#619,#620,#244,.T.);
#757=EDGE_CURVE('',#620,#617,#245,.T.);
#758=EDGE_CURVE('',#621,#622,#246,.T.);
#759=EDGE_CURVE('',#622,#623,#247,.T.);
#760=EDGE_CURVE('',#623,#624,#248,.T.);
#761=EDGE_CURVE('',#621,#624,#249,.T.);
#762=EDGE_CURVE('',#622,#625,#250,.T.);
#763=EDGE_CURVE('',#626,#625,#251,.T.);
#764=EDGE_CURVE('',#626,#623,#252,.T.);
#765=EDGE_CURVE('',#601,#627,#253,.T.);
#766=EDGE_CURVE('',#627,#596,#254,.T.);
#767=EDGE_CURVE('',#628,#595,#255,.T.);
#768=EDGE_CURVE('',#602,#628,#256,.T.);
#769=EDGE_CURVE('',#593,#605,#257,.T.);
#770=EDGE_CURVE('',#629,#627,#258,.T.);
#771=EDGE_CURVE('',#626,#629,#259,.T.);
#772=EDGE_CURVE('',#589,#625,#260,.T.);
#773=EDGE_CURVE('',#606,#587,#261,.T.);
#774=EDGE_CURVE('',#604,#629,#262,.T.);
#775=EDGE_CURVE('',#608,#630,#263,.T.);
#776=EDGE_CURVE('',#630,#631,#264,.T.);
#777=EDGE_CURVE('',#631,#632,#265,.T.);
#778=EDGE_CURVE('',#633,#632,#545,.T.);
#779=EDGE_CURVE('',#592,#633,#266,.T.);
#780=EDGE_CURVE('',#634,#621,#267,.T.);
#781=EDGE_CURVE('',#634,#590,#268,.T.);
#782=EDGE_CURVE('',#635,#600,#546,.T.);
#783=EDGE_CURVE('',#635,#607,#269,.T.);
#784=EDGE_CURVE('',#624,#636,#270,.T.);
#785=EDGE_CURVE('',#636,#637,#547,.T.);
#786=EDGE_CURVE('',#637,#638,#271,.T.);
#787=EDGE_CURVE('',#638,#639,#548,.T.);
#788=EDGE_CURVE('',#639,#640,#272,.T.);
#789=EDGE_CURVE('',#640,#641,#549,.T.);
#790=EDGE_CURVE('',#641,#642,#273,.T.);
#791=EDGE_CURVE('',#642,#643,#550,.T.);
#792=EDGE_CURVE('',#643,#644,#274,.T.);
#793=EDGE_CURVE('',#644,#645,#551,.T.);
#794=EDGE_CURVE('',#645,#646,#275,.T.);
#795=EDGE_CURVE('',#646,#647,#552,.T.);
#796=EDGE_CURVE('',#647,#603,#276,.T.);
#797=EDGE_CURVE('',#628,#634,#277,.T.);
#798=EDGE_CURVE('',#648,#648,#553,.T.);
#799=EDGE_CURVE('',#649,#649,#554,.T.);
#800=EDGE_CURVE('',#650,#650,#555,.T.);
#801=EDGE_CURVE('',#651,#651,#556,.T.);
#802=EDGE_CURVE('',#652,#652,#557,.T.);
#803=EDGE_CURVE('',#653,#653,#558,.T.);
#804=EDGE_CURVE('',#654,#654,#559,.T.);
#805=EDGE_CURVE('',#655,#655,#560,.T.);
#806=EDGE_CURVE('',#656,#657,#278,.T.);
#807=EDGE_CURVE('',#599,#657,#561,.T.);
#808=EDGE_CURVE('',#598,#656,#562,.T.);
#809=EDGE_CURVE('',#632,#635,#279,.T.);
#810=EDGE_CURVE('',#631,#658,#280,.T.);
#811=EDGE_CURVE('',#658,#659,#281,.T.);
#812=EDGE_CURVE('',#659,#630,#282,.T.);
#813=EDGE_CURVE('',#660,#633,#283,.T.);
#814=EDGE_CURVE('',#661,#660,#284,.T.);
#815=EDGE_CURVE('',#662,#661,#285,.T.);
#816=EDGE_CURVE('',#662,#594,#286,.T.);
#817=EDGE_CURVE('',#663,#660,#563,.T.);
#818=EDGE_CURVE('',#664,#663,#287,.T.);
#819=EDGE_CURVE('',#664,#661,#564,.T.);
#820=EDGE_CURVE('',#657,#663,#288,.T.);
#821=EDGE_CURVE('',#656,#664,#289,.T.);
#822=EDGE_CURVE('',#609,#665,#290,.T.);
#823=EDGE_CURVE('',#666,#665,#291,.T.);
#824=EDGE_CURVE('',#667,#666,#292,.T.);
#825=EDGE_CURVE('',#610,#667,#293,.T.);
#826=EDGE_CURVE('',#612,#668,#294,.T.);
#827=EDGE_CURVE('',#665,#668,#295,.T.);
#828=EDGE_CURVE('',#611,#669,#296,.T.);
#829=EDGE_CURVE('',#670,#669,#297,.T.);
#830=EDGE_CURVE('',#668,#670,#298,.T.);
#831=EDGE_CURVE('',#669,#667,#299,.T.);
#832=EDGE_CURVE('',#613,#671,#300,.T.);
#833=EDGE_CURVE('',#672,#671,#301,.T.);
#834=EDGE_CURVE('',#673,#672,#302,.T.);
#835=EDGE_CURVE('',#614,#673,#303,.T.);
#836=EDGE_CURVE('',#616,#674,#304,.T.);
#837=EDGE_CURVE('',#671,#674,#305,.T.);
#838=EDGE_CURVE('',#615,#675,#306,.T.);
#839=EDGE_CURVE('',#676,#675,#307,.T.);
#840=EDGE_CURVE('',#674,#676,#308,.T.);
#841=EDGE_CURVE('',#675,#673,#309,.T.);
#842=EDGE_CURVE('',#617,#677,#310,.T.);
#843=EDGE_CURVE('',#678,#677,#311,.T.);
#844=EDGE_CURVE('',#679,#678,#312,.T.);
#845=EDGE_CURVE('',#618,#679,#313,.T.);
#846=EDGE_CURVE('',#620,#680,#314,.T.);
#847=EDGE_CURVE('',#677,#680,#315,.T.);
#848=EDGE_CURVE('',#619,#681,#316,.T.);
#849=EDGE_CURVE('',#682,#681,#317,.T.);
#850=EDGE_CURVE('',#680,#682,#318,.T.);
#851=EDGE_CURVE('',#681,#679,#319,.T.);
#852=EDGE_CURVE('',#629,#683,#320,.T.);
#853=EDGE_CURVE('',#683,#684,#565,.T.);
#854=EDGE_CURVE('',#684,#685,#321,.T.);
#855=EDGE_CURVE('',#685,#686,#566,.T.);
#856=EDGE_CURVE('',#686,#687,#322,.T.);
#857=EDGE_CURVE('',#688,#687,#567,.T.);
#858=EDGE_CURVE('',#688,#666,#323,.T.);
#859=EDGE_CURVE('',#670,#689,#324,.T.);
#860=EDGE_CURVE('',#690,#689,#568,.T.);
#861=EDGE_CURVE('',#690,#691,#325,.T.);
#862=EDGE_CURVE('',#691,#692,#569,.T.);
#863=EDGE_CURVE('',#692,#672,#326,.T.);
#864=EDGE_CURVE('',#676,#678,#327,.T.);
#865=EDGE_CURVE('',#682,#693,#328,.T.);
#866=EDGE_CURVE('',#693,#694,#570,.T.);
#867=EDGE_CURVE('',#694,#626,#329,.T.);
#868=EDGE_CURVE('',#666,#670,#330,.T.);
#869=EDGE_CURVE('',#678,#682,#331,.T.);
#870=EDGE_CURVE('',#695,#696,#332,.T.);
#871=EDGE_CURVE('',#659,#695,#333,.T.);
#872=EDGE_CURVE('',#658,#696,#334,.T.);
#873=EDGE_CURVE('',#696,#697,#335,.T.);
#874=EDGE_CURVE('',#631,#698,#336,.T.);
#875=EDGE_CURVE('',#699,#698,#337,.T.);
#876=EDGE_CURVE('',#700,#699,#571,.T.);
#877=EDGE_CURVE('',#701,#700,#338,.T.);
#878=EDGE_CURVE('',#702,#701,#572,.T.);
#879=EDGE_CURVE('',#703,#702,#339,.T.);
#880=EDGE_CURVE('',#704,#703,#573,.T.);
#881=EDGE_CURVE('',#705,#704,#340,.T.);
#882=EDGE_CURVE('',#697,#705,#574,.T.);
#883=EDGE_CURVE('',#698,#706,#341,.T.);
#884=EDGE_CURVE('',#630,#706,#342,.T.);
#885=EDGE_CURVE('',#707,#695,#343,.T.);
#886=EDGE_CURVE('',#708,#707,#575,.T.);
#887=EDGE_CURVE('',#709,#708,#344,.T.);
#888=EDGE_CURVE('',#710,#709,#576,.T.);
#889=EDGE_CURVE('',#711,#710,#345,.T.);
#890=EDGE_CURVE('',#712,#711,#577,.T.);
#891=EDGE_CURVE('',#713,#712,#346,.T.);
#892=EDGE_CURVE('',#714,#713,#578,.T.);
#893=EDGE_CURVE('',#706,#714,#347,.T.);
#894=EDGE_CURVE('',#697,#638,#348,.T.);
#895=EDGE_CURVE('',#693,#637,#349,.T.);
#896=EDGE_CURVE('',#672,#676,#350,.T.);
#897=EDGE_CURVE('',#692,#707,#351,.T.);
#898=EDGE_CURVE('',#705,#639,#352,.T.);
#899=EDGE_CURVE('',#704,#640,#353,.T.);
#900=EDGE_CURVE('',#703,#641,#354,.T.);
#901=EDGE_CURVE('',#702,#642,#355,.T.);
#902=EDGE_CURVE('',#701,#643,#356,.T.);
#903=EDGE_CURVE('',#700,#644,#357,.T.);
#904=EDGE_CURVE('',#699,#645,#358,.T.);
#905=EDGE_CURVE('',#683,#647,#359,.T.);
#906=EDGE_CURVE('',#684,#646,#360,.T.);
#907=EDGE_CURVE('',#685,#714,#361,.T.);
#908=EDGE_CURVE('',#686,#713,#362,.T.);
#909=EDGE_CURVE('',#687,#712,#363,.T.);
#910=EDGE_CURVE('',#688,#711,#364,.T.);
#911=EDGE_CURVE('',#689,#710,#365,.T.);
#912=EDGE_CURVE('',#690,#709,#366,.T.);
#913=EDGE_CURVE('',#691,#708,#367,.T.);
#914=EDGE_CURVE('',#694,#636,#368,.T.);
#915=EDGE_CURVE('',#597,#662,#369,.T.);
#916=EDGE_CURVE('',#655,#715,#370,.T.);
#917=EDGE_CURVE('',#715,#715,#579,.T.);
#918=EDGE_CURVE('',#649,#716,#371,.T.);
#919=EDGE_CURVE('',#716,#716,#580,.T.);
#920=EDGE_CURVE('',#654,#717,#372,.T.);
#921=EDGE_CURVE('',#717,#717,#581,.T.);
#922=EDGE_CURVE('',#650,#718,#373,.T.);
#923=EDGE_CURVE('',#718,#718,#582,.T.);
#924=EDGE_CURVE('',#653,#719,#374,.T.);
#925=EDGE_CURVE('',#719,#719,#583,.T.);
#926=EDGE_CURVE('',#648,#720,#375,.T.);
#927=EDGE_CURVE('',#720,#720,#584,.T.);
#928=EDGE_CURVE('',#652,#721,#376,.T.);
#929=EDGE_CURVE('',#721,#721,#585,.T.);
#930=EDGE_CURVE('',#651,#722,#377,.T.);
#931=EDGE_CURVE('',#722,#722,#586,.T.);
#932=ORIENTED_EDGE('',*,*,#723,.F.);
#933=ORIENTED_EDGE('',*,*,#724,.F.);
#934=ORIENTED_EDGE('',*,*,#725,.F.);
#935=ORIENTED_EDGE('',*,*,#726,.F.);
#936=ORIENTED_EDGE('',*,*,#727,.F.);
#937=ORIENTED_EDGE('',*,*,#728,.F.);
#938=ORIENTED_EDGE('',*,*,#729,.F.);
#939=ORIENTED_EDGE('',*,*,#730,.F.);
#940=ORIENTED_EDGE('',*,*,#731,.F.);
#941=ORIENTED_EDGE('',*,*,#732,.F.);
#942=ORIENTED_EDGE('',*,*,#727,.T.);
#943=ORIENTED_EDGE('',*,*,#733,.F.);
#944=ORIENTED_EDGE('',*,*,#734,.T.);
#945=ORIENTED_EDGE('',*,*,#735,.F.);
#946=ORIENTED_EDGE('',*,*,#736,.F.);
#947=ORIENTED_EDGE('',*,*,#737,.F.);
#948=ORIENTED_EDGE('',*,*,#738,.T.);
#949=ORIENTED_EDGE('',*,*,#739,.F.);
#950=ORIENTED_EDGE('',*,*,#740,.F.);
#951=ORIENTED_EDGE('',*,*,#741,.T.);
#952=ORIENTED_EDGE('',*,*,#742,.T.);
#953=ORIENTED_EDGE('',*,*,#743,.F.);
#954=ORIENTED_EDGE('',*,*,#744,.F.);
#955=ORIENTED_EDGE('',*,*,#745,.F.);
#956=ORIENTED_EDGE('',*,*,#746,.T.);
#957=ORIENTED_EDGE('',*,*,#747,.T.);
#958=ORIENTED_EDGE('',*,*,#748,.T.);
#959=ORIENTED_EDGE('',*,*,#749,.T.);
#960=ORIENTED_EDGE('',*,*,#750,.T.);
#961=ORIENTED_EDGE('',*,*,#751,.T.);
#962=ORIENTED_EDGE('',*,*,#752,.T.);
#963=ORIENTED_EDGE('',*,*,#753,.T.);
#964=ORIENTED_EDGE('',*,*,#754,.T.);
#965=ORIENTED_EDGE('',*,*,#755,.T.);
#966=ORIENTED_EDGE('',*,*,#756,.T.);
#967=ORIENTED_EDGE('',*,*,#757,.T.);
#968=ORIENTED_EDGE('',*,*,#758,.T.);
#969=ORIENTED_EDGE('',*,*,#759,.T.);
#970=ORIENTED_EDGE('',*,*,#760,.T.);
#971=ORIENTED_EDGE('',*,*,#761,.F.);
#972=ORIENTED_EDGE('',*,*,#759,.F.);
#973=ORIENTED_EDGE('',*,*,#762,.T.);
#974=ORIENTED_EDGE('',*,*,#763,.F.);
#975=ORIENTED_EDGE('',*,*,#764,.T.);
#976=ORIENTED_EDGE('',*,*,#738,.F.);
#977=ORIENTED_EDGE('',*,*,#765,.T.);
#978=ORIENTED_EDGE('',*,*,#766,.T.);
#979=ORIENTED_EDGE('',*,*,#731,.T.);
#980=ORIENTED_EDGE('',*,*,#767,.F.);
#981=ORIENTED_EDGE('',*,*,#768,.F.);
#982=ORIENTED_EDGE('',*,*,#769,.F.);
#983=ORIENTED_EDGE('',*,*,#732,.T.);
#984=ORIENTED_EDGE('',*,*,#766,.F.);
#985=ORIENTED_EDGE('',*,*,#770,.F.);
#986=ORIENTED_EDGE('',*,*,#771,.F.);
#987=ORIENTED_EDGE('',*,*,#763,.T.);
#988=ORIENTED_EDGE('',*,*,#772,.F.);
#989=ORIENTED_EDGE('',*,*,#724,.T.);
#990=ORIENTED_EDGE('',*,*,#773,.F.);
#991=ORIENTED_EDGE('',*,*,#742,.F.);
#992=ORIENTED_EDGE('',*,*,#741,.F.);
#993=ORIENTED_EDGE('',*,*,#774,.T.);
#994=ORIENTED_EDGE('',*,*,#770,.T.);
#995=ORIENTED_EDGE('',*,*,#765,.F.);
#996=ORIENTED_EDGE('',*,*,#769,.T.);
#997=ORIENTED_EDGE('',*,*,#745,.T.);
#998=ORIENTED_EDGE('',*,*,#775,.T.);
#999=ORIENTED_EDGE('',*,*,#776,.T.);
#1000=ORIENTED_EDGE('',*,*,#777,.T.);
#1001=ORIENTED_EDGE('',*,*,#778,.F.);
#1002=ORIENTED_EDGE('',*,*,#779,.F.);
#1003=ORIENTED_EDGE('',*,*,#728,.T.);
#1004=ORIENTED_EDGE('',*,*,#758,.F.);
#1005=ORIENTED_EDGE('',*,*,#780,.F.);
#1006=ORIENTED_EDGE('',*,*,#781,.T.);
#1007=ORIENTED_EDGE('',*,*,#725,.T.);
#1008=ORIENTED_EDGE('',*,*,#772,.T.);
#1009=ORIENTED_EDGE('',*,*,#762,.F.);
#1010=ORIENTED_EDGE('',*,*,#723,.T.);
#1011=ORIENTED_EDGE('',*,*,#737,.T.);
#1012=ORIENTED_EDGE('',*,*,#782,.F.);
#1013=ORIENTED_EDGE('',*,*,#783,.T.);
#1014=ORIENTED_EDGE('',*,*,#743,.T.);
#1015=ORIENTED_EDGE('',*,*,#773,.T.);
#1016=ORIENTED_EDGE('',*,*,#780,.T.);
#1017=ORIENTED_EDGE('',*,*,#761,.T.);
#1018=ORIENTED_EDGE('',*,*,#784,.T.);
#1019=ORIENTED_EDGE('',*,*,#785,.T.);
#1020=ORIENTED_EDGE('',*,*,#786,.T.);
#1021=ORIENTED_EDGE('',*,*,#787,.T.);
#1022=ORIENTED_EDGE('',*,*,#788,.T.);
#1023=ORIENTED_EDGE('',*,*,#789,.T.);
#1024=ORIENTED_EDGE('',*,*,#790,.T.);
#1025=ORIENTED_EDGE('',*,*,#791,.T.);
#1026=ORIENTED_EDGE('',*,*,#792,.T.);
#1027=ORIENTED_EDGE('',*,*,#793,.T.);
#1028=ORIENTED_EDGE('',*,*,#794,.T.);
#1029=ORIENTED_EDGE('',*,*,#795,.T.);
#1030=ORIENTED_EDGE('',*,*,#796,.T.);
#1031=ORIENTED_EDGE('',*,*,#739,.T.);
#1032=ORIENTED_EDGE('',*,*,#768,.T.);
#1033=ORIENTED_EDGE('',*,*,#797,.T.);
#1034=ORIENTED_EDGE('',*,*,#798,.T.);
#1035=ORIENTED_EDGE('',*,*,#799,.T.);
#1036=ORIENTED_EDGE('',*,*,#800,.T.);
#1037=ORIENTED_EDGE('',*,*,#801,.T.);
#1038=ORIENTED_EDGE('',*,*,#802,.T.);
#1039=ORIENTED_EDGE('',*,*,#803,.T.);
#1040=ORIENTED_EDGE('',*,*,#804,.T.);
#1041=ORIENTED_EDGE('',*,*,#805,.T.);
#1042=ORIENTED_EDGE('',*,*,#806,.T.);
#1043=ORIENTED_EDGE('',*,*,#807,.F.);
#1044=ORIENTED_EDGE('',*,*,#735,.T.);
#1045=ORIENTED_EDGE('',*,*,#808,.T.);
#1046=ORIENTED_EDGE('',*,*,#783,.F.);
#1047=ORIENTED_EDGE('',*,*,#809,.F.);
#1048=ORIENTED_EDGE('',*,*,#777,.F.);
#1049=ORIENTED_EDGE('',*,*,#810,.T.);
#1050=ORIENTED_EDGE('',*,*,#811,.T.);
#1051=ORIENTED_EDGE('',*,*,#812,.T.);
#1052=ORIENTED_EDGE('',*,*,#775,.F.);
#1053=ORIENTED_EDGE('',*,*,#744,.T.);
#1054=ORIENTED_EDGE('',*,*,#729,.T.);
#1055=ORIENTED_EDGE('',*,*,#779,.T.);
#1056=ORIENTED_EDGE('',*,*,#813,.F.);
#1057=ORIENTED_EDGE('',*,*,#814,.F.);
#1058=ORIENTED_EDGE('',*,*,#815,.F.);
#1059=ORIENTED_EDGE('',*,*,#816,.T.);
#1060=ORIENTED_EDGE('',*,*,#814,.T.);
#1061=ORIENTED_EDGE('',*,*,#817,.F.);
#1062=ORIENTED_EDGE('',*,*,#818,.F.);
#1063=ORIENTED_EDGE('',*,*,#819,.T.);
#1064=ORIENTED_EDGE('',*,*,#818,.T.);
#1065=ORIENTED_EDGE('',*,*,#820,.F.);
#1066=ORIENTED_EDGE('',*,*,#806,.F.);
#1067=ORIENTED_EDGE('',*,*,#821,.T.);
#1068=ORIENTED_EDGE('',*,*,#736,.T.);
#1069=ORIENTED_EDGE('',*,*,#807,.T.);
#1070=ORIENTED_EDGE('',*,*,#820,.T.);
#1071=ORIENTED_EDGE('',*,*,#817,.T.);
#1072=ORIENTED_EDGE('',*,*,#813,.T.);
#1073=ORIENTED_EDGE('',*,*,#778,.T.);
#1074=ORIENTED_EDGE('',*,*,#809,.T.);
#1075=ORIENTED_EDGE('',*,*,#782,.T.);
#1076=ORIENTED_EDGE('',*,*,#746,.F.);
#1077=ORIENTED_EDGE('',*,*,#822,.T.);
#1078=ORIENTED_EDGE('',*,*,#823,.F.);
#1079=ORIENTED_EDGE('',*,*,#824,.F.);
#1080=ORIENTED_EDGE('',*,*,#825,.F.);
#1081=ORIENTED_EDGE('',*,*,#749,.F.);
#1082=ORIENTED_EDGE('',*,*,#826,.T.);
#1083=ORIENTED_EDGE('',*,*,#827,.F.);
#1084=ORIENTED_EDGE('',*,*,#822,.F.);
#1085=ORIENTED_EDGE('',*,*,#748,.F.);
#1086=ORIENTED_EDGE('',*,*,#828,.T.);
#1087=ORIENTED_EDGE('',*,*,#829,.F.);
#1088=ORIENTED_EDGE('',*,*,#830,.F.);
#1089=ORIENTED_EDGE('',*,*,#826,.F.);
#1090=ORIENTED_EDGE('',*,*,#747,.F.);
#1091=ORIENTED_EDGE('',*,*,#825,.T.);
#1092=ORIENTED_EDGE('',*,*,#831,.F.);
#1093=ORIENTED_EDGE('',*,*,#828,.F.);
#1094=ORIENTED_EDGE('',*,*,#750,.F.);
#1095=ORIENTED_EDGE('',*,*,#832,.T.);
#1096=ORIENTED_EDGE('',*,*,#833,.F.);
#1097=ORIENTED_EDGE('',*,*,#834,.F.);
#1098=ORIENTED_EDGE('',*,*,#835,.F.);
#1099=ORIENTED_EDGE('',*,*,#753,.F.);
#1100=ORIENTED_EDGE('',*,*,#836,.T.);
#1101=ORIENTED_EDGE('',*,*,#837,.F.);
#1102=ORIENTED_EDGE('',*,*,#832,.F.);
#1103=ORIENTED_EDGE('',*,*,#752,.F.);
#1104=ORIENTED_EDGE('',*,*,#838,.T.);
#1105=ORIENTED_EDGE('',*,*,#839,.F.);
#1106=ORIENTED_EDGE('',*,*,#840,.F.);
#1107=ORIENTED_EDGE('',*,*,#836,.F.);
#1108=ORIENTED_EDGE('',*,*,#751,.F.);
#1109=ORIENTED_EDGE('',*,*,#835,.T.);
#1110=ORIENTED_EDGE('',*,*,#841,.F.);
#1111=ORIENTED_EDGE('',*,*,#838,.F.);
#1112=ORIENTED_EDGE('',*,*,#754,.F.);
#1113=ORIENTED_EDGE('',*,*,#842,.T.);
#1114=ORIENTED_EDGE('',*,*,#843,.F.);
#1115=ORIENTED_EDGE('',*,*,#844,.F.);
#1116=ORIENTED_EDGE('',*,*,#845,.F.);
#1117=ORIENTED_EDGE('',*,*,#757,.F.);
#1118=ORIENTED_EDGE('',*,*,#846,.T.);
#1119=ORIENTED_EDGE('',*,*,#847,.F.);
#1120=ORIENTED_EDGE('',*,*,#842,.F.);
#1121=ORIENTED_EDGE('',*,*,#756,.F.);
#1122=ORIENTED_EDGE('',*,*,#848,.T.);
#1123=ORIENTED_EDGE('',*,*,#849,.F.);
#1124=ORIENTED_EDGE('',*,*,#850,.F.);
#1125=ORIENTED_EDGE('',*,*,#846,.F.);
#1126=ORIENTED_EDGE('',*,*,#755,.F.);
#1127=ORIENTED_EDGE('',*,*,#845,.T.);
#1128=ORIENTED_EDGE('',*,*,#851,.F.);
#1129=ORIENTED_EDGE('',*,*,#848,.F.);
#1130=ORIENTED_EDGE('',*,*,#771,.T.);
#1131=ORIENTED_EDGE('',*,*,#852,.T.);
#1132=ORIENTED_EDGE('',*,*,#853,.T.);
#1133=ORIENTED_EDGE('',*,*,#854,.T.);
#1134=ORIENTED_EDGE('',*,*,#855,.T.);
#1135=ORIENTED_EDGE('',*,*,#856,.T.);
#1136=ORIENTED_EDGE('',*,*,#857,.F.);
#1137=ORIENTED_EDGE('',*,*,#858,.T.);
#1138=ORIENTED_EDGE('',*,*,#823,.T.);
#1139=ORIENTED_EDGE('',*,*,#827,.T.);
#1140=ORIENTED_EDGE('',*,*,#830,.T.);
#1141=ORIENTED_EDGE('',*,*,#859,.T.);
#1142=ORIENTED_EDGE('',*,*,#860,.F.);
#1143=ORIENTED_EDGE('',*,*,#861,.T.);
#1144=ORIENTED_EDGE('',*,*,#862,.T.);
#1145=ORIENTED_EDGE('',*,*,#863,.T.);
#1146=ORIENTED_EDGE('',*,*,#833,.T.);
#1147=ORIENTED_EDGE('',*,*,#837,.T.);
#1148=ORIENTED_EDGE('',*,*,#840,.T.);
#1149=ORIENTED_EDGE('',*,*,#864,.T.);
#1150=ORIENTED_EDGE('',*,*,#843,.T.);
#1151=ORIENTED_EDGE('',*,*,#847,.T.);
#1152=ORIENTED_EDGE('',*,*,#850,.T.);
#1153=ORIENTED_EDGE('',*,*,#865,.T.);
#1154=ORIENTED_EDGE('',*,*,#866,.T.);
#1155=ORIENTED_EDGE('',*,*,#867,.T.);
#1156=ORIENTED_EDGE('',*,*,#829,.T.);
#1157=ORIENTED_EDGE('',*,*,#831,.T.);
#1158=ORIENTED_EDGE('',*,*,#824,.T.);
#1159=ORIENTED_EDGE('',*,*,#868,.T.);
#1160=ORIENTED_EDGE('',*,*,#844,.T.);
#1161=ORIENTED_EDGE('',*,*,#869,.T.);
#1162=ORIENTED_EDGE('',*,*,#849,.T.);
#1163=ORIENTED_EDGE('',*,*,#851,.T.);
#1164=ORIENTED_EDGE('',*,*,#870,.F.);
#1165=ORIENTED_EDGE('',*,*,#871,.F.);
#1166=ORIENTED_EDGE('',*,*,#811,.F.);
#1167=ORIENTED_EDGE('',*,*,#872,.T.);
#1168=ORIENTED_EDGE('',*,*,#873,.F.);
#1169=ORIENTED_EDGE('',*,*,#872,.F.);
#1170=ORIENTED_EDGE('',*,*,#810,.F.);
#1171=ORIENTED_EDGE('',*,*,#874,.T.);
#1172=ORIENTED_EDGE('',*,*,#875,.F.);
#1173=ORIENTED_EDGE('',*,*,#876,.F.);
#1174=ORIENTED_EDGE('',*,*,#877,.F.);
#1175=ORIENTED_EDGE('',*,*,#878,.F.);
#1176=ORIENTED_EDGE('',*,*,#879,.F.);
#1177=ORIENTED_EDGE('',*,*,#880,.F.);
#1178=ORIENTED_EDGE('',*,*,#881,.F.);
#1179=ORIENTED_EDGE('',*,*,#882,.F.);
#1180=ORIENTED_EDGE('',*,*,#883,.F.);
#1181=ORIENTED_EDGE('',*,*,#874,.F.);
#1182=ORIENTED_EDGE('',*,*,#776,.F.);
#1183=ORIENTED_EDGE('',*,*,#884,.T.);
#1184=ORIENTED_EDGE('',*,*,#885,.F.);
#1185=ORIENTED_EDGE('',*,*,#886,.F.);
#1186=ORIENTED_EDGE('',*,*,#887,.F.);
#1187=ORIENTED_EDGE('',*,*,#888,.F.);
#1188=ORIENTED_EDGE('',*,*,#889,.F.);
#1189=ORIENTED_EDGE('',*,*,#890,.F.);
#1190=ORIENTED_EDGE('',*,*,#891,.F.);
#1191=ORIENTED_EDGE('',*,*,#892,.F.);
#1192=ORIENTED_EDGE('',*,*,#893,.F.);
#1193=ORIENTED_EDGE('',*,*,#884,.F.);
#1194=ORIENTED_EDGE('',*,*,#812,.F.);
#1195=ORIENTED_EDGE('',*,*,#871,.T.);
#1196=ORIENTED_EDGE('',*,*,#885,.T.);
#1197=ORIENTED_EDGE('',*,*,#870,.T.);
#1198=ORIENTED_EDGE('',*,*,#873,.T.);
#1199=ORIENTED_EDGE('',*,*,#894,.T.);
#1200=ORIENTED_EDGE('',*,*,#786,.F.);
#1201=ORIENTED_EDGE('',*,*,#895,.F.);
#1202=ORIENTED_EDGE('',*,*,#865,.F.);
#1203=ORIENTED_EDGE('',*,*,#869,.F.);
#1204=ORIENTED_EDGE('',*,*,#864,.F.);
#1205=ORIENTED_EDGE('',*,*,#896,.F.);
#1206=ORIENTED_EDGE('',*,*,#863,.F.);
#1207=ORIENTED_EDGE('',*,*,#897,.T.);
#1208=ORIENTED_EDGE('',*,*,#882,.T.);
#1209=ORIENTED_EDGE('',*,*,#898,.T.);
#1210=ORIENTED_EDGE('',*,*,#787,.F.);
#1211=ORIENTED_EDGE('',*,*,#894,.F.);
#1212=ORIENTED_EDGE('',*,*,#881,.T.);
#1213=ORIENTED_EDGE('',*,*,#899,.T.);
#1214=ORIENTED_EDGE('',*,*,#788,.F.);
#1215=ORIENTED_EDGE('',*,*,#898,.F.);
#1216=ORIENTED_EDGE('',*,*,#880,.T.);
#1217=ORIENTED_EDGE('',*,*,#900,.T.);
#1218=ORIENTED_EDGE('',*,*,#789,.F.);
#1219=ORIENTED_EDGE('',*,*,#899,.F.);
#1220=ORIENTED_EDGE('',*,*,#879,.T.);
#1221=ORIENTED_EDGE('',*,*,#901,.T.);
#1222=ORIENTED_EDGE('',*,*,#790,.F.);
#1223=ORIENTED_EDGE('',*,*,#900,.F.);
#1224=ORIENTED_EDGE('',*,*,#878,.T.);
#1225=ORIENTED_EDGE('',*,*,#902,.T.);
#1226=ORIENTED_EDGE('',*,*,#791,.F.);
#1227=ORIENTED_EDGE('',*,*,#901,.F.);
#1228=ORIENTED_EDGE('',*,*,#877,.T.);
#1229=ORIENTED_EDGE('',*,*,#903,.T.);
#1230=ORIENTED_EDGE('',*,*,#792,.F.);
#1231=ORIENTED_EDGE('',*,*,#902,.F.);
#1232=ORIENTED_EDGE('',*,*,#876,.T.);
#1233=ORIENTED_EDGE('',*,*,#904,.T.);
#1234=ORIENTED_EDGE('',*,*,#793,.F.);
#1235=ORIENTED_EDGE('',*,*,#903,.F.);
#1236=ORIENTED_EDGE('',*,*,#834,.T.);
#1237=ORIENTED_EDGE('',*,*,#896,.T.);
#1238=ORIENTED_EDGE('',*,*,#839,.T.);
#1239=ORIENTED_EDGE('',*,*,#841,.T.);
#1240=ORIENTED_EDGE('',*,*,#774,.F.);
#1241=ORIENTED_EDGE('',*,*,#740,.T.);
#1242=ORIENTED_EDGE('',*,*,#796,.F.);
#1243=ORIENTED_EDGE('',*,*,#905,.F.);
#1244=ORIENTED_EDGE('',*,*,#852,.F.);
#1245=ORIENTED_EDGE('',*,*,#853,.F.);
#1246=ORIENTED_EDGE('',*,*,#905,.T.);
#1247=ORIENTED_EDGE('',*,*,#795,.F.);
#1248=ORIENTED_EDGE('',*,*,#906,.F.);
#1249=ORIENTED_EDGE('',*,*,#893,.T.);
#1250=ORIENTED_EDGE('',*,*,#907,.F.);
#1251=ORIENTED_EDGE('',*,*,#854,.F.);
#1252=ORIENTED_EDGE('',*,*,#906,.T.);
#1253=ORIENTED_EDGE('',*,*,#794,.F.);
#1254=ORIENTED_EDGE('',*,*,#904,.F.);
#1255=ORIENTED_EDGE('',*,*,#875,.T.);
#1256=ORIENTED_EDGE('',*,*,#883,.T.);
#1257=ORIENTED_EDGE('',*,*,#892,.T.);
#1258=ORIENTED_EDGE('',*,*,#908,.F.);
#1259=ORIENTED_EDGE('',*,*,#855,.F.);
#1260=ORIENTED_EDGE('',*,*,#907,.T.);
#1261=ORIENTED_EDGE('',*,*,#891,.T.);
#1262=ORIENTED_EDGE('',*,*,#909,.F.);
#1263=ORIENTED_EDGE('',*,*,#856,.F.);
#1264=ORIENTED_EDGE('',*,*,#908,.T.);
#1265=ORIENTED_EDGE('',*,*,#890,.T.);
#1266=ORIENTED_EDGE('',*,*,#910,.F.);
#1267=ORIENTED_EDGE('',*,*,#857,.T.);
#1268=ORIENTED_EDGE('',*,*,#909,.T.);
#1269=ORIENTED_EDGE('',*,*,#889,.T.);
#1270=ORIENTED_EDGE('',*,*,#911,.F.);
#1271=ORIENTED_EDGE('',*,*,#859,.F.);
#1272=ORIENTED_EDGE('',*,*,#868,.F.);
#1273=ORIENTED_EDGE('',*,*,#858,.F.);
#1274=ORIENTED_EDGE('',*,*,#910,.T.);
#1275=ORIENTED_EDGE('',*,*,#888,.T.);
#1276=ORIENTED_EDGE('',*,*,#912,.F.);
#1277=ORIENTED_EDGE('',*,*,#860,.T.);
#1278=ORIENTED_EDGE('',*,*,#911,.T.);
#1279=ORIENTED_EDGE('',*,*,#887,.T.);
#1280=ORIENTED_EDGE('',*,*,#913,.F.);
#1281=ORIENTED_EDGE('',*,*,#861,.F.);
#1282=ORIENTED_EDGE('',*,*,#912,.T.);
#1283=ORIENTED_EDGE('',*,*,#886,.T.);
#1284=ORIENTED_EDGE('',*,*,#897,.F.);
#1285=ORIENTED_EDGE('',*,*,#862,.F.);
#1286=ORIENTED_EDGE('',*,*,#913,.T.);
#1287=ORIENTED_EDGE('',*,*,#866,.F.);
#1288=ORIENTED_EDGE('',*,*,#895,.T.);
#1289=ORIENTED_EDGE('',*,*,#785,.F.);
#1290=ORIENTED_EDGE('',*,*,#914,.F.);
#1291=ORIENTED_EDGE('',*,*,#867,.F.);
#1292=ORIENTED_EDGE('',*,*,#914,.T.);
#1293=ORIENTED_EDGE('',*,*,#784,.F.);
#1294=ORIENTED_EDGE('',*,*,#760,.F.);
#1295=ORIENTED_EDGE('',*,*,#764,.F.);
#1296=ORIENTED_EDGE('',*,*,#808,.F.);
#1297=ORIENTED_EDGE('',*,*,#734,.F.);
#1298=ORIENTED_EDGE('',*,*,#915,.T.);
#1299=ORIENTED_EDGE('',*,*,#815,.T.);
#1300=ORIENTED_EDGE('',*,*,#819,.F.);
#1301=ORIENTED_EDGE('',*,*,#821,.F.);
#1302=ORIENTED_EDGE('',*,*,#797,.F.);
#1303=ORIENTED_EDGE('',*,*,#767,.T.);
#1304=ORIENTED_EDGE('',*,*,#730,.T.);
#1305=ORIENTED_EDGE('',*,*,#816,.F.);
#1306=ORIENTED_EDGE('',*,*,#915,.F.);
#1307=ORIENTED_EDGE('',*,*,#733,.T.);
#1308=ORIENTED_EDGE('',*,*,#726,.T.);
#1309=ORIENTED_EDGE('',*,*,#781,.F.);
#1310=ORIENTED_EDGE('',*,*,#805,.F.);
#1311=ORIENTED_EDGE('',*,*,#916,.T.);
#1312=ORIENTED_EDGE('',*,*,#917,.F.);
#1313=ORIENTED_EDGE('',*,*,#916,.F.);
#1314=ORIENTED_EDGE('',*,*,#799,.F.);
#1315=ORIENTED_EDGE('',*,*,#918,.T.);
#1316=ORIENTED_EDGE('',*,*,#919,.T.);
#1317=ORIENTED_EDGE('',*,*,#918,.F.);
#1318=ORIENTED_EDGE('',*,*,#919,.F.);
#1319=ORIENTED_EDGE('',*,*,#917,.T.);
#1320=ORIENTED_EDGE('',*,*,#804,.F.);
#1321=ORIENTED_EDGE('',*,*,#920,.T.);
#1322=ORIENTED_EDGE('',*,*,#921,.F.);
#1323=ORIENTED_EDGE('',*,*,#920,.F.);
#1324=ORIENTED_EDGE('',*,*,#800,.F.);
#1325=ORIENTED_EDGE('',*,*,#922,.T.);
#1326=ORIENTED_EDGE('',*,*,#923,.T.);
#1327=ORIENTED_EDGE('',*,*,#922,.F.);
#1328=ORIENTED_EDGE('',*,*,#923,.F.);
#1329=ORIENTED_EDGE('',*,*,#921,.T.);
#1330=ORIENTED_EDGE('',*,*,#803,.F.);
#1331=ORIENTED_EDGE('',*,*,#924,.T.);
#1332=ORIENTED_EDGE('',*,*,#925,.F.);
#1333=ORIENTED_EDGE('',*,*,#924,.F.);
#1334=ORIENTED_EDGE('',*,*,#798,.F.);
#1335=ORIENTED_EDGE('',*,*,#926,.T.);
#1336=ORIENTED_EDGE('',*,*,#927,.T.);
#1337=ORIENTED_EDGE('',*,*,#926,.F.);
#1338=ORIENTED_EDGE('',*,*,#927,.F.);
#1339=ORIENTED_EDGE('',*,*,#925,.T.);
#1340=ORIENTED_EDGE('',*,*,#802,.F.);
#1341=ORIENTED_EDGE('',*,*,#928,.T.);
#1342=ORIENTED_EDGE('',*,*,#929,.F.);
#1343=ORIENTED_EDGE('',*,*,#928,.F.);
#1344=ORIENTED_EDGE('',*,*,#801,.F.);
#1345=ORIENTED_EDGE('',*,*,#930,.T.);
#1346=ORIENTED_EDGE('',*,*,#931,.T.);
#1347=ORIENTED_EDGE('',*,*,#930,.F.);
#1348=ORIENTED_EDGE('',*,*,#931,.F.);
#1349=ORIENTED_EDGE('',*,*,#929,.T.);
#1350=PLANE('',#1498);
#1351=PLANE('',#1500);
#1352=PLANE('',#1502);
#1353=PLANE('',#1503);
#1354=PLANE('',#1504);
#1355=PLANE('',#1507);
#1356=PLANE('',#1508);
#1357=PLANE('',#1509);
#1358=PLANE('',#1510);
#1359=PLANE('',#1511);
#1360=PLANE('',#1514);
#1361=PLANE('',#1517);
#1362=PLANE('',#1528);
#1363=PLANE('',#1530);
#1364=PLANE('',#1532);
#1365=PLANE('',#1534);
#1366=PLANE('',#1539);
#1367=PLANE('',#1540);
#1368=PLANE('',#1544);
#1369=PLANE('',#1545);
#1370=PLANE('',#1546);
#1371=PLANE('',#1547);
#1372=PLANE('',#1548);
#1373=PLANE('',#1549);
#1374=PLANE('',#1550);
#1375=PLANE('',#1551);
#1376=PLANE('',#1552);
#1377=PLANE('',#1553);
#1378=PLANE('',#1554);
#1379=PLANE('',#1555);
#1380=PLANE('',#1556);
#1381=PLANE('',#1557);
#1382=PLANE('',#1558);
#1383=PLANE('',#1565);
#1384=PLANE('',#1566);
#1385=PLANE('',#1567);
#1386=PLANE('',#1568);
#1387=PLANE('',#1573);
#1388=PLANE('',#1574);
#1389=PLANE('',#1579);
#1390=PLANE('',#1581);
#1391=PLANE('',#1583);
#1392=PLANE('',#1585);
#1393=PLANE('',#1587);
#1394=PLANE('',#1588);
#1395=PLANE('',#1590);
#1396=PLANE('',#1592);
#1397=PLANE('',#1594);
#1398=PLANE('',#1596);
#1399=PLANE('',#1599);
#1400=PLANE('',#1600);
#1401=PLANE('',#1601);
#1402=PLANE('',#1606);
#1403=PLANE('',#1611);
#1404=PLANE('',#1616);
#1405=PLANE('',#1621);
#1406=ADVANCED_FACE('',(#48),#1350,.F.);
#1407=ADVANCED_FACE('',(#49),#1351,.F.);
#1408=ADVANCED_FACE('',(#50),#1352,.T.);
#1409=ADVANCED_FACE('',(#51),#1353,.T.);
#1410=ADVANCED_FACE('',(#52,#37,#38,#39),#1354,.T.);
#1411=ADVANCED_FACE('',(#53),#1355,.T.);
#1412=ADVANCED_FACE('',(#54),#1356,.F.);
#1413=ADVANCED_FACE('',(#55),#1357,.F.);
#1414=ADVANCED_FACE('',(#56),#1358,.F.);
#1415=ADVANCED_FACE('',(#57),#1359,.F.);
#1416=ADVANCED_FACE('',(#58),#15,.T.);
#1417=ADVANCED_FACE('',(#59),#1360,.F.);
#1418=ADVANCED_FACE('',(#60),#16,.T.);
#1419=ADVANCED_FACE('',(#61,#40,#41,#42,#43),#1361,.F.);
#1420=ADVANCED_FACE('',(#62),#1362,.F.);
#1421=ADVANCED_FACE('',(#63),#1363,.F.);
#1422=ADVANCED_FACE('',(#64),#1364,.F.);
#1423=ADVANCED_FACE('',(#65),#1365,.F.);
#1424=ADVANCED_FACE('',(#66),#17,.T.);
#1425=ADVANCED_FACE('',(#67),#1366,.T.);
#1426=ADVANCED_FACE('',(#68),#1367,.T.);
#1427=ADVANCED_FACE('',(#69),#18,.T.);
#1428=ADVANCED_FACE('',(#70),#1368,.T.);
#1429=ADVANCED_FACE('',(#71),#1369,.T.);
#1430=ADVANCED_FACE('',(#72),#1370,.F.);
#1431=ADVANCED_FACE('',(#73),#1371,.F.);
#1432=ADVANCED_FACE('',(#74),#1372,.F.);
#1433=ADVANCED_FACE('',(#75),#1373,.F.);
#1434=ADVANCED_FACE('',(#76),#1374,.F.);
#1435=ADVANCED_FACE('',(#77),#1375,.F.);
#1436=ADVANCED_FACE('',(#78),#1376,.F.);
#1437=ADVANCED_FACE('',(#79),#1377,.F.);
#1438=ADVANCED_FACE('',(#80),#1378,.F.);
#1439=ADVANCED_FACE('',(#81),#1379,.F.);
#1440=ADVANCED_FACE('',(#82),#1380,.F.);
#1441=ADVANCED_FACE('',(#83),#1381,.F.);
#1442=ADVANCED_FACE('',(#84),#1382,.T.);
#1443=ADVANCED_FACE('',(#85),#1383,.F.);
#1444=ADVANCED_FACE('',(#86),#1384,.F.);
#1445=ADVANCED_FACE('',(#87),#1385,.F.);
#1446=ADVANCED_FACE('',(#88),#1386,.F.);
#1447=ADVANCED_FACE('',(#89),#1387,.F.);
#1448=ADVANCED_FACE('',(#90),#1388,.F.);
#1449=ADVANCED_FACE('',(#91),#1389,.T.);
#1450=ADVANCED_FACE('',(#92),#19,.F.);
#1451=ADVANCED_FACE('',(#93),#1390,.T.);
#1452=ADVANCED_FACE('',(#94),#20,.T.);
#1453=ADVANCED_FACE('',(#95),#1391,.T.);
#1454=ADVANCED_FACE('',(#96),#21,.T.);
#1455=ADVANCED_FACE('',(#97),#1392,.T.);
#1456=ADVANCED_FACE('',(#98),#22,.F.);
#1457=ADVANCED_FACE('',(#99),#1393,.F.);
#1458=ADVANCED_FACE('',(#100),#1394,.T.);
#1459=ADVANCED_FACE('',(#101),#23,.F.);
#1460=ADVANCED_FACE('',(#102),#1395,.T.);
#1461=ADVANCED_FACE('',(#103),#24,.F.);
#1462=ADVANCED_FACE('',(#104),#1396,.T.);
#1463=ADVANCED_FACE('',(#105),#25,.T.);
#1464=ADVANCED_FACE('',(#106),#1397,.T.);
#1465=ADVANCED_FACE('',(#107),#26,.T.);
#1466=ADVANCED_FACE('',(#108),#1398,.T.);
#1467=ADVANCED_FACE('',(#109),#27,.F.);
#1468=ADVANCED_FACE('',(#110),#28,.F.);
#1469=ADVANCED_FACE('',(#111),#1399,.T.);
#1470=ADVANCED_FACE('',(#112),#1400,.T.);
#1471=ADVANCED_FACE('',(#113),#1401,.F.);
#1472=ADVANCED_FACE('',(#114),#29,.F.);
#1473=ADVANCED_FACE('',(#115),#30,.T.);
#1474=ADVANCED_FACE('',(#116,#44),#1402,.F.);
#1475=ADVANCED_FACE('',(#117),#31,.F.);
#1476=ADVANCED_FACE('',(#118),#32,.T.);
#1477=ADVANCED_FACE('',(#119,#45),#1403,.F.);
#1478=ADVANCED_FACE('',(#120),#33,.F.);
#1479=ADVANCED_FACE('',(#121),#34,.T.);
#1480=ADVANCED_FACE('',(#122,#46),#1404,.F.);
#1481=ADVANCED_FACE('',(#123),#35,.F.);
#1482=ADVANCED_FACE('',(#124),#36,.T.);
#1483=ADVANCED_FACE('',(#125,#47),#1405,.F.);
#1484=CLOSED_SHELL('',(#1406,#1407,#1408,#1409,#1410,#1411,#1412,#1413,
#1414,#1415,#1416,#1417,#1418,#1419,#1420,#1421,#1422,#1423,#1424,#1425,
#1426,#1427,#1428,#1429,#1430,#1431,#1432,#1433,#1434,#1435,#1436,#1437,
#1438,#1439,#1440,#1441,#1442,#1443,#1444,#1445,#1446,#1447,#1448,#1449,
#1450,#1451,#1452,#1453,#1454,#1455,#1456,#1457,#1458,#1459,#1460,#1461,
#1462,#1463,#1464,#1465,#1466,#1467,#1468,#1469,#1470,#1471,#1472,#1473,
#1474,#1475,#1476,#1477,#1478,#1479,#1480,#1481,#1482,#1483));
#1485=DERIVED_UNIT_ELEMENT(#1487,1.);
#1486=DERIVED_UNIT_ELEMENT(#2464,-3.);
#1487=(
MASS_UNIT()
NAMED_UNIT(*)
SI_UNIT(.KILO.,.GRAM.)
);
#1488=DERIVED_UNIT((#1485,#1486));
#1489=MEASURE_REPRESENTATION_ITEM('density measure',
POSITIVE_RATIO_MEASURE(7850.),#1488);
#1490=PROPERTY_DEFINITION_REPRESENTATION(#1495,#1492);
#1491=PROPERTY_DEFINITION_REPRESENTATION(#1496,#1493);
#1492=REPRESENTATION('material name',(#1494),#2461);
#1493=REPRESENTATION('density',(#1489),#2461);
#1494=DESCRIPTIVE_REPRESENTATION_ITEM('Steel','Steel');
#1495=PROPERTY_DEFINITION('material property','material name',#2471);
#1496=PROPERTY_DEFINITION('material property','density of part',#2471);
#1497=AXIS2_PLACEMENT_3D('',#2035,#1622,#1623);
#1498=AXIS2_PLACEMENT_3D('',#2036,#1624,#1625);
#1499=AXIS2_PLACEMENT_3D('',#2039,#1626,#1627);
#1500=AXIS2_PLACEMENT_3D('',#2047,#1632,#1633);
#1501=AXIS2_PLACEMENT_3D('',#2050,#1634,#1635);
#1502=AXIS2_PLACEMENT_3D('',#2058,#1640,#1641);
#1503=AXIS2_PLACEMENT_3D('',#2068,#1647,#1648);
#1504=AXIS2_PLACEMENT_3D('',#2077,#1653,#1654);
#1505=AXIS2_PLACEMENT_3D('',#2082,#1656,#1657);
#1506=AXIS2_PLACEMENT_3D('',#2085,#1659,#1660);
#1507=AXIS2_PLACEMENT_3D('',#2110,#1673,#1674);
#1508=AXIS2_PLACEMENT_3D('',#2119,#1679,#1680);
#1509=AXIS2_PLACEMENT_3D('',#2125,#1684,#1685);
#1510=AXIS2_PLACEMENT_3D('',#2132,#1690,#1691);
#1511=AXIS2_PLACEMENT_3D('',#2139,#1697,#1698);
#1512=AXIS2_PLACEMENT_3D('',#2141,#1700,#1701);
#1513=AXIS2_PLACEMENT_3D('',#2149,#1705,#1706);
#1514=AXIS2_PLACEMENT_3D('',#2151,#1708,#1709);
#1515=AXIS2_PLACEMENT_3D('',#2155,#1712,#1713);
#1516=AXIS2_PLACEMENT_3D('',#2157,#1714,#1715);
#1517=AXIS2_PLACEMENT_3D('',#2159,#1717,#1718);
#1518=AXIS2_PLACEMENT_3D('',#2163,#1720,#1721);
#1519=AXIS2_PLACEMENT_3D('',#2167,#1723,#1724);
#1520=AXIS2_PLACEMENT_3D('',#2171,#1726,#1727);
#1521=AXIS2_PLACEMENT_3D('',#2175,#1729,#1730);
#1522=AXIS2_PLACEMENT_3D('',#2179,#1732,#1733);
#1523=AXIS2_PLACEMENT_3D('',#2183,#1735,#1736);
#1524=AXIS2_PLACEMENT_3D('',#2187,#1739,#1740);
#1525=AXIS2_PLACEMENT_3D('',#2189,#1741,#1742);
#1526=AXIS2_PLACEMENT_3D('',#2191,#1743,#1744);
#1527=AXIS2_PLACEMENT_3D('',#2193,#1745,#1746);
#1528=AXIS2_PLACEMENT_3D('',#2194,#1747,#1748);
#1529=AXIS2_PLACEMENT_3D('',#2196,#1749,#1750);
#1530=AXIS2_PLACEMENT_3D('',#2197,#1751,#1752);
#1531=AXIS2_PLACEMENT_3D('',#2199,#1753,#1754);
#1532=AXIS2_PLACEMENT_3D('',#2200,#1755,#1756);
#1533=AXIS2_PLACEMENT_3D('',#2202,#1757,#1758);
#1534=AXIS2_PLACEMENT_3D('',#2203,#1759,#1760);
#1535=AXIS2_PLACEMENT_3D('',#2205,#1761,#1762);
#1536=AXIS2_PLACEMENT_3D('',#2206,#1763,#1764);
#1537=AXIS2_PLACEMENT_3D('',#2210,#1766,#1767);
#1538=AXIS2_PLACEMENT_3D('',#2211,#1768,#1769);
#1539=AXIS2_PLACEMENT_3D('',#2212,#1770,#1771);
#1540=AXIS2_PLACEMENT_3D('',#2219,#1776,#1777);
#1541=AXIS2_PLACEMENT_3D('',#2227,#1782,#1783);
#1542=AXIS2_PLACEMENT_3D('',#2229,#1784,#1785);
#1543=AXIS2_PLACEMENT_3D('',#2232,#1787,#1788);
#1544=AXIS2_PLACEMENT_3D('',#2233,#1789,#1790);
#1545=AXIS2_PLACEMENT_3D('',#2236,#1793,#1794);
#1546=AXIS2_PLACEMENT_3D('',#2237,#1795,#1796);
#1547=AXIS2_PLACEMENT_3D('',#2245,#1801,#1802);
#1548=AXIS2_PLACEMENT_3D('',#2249,#1805,#1806);
#1549=AXIS2_PLACEMENT_3D('',#2255,#1810,#1811);
#1550=AXIS2_PLACEMENT_3D('',#2257,#1813,#1814);
#1551=AXIS2_PLACEMENT_3D('',#2265,#1819,#1820);
#1552=AXIS2_PLACEMENT_3D('',#2269,#1823,#1824);
#1553=AXIS2_PLACEMENT_3D('',#2275,#1828,#1829);
#1554=AXIS2_PLACEMENT_3D('',#2277,#1831,#1832);
#1555=AXIS2_PLACEMENT_3D('',#2285,#1837,#1838);
#1556=AXIS2_PLACEMENT_3D('',#2289,#1841,#1842);
#1557=AXIS2_PLACEMENT_3D('',#2295,#1846,#1847);
#1558=AXIS2_PLACEMENT_3D('',#2297,#1849,#1850);
#1559=AXIS2_PLACEMENT_3D('',#2301,#1852,#1853);
#1560=AXIS2_PLACEMENT_3D('',#2305,#1855,#1856);
#1561=AXIS2_PLACEMENT_3D('',#2309,#1858,#1859);
#1562=AXIS2_PLACEMENT_3D('',#2314,#1862,#1863);
#1563=AXIS2_PLACEMENT_3D('',#2318,#1865,#1866);
#1564=AXIS2_PLACEMENT_3D('',#2324,#1870,#1871);
#1565=AXIS2_PLACEMENT_3D('',#2326,#1873,#1874);
#1566=AXIS2_PLACEMENT_3D('',#2328,#1876,#1877);
#1567=AXIS2_PLACEMENT_3D('',#2330,#1879,#1880);
#1568=AXIS2_PLACEMENT_3D('',#2336,#1884,#1885);
#1569=AXIS2_PLACEMENT_3D('',#2344,#1889,#1890);
#1570=AXIS2_PLACEMENT_3D('',#2348,#1892,#1893);
#1571=AXIS2_PLACEMENT_3D('',#2352,#1895,#1896);
#1572=AXIS2_PLACEMENT_3D('',#2355,#1898,#1899);
#1573=AXIS2_PLACEMENT_3D('',#2356,#1900,#1901);
#1574=AXIS2_PLACEMENT_3D('',#2360,#1904,#1905);
#1575=AXIS2_PLACEMENT_3D('',#2364,#1907,#1908);
#1576=AXIS2_PLACEMENT_3D('',#2368,#1910,#1911);
#1577=AXIS2_PLACEMENT_3D('',#2372,#1913,#1914);
#1578=AXIS2_PLACEMENT_3D('',#2376,#1916,#1917);
#1579=AXIS2_PLACEMENT_3D('',#2378,#1919,#1920);
#1580=AXIS2_PLACEMENT_3D('',#2383,#1925,#1926);
#1581=AXIS2_PLACEMENT_3D('',#2385,#1928,#1929);
#1582=AXIS2_PLACEMENT_3D('',#2387,#1931,#1932);
#1583=AXIS2_PLACEMENT_3D('',#2389,#1934,#1935);
#1584=AXIS2_PLACEMENT_3D('',#2391,#1937,#1938);
#1585=AXIS2_PLACEMENT_3D('',#2393,#1940,#1941);
#1586=AXIS2_PLACEMENT_3D('',#2395,#1943,#1944);
#1587=AXIS2_PLACEMENT_3D('',#2397,#1946,#1947);
#1588=AXIS2_PLACEMENT_3D('',#2398,#1948,#1949);
#1589=AXIS2_PLACEMENT_3D('',#2400,#1951,#1952);
#1590=AXIS2_PLACEMENT_3D('',#2402,#1954,#1955);
#1591=AXIS2_PLACEMENT_3D('',#2404,#1957,#1958);
#1592=AXIS2_PLACEMENT_3D('',#2406,#1960,#1961);
#1593=AXIS2_PLACEMENT_3D('',#2408,#1963,#1964);
#1594=AXIS2_PLACEMENT_3D('',#2410,#1966,#1967);
#1595=AXIS2_PLACEMENT_3D('',#2412,#1969,#1970);
#1596=AXIS2_PLACEMENT_3D('',#2414,#1972,#1973);
#1597=AXIS2_PLACEMENT_3D('',#2416,#1975,#1976);
#1598=AXIS2_PLACEMENT_3D('',#2417,#1977,#1978);
#1599=AXIS2_PLACEMENT_3D('',#2419,#1980,#1981);
#1600=AXIS2_PLACEMENT_3D('',#2420,#1982,#1983);
#1601=AXIS2_PLACEMENT_3D('',#2422,#1985,#1986);
#1602=AXIS2_PLACEMENT_3D('',#2423,#1987,#1988);
#1603=AXIS2_PLACEMENT_3D('',#2426,#1990,#1991);
#1604=AXIS2_PLACEMENT_3D('',#2427,#1992,#1993);
#1605=AXIS2_PLACEMENT_3D('',#2430,#1995,#1996);
#1606=AXIS2_PLACEMENT_3D('',#2431,#1997,#1998);
#1607=AXIS2_PLACEMENT_3D('',#2432,#1999,#2000);
#1608=AXIS2_PLACEMENT_3D('',#2435,#2002,#2003);
#1609=AXIS2_PLACEMENT_3D('',#2436,#2004,#2005);
#1610=AXIS2_PLACEMENT_3D('',#2439,#2007,#2008);
#1611=AXIS2_PLACEMENT_3D('',#2440,#2009,#2010);
#1612=AXIS2_PLACEMENT_3D('',#2441,#2011,#2012);
#1613=AXIS2_PLACEMENT_3D('',#2444,#2014,#2015);
#1614=AXIS2_PLACEMENT_3D('',#2445,#2016,#2017);
#1615=AXIS2_PLACEMENT_3D('',#2448,#2019,#2020);
#1616=AXIS2_PLACEMENT_3D('',#2449,#2021,#2022);
#1617=AXIS2_PLACEMENT_3D('',#2450,#2023,#2024);
#1618=AXIS2_PLACEMENT_3D('',#2453,#2026,#2027);
#1619=AXIS2_PLACEMENT_3D('',#2454,#2028,#2029);
#1620=AXIS2_PLACEMENT_3D('',#2457,#2031,#2032);
#1621=AXIS2_PLACEMENT_3D('',#2458,#2033,#2034);
#1622=DIRECTION('axis',(0.,0.,1.));
#1623=DIRECTION('refdir',(1.,0.,0.));
#1624=DIRECTION('center_axis',(0.,0.,-1.));
#1625=DIRECTION('ref_axis',(-1.,0.,0.));
#1626=DIRECTION('center_axis',(0.,0.,-1.));
#1627=DIRECTION('ref_axis',(0.,1.,0.));
#1628=DIRECTION('',(1.,8.88178419700125E-16,0.));
#1629=DIRECTION('',(1.48029736616687E-15,1.,0.));
#1630=DIRECTION('',(-1.,0.,0.));
#1631=DIRECTION('',(0.,-1.,0.));
#1632=DIRECTION('center_axis',(0.,0.,-1.));
#1633=DIRECTION('ref_axis',(-1.,0.,0.));
#1634=DIRECTION('center_axis',(0.,0.,-1.));
#1635=DIRECTION('ref_axis',(-0.999540757725493,0.0303030303030297,0.));
#1636=DIRECTION('',(0.,1.,0.));
#1637=DIRECTION('',(-1.,0.,0.));
#1638=DIRECTION('',(7.40148683083437E-16,-1.,-1.48029736616687E-15));
#1639=DIRECTION('',(1.,8.88178419700125E-16,0.));
#1640=DIRECTION('center_axis',(1.,0.,0.));
#1641=DIRECTION('ref_axis',(0.,-1.,-1.48029736616687E-15));
#1642=DIRECTION('',(0.,0.,-1.));
#1643=DIRECTION('',(0.,-1.,0.));
#1644=DIRECTION('',(0.,0.,1.));
#1645=DIRECTION('',(0.,-1.,-1.48029736616687E-15));
#1646=DIRECTION('',(0.,0.,-1.));
#1647=DIRECTION('center_axis',(8.07434927000114E-16,-1.,0.));
#1648=DIRECTION('ref_axis',(-1.,-8.07434927000114E-16,0.));
#1649=DIRECTION('',(3.45126646034192E-30,2.78667308246412E-45,-1.));
#1650=DIRECTION('',(-1.,-8.07434927000114E-16,0.));
#1651=DIRECTION('',(0.,0.,-1.));
#1652=DIRECTION('',(-1.,-8.07434927000114E-16,1.60982338570647E-15));
#1653=DIRECTION('center_axis',(1.60982338570647E-15,-1.11022302462515E-15,
1.));
#1654=DIRECTION('ref_axis',(1.,8.88178419700124E-16,-1.60982338570647E-15));
#1655=DIRECTION('',(1.,7.86993536443151E-16,-1.60982338570647E-15));
#1656=DIRECTION('center_axis',(-1.60982338570647E-15,1.11022302462515E-15,
-1.));
#1657=DIRECTION('ref_axis',(0.999540757725493,0.0303030303030318,0.));
#1658=DIRECTION('',(1.,8.88178419700124E-16,-1.60982338570647E-15));
#1659=DIRECTION('center_axis',(-1.60982338570647E-15,1.11022302462515E-15,
-1.));
#1660=DIRECTION('ref_axis',(-0.999540757725493,0.0303030303030307,0.));
#1661=DIRECTION('',(0.,1.,1.11022302462515E-15));
#1662=DIRECTION('',(1.,0.,-1.60982338570647E-15));
#1663=DIRECTION('',(0.,-1.,-1.11022302462515E-15));
#1664=DIRECTION('',(-1.,0.,1.60982338570647E-15));
#1665=DIRECTION('',(0.,1.,1.11022302462515E-15));
#1666=DIRECTION('',(1.,0.,-1.60982338570647E-15));
#1667=DIRECTION('',(0.,-1.,-1.11022302462515E-15));
#1668=DIRECTION('',(-1.,0.,1.60982338570647E-15));
#1669=DIRECTION('',(0.,1.,1.11022302462515E-15));
#1670=DIRECTION('',(1.,0.,-1.60982338570647E-15));
#1671=DIRECTION('',(0.,-1.,-1.11022302462515E-15));
#1672=DIRECTION('',(-1.,0.,1.60982338570647E-15));
#1673=DIRECTION('center_axis',(8.07434927000114E-16,-1.,0.));
#1674=DIRECTION('ref_axis',(-1.,-8.07434927000114E-16,0.));
#1675=DIRECTION('',(0.,0.,1.));
#1676=DIRECTION('',(-1.,-8.07434927000114E-16,-3.0259336602264E-32));
#1677=DIRECTION('',(0.,0.,-1.));
#1678=DIRECTION('',(-1.,-8.07434927000114E-16,0.));
#1679=DIRECTION('center_axis',(-1.60982338570647E-15,1.48029736616687E-15,
-1.));
#1680=DIRECTION('ref_axis',(-1.,-8.88178419700127E-16,1.60982338570647E-15));
#1681=DIRECTION('',(0.,1.,1.48029736616687E-15));
#1682=DIRECTION('',(1.,7.86993536443149E-16,0.));
#1683=DIRECTION('',(1.15471772080339E-6,-0.999999999999333,-4.05581039520623E-32));
#1684=DIRECTION('center_axis',(1.,7.40148683083437E-16,3.45126646034192E-30));
#1685=DIRECTION('ref_axis',(2.46519032881566E-30,1.33226762955019E-15,-1.));
#1686=DIRECTION('',(-7.40148683083437E-16,1.,1.48029736616687E-15));
#1687=DIRECTION('',(2.46519032881566E-30,1.33226762955019E-15,-1.));
#1688=DIRECTION('',(0.,0.,-1.));
#1689=DIRECTION('',(7.40148683083437E-16,-1.,0.));
#1690=DIRECTION('center_axis',(-7.40148683083437E-16,1.,1.48029736616687E-15));
#1691=DIRECTION('ref_axis',(0.,-1.48029736616687E-15,1.));
#1692=DIRECTION('',(0.,0.,1.));
#1693=DIRECTION('',(-1.,-8.88178419700127E-16,1.60982338570647E-15));
#1694=DIRECTION('',(-1.,-7.86993536443151E-16,1.60982338570647E-15));
#1695=DIRECTION('',(-1.97215226305253E-30,-1.33226762955019E-15,1.));
#1696=DIRECTION('',(0.,0.,-1.));
#1697=DIRECTION('center_axis',(-1.60982338570647E-15,1.48029736616687E-15,
-1.));
#1698=DIRECTION('ref_axis',(-1.,-8.88178419700127E-16,1.60982338570647E-15));
#1699=DIRECTION('',(1.15006644486066E-6,0.999999999999339,1.52972106247855E-47));
#1700=DIRECTION('center_axis',(0.,0.,-1.));
#1701=DIRECTION('ref_axis',(-0.999540757725493,0.0303030303030297,0.));
#1702=DIRECTION('',(0.,1.11022302462516E-15,-1.));
#1703=DIRECTION('',(0.,0.,-1.));
#1704=DIRECTION('',(0.,0.,-1.));
#1705=DIRECTION('center_axis',(-1.34510686457954E-16,4.07795417676817E-18,
-1.));
#1706=DIRECTION('ref_axis',(-0.999540757725493,0.0303030303030297,1.34572487833352E-16));
#1707=DIRECTION('',(0.,0.,-1.));
#1708=DIRECTION('center_axis',(-1.,2.91937180067669E-45,-1.97215226305253E-30));
#1709=DIRECTION('ref_axis',(-1.97215226305253E-30,-1.33226762955019E-15,
1.));
#1710=DIRECTION('',(1.48029736616687E-15,1.,0.));
#1711=DIRECTION('',(0.,0.,-1.));
#1712=DIRECTION('center_axis',(0.,0.,-1.));
#1713=DIRECTION('ref_axis',(0.,1.,0.));
#1714=DIRECTION('center_axis',(-1.59192719788769E-32,3.88454233631558E-31,
-1.));
#1715=DIRECTION('ref_axis',(0.,1.,3.88454233631558E-31));
#1716=DIRECTION('',(0.,0.,1.));
#1717=DIRECTION('center_axis',(0.,0.,-1.));
#1718=DIRECTION('ref_axis',(1.,0.,0.));
#1719=DIRECTION('',(-1.15471772080339E-6,0.999999999999333,0.));
#1720=DIRECTION('center_axis',(0.,0.,1.));
#1721=DIRECTION('ref_axis',(-0.00022998056158587,0.99999997355447,0.));
#1722=DIRECTION('',(-0.999999999995232,-3.08819483570848E-6,0.));
#1723=DIRECTION('center_axis',(0.,0.,1.));
#1724=DIRECTION('ref_axis',(-0.726633991395633,0.687024775789382,0.));
#1725=DIRECTION('',(-0.70296719742258,-0.711222271408766,0.));
#1726=DIRECTION('center_axis',(0.,0.,-1.));
#1727=DIRECTION('ref_axis',(0.770101293296894,-0.637921623761455,0.));
#1728=DIRECTION('',(-0.999999997501783,-7.06854536966812E-5,0.));
#1729=DIRECTION('center_axis',(0.,0.,-1.));
#1730=DIRECTION('ref_axis',(-7.02737647758753E-5,-0.999999997530799,0.));
#1731=DIRECTION('',(-0.69529157452807,0.718727783232482,0.));
#1732=DIRECTION('center_axis',(0.,0.,1.));
#1733=DIRECTION('ref_axis',(-9.2741382486149E-5,0.999999995699518,0.));
#1734=DIRECTION('',(-0.999999953830157,-0.000303874454941489,0.));
#1735=DIRECTION('center_axis',(0.,0.,1.));
#1736=DIRECTION('ref_axis',(-0.999999995748604,9.22105834473375E-5,0.));
#1737=DIRECTION('',(-1.15006644486066E-6,-0.999999999999339,0.));
#1738=DIRECTION('',(1.,0.,0.));
#1739=DIRECTION('center_axis',(0.,0.,-1.));
#1740=DIRECTION('ref_axis',(8.46545056276682E-16,-1.,0.));
#1741=DIRECTION('center_axis',(0.,0.,-1.));
#1742=DIRECTION('ref_axis',(8.46545056276682E-16,-1.,-1.11022302462516E-15));
#1743=DIRECTION('center_axis',(0.,0.,-1.));
#1744=DIRECTION('ref_axis',(8.46545056276682E-16,-1.,-1.11022302462516E-15));
#1745=DIRECTION('center_axis',(0.,0.,-1.));
#1746=DIRECTION('ref_axis',(8.46545056276682E-16,-1.,0.));
#1747=DIRECTION('center_axis',(0.,0.,-1.));
#1748=DIRECTION('ref_axis',(1.,0.,0.));
#1749=DIRECTION('center_axis',(0.,0.,1.));
#1750=DIRECTION('ref_axis',(8.46545056276682E-16,-1.,0.));
#1751=DIRECTION('center_axis',(0.,0.,-1.));
#1752=DIRECTION('ref_axis',(1.,0.,0.));
#1753=DIRECTION('center_axis',(0.,0.,1.));
#1754=DIRECTION('ref_axis',(8.46545056276682E-16,-1.,0.));
#1755=DIRECTION('center_axis',(0.,0.,-1.));
#1756=DIRECTION('ref_axis',(1.,0.,0.));
#1757=DIRECTION('center_axis',(0.,0.,1.));
#1758=DIRECTION('ref_axis',(8.46545056276682E-16,-1.,-1.11022302462516E-15));
#1759=DIRECTION('center_axis',(0.,0.,-1.));
#1760=DIRECTION('ref_axis',(1.,0.,0.));
#1761=DIRECTION('center_axis',(0.,0.,1.));
#1762=DIRECTION('ref_axis',(8.46545056276682E-16,-1.,-1.11022302462516E-15));
#1763=DIRECTION('center_axis',(0.,0.,-1.));
#1764=DIRECTION('ref_axis',(1.,5.2245789394125E-16,0.));
#1765=DIRECTION('',(0.,0.,-1.));
#1766=DIRECTION('center_axis',(0.,0.,-1.));
#1767=DIRECTION('ref_axis',(1.,5.2245789394125E-16,0.));
#1768=DIRECTION('center_axis',(-1.64010219546898E-15,0.,-1.));
#1769=DIRECTION('ref_axis',(0.707106781186548,-0.707106781186547,0.));
#1770=DIRECTION('center_axis',(-9.68655004003787E-16,1.,0.));
#1771=DIRECTION('ref_axis',(1.,9.68655004003787E-16,1.16504167906033E-31));
#1772=DIRECTION('',(1.,9.68655004003787E-16,1.16504167906033E-31));
#1773=DIRECTION('',(1.,8.07434927000114E-16,0.));
#1774=DIRECTION('',(0.,0.,1.));
#1775=DIRECTION('',(-1.,-8.07434927000114E-16,0.));
#1776=DIRECTION('center_axis',(-1.,0.,0.));
#1777=DIRECTION('ref_axis',(0.,1.,0.));
#1778=DIRECTION('',(0.,1.,0.));
#1779=DIRECTION('',(-5.22457893941249E-16,0.,-1.));
#1780=DIRECTION('',(0.,-1.,0.));
#1781=DIRECTION('',(0.,0.,-1.));
#1782=DIRECTION('center_axis',(0.,0.,-1.));
#1783=DIRECTION('ref_axis',(-1.0449157878825E-15,-1.,0.));
#1784=DIRECTION('center_axis',(-3.85452645972477E-31,-2.61228946970625E-16,
-1.));
#1785=DIRECTION('ref_axis',(-1.0449157878825E-15,-1.,2.61228946970625E-16));
#1786=DIRECTION('',(0.,0.,-1.));
#1787=DIRECTION('center_axis',(-1.64010219546898E-15,0.,-1.));
#1788=DIRECTION('ref_axis',(-0.707106781186547,-0.707106781186548,3.694335196903E-16));
#1789=DIRECTION('center_axis',(0.,-1.,0.));
#1790=DIRECTION('ref_axis',(-1.,0.,3.12738880176101E-17));
#1791=DIRECTION('',(-1.,0.,3.12738880176101E-17));
#1792=DIRECTION('',(-1.,0.,1.64010219546898E-15));
#1793=DIRECTION('center_axis',(0.,0.,-1.));
#1794=DIRECTION('ref_axis',(1.,0.,0.));
#1795=DIRECTION('center_axis',(-1.,0.,0.));
#1796=DIRECTION('ref_axis',(0.,1.,0.));
#1797=DIRECTION('',(0.,0.,-1.));
#1798=DIRECTION('',(0.,-1.,-1.11022302462515E-15));
#1799=DIRECTION('',(0.,-1.,0.));
#1800=DIRECTION('',(0.,0.,-1.));
#1801=DIRECTION('center_axis',(0.,-1.,0.));
#1802=DIRECTION('ref_axis',(-1.,0.,0.));
#1803=DIRECTION('',(0.,0.,-1.));
#1804=DIRECTION('',(1.,0.,-1.60982338570647E-15));
#1805=DIRECTION('center_axis',(1.,0.,0.));
#1806=DIRECTION('ref_axis',(0.,-1.,0.));
#1807=DIRECTION('',(0.,0.,-1.));
#1808=DIRECTION('',(0.,1.,0.));
#1809=DIRECTION('',(0.,1.,1.11022302462515E-15));
#1810=DIRECTION('center_axis',(0.,1.,0.));
#1811=DIRECTION('ref_axis',(1.,0.,0.));
#1812=DIRECTION('',(-1.,0.,0.));
#1813=DIRECTION('center_axis',(-1.,0.,0.));
#1814=DIRECTION('ref_axis',(0.,1.,0.));
#1815=DIRECTION('',(0.,0.,-1.));
#1816=DIRECTION('',(0.,-1.,-1.11022302462515E-15));
#1817=DIRECTION('',(0.,-1.,0.));
#1818=DIRECTION('',(0.,0.,-1.));
#1819=DIRECTION('center_axis',(0.,-1.,0.));
#1820=DIRECTION('ref_axis',(-1.,0.,0.));
#1821=DIRECTION('',(0.,0.,-1.));
#1822=DIRECTION('',(1.,0.,-1.60982338570647E-15));
#1823=DIRECTION('center_axis',(1.,0.,0.));
#1824=DIRECTION('ref_axis',(0.,-1.,0.));
#1825=DIRECTION('',(0.,0.,-1.));
#1826=DIRECTION('',(0.,1.,0.));
#1827=DIRECTION('',(0.,1.,1.11022302462515E-15));
#1828=DIRECTION('center_axis',(0.,1.,0.));
#1829=DIRECTION('ref_axis',(1.,0.,0.));
#1830=DIRECTION('',(-1.,0.,0.));
#1831=DIRECTION('center_axis',(-1.,0.,0.));
#1832=DIRECTION('ref_axis',(0.,1.,0.));
#1833=DIRECTION('',(0.,0.,-1.));
#1834=DIRECTION('',(0.,-1.,-1.11022302462515E-15));
#1835=DIRECTION('',(0.,-1.,0.));
#1836=DIRECTION('',(0.,0.,-1.));
#1837=DIRECTION('center_axis',(0.,-1.,0.));
#1838=DIRECTION('ref_axis',(-1.,0.,0.));
#1839=DIRECTION('',(0.,0.,-1.));
#1840=DIRECTION('',(1.,0.,-1.60982338570647E-15));
#1841=DIRECTION('center_axis',(1.,0.,0.));
#1842=DIRECTION('ref_axis',(0.,-1.,0.));
#1843=DIRECTION('',(0.,0.,-1.));
#1844=DIRECTION('',(0.,1.,0.));
#1845=DIRECTION('',(0.,1.,1.11022302462515E-15));
#1846=DIRECTION('center_axis',(0.,1.,0.));
#1847=DIRECTION('ref_axis',(1.,0.,0.));
#1848=DIRECTION('',(-1.,0.,0.));
#1849=DIRECTION('center_axis',(-1.60982338570647E-15,1.11022302462515E-15,
-1.));
#1850=DIRECTION('ref_axis',(-1.,-8.88178419700124E-16,1.60982338570647E-15));
#1851=DIRECTION('',(1.15006644486066E-6,0.999999999999339,1.52972106247855E-47));
#1852=DIRECTION('center_axis',(4.21866905160234E-39,4.5750377841134E-35,
-1.));
#1853=DIRECTION('ref_axis',(-0.999999995748604,9.22105834473375E-5,-7.21256040163572E-55));
#1854=DIRECTION('',(0.999999953830157,0.000303874454941489,1.76440672773945E-47));
#1855=DIRECTION('center_axis',(-3.63523019879043E-32,-3.37136275741071E-36,
-1.));
#1856=DIRECTION('ref_axis',(-9.2741382486149E-5,0.999999995699518,-3.84849712024649E-52));
#1857=DIRECTION('',(0.69529157452807,-0.718727783232482,0.));
#1858=DIRECTION('center_axis',(8.58751053939243E-32,4.84657368173092E-32,
-1.));
#1859=DIRECTION('ref_axis',(-7.02737647758753E-5,-0.999999997530799,-4.84717714645941E-32));
#1860=DIRECTION('',(0.999999997501783,7.06854536966812E-5,7.26855412074569E-34));
#1861=DIRECTION('',(0.999999997501783,7.06854536966812E-5,7.26855412074569E-34));
#1862=DIRECTION('center_axis',(1.97164117977185E-31,-1.97266321391911E-31,
-1.));
#1863=DIRECTION('ref_axis',(0.770101293296894,-0.637921623761455,2.77676794301748E-31));
#1864=DIRECTION('',(0.70296719742258,0.711222271408766,-1.54935595557865E-32));
#1865=DIRECTION('center_axis',(0.,0.,-1.));
#1866=DIRECTION('ref_axis',(-0.726633991395633,0.687024775789382,0.));
#1867=DIRECTION('',(0.999999999995232,3.08819483570848E-6,0.));
#1868=DIRECTION('',(0.999999999995232,3.08819483570848E-6,0.));
#1869=DIRECTION('',(0.999999999995232,3.08819483570848E-6,0.));
#1870=DIRECTION('center_axis',(1.97215177432698E-31,4.53556584586832E-35,
-1.));
#1871=DIRECTION('ref_axis',(-0.00022998056158587,0.99999997355447,-5.90765578305688E-51));
#1872=DIRECTION('',(1.15471772080339E-6,-0.999999999999333,-4.05581039520623E-32));
#1873=DIRECTION('center_axis',(0.,0.,-1.));
#1874=DIRECTION('ref_axis',(1.,0.,0.));
#1875=DIRECTION('',(0.999999997501783,7.06854536966812E-5,7.26855412074569E-34));
#1876=DIRECTION('center_axis',(0.,0.,-1.));
#1877=DIRECTION('ref_axis',(1.,0.,0.));
#1878=DIRECTION('',(0.999999999995232,3.08819483570848E-6,0.));
#1879=DIRECTION('center_axis',(1.,0.,0.));
#1880=DIRECTION('ref_axis',(0.,0.,1.));
#1881=DIRECTION('',(0.,0.,-1.));
#1882=DIRECTION('',(0.,-1.,0.));
#1883=DIRECTION('',(0.,-1.,0.));
#1884=DIRECTION('center_axis',(0.,0.,-1.));
#1885=DIRECTION('ref_axis',(1.,0.,0.));
#1886=DIRECTION('',(-0.999999999995232,-3.08819483570848E-6,0.));
#1887=DIRECTION('',(0.,-1.,0.));
#1888=DIRECTION('',(-0.999999953830157,-0.000303874454941489,0.));
#1889=DIRECTION('center_axis',(0.,0.,1.));
#1890=DIRECTION('ref_axis',(-9.2741382486149E-5,0.999999995699518,0.));
#1891=DIRECTION('',(-0.69529157452807,0.718727783232482,0.));
#1892=DIRECTION('center_axis',(0.,0.,-1.));
#1893=DIRECTION('ref_axis',(-7.02737647758753E-5,-0.999999997530799,0.));
#1894=DIRECTION('',(-0.999999997501783,-7.06854536966812E-5,0.));
#1895=DIRECTION('center_axis',(0.,0.,-1.));
#1896=DIRECTION('ref_axis',(0.770101293296894,-0.637921623761455,0.));
#1897=DIRECTION('',(-0.70296719742258,-0.711222271408766,0.));
#1898=DIRECTION('center_axis',(0.,0.,1.));
#1899=DIRECTION('ref_axis',(-0.726633991395633,0.687024775789382,0.));
#1900=DIRECTION('center_axis',(-1.,0.,0.));
#1901=DIRECTION('ref_axis',(0.,0.,-1.));
#1902=DIRECTION('',(0.,0.,1.));
#1903=DIRECTION('',(0.,-1.,0.));
#1904=DIRECTION('center_axis',(0.,0.,1.));
#1905=DIRECTION('ref_axis',(-1.,0.,0.));
#1906=DIRECTION('',(0.999999999995232,3.08819483570848E-6,0.));
#1907=DIRECTION('center_axis',(0.,0.,-1.));
#1908=DIRECTION('ref_axis',(-0.726633991395633,0.687024775789382,0.));
#1909=DIRECTION('',(0.70296719742258,0.711222271408766,0.));
#1910=DIRECTION('center_axis',(0.,0.,1.));
#1911=DIRECTION('ref_axis',(0.770101293296894,-0.637921623761455,0.));
#1912=DIRECTION('',(0.999999997501783,7.06854536966812E-5,0.));
#1913=DIRECTION('center_axis',(0.,0.,1.));
#1914=DIRECTION('ref_axis',(-7.02737647758753E-5,-0.999999997530799,0.));
#1915=DIRECTION('',(0.69529157452807,-0.718727783232482,0.));
#1916=DIRECTION('center_axis',(0.,0.,-1.));
#1917=DIRECTION('ref_axis',(-9.2741382486149E-5,0.999999995699518,0.));
#1918=DIRECTION('',(0.999999953830157,0.000303874454941489,0.));
#1919=DIRECTION('center_axis',(3.08819483570848E-6,-0.999999999995232,0.));
#1920=DIRECTION('ref_axis',(-0.999999999995232,-3.08819483570848E-6,0.));
#1921=DIRECTION('',(0.,0.,-1.));
#1922=DIRECTION('',(0.,0.,-1.));
#1923=DIRECTION('',(0.999999999995232,3.08819483570848E-6,0.));
#1924=DIRECTION('',(0.,0.,-1.));
#1925=DIRECTION('center_axis',(0.,0.,-1.));
#1926=DIRECTION('ref_axis',(-0.726633991395633,0.687024775789382,0.));
#1927=DIRECTION('',(0.,0.,-1.));
#1928=DIRECTION('center_axis',(0.711222271408766,-0.70296719742258,0.));
#1929=DIRECTION('ref_axis',(-0.70296719742258,-0.711222271408766,1.54935595557865E-32));
#1930=DIRECTION('',(0.,0.,-1.));
#1931=DIRECTION('center_axis',(0.,0.,-1.));
#1932=DIRECTION('ref_axis',(0.770101293296894,-0.637921623761455,0.));
#1933=DIRECTION('',(0.,0.,-1.));
#1934=DIRECTION('center_axis',(7.06854536966813E-5,-0.999999997501783,0.));
#1935=DIRECTION('ref_axis',(-0.999999997501783,-7.06854536966812E-5,-7.26855412074569E-34));
#1936=DIRECTION('',(0.,0.,-1.));
#1937=DIRECTION('center_axis',(0.,0.,-1.));
#1938=DIRECTION('ref_axis',(-7.02737647758753E-5,-0.999999997530799,0.));
#1939=DIRECTION('',(0.,0.,-1.));
#1940=DIRECTION('center_axis',(-0.718727783232482,-0.69529157452807,0.));
#1941=DIRECTION('ref_axis',(-0.69529157452807,0.718727783232482,0.));
#1942=DIRECTION('',(0.,0.,-1.));
#1943=DIRECTION('center_axis',(0.,0.,-1.));
#1944=DIRECTION('ref_axis',(-9.2741382486149E-5,0.999999995699518,0.));
#1945=DIRECTION('',(0.,0.,-1.));
#1946=DIRECTION('center_axis',(0.,0.,-1.));
#1947=DIRECTION('ref_axis',(1.,0.,0.));
#1948=DIRECTION('center_axis',(0.999999999999339,-1.15006644486066E-6,0.));
#1949=DIRECTION('ref_axis',(-1.15006644486066E-6,-0.999999999999339,-1.52972106247855E-47));
#1950=DIRECTION('',(0.,0.,-1.));
#1951=DIRECTION('center_axis',(0.,0.,-1.));
#1952=DIRECTION('ref_axis',(-0.999999995748604,9.22105834473375E-5,0.));
#1953=DIRECTION('',(0.,0.,-1.));
#1954=DIRECTION('center_axis',(0.000303874454941489,-0.999999953830157,
0.));
#1955=DIRECTION('ref_axis',(-0.999999953830157,-0.000303874454941489,-1.76440672773945E-47));
#1956=DIRECTION('',(0.,0.,-1.));
#1957=DIRECTION('center_axis',(0.,0.,-1.));
#1958=DIRECTION('ref_axis',(-9.2741382486149E-5,0.999999995699518,0.));
#1959=DIRECTION('',(0.,0.,-1.));
#1960=DIRECTION('center_axis',(-0.718727783232482,-0.69529157452807,0.));
#1961=DIRECTION('ref_axis',(-0.69529157452807,0.718727783232482,0.));
#1962=DIRECTION('',(0.,0.,-1.));
#1963=DIRECTION('center_axis',(0.,0.,-1.));
#1964=DIRECTION('ref_axis',(-7.02737647758753E-5,-0.999999997530799,0.));
#1965=DIRECTION('',(0.,0.,-1.));
#1966=DIRECTION('center_axis',(7.06854536966813E-5,-0.999999997501783,0.));
#1967=DIRECTION('ref_axis',(-0.999999997501783,-7.06854536966812E-5,-7.26855412074569E-34));
#1968=DIRECTION('',(0.,0.,-1.));
#1969=DIRECTION('center_axis',(0.,0.,-1.));
#1970=DIRECTION('ref_axis',(0.770101293296894,-0.637921623761455,0.));
#1971=DIRECTION('',(0.,0.,-1.));
#1972=DIRECTION('center_axis',(0.711222271408766,-0.70296719742258,0.));
#1973=DIRECTION('ref_axis',(-0.70296719742258,-0.711222271408766,1.54935595557865E-32));
#1974=DIRECTION('',(0.,0.,-1.));
#1975=DIRECTION('center_axis',(0.,0.,-1.));
#1976=DIRECTION('ref_axis',(-0.726633991395633,0.687024775789382,0.));
#1977=DIRECTION('center_axis',(0.,0.,-1.));
#1978=DIRECTION('ref_axis',(-0.00022998056158587,0.99999997355447,0.));
#1979=DIRECTION('',(0.,0.,-1.));
#1980=DIRECTION('center_axis',(-0.999999999999333,-1.15471772080339E-6,
0.));
#1981=DIRECTION('ref_axis',(-1.15471772080339E-6,0.999999999999333,4.05581039520623E-32));
#1982=DIRECTION('center_axis',(1.64010219546898E-15,0.,1.));
#1983=DIRECTION('ref_axis',(-1.,0.,1.64010219546898E-15));
#1984=DIRECTION('',(-1.,0.,1.64010219546898E-15));
#1985=DIRECTION('center_axis',(0.,-1.,0.));
#1986=DIRECTION('ref_axis',(1.,0.,0.));
#1987=DIRECTION('center_axis',(0.,5.71438321498242E-16,-1.));
#1988=DIRECTION('ref_axis',(8.46545056276682E-16,-1.,-5.71438321498242E-16));
#1989=DIRECTION('',(0.,-5.71438321498242E-16,1.));
#1990=DIRECTION('center_axis',(-1.11022302462515E-16,5.82867087928208E-16,
-1.));
#1991=DIRECTION('ref_axis',(8.46545056276682E-16,-1.,-5.82867087928208E-16));
#1992=DIRECTION('center_axis',(0.,5.71438321498242E-16,-1.));
#1993=DIRECTION('ref_axis',(8.46545056276682E-16,-1.,-5.71438321498242E-16));
#1994=DIRECTION('',(0.,-5.71438321498242E-16,1.));
#1995=DIRECTION('center_axis',(-1.11022302462515E-16,5.82867087928208E-16,
-1.));
#1996=DIRECTION('ref_axis',(8.46545056276682E-16,-1.,-5.82867087928208E-16));
#1997=DIRECTION('center_axis',(-1.11022302462515E-16,5.82867087928208E-16,
-1.));
#1998=DIRECTION('ref_axis',(8.46545056276682E-16,-1.,-5.82867087928208E-16));
#1999=DIRECTION('center_axis',(-1.63268091856641E-16,5.71438321498242E-16,
-1.));
#2000=DIRECTION('ref_axis',(8.46545056276682E-16,-1.,-5.71438321498242E-16));
#2001=DIRECTION('',(1.63268091856641E-16,-5.71438321498242E-16,1.));
#2002=DIRECTION('center_axis',(-1.11022302462515E-16,5.82867087928208E-16,
-1.));
#2003=DIRECTION('ref_axis',(8.46545056276682E-16,-1.,-5.82867087928208E-16));
#2004=DIRECTION('center_axis',(-1.63268091856641E-16,5.71438321498242E-16,
-1.));
#2005=DIRECTION('ref_axis',(8.46545056276682E-16,-1.,-5.71438321498242E-16));
#2006=DIRECTION('',(1.63268091856641E-16,-5.71438321498242E-16,1.));
#2007=DIRECTION('center_axis',(-1.11022302462515E-16,5.82867087928208E-16,
-1.));
#2008=DIRECTION('ref_axis',(8.46545056276682E-16,-1.,-5.82867087928208E-16));
#2009=DIRECTION('center_axis',(-1.11022302462515E-16,5.82867087928208E-16,
-1.));
#2010=DIRECTION('ref_axis',(8.46545056276682E-16,-1.,-5.82867087928208E-16));
#2011=DIRECTION('center_axis',(-1.63268091856641E-16,6.53072367426563E-16,
-1.));
#2012=DIRECTION('ref_axis',(8.46545056276682E-16,-1.,-6.53072367426563E-16));
#2013=DIRECTION('',(1.63268091856641E-16,-6.53072367426563E-16,1.));
#2014=DIRECTION('center_axis',(-1.11022302462515E-16,5.82867087928208E-16,
-1.));
#2015=DIRECTION('ref_axis',(8.46545056276682E-16,-1.,-5.82867087928208E-16));
#2016=DIRECTION('center_axis',(-1.63268091856641E-16,6.53072367426563E-16,
-1.));
#2017=DIRECTION('ref_axis',(8.46545056276682E-16,-1.,-6.53072367426563E-16));
#2018=DIRECTION('',(1.63268091856641E-16,-6.53072367426563E-16,1.));
#2019=DIRECTION('center_axis',(-1.11022302462515E-16,5.82867087928208E-16,
-1.));
#2020=DIRECTION('ref_axis',(8.46545056276682E-16,-1.,-5.82867087928208E-16));
#2021=DIRECTION('center_axis',(-1.11022302462515E-16,5.82867087928208E-16,
-1.));
#2022=DIRECTION('ref_axis',(8.46545056276682E-16,-1.,-5.82867087928208E-16));
#2023=DIRECTION('center_axis',(0.,6.53072367426563E-16,-1.));
#2024=DIRECTION('ref_axis',(8.46545056276682E-16,-1.,-6.53072367426563E-16));
#2025=DIRECTION('',(0.,-6.53072367426563E-16,1.));
#2026=DIRECTION('center_axis',(-1.11022302462515E-16,5.82867087928208E-16,
-1.));
#2027=DIRECTION('ref_axis',(8.46545056276682E-16,-1.,-5.82867087928208E-16));
#2028=DIRECTION('center_axis',(0.,6.53072367426563E-16,-1.));
#2029=DIRECTION('ref_axis',(8.46545056276682E-16,-1.,-6.53072367426563E-16));
#2030=DIRECTION('',(0.,-6.53072367426563E-16,1.));
#2031=DIRECTION('center_axis',(-1.11022302462515E-16,5.82867087928208E-16,
-1.));
#2032=DIRECTION('ref_axis',(8.46545056276682E-16,-1.,-5.82867087928208E-16));
#2033=DIRECTION('center_axis',(-1.11022302462515E-16,5.82867087928208E-16,
-1.));
#2034=DIRECTION('ref_axis',(8.46545056276682E-16,-1.,-5.82867087928208E-16));
#2035=CARTESIAN_POINT('',(0.,0.,0.));
#2036=CARTESIAN_POINT('Origin',(68.729381037541,23.9886482291695,-19.3000000000001));
#2037=CARTESIAN_POINT('',(112.668635260225,46.9886482291695,-19.3000000000001));
#2038=CARTESIAN_POINT('',(112.729381037541,45.98864822917,-19.3000000000001));
#2039=CARTESIAN_POINT('Origin',(96.2369585350704,45.4886482291695,-19.3000000000001));
#2040=CARTESIAN_POINT('',(108.729381037541,46.9886482291695,-19.3000000000001));
#2041=CARTESIAN_POINT('',(88.729381037541,46.9886482291695,-19.3000000000001));
#2042=CARTESIAN_POINT('',(108.729381037541,-5.00035177083056,-19.3000000000001));
#2043=CARTESIAN_POINT('',(108.729381037541,41.9886482291695,-19.3000000000001));
#2044=CARTESIAN_POINT('',(112.729381037541,-5.00035177083055,-19.3000000000001));
#2045=CARTESIAN_POINT('',(90.729381037541,-5.00035177083055,-19.3000000000001));
#2046=CARTESIAN_POINT('',(112.729381037541,34.9886482291695,-19.3000000000001));
#2047=CARTESIAN_POINT('Origin',(28.7293810375411,40.9886482291695,-19.3000000000001));
#2048=CARTESIAN_POINT('',(24.729381037541,45.9886482291694,-19.3000000000001));
#2049=CARTESIAN_POINT('',(24.7901268148567,46.9886482291695,-19.3000000000001));
#2050=CARTESIAN_POINT('Origin',(41.2218035400117,45.4886482291695,-19.3000000000001));
#2051=CARTESIAN_POINT('',(24.729381037541,-5.00035177083062,-19.3000000000001));
#2052=CARTESIAN_POINT('',(24.729381037541,17.2441482291695,-19.3000000000001));
#2053=CARTESIAN_POINT('',(28.729381037541,-5.00035177083062,-19.3000000000001));
#2054=CARTESIAN_POINT('',(90.729381037541,-5.00035177083055,-19.3000000000001));
#2055=CARTESIAN_POINT('',(28.729381037541,46.9886482291695,-19.3000000000001));
#2056=CARTESIAN_POINT('',(28.729381037541,40.9886482291694,-19.3000000000001));
#2057=CARTESIAN_POINT('',(88.729381037541,46.9886482291695,-19.3000000000001));
#2058=CARTESIAN_POINT('Origin',(112.729381037541,45.9886482291696,-18.9117898398051));
#2059=CARTESIAN_POINT('',(112.729381037541,-5.00035177083059,15.6999999999998));
#2060=CARTESIAN_POINT('',(112.729381037541,-5.00035177083059,-18.3000000000001));
#2061=CARTESIAN_POINT('',(112.729381037541,-6.50035177083059,15.6999999999998));
#2062=CARTESIAN_POINT('',(112.729381037541,-5.00035177083059,15.6999999999998));
#2063=CARTESIAN_POINT('',(112.729381037541,-6.50035177083056,-23.9117898398052));
#2064=CARTESIAN_POINT('',(112.729381037541,-6.50035177083059,-9.8000000000001));
#2065=CARTESIAN_POINT('',(112.729381037541,45.9886482291696,-23.9117898398052));
#2066=CARTESIAN_POINT('',(112.729381037541,-5.00035177083055,-23.9117898398052));
#2067=CARTESIAN_POINT('',(112.729381037541,45.9886482291696,-18.9117898398052));
#2068=CARTESIAN_POINT('Origin',(112.729381037541,45.9886482291695,11.6999999999999));
#2069=CARTESIAN_POINT('',(28.729381037541,45.9886482291694,11.7));
#2070=CARTESIAN_POINT('',(28.729381037541,45.9886482291694,-18.9117898398052));
#2071=CARTESIAN_POINT('',(28.7293810375411,45.9886482291694,11.6999999999999));
#2072=CARTESIAN_POINT('',(33.5346896906521,45.9886482291695,-18.9117898398052));
#2073=CARTESIAN_POINT('',(51.1320353640966,45.9886482291695,-18.9117898398052));
#2074=CARTESIAN_POINT('',(33.5346896906521,45.9886482291695,11.6999999999999));
#2075=CARTESIAN_POINT('',(33.5346896906521,45.9886482291695,11.6999999999999));
#2076=CARTESIAN_POINT('',(71.0426313377813,45.9886482291695,11.6999999999999));
#2077=CARTESIAN_POINT('Origin',(24.729381037541,45.9886482291694,15.7));
#2078=CARTESIAN_POINT('',(24.7901268148567,46.9886482291694,15.7));
#2079=CARTESIAN_POINT('',(112.668635260225,46.9886482291695,15.6999999999998));
#2080=CARTESIAN_POINT('',(27.0426313377813,46.9886482291694,15.7));
#2081=CARTESIAN_POINT('',(96.2369585350704,61.9886482291695,15.6999999999999));
#2082=CARTESIAN_POINT('Origin',(96.2369585350704,45.4886482291695,15.7));
#2083=CARTESIAN_POINT('',(41.2218035400117,61.9886482291694,15.7));
#2084=CARTESIAN_POINT('',(88.729381037541,61.9886482291695,15.6999999999999));
#2085=CARTESIAN_POINT('Origin',(41.2218035400117,45.4886482291694,15.7));
#2086=CARTESIAN_POINT('',(46.0000012665987,48.5282983413406,15.7));
#2087=CARTESIAN_POINT('',(46.0000012665987,56.000000834465,15.7));
#2088=CARTESIAN_POINT('',(46.0000012665987,47.258473285255,15.6999999999999));
#2089=CARTESIAN_POINT('',(53.2674847498206,56.000000834465,15.7));
#2090=CARTESIAN_POINT('',(35.3646911520699,56.000000834465,15.7));
#2091=CARTESIAN_POINT('',(53.2674847498206,48.5282983413406,15.7));
#2092=CARTESIAN_POINT('',(53.2674847498206,50.9943245318172,15.6999999999999));
#2093=CARTESIAN_POINT('',(38.9984328936808,48.5282983413406,15.7));
#2094=CARTESIAN_POINT('',(65.5000012665987,48.5282983413406,15.6999999999999));
#2095=CARTESIAN_POINT('',(65.5000012665987,56.000000834465,15.6999999999999));
#2096=CARTESIAN_POINT('',(65.5000012665987,47.258473285255,15.6999999999999));
#2097=CARTESIAN_POINT('',(72.7674847498206,56.000000834465,15.6999999999999));
#2098=CARTESIAN_POINT('',(45.1146911520699,56.000000834465,15.7));
#2099=CARTESIAN_POINT('',(72.7674847498206,48.5282983413406,15.6999999999999));
#2100=CARTESIAN_POINT('',(72.7674847498206,50.9943245318172,15.6999999999999));
#2101=CARTESIAN_POINT('',(48.7484328936808,48.5282983413406,15.6999999999999));
#2102=CARTESIAN_POINT('',(85.0000012665987,48.5282983413406,15.6999999999999));
#2103=CARTESIAN_POINT('',(85.0000012665987,56.000000834465,15.6999999999999));
#2104=CARTESIAN_POINT('',(85.0000012665987,47.258473285255,15.6999999999999));
#2105=CARTESIAN_POINT('',(92.2674847498206,56.000000834465,15.6999999999999));
#2106=CARTESIAN_POINT('',(54.8646911520699,56.000000834465,15.6999999999999));
#2107=CARTESIAN_POINT('',(92.2674847498206,48.5282983413406,15.6999999999999));
#2108=CARTESIAN_POINT('',(92.2674847498206,50.9943245318172,15.6999999999999));
#2109=CARTESIAN_POINT('',(58.4984328936808,48.5282983413406,15.6999999999999));
#2110=CARTESIAN_POINT('Origin',(112.729381037541,45.9886482291695,11.6999999999999));
#2111=CARTESIAN_POINT('',(108.729381037541,45.9886482291695,-18.9117898398052));
#2112=CARTESIAN_POINT('',(108.729381037541,45.9886482291695,11.6999999999999));
#2113=CARTESIAN_POINT('',(108.729381037541,45.9886482291695,11.6999999999999));
#2114=CARTESIAN_POINT('',(102.581038163803,45.9886482291695,11.6999999999999));
#2115=CARTESIAN_POINT('',(71.0426313377813,45.9886482291695,11.7));
#2116=CARTESIAN_POINT('',(102.581038163803,45.9886482291695,-18.9117898398052));
#2117=CARTESIAN_POINT('',(102.581038163803,45.9886482291695,11.6999999999999));
#2118=CARTESIAN_POINT('',(90.729381037541,45.9886482291695,-18.9117898398052));
#2119=CARTESIAN_POINT('Origin',(108.729381037541,40.9886482291695,11.6999999999998));
#2120=CARTESIAN_POINT('',(108.729381037541,46.9886482291695,11.6999999999999));
#2121=CARTESIAN_POINT('',(108.729381037541,40.9886482291695,11.6999999999999));
#2122=CARTESIAN_POINT('',(102.581037009085,46.9886482291695,11.6999999999999));
#2123=CARTESIAN_POINT('',(29.3558816380215,46.9886482291694,11.7));
#2124=CARTESIAN_POINT('',(102.581033192127,50.2941814317746,11.6999999999999));
#2125=CARTESIAN_POINT('Origin',(28.7293810375411,40.9886482291694,11.7));
#2126=CARTESIAN_POINT('',(28.729381037541,46.9886482291694,11.7));
#2127=CARTESIAN_POINT('',(28.729381037541,40.9886482291694,11.7));
#2128=CARTESIAN_POINT('',(28.729381037541,46.9886482291694,11.6999999999999));
#2129=CARTESIAN_POINT('',(28.729381037541,-5.00035177083062,-18.9117898398052));
#2130=CARTESIAN_POINT('',(28.729381037541,-5.00035177083062,-18.3000000000001));
#2131=CARTESIAN_POINT('',(28.7293810375411,32.2413982291694,-18.9117898398052));
#2132=CARTESIAN_POINT('Origin',(108.729381037541,46.9886482291695,11.6999999999999));
#2133=CARTESIAN_POINT('',(24.7901268148567,46.9886482291695,-18.9117898398052));
#2134=CARTESIAN_POINT('',(33.5346908407186,46.9886482291694,11.6999999999999));
#2135=CARTESIAN_POINT('',(88.729381037541,46.9886482291695,11.6999999999999));
#2136=CARTESIAN_POINT('',(71.0426313377813,46.9886482291695,11.6999999999999));
#2137=CARTESIAN_POINT('',(108.729381037541,46.9886482291695,11.6999999999999));
#2138=CARTESIAN_POINT('',(112.668635260225,46.9886482291695,-18.9117898398052));
#2139=CARTESIAN_POINT('Origin',(29.3558816380215,40.9886482291694,11.7));
#2140=CARTESIAN_POINT('',(33.5346693395226,28.2930362679875,11.6999999999999));
#2141=CARTESIAN_POINT('Origin',(41.2218035400117,45.4886482291695,-18.9117898398052));
#2142=CARTESIAN_POINT('',(41.2218035400117,61.9886482291695,6.64939170979749));
#2143=CARTESIAN_POINT('',(41.2218035400117,61.9886482291694,11.6999999999999));
#2144=CARTESIAN_POINT('',(41.2218035400117,61.9886482291695,0.56709502972353));
#2145=CARTESIAN_POINT('',(41.2218035400117,61.9886482291695,11.6999999999999));
#2146=CARTESIAN_POINT('',(41.2218035400117,61.9886482291695,-23.9117898398052));
#2147=CARTESIAN_POINT('',(41.2218035400117,61.9886482291695,11.6999999999999));
#2148=CARTESIAN_POINT('',(24.729381037541,45.9886482291695,-23.9117898398052));
#2149=CARTESIAN_POINT('Origin',(41.2218035400117,45.4886482291695,-23.9117898398052));
#2150=CARTESIAN_POINT('',(24.729381037541,45.9886482291695,-18.9117898398052));
#2151=CARTESIAN_POINT('Origin',(108.729381037541,40.9886482291695,-18.3000000000001));
#2152=CARTESIAN_POINT('',(108.729381037541,-5.00035177083055,-18.9117898398052));
#2153=CARTESIAN_POINT('',(108.729381037541,14.7413982291694,-18.9117898398052));
#2154=CARTESIAN_POINT('',(108.729381037541,-5.00035177083055,11.6999999999999));
#2155=CARTESIAN_POINT('Origin',(96.2369585350704,45.4886482291695,-18.9117898398052));
#2156=CARTESIAN_POINT('',(96.2369585350704,61.9886482291696,-23.9117898398052));
#2157=CARTESIAN_POINT('Origin',(96.2369585350704,45.4886482291695,-23.9117898398052));
#2158=CARTESIAN_POINT('',(96.2369585350704,61.9886482291695,11.6999999999999));
#2159=CARTESIAN_POINT('Origin',(68.729381037541,23.4941482291695,-18.9117898398052));
#2160=CARTESIAN_POINT('',(102.581033192127,50.2941814317746,-18.9117898398052));
#2161=CARTESIAN_POINT('',(102.581051151179,34.7414177737387,-18.9117898398052));
#2162=CARTESIAN_POINT('',(98.0557537533536,54.8173808957783,-18.9117898398052));
#2163=CARTESIAN_POINT('Origin',(98.0567942403955,50.2931419462529,-18.9117898398052));
#2164=CARTESIAN_POINT('',(56.9326741876351,54.8172538996964,-18.9117898398052));
#2165=CARTESIAN_POINT('',(83.3925190294645,54.8173356128526,-18.9117898398052));
#2166=CARTESIAN_POINT('',(55.3555929948547,54.1378640192461,-18.9117898398052));
#2167=CARTESIAN_POINT('Origin',(56.9329312388625,52.6465073441309,-18.9117898398052));
#2168=CARTESIAN_POINT('',(53.794179857769,52.5581149185237,-18.9117898398052));
#2169=CARTESIAN_POINT('',(50.9996009230908,49.7307187258702,-18.9117898398052));
#2170=CARTESIAN_POINT('',(53.6987051487387,52.5132406960488,-18.9117898398052));
#2171=CARTESIAN_POINT('Origin',(53.6987372623655,52.637175810858,-18.9117898398052));
#2172=CARTESIAN_POINT('',(45.4338499267351,52.5126564910062,-18.9117898398052));
#2173=CARTESIAN_POINT('',(61.2130174417341,52.5137718486238,-18.9117898398052));
#2174=CARTESIAN_POINT('',(45.3259263876555,52.5756773793548,-18.9117898398052));
#2175=CARTESIAN_POINT('Origin',(45.4338586361225,52.6365916096699,-18.9117898398052));
#2176=CARTESIAN_POINT('',(43.8372836235022,54.1144978585634,-18.9117898398052));
#2177=CARTESIAN_POINT('',(58.2492857875681,39.2167100141594,-18.9117898398052));
#2178=CARTESIAN_POINT('',(42.2370301668024,54.8184984935029,-18.9117898398052));
#2179=CARTESIAN_POINT('Origin',(42.2372314433385,52.6481994333379,-18.9117898398052));
#2180=CARTESIAN_POINT('',(38.0576324243508,54.8172284812333,-18.9117898398052));
#2181=CARTESIAN_POINT('',(55.4784450443123,54.8225222214172,-18.9117898398052));
#2182=CARTESIAN_POINT('',(33.5346946421796,50.294075578336,-18.9117898398052));
#2183=CARTESIAN_POINT('Origin',(38.0582646900485,50.2936584573009,-18.9117898398052));
#2184=CARTESIAN_POINT('',(33.5346792313543,36.8941321418844,-18.9117898398052));
#2185=CARTESIAN_POINT('',(46.729381037541,-5.00035177083059,-18.9117898398052));
#2186=CARTESIAN_POINT('',(31.229381037541,41.8886482291694,-18.9117898398052));
#2187=CARTESIAN_POINT('Origin',(31.229381037541,39.4886482291694,-18.9117898398052));
#2188=CARTESIAN_POINT('',(106.229381037541,10.8886482291695,-18.9117898398052));
#2189=CARTESIAN_POINT('Origin',(106.229381037541,8.48864822916949,-18.9117898398052));
#2190=CARTESIAN_POINT('',(31.229381037541,10.8886482291694,-18.9117898398052));
#2191=CARTESIAN_POINT('Origin',(31.229381037541,8.48864822916943,-18.9117898398052));
#2192=CARTESIAN_POINT('',(106.229381037541,41.8886482291695,-18.9117898398052));
#2193=CARTESIAN_POINT('Origin',(106.229381037541,39.4886482291695,-18.9117898398052));
#2194=CARTESIAN_POINT('Origin',(68.729381037541,23.4941482291695,-18.9117898398052));
#2195=CARTESIAN_POINT('',(106.229381037541,40.9886482291695,-18.9117898398052));
#2196=CARTESIAN_POINT('Origin',(106.229381037541,39.4886482291695,-18.9117898398052));
#2197=CARTESIAN_POINT('Origin',(68.729381037541,23.4941482291695,-18.9117898398052));
#2198=CARTESIAN_POINT('',(31.229381037541,40.9886482291694,-18.9117898398052));
#2199=CARTESIAN_POINT('Origin',(31.229381037541,39.4886482291694,-18.9117898398052));
#2200=CARTESIAN_POINT('Origin',(68.729381037541,23.4941482291695,-18.9117898398052));
#2201=CARTESIAN_POINT('',(31.229381037541,9.98864822916943,-18.9117898398052));
#2202=CARTESIAN_POINT('Origin',(31.229381037541,8.48864822916943,-18.9117898398052));
#2203=CARTESIAN_POINT('Origin',(68.729381037541,23.4941482291695,-18.9117898398052));
#2204=CARTESIAN_POINT('',(106.229381037541,9.9886482291695,-18.9117898398052));
#2205=CARTESIAN_POINT('Origin',(106.229381037541,8.48864822916949,-18.9117898398052));
#2206=CARTESIAN_POINT('Origin',(104.229381037541,-6.50035177083056,-18.9117898398052));
#2207=CARTESIAN_POINT('',(104.229381037541,-15.0003517708306,15.6999999999998));
#2208=CARTESIAN_POINT('',(104.229381037541,-15.0003517708306,-23.9117898398052));
#2209=CARTESIAN_POINT('',(104.229381037541,-15.0003517708306,-9.8000000000001));
#2210=CARTESIAN_POINT('Origin',(104.229381037541,-6.50035177083056,-23.9117898398052));
#2211=CARTESIAN_POINT('Origin',(104.229381037541,-6.50035177083059,15.6999999999998));
#2212=CARTESIAN_POINT('Origin',(41.2218035400117,61.9886482291695,-18.9117898398052));
#2213=CARTESIAN_POINT('',(41.2218035400117,61.9886482291695,-23.9117898398052));
#2214=CARTESIAN_POINT('',(57.0000008493662,61.9886482291695,0.56709502972353));
#2215=CARTESIAN_POINT('',(32.9755922887764,61.9886482291695,0.56709502972353));
#2216=CARTESIAN_POINT('',(57.0000008493662,61.9886482291695,6.64939170979749));
#2217=CARTESIAN_POINT('',(57.0000008493662,61.9886482291695,6.13354751486172));
#2218=CARTESIAN_POINT('',(40.8646909434536,61.9886482291695,6.64939170979749));
#2219=CARTESIAN_POINT('Origin',(24.729381037541,-6.50035177083055,-18.9117898398052));
#2220=CARTESIAN_POINT('',(24.729381037541,-6.50035177083055,-23.9117898398052));
#2221=CARTESIAN_POINT('',(24.729381037541,-6.50035177083055,-23.9117898398052));
#2222=CARTESIAN_POINT('',(24.729381037541,-6.50035177083059,15.6999999999999));
#2223=CARTESIAN_POINT('',(24.729381037541,-6.50035177083059,7.19999999999994));
#2224=CARTESIAN_POINT('',(24.729381037541,-5.00035177083059,15.6999999999999));
#2225=CARTESIAN_POINT('',(24.729381037541,-5.00035177083059,15.6999999999999));
#2226=CARTESIAN_POINT('',(24.729381037541,-5.00035177083062,-3.60589491990264));
#2227=CARTESIAN_POINT('Origin',(33.229381037541,-6.50035177083055,-18.9117898398052));
#2228=CARTESIAN_POINT('',(33.229381037541,-15.0003517708306,-23.9117898398052));
#2229=CARTESIAN_POINT('Origin',(33.229381037541,-6.50035177083055,-23.9117898398052));
#2230=CARTESIAN_POINT('',(33.229381037541,-15.0003517708306,15.6999999999999));
#2231=CARTESIAN_POINT('',(33.229381037541,-15.0003517708306,-18.9117898398052));
#2232=CARTESIAN_POINT('Origin',(33.229381037541,-6.50035177083059,15.6999999999998));
#2233=CARTESIAN_POINT('Origin',(104.229381037541,-15.0003517708306,-18.9117898398052));
#2234=CARTESIAN_POINT('',(104.229381037541,-15.0003517708306,-23.9117898398052));
#2235=CARTESIAN_POINT('',(112.729381037541,-15.0003517708306,15.6999999999998));
#2236=CARTESIAN_POINT('Origin',(68.729381037541,23.4941482291695,-23.9117898398052));
#2237=CARTESIAN_POINT('Origin',(46.0000012665987,48.5282983413406,15.7));
#2238=CARTESIAN_POINT('',(46.0000012665987,48.5282983413406,11.7));
#2239=CARTESIAN_POINT('',(46.0000012665987,48.5282983413406,15.7));
#2240=CARTESIAN_POINT('',(46.0000012665987,52.5126965096707,11.6999999999999));
#2241=CARTESIAN_POINT('',(46.0000012665987,47.2584732852551,11.6999999999999));
#2242=CARTESIAN_POINT('',(46.0000012665987,56.000000834465,11.7));
#2243=CARTESIAN_POINT('',(46.0000012665987,51.2584732852551,11.6999999999999));
#2244=CARTESIAN_POINT('',(46.0000012665987,56.000000834465,15.7));
#2245=CARTESIAN_POINT('Origin',(53.2674847498206,48.5282983413406,15.7));
#2246=CARTESIAN_POINT('',(53.2674847498206,48.5282983413406,11.7));
#2247=CARTESIAN_POINT('',(53.2674847498206,48.5282983413406,15.7));
#2248=CARTESIAN_POINT('',(82.9984328936808,48.5282983413406,11.6999999999999));
#2249=CARTESIAN_POINT('Origin',(53.2674847498206,56.000000834465,15.7));
#2250=CARTESIAN_POINT('',(53.2674847498206,56.000000834465,11.7));
#2251=CARTESIAN_POINT('',(53.2674847498206,56.000000834465,15.7));
#2252=CARTESIAN_POINT('',(53.2674847498206,52.5132102150392,11.6999999999999));
#2253=CARTESIAN_POINT('',(53.2674847498206,54.9943245318172,11.6999999999999));
#2254=CARTESIAN_POINT('',(53.2674847498206,50.9943245318173,11.6999999999999));
#2255=CARTESIAN_POINT('Origin',(46.0000012665987,56.000000834465,15.7));
#2256=CARTESIAN_POINT('',(57.3646911520699,56.000000834465,11.6999999999999));
#2257=CARTESIAN_POINT('Origin',(65.5000012665987,48.5282983413406,15.6999999999999));
#2258=CARTESIAN_POINT('',(65.5000012665987,48.5282983413406,11.6999999999999));
#2259=CARTESIAN_POINT('',(65.5000012665987,48.5282983413406,15.6999999999999));
#2260=CARTESIAN_POINT('',(65.5000012665987,54.8172803572716,11.6999999999999));
#2261=CARTESIAN_POINT('',(65.5000012665987,47.2584732852551,11.6999999999999));
#2262=CARTESIAN_POINT('',(65.5000012665987,56.000000834465,11.6999999999999));
#2263=CARTESIAN_POINT('',(65.5000012665987,51.2584732852551,11.6999999999999));
#2264=CARTESIAN_POINT('',(65.5000012665987,56.000000834465,15.6999999999999));
#2265=CARTESIAN_POINT('Origin',(72.7674847498206,48.5282983413406,15.6999999999999));
#2266=CARTESIAN_POINT('',(72.7674847498206,48.5282983413406,11.6999999999999));
#2267=CARTESIAN_POINT('',(72.7674847498206,48.5282983413406,15.6999999999999));
#2268=CARTESIAN_POINT('',(92.7484328936808,48.5282983413406,11.6999999999999));
#2269=CARTESIAN_POINT('Origin',(72.7674847498206,56.000000834465,15.6999999999999));
#2270=CARTESIAN_POINT('',(72.7674847498206,56.000000834465,11.6999999999999));
#2271=CARTESIAN_POINT('',(72.7674847498206,56.000000834465,15.6999999999999));
#2272=CARTESIAN_POINT('',(72.7674847498206,54.8173028006766,11.6999999999999));
#2273=CARTESIAN_POINT('',(72.7674847498206,54.9943245318172,11.6999999999999));
#2274=CARTESIAN_POINT('',(72.7674847498206,50.9943245318173,11.6999999999999));
#2275=CARTESIAN_POINT('Origin',(65.5000012665987,56.000000834465,15.6999999999999));
#2276=CARTESIAN_POINT('',(67.1146911520699,56.000000834465,11.6999999999999));
#2277=CARTESIAN_POINT('Origin',(85.0000012665987,48.5282983413406,15.6999999999999));
#2278=CARTESIAN_POINT('',(85.0000012665987,48.5282983413406,11.6999999999999));
#2279=CARTESIAN_POINT('',(85.0000012665987,48.5282983413406,15.6999999999999));
#2280=CARTESIAN_POINT('',(85.0000012665987,54.8173405770709,11.6999999999999));
#2281=CARTESIAN_POINT('',(85.0000012665987,47.2584732852551,11.6999999999999));
#2282=CARTESIAN_POINT('',(85.0000012665987,56.000000834465,11.6999999999999));
#2283=CARTESIAN_POINT('',(85.0000012665987,51.2584732852551,11.6999999999999));
#2284=CARTESIAN_POINT('',(85.0000012665987,56.000000834465,15.6999999999999));
#2285=CARTESIAN_POINT('Origin',(92.2674847498206,48.5282983413406,15.6999999999999));
#2286=CARTESIAN_POINT('',(92.2674847498206,48.5282983413406,11.6999999999999));
#2287=CARTESIAN_POINT('',(92.2674847498206,48.5282983413406,15.6999999999999));
#2288=CARTESIAN_POINT('',(102.498432893681,48.5282983413406,11.6999999999999));
#2289=CARTESIAN_POINT('Origin',(92.2674847498206,56.000000834465,15.6999999999999));
#2290=CARTESIAN_POINT('',(92.2674847498206,56.000000834465,11.6999999999999));
#2291=CARTESIAN_POINT('',(92.2674847498206,56.000000834465,15.6999999999999));
#2292=CARTESIAN_POINT('',(92.2674847498206,54.8173630204759,11.6999999999999));
#2293=CARTESIAN_POINT('',(92.2674847498206,54.9943245318173,11.6999999999999));
#2294=CARTESIAN_POINT('',(92.2674847498206,50.9943245318173,11.6999999999999));
#2295=CARTESIAN_POINT('Origin',(85.0000012665987,56.000000834465,15.6999999999999));
#2296=CARTESIAN_POINT('',(76.8646911520699,56.000000834465,11.6999999999999));
#2297=CARTESIAN_POINT('Origin',(112.729381037541,45.9886482291695,11.6999999999998));
#2298=CARTESIAN_POINT('',(33.5346946421796,50.294075578336,11.6999999999999));
#2299=CARTESIAN_POINT('',(33.5346693395226,28.2930362679875,11.6999999999999));
#2300=CARTESIAN_POINT('',(38.0576324243508,54.8172284812333,11.6999999999999));
#2301=CARTESIAN_POINT('Origin',(38.0582646900485,50.2936584573009,11.6999999999999));
#2302=CARTESIAN_POINT('',(42.2370301668024,54.8184984935029,11.6999999999999));
#2303=CARTESIAN_POINT('',(38.0576324243508,54.8172284812333,11.6999999999999));
#2304=CARTESIAN_POINT('',(43.8372836235022,54.1144978585634,11.6999999999999));
#2305=CARTESIAN_POINT('Origin',(42.2372314433385,52.6481994333379,11.6999999999999));
#2306=CARTESIAN_POINT('',(45.3259263876555,52.5756773793548,11.6999999999999));
#2307=CARTESIAN_POINT('',(43.8372836235022,54.1144978585634,11.6999999999999));
#2308=CARTESIAN_POINT('',(45.4338499267351,52.5126564910062,11.6999999999999));
#2309=CARTESIAN_POINT('Origin',(45.4338586361225,52.6365916096699,11.6999999999999));
#2310=CARTESIAN_POINT('',(45.4338499267351,52.5126564910062,11.6999999999999));
#2311=CARTESIAN_POINT('',(53.6987051487387,52.5132406960488,11.6999999999999));
#2312=CARTESIAN_POINT('',(45.4338499267351,52.5126564910062,11.6999999999999));
#2313=CARTESIAN_POINT('',(53.794179857769,52.5581149185237,11.6999999999999));
#2314=CARTESIAN_POINT('Origin',(53.6987372623655,52.637175810858,11.6999999999999));
#2315=CARTESIAN_POINT('',(55.3555929948547,54.1378640192461,11.6999999999999));
#2316=CARTESIAN_POINT('',(53.794179857769,52.5581149185237,11.6999999999999));
#2317=CARTESIAN_POINT('',(56.9326741876351,54.8172538996964,11.6999999999999));
#2318=CARTESIAN_POINT('Origin',(56.9329312388625,52.6465073441309,11.6999999999999));
#2319=CARTESIAN_POINT('',(56.9326741876351,54.8172538996964,11.6999999999999));
#2320=CARTESIAN_POINT('',(56.9326741876351,54.8172538996964,11.6999999999999));
#2321=CARTESIAN_POINT('',(98.0557537533536,54.8173808957783,11.6999999999999));
#2322=CARTESIAN_POINT('',(56.9326741876351,54.8172538996964,11.6999999999999));
#2323=CARTESIAN_POINT('',(102.581033192127,50.2941814317746,11.6999999999999));
#2324=CARTESIAN_POINT('Origin',(98.0567942403955,50.2931419462529,11.6999999999999));
#2325=CARTESIAN_POINT('',(102.581033192127,50.2941814317746,11.6999999999999));
#2326=CARTESIAN_POINT('Origin',(68.729381037541,53.9886482291695,11.6999999999999));
#2327=CARTESIAN_POINT('',(45.4338499267351,52.5126564910062,11.6999999999999));
#2328=CARTESIAN_POINT('Origin',(68.729381037541,53.9886482291695,11.6999999999999));
#2329=CARTESIAN_POINT('',(56.9326741876351,54.8172538996964,11.6999999999999));
#2330=CARTESIAN_POINT('Origin',(57.0000008493662,61.9886482291695,0.56709502972353));
#2331=CARTESIAN_POINT('',(57.0000008493662,54.8172541076142,6.64939170979749));
#2332=CARTESIAN_POINT('',(57.0000008493662,54.8172541076142,0.56709502972353));
#2333=CARTESIAN_POINT('',(57.0000008493662,54.8172541076142,6.13354751486172));
#2334=CARTESIAN_POINT('',(57.0000008493662,61.9886482291695,6.64939170979749));
#2335=CARTESIAN_POINT('',(57.0000008493662,61.9886482291695,0.56709502972353));
#2336=CARTESIAN_POINT('Origin',(41.2218035400117,61.9886482291695,0.56709502972353));
#2337=CARTESIAN_POINT('',(56.9326741876351,54.8172538996964,0.56709502972353));
#2338=CARTESIAN_POINT('',(69.6387897200891,54.8172931386567,0.56709502972353));
#2339=CARTESIAN_POINT('',(41.2218035400117,54.8181899920508,0.56709502972353));
#2340=CARTESIAN_POINT('',(41.2218035400117,61.9886482291695,0.56709502972353));
#2341=CARTESIAN_POINT('',(42.2370301668024,54.8184984935029,0.56709502972353));
#2342=CARTESIAN_POINT('',(41.730506312901,54.8183445738358,0.56709502972353));
#2343=CARTESIAN_POINT('',(43.8372836235022,54.1144978585634,0.56709502972353));
#2344=CARTESIAN_POINT('Origin',(42.2372314433385,52.6481994333379,0.56709502972353));
#2345=CARTESIAN_POINT('',(45.3259263876555,52.5756773793548,0.56709502972353));
#2346=CARTESIAN_POINT('',(41.9819473868067,56.0323719554214,0.56709502972353));
#2347=CARTESIAN_POINT('',(45.4338499267351,52.5126564910062,0.56709502972353));
#2348=CARTESIAN_POINT('Origin',(45.4338586361225,52.6365916096699,0.56709502972353));
#2349=CARTESIAN_POINT('',(53.6987051487387,52.5132406960488,0.56709502972353));
#2350=CARTESIAN_POINT('',(47.4605892622846,52.5127997519961,0.56709502972353));
#2351=CARTESIAN_POINT('',(53.794179857769,52.5581149185237,0.56709502972353));
#2352=CARTESIAN_POINT('Origin',(53.6987372623655,52.637175810858,0.56709502972353));
#2353=CARTESIAN_POINT('',(55.3555929948547,54.1378640192461,0.56709502972353));
#2354=CARTESIAN_POINT('',(53.8259582411984,52.590266481395,0.56709502972353));
#2355=CARTESIAN_POINT('Origin',(56.9329312388625,52.6465073441309,0.56709502972353));
#2356=CARTESIAN_POINT('Origin',(41.2218035400117,61.9886482291695,6.64939170979749));
#2357=CARTESIAN_POINT('',(41.2218035400117,54.8181899920508,6.64939170979749));
#2358=CARTESIAN_POINT('',(41.2218035400117,54.8181899920508,9.1746958548987));
#2359=CARTESIAN_POINT('',(41.2218035400117,61.9886482291695,6.64939170979749));
#2360=CARTESIAN_POINT('Origin',(57.0000008493662,61.9886482291695,6.64939170979749));
#2361=CARTESIAN_POINT('',(56.9326741876351,54.8172538996964,6.64939170979749));
#2362=CARTESIAN_POINT('',(77.5278883746911,54.8173175017305,6.64939170979749));
#2363=CARTESIAN_POINT('',(55.3555929948547,54.1378640192461,6.64939170979749));
#2364=CARTESIAN_POINT('Origin',(56.9329312388625,52.6465073441309,6.64939170979749));
#2365=CARTESIAN_POINT('',(53.794179857769,52.5581149185237,6.64939170979749));
#2366=CARTESIAN_POINT('',(57.7244579581428,56.5345470025028,6.64939170979749));
#2367=CARTESIAN_POINT('',(53.6987051487387,52.5132406960488,6.64939170979749));
#2368=CARTESIAN_POINT('Origin',(53.6987372623655,52.637175810858,6.64939170979749));
#2369=CARTESIAN_POINT('',(45.4338499267351,52.5126564910062,6.64939170979749));
#2370=CARTESIAN_POINT('',(55.3496878775445,52.5133573965123,6.64939170979749));
#2371=CARTESIAN_POINT('',(45.3259263876555,52.5756773793548,6.64939170979749));
#2372=CARTESIAN_POINT('Origin',(45.4338586361225,52.6365916096699,6.64939170979749));
#2373=CARTESIAN_POINT('',(43.8372836235022,54.1144978585634,6.64939170979749));
#2374=CARTESIAN_POINT('',(45.7957772968813,52.0899891949886,6.64939170979749));
#2375=CARTESIAN_POINT('',(42.2370301668024,54.8184984935029,6.64939170979749));
#2376=CARTESIAN_POINT('Origin',(42.2372314433385,52.6481994333379,6.64939170979749));
#2377=CARTESIAN_POINT('',(49.6196042391013,54.8207418692787,6.64939170979749));
#2378=CARTESIAN_POINT('Origin',(98.0557537533536,54.8173808957783,11.6999999999999));
#2379=CARTESIAN_POINT('',(56.9326741876351,54.8172538996964,11.6999999999999));
#2380=CARTESIAN_POINT('',(98.0557537533536,54.8173808957783,11.6999999999999));
#2381=CARTESIAN_POINT('',(56.9326741876351,54.8172538996964,11.6999999999999));
#2382=CARTESIAN_POINT('',(56.9326741876351,54.8172538996964,11.6999999999999));
#2383=CARTESIAN_POINT('Origin',(56.9329312388625,52.6465073441309,11.6999999999999));
#2384=CARTESIAN_POINT('',(55.3555929948547,54.1378640192461,11.6999999999999));
#2385=CARTESIAN_POINT('Origin',(55.3555929948547,54.1378640192461,11.6999999999999));
#2386=CARTESIAN_POINT('',(53.794179857769,52.5581149185237,11.6999999999999));
#2387=CARTESIAN_POINT('Origin',(53.6987372623655,52.637175810858,11.6999999999999));
#2388=CARTESIAN_POINT('',(53.6987051487387,52.5132406960488,11.6999999999999));
#2389=CARTESIAN_POINT('Origin',(53.6987051487387,52.5132406960488,11.6999999999999));
#2390=CARTESIAN_POINT('',(45.4338499267351,52.5126564910062,11.6999999999999));
#2391=CARTESIAN_POINT('Origin',(45.4338586361225,52.6365916096699,11.6999999999999));
#2392=CARTESIAN_POINT('',(45.3259263876555,52.5756773793548,11.6999999999999));
#2393=CARTESIAN_POINT('Origin',(45.3259263876555,52.5756773793548,11.6999999999999));
#2394=CARTESIAN_POINT('',(43.8372836235022,54.1144978585634,11.6999999999999));
#2395=CARTESIAN_POINT('Origin',(42.2372314433385,52.6481994333379,11.6999999999999));
#2396=CARTESIAN_POINT('',(42.2370301668024,54.8184984935029,11.6999999999999));
#2397=CARTESIAN_POINT('Origin',(68.729381037541,53.9886482291695,11.6999999999999));
#2398=CARTESIAN_POINT('Origin',(33.5346946421796,50.294075578336,11.6999999999999));
#2399=CARTESIAN_POINT('',(33.5346946421796,50.294075578336,11.6999999999999));
#2400=CARTESIAN_POINT('Origin',(38.0582646900485,50.2936584573009,11.6999999999999));
#2401=CARTESIAN_POINT('',(38.0576324243508,54.8172284812333,11.6999999999999));
#2402=CARTESIAN_POINT('Origin',(42.2370301668024,54.8184984935029,11.6999999999999));
#2403=CARTESIAN_POINT('',(42.2370301668024,54.8184984935029,11.6999999999999));
#2404=CARTESIAN_POINT('Origin',(42.2372314433385,52.6481994333379,11.6999999999999));
#2405=CARTESIAN_POINT('',(43.8372836235022,54.1144978585634,11.6999999999999));
#2406=CARTESIAN_POINT('Origin',(45.3259263876555,52.5756773793548,11.6999999999999));
#2407=CARTESIAN_POINT('',(45.3259263876555,52.5756773793548,11.6999999999999));
#2408=CARTESIAN_POINT('Origin',(45.4338586361225,52.6365916096699,11.6999999999999));
#2409=CARTESIAN_POINT('',(45.4338499267351,52.5126564910062,11.6999999999999));
#2410=CARTESIAN_POINT('Origin',(53.6987051487387,52.5132406960488,11.6999999999999));
#2411=CARTESIAN_POINT('',(53.6987051487387,52.5132406960488,11.6999999999999));
#2412=CARTESIAN_POINT('Origin',(53.6987372623655,52.637175810858,11.6999999999999));
#2413=CARTESIAN_POINT('',(53.794179857769,52.5581149185237,11.6999999999999));
#2414=CARTESIAN_POINT('Origin',(55.3555929948547,54.1378640192461,11.6999999999999));
#2415=CARTESIAN_POINT('',(55.3555929948547,54.1378640192461,11.6999999999999));
#2416=CARTESIAN_POINT('Origin',(56.9329312388625,52.6465073441309,11.6999999999999));
#2417=CARTESIAN_POINT('Origin',(98.0567942403955,50.2931419462529,11.6999999999999));
#2418=CARTESIAN_POINT('',(102.581033192127,50.2941814317746,11.6999999999999));
#2419=CARTESIAN_POINT('Origin',(102.581038163803,45.9886482291695,11.6999999999999));
#2420=CARTESIAN_POINT('Origin',(112.729381037541,-5.00035177083059,15.6999999999998));
#2421=CARTESIAN_POINT('',(112.729381037541,-5.00035177083059,15.6999999999998));
#2422=CARTESIAN_POINT('Origin',(68.729381037541,-5.00035177083059,-1.30000000000008));
#2423=CARTESIAN_POINT('Origin',(106.229381037541,8.48864822916948,8.89999999999989));
#2424=CARTESIAN_POINT('',(106.229381037541,9.98864822916948,8.89999999999989));
#2425=CARTESIAN_POINT('',(106.229381037541,9.98864822916948,8.89999999999989));
#2426=CARTESIAN_POINT('Origin',(106.229381037541,8.48864822916948,8.89999999999989));
#2427=CARTESIAN_POINT('Origin',(106.229381037541,8.48864822916948,8.89999999999989));
#2428=CARTESIAN_POINT('',(106.229381037541,10.8886482291695,8.89999999999989));
#2429=CARTESIAN_POINT('',(106.229381037541,10.8886482291695,8.89999999999989));
#2430=CARTESIAN_POINT('Origin',(106.229381037541,8.48864822916948,8.89999999999989));
#2431=CARTESIAN_POINT('Origin',(106.229381037541,8.48864822916948,8.89999999999989));
#2432=CARTESIAN_POINT('Origin',(31.229381037541,8.48864822916941,8.8999999999999));
#2433=CARTESIAN_POINT('',(31.229381037541,9.98864822916941,8.8999999999999));
#2434=CARTESIAN_POINT('',(31.229381037541,9.98864822916941,8.8999999999999));
#2435=CARTESIAN_POINT('Origin',(31.229381037541,8.48864822916941,8.8999999999999));
#2436=CARTESIAN_POINT('Origin',(31.229381037541,8.48864822916941,8.8999999999999));
#2437=CARTESIAN_POINT('',(31.229381037541,10.8886482291694,8.8999999999999));
#2438=CARTESIAN_POINT('',(31.229381037541,10.8886482291694,8.8999999999999));
#2439=CARTESIAN_POINT('Origin',(31.229381037541,8.48864822916941,8.8999999999999));
#2440=CARTESIAN_POINT('Origin',(31.229381037541,8.48864822916941,8.8999999999999));
#2441=CARTESIAN_POINT('Origin',(31.229381037541,39.4886482291694,8.89999999999992));
#2442=CARTESIAN_POINT('',(31.229381037541,40.9886482291694,8.89999999999992));
#2443=CARTESIAN_POINT('',(31.229381037541,40.9886482291694,8.89999999999992));
#2444=CARTESIAN_POINT('Origin',(31.229381037541,39.4886482291694,8.89999999999992));
#2445=CARTESIAN_POINT('Origin',(31.229381037541,39.4886482291694,8.89999999999992));
#2446=CARTESIAN_POINT('',(31.229381037541,41.8886482291694,8.89999999999992));
#2447=CARTESIAN_POINT('',(31.229381037541,41.8886482291694,8.89999999999992));
#2448=CARTESIAN_POINT('Origin',(31.229381037541,39.4886482291694,8.89999999999992));
#2449=CARTESIAN_POINT('Origin',(31.229381037541,39.4886482291694,8.89999999999992));
#2450=CARTESIAN_POINT('Origin',(106.229381037541,39.4886482291695,8.89999999999991));
#2451=CARTESIAN_POINT('',(106.229381037541,40.9886482291695,8.89999999999991));
#2452=CARTESIAN_POINT('',(106.229381037541,40.9886482291695,8.89999999999991));
#2453=CARTESIAN_POINT('Origin',(106.229381037541,39.4886482291695,8.89999999999991));
#2454=CARTESIAN_POINT('Origin',(106.229381037541,39.4886482291695,8.89999999999991));
#2455=CARTESIAN_POINT('',(106.229381037541,41.8886482291695,8.89999999999991));
#2456=CARTESIAN_POINT('',(106.229381037541,41.8886482291695,8.89999999999991));
#2457=CARTESIAN_POINT('Origin',(106.229381037541,39.4886482291695,8.89999999999991));
#2458=CARTESIAN_POINT('Origin',(106.229381037541,39.4886482291695,8.89999999999991));
#2459=UNCERTAINTY_MEASURE_WITH_UNIT(LENGTH_MEASURE(0.01),#2463,
'DISTANCE_ACCURACY_VALUE',
'Maximum model space distance between geometric entities at asserted c
onnectivities');
#2460=UNCERTAINTY_MEASURE_WITH_UNIT(LENGTH_MEASURE(0.01),#2463,
'DISTANCE_ACCURACY_VALUE',
'Maximum model space distance between geometric entities at asserted c
onnectivities');
#2461=(
GEOMETRIC_REPRESENTATION_CONTEXT(3)
GLOBAL_UNCERTAINTY_ASSIGNED_CONTEXT((#2459))
GLOBAL_UNIT_ASSIGNED_CONTEXT((#2463,#2465,#2466))
REPRESENTATION_CONTEXT('','3D')
);
#2462=(
GEOMETRIC_REPRESENTATION_CONTEXT(3)
GLOBAL_UNCERTAINTY_ASSIGNED_CONTEXT((#2460))
GLOBAL_UNIT_ASSIGNED_CONTEXT((#2463,#2465,#2466))
REPRESENTATION_CONTEXT('','3D')
);
#2463=(
LENGTH_UNIT()
NAMED_UNIT(*)
SI_UNIT(.MILLI.,.METRE.)
);
#2464=(
LENGTH_UNIT()
NAMED_UNIT(*)
SI_UNIT($,.METRE.)
);
#2465=(
NAMED_UNIT(*)
PLANE_ANGLE_UNIT()
SI_UNIT($,.RADIAN.)
);
#2466=(
NAMED_UNIT(*)
SI_UNIT($,.STERADIAN.)
SOLID_ANGLE_UNIT()
);
#2467=SHAPE_DEFINITION_REPRESENTATION(#2468,#2469);
#2468=PRODUCT_DEFINITION_SHAPE('',$,#2471);
#2469=SHAPE_REPRESENTATION('',(#1497),#2461);
#2470=PRODUCT_DEFINITION_CONTEXT('part definition',#2475,'design');
#2471=PRODUCT_DEFINITION('Box','Box',#2472,#2470);
#2472=PRODUCT_DEFINITION_FORMATION('',$,#2477);
#2473=PRODUCT_RELATED_PRODUCT_CATEGORY('Box','Box',(#2477));
#2474=APPLICATION_PROTOCOL_DEFINITION('international standard',
'automotive_design',2009,#2475);
#2475=APPLICATION_CONTEXT(
'Core Data for Automotive Mechanical Design Process');
#2476=PRODUCT_CONTEXT('part definition',#2475,'mechanical');
#2477=PRODUCT('Box','Box',$,(#2476));
#2478=PRESENTATION_STYLE_ASSIGNMENT((#2479));
#2479=SURFACE_STYLE_USAGE(.BOTH.,#2480);
#2480=SURFACE_SIDE_STYLE('',(#2481));
#2481=SURFACE_STYLE_FILL_AREA(#2482);
#2482=FILL_AREA_STYLE('Steel - Satin',(#2483));
#2483=FILL_AREA_STYLE_COLOUR('Steel - Satin',#2484);
#2484=COLOUR_RGB('Steel - Satin',0.627450980392157,0.627450980392157,0.627450980392157);
ENDSEC;
END-ISO-10303-21;
