ISO-10303-21;
HEADER;
/* Generated by software containing ST-Developer
 * from STEP Tools, Inc. (www.steptools.com) 
 */

FILE_DESCRIPTION(
/* description */ (''),
/* implementation_level */ '2;1');

FILE_NAME(
/* name */ 'Internal.step',
/* time_stamp */ '2026-03-08T11:58:04Z',
/* author */ (''),
/* organization */ (''),
/* preprocessor_version */ 'ST-DEVELOPER v20.1',
/* originating_system */ 'Autodesk Translation Framework v14.24.0.0',
/* authorisation */ '');

FILE_SCHEMA (('AUTOMOTIVE_DESIGN { 1 0 10303 214 3 1 1 }'));
ENDSEC;

DATA;
#10=MECHANICAL_DESIGN_GEOMETRIC_PRESENTATION_REPRESENTATION('',(#13,#14),
#3912);
#11=SHAPE_REPRESENTATION_RELATIONSHIP('SRR','None',#3919,#12);
#12=ADVANCED_BREP_SHAPE_REPRESENTATION('',(#15,#16),#3911);
#13=STYLED_ITEM('',(#3928),#15);
#14=STYLED_ITEM('',(#3928),#16);
#15=MANIFOLD_SOLID_BREP('Internal',#2365);
#16=MANIFOLD_SOLID_BREP('Internal',#2366);
#17=CYLINDRICAL_SURFACE('',#2425,8.5);
#18=CYLINDRICAL_SURFACE('',#2435,6.5);
#19=CYLINDRICAL_SURFACE('',#2438,6.5);
#20=CYLINDRICAL_SURFACE('',#2445,0.550012700024993);
#21=CYLINDRICAL_SURFACE('',#2448,0.550012700024993);
#22=CYLINDRICAL_SURFACE('',#2451,0.550012700024993);
#23=CYLINDRICAL_SURFACE('',#2454,0.550012700024993);
#24=CYLINDRICAL_SURFACE('',#2457,0.550012700024993);
#25=CYLINDRICAL_SURFACE('',#2468,0.550012700024993);
#26=CYLINDRICAL_SURFACE('',#2474,1.375006350013);
#27=CYLINDRICAL_SURFACE('',#2476,1.37500635001301);
#28=CYLINDRICAL_SURFACE('',#2478,1.375006350013);
#29=CYLINDRICAL_SURFACE('',#2480,1.37500635001301);
#30=CYLINDRICAL_SURFACE('',#2482,1.15981711963408);
#31=CYLINDRICAL_SURFACE('',#2485,1.15981711963397);
#32=CYLINDRICAL_SURFACE('',#2488,1.13441706883404);
#33=CYLINDRICAL_SURFACE('',#2491,3.487688066436);
#34=CYLINDRICAL_SURFACE('',#2494,3.48768816146499);
#35=CYLINDRICAL_SURFACE('',#2496,3.48771419192101);
#36=CYLINDRICAL_SURFACE('',#2499,3.48835706850701);
#37=CYLINDRICAL_SURFACE('',#2502,1.134864568703);
#38=CYLINDRICAL_SURFACE('',#2541,2.17029906949836);
#39=CYLINDRICAL_SURFACE('',#2543,4.52357006811872);
#40=CYLINDRICAL_SURFACE('',#2545,4.52357016590322);
#41=CYLINDRICAL_SURFACE('',#2547,4.52359619575887);
#42=CYLINDRICAL_SURFACE('',#2549,4.52423907114723);
#43=CYLINDRICAL_SURFACE('',#2551,2.17074657078503);
#44=CYLINDRICAL_SURFACE('',#2553,0.123935118969715);
#45=CYLINDRICAL_SURFACE('',#2555,0.123935118969674);
#46=CYLINDRICAL_SURFACE('',#2557,1.15981711963401);
#47=CYLINDRICAL_SURFACE('',#2559,1.15981711963405);
#48=CYLINDRICAL_SURFACE('',#2561,1.13486456870305);
#49=CYLINDRICAL_SURFACE('',#2563,3.48835706850701);
#50=CYLINDRICAL_SURFACE('',#2565,3.487714191921);
#51=CYLINDRICAL_SURFACE('',#2567,3.48768816146499);
#52=CYLINDRICAL_SURFACE('',#2569,3.487688066436);
#53=CYLINDRICAL_SURFACE('',#2571,1.13441706883403);
#54=CIRCLE('',#2392,3.48768816146499);
#55=CIRCLE('',#2393,3.487688066436);
#56=CIRCLE('',#2394,1.13441706883404);
#57=CIRCLE('',#2402,1.134864568703);
#58=CIRCLE('',#2403,3.48835706850701);
#59=CIRCLE('',#2404,3.48771419192101);
#60=CIRCLE('',#2405,1.37500635001301);
#61=CIRCLE('',#2406,0.550012700023821);
#62=CIRCLE('',#2407,0.550012700023945);
#63=CIRCLE('',#2408,0.550012700023945);
#64=CIRCLE('',#2409,0.550012700024016);
#65=CIRCLE('',#2410,0.550012700024016);
#66=CIRCLE('',#2411,0.550012700024016);
#67=CIRCLE('',#2412,1.37500635001301);
#68=CIRCLE('',#2415,1.15981711963397);
#69=CIRCLE('',#2416,1.15981711963408);
#70=CIRCLE('',#2417,1.37500635001301);
#71=CIRCLE('',#2418,1.37500635001301);
#72=CIRCLE('',#2419,1.37500635001301);
#73=CIRCLE('',#2420,1.37500635001301);
#74=CIRCLE('',#2421,3.48771419192101);
#75=CIRCLE('',#2422,3.48768816146499);
#76=CIRCLE('',#2423,1.375006350013);
#77=CIRCLE('',#2424,1.375006350013);
#78=CIRCLE('',#2426,8.5);
#79=CIRCLE('',#2427,8.5);
#80=CIRCLE('',#2429,6.5);
#81=CIRCLE('',#2430,6.5);
#82=CIRCLE('',#2436,6.50000000000049);
#83=CIRCLE('',#2439,6.50000000000049);
#84=CIRCLE('',#2446,0.550012700024993);
#85=CIRCLE('',#2449,0.550012700024993);
#86=CIRCLE('',#2452,0.550012700024993);
#87=CIRCLE('',#2455,0.550012700024993);
#88=CIRCLE('',#2458,0.550012700024993);
#89=CIRCLE('',#2469,0.550012700024993);
#90=CIRCLE('',#2475,1.375006350013);
#91=CIRCLE('',#2477,1.37500635001301);
#92=CIRCLE('',#2479,1.375006350013);
#93=CIRCLE('',#2481,1.37500635001301);
#94=CIRCLE('',#2483,1.15981711963408);
#95=CIRCLE('',#2486,1.15981711963397);
#96=CIRCLE('',#2489,1.13441706883404);
#97=CIRCLE('',#2492,3.487688066436);
#98=CIRCLE('',#2495,3.48768816146499);
#99=CIRCLE('',#2497,3.48771419192101);
#100=CIRCLE('',#2500,3.48835706850701);
#101=CIRCLE('',#2503,1.134864568703);
#102=CIRCLE('',#2507,0.123935118969674);
#103=CIRCLE('',#2508,0.123935118969715);
#104=CIRCLE('',#2509,2.17074657078503);
#105=CIRCLE('',#2510,4.52423907114723);
#106=CIRCLE('',#2511,4.52359619575887);
#107=CIRCLE('',#2512,4.52357016590322);
#108=CIRCLE('',#2513,4.52357006811872);
#109=CIRCLE('',#2514,2.17029906949836);
#110=CIRCLE('',#2515,1.13441706883404);
#111=CIRCLE('',#2516,3.487688066436);
#112=CIRCLE('',#2517,3.48768816146499);
#113=CIRCLE('',#2518,3.48771419192101);
#114=CIRCLE('',#2519,3.48835706850701);
#115=CIRCLE('',#2520,1.134864568703);
#116=CIRCLE('',#2521,1.15981711963408);
#117=CIRCLE('',#2522,1.15981711963397);
#118=CIRCLE('',#2524,2.17029906949836);
#119=CIRCLE('',#2525,4.52357006811872);
#120=CIRCLE('',#2526,4.52357016590322);
#121=CIRCLE('',#2527,4.52359619575887);
#122=CIRCLE('',#2528,4.52423907114723);
#123=CIRCLE('',#2529,2.17074657078503);
#124=CIRCLE('',#2530,0.123935118969715);
#125=CIRCLE('',#2531,0.123935118969674);
#126=CIRCLE('',#2532,1.15981711963401);
#127=CIRCLE('',#2533,1.15981711963405);
#128=CIRCLE('',#2534,1.13486456870305);
#129=CIRCLE('',#2535,3.48835706850701);
#130=CIRCLE('',#2536,3.487714191921);
#131=CIRCLE('',#2537,3.48768816146499);
#132=CIRCLE('',#2538,3.487688066436);
#133=CIRCLE('',#2539,1.13441706883403);
#134=FACE_BOUND('',#267,.T.);
#135=FACE_BOUND('',#269,.T.);
#136=FACE_BOUND('',#281,.T.);
#137=FACE_BOUND('',#282,.T.);
#138=FACE_BOUND('',#340,.T.);
#139=FACE_BOUND('',#341,.T.);
#140=FACE_BOUND('',#342,.T.);
#141=FACE_BOUND('',#343,.T.);
#142=FACE_BOUND('',#344,.T.);
#143=FACE_BOUND('',#345,.T.);
#144=FACE_BOUND('',#347,.T.);
#145=FACE_BOUND('',#349,.T.);
#146=FACE_OUTER_BOUND('',#258,.T.);
#147=FACE_OUTER_BOUND('',#259,.T.);
#148=FACE_OUTER_BOUND('',#260,.T.);
#149=FACE_OUTER_BOUND('',#261,.T.);
#150=FACE_OUTER_BOUND('',#262,.T.);
#151=FACE_OUTER_BOUND('',#263,.T.);
#152=FACE_OUTER_BOUND('',#264,.T.);
#153=FACE_OUTER_BOUND('',#265,.T.);
#154=FACE_OUTER_BOUND('',#266,.T.);
#155=FACE_OUTER_BOUND('',#268,.T.);
#156=FACE_OUTER_BOUND('',#270,.T.);
#157=FACE_OUTER_BOUND('',#271,.T.);
#158=FACE_OUTER_BOUND('',#272,.T.);
#159=FACE_OUTER_BOUND('',#273,.T.);
#160=FACE_OUTER_BOUND('',#274,.T.);
#161=FACE_OUTER_BOUND('',#275,.T.);
#162=FACE_OUTER_BOUND('',#276,.T.);
#163=FACE_OUTER_BOUND('',#277,.T.);
#164=FACE_OUTER_BOUND('',#278,.T.);
#165=FACE_OUTER_BOUND('',#279,.T.);
#166=FACE_OUTER_BOUND('',#280,.T.);
#167=FACE_OUTER_BOUND('',#283,.T.);
#168=FACE_OUTER_BOUND('',#284,.T.);
#169=FACE_OUTER_BOUND('',#285,.T.);
#170=FACE_OUTER_BOUND('',#286,.T.);
#171=FACE_OUTER_BOUND('',#287,.T.);
#172=FACE_OUTER_BOUND('',#288,.T.);
#173=FACE_OUTER_BOUND('',#289,.T.);
#174=FACE_OUTER_BOUND('',#290,.T.);
#175=FACE_OUTER_BOUND('',#291,.T.);
#176=FACE_OUTER_BOUND('',#292,.T.);
#177=FACE_OUTER_BOUND('',#293,.T.);
#178=FACE_OUTER_BOUND('',#294,.T.);
#179=FACE_OUTER_BOUND('',#295,.T.);
#180=FACE_OUTER_BOUND('',#296,.T.);
#181=FACE_OUTER_BOUND('',#297,.T.);
#182=FACE_OUTER_BOUND('',#298,.T.);
#183=FACE_OUTER_BOUND('',#299,.T.);
#184=FACE_OUTER_BOUND('',#300,.T.);
#185=FACE_OUTER_BOUND('',#301,.T.);
#186=FACE_OUTER_BOUND('',#302,.T.);
#187=FACE_OUTER_BOUND('',#303,.T.);
#188=FACE_OUTER_BOUND('',#304,.T.);
#189=FACE_OUTER_BOUND('',#305,.T.);
#190=FACE_OUTER_BOUND('',#306,.T.);
#191=FACE_OUTER_BOUND('',#307,.T.);
#192=FACE_OUTER_BOUND('',#308,.T.);
#193=FACE_OUTER_BOUND('',#309,.T.);
#194=FACE_OUTER_BOUND('',#310,.T.);
#195=FACE_OUTER_BOUND('',#311,.T.);
#196=FACE_OUTER_BOUND('',#312,.T.);
#197=FACE_OUTER_BOUND('',#313,.T.);
#198=FACE_OUTER_BOUND('',#314,.T.);
#199=FACE_OUTER_BOUND('',#315,.T.);
#200=FACE_OUTER_BOUND('',#316,.T.);
#201=FACE_OUTER_BOUND('',#317,.T.);
#202=FACE_OUTER_BOUND('',#318,.T.);
#203=FACE_OUTER_BOUND('',#319,.T.);
#204=FACE_OUTER_BOUND('',#320,.T.);
#205=FACE_OUTER_BOUND('',#321,.T.);
#206=FACE_OUTER_BOUND('',#322,.T.);
#207=FACE_OUTER_BOUND('',#323,.T.);
#208=FACE_OUTER_BOUND('',#324,.T.);
#209=FACE_OUTER_BOUND('',#325,.T.);
#210=FACE_OUTER_BOUND('',#326,.T.);
#211=FACE_OUTER_BOUND('',#327,.T.);
#212=FACE_OUTER_BOUND('',#328,.T.);
#213=FACE_OUTER_BOUND('',#329,.T.);
#214=FACE_OUTER_BOUND('',#330,.T.);
#215=FACE_OUTER_BOUND('',#331,.T.);
#216=FACE_OUTER_BOUND('',#332,.T.);
#217=FACE_OUTER_BOUND('',#333,.T.);
#218=FACE_OUTER_BOUND('',#334,.T.);
#219=FACE_OUTER_BOUND('',#335,.T.);
#220=FACE_OUTER_BOUND('',#336,.T.);
#221=FACE_OUTER_BOUND('',#337,.T.);
#222=FACE_OUTER_BOUND('',#338,.T.);
#223=FACE_OUTER_BOUND('',#339,.T.);
#224=FACE_OUTER_BOUND('',#346,.T.);
#225=FACE_OUTER_BOUND('',#348,.T.);
#226=FACE_OUTER_BOUND('',#350,.T.);
#227=FACE_OUTER_BOUND('',#351,.T.);
#228=FACE_OUTER_BOUND('',#352,.T.);
#229=FACE_OUTER_BOUND('',#353,.T.);
#230=FACE_OUTER_BOUND('',#354,.T.);
#231=FACE_OUTER_BOUND('',#355,.T.);
#232=FACE_OUTER_BOUND('',#356,.T.);
#233=FACE_OUTER_BOUND('',#357,.T.);
#234=FACE_OUTER_BOUND('',#358,.T.);
#235=FACE_OUTER_BOUND('',#359,.T.);
#236=FACE_OUTER_BOUND('',#360,.T.);
#237=FACE_OUTER_BOUND('',#361,.T.);
#238=FACE_OUTER_BOUND('',#362,.T.);
#239=FACE_OUTER_BOUND('',#363,.T.);
#240=FACE_OUTER_BOUND('',#364,.T.);
#241=FACE_OUTER_BOUND('',#365,.T.);
#242=FACE_OUTER_BOUND('',#366,.T.);
#243=FACE_OUTER_BOUND('',#367,.T.);
#244=FACE_OUTER_BOUND('',#368,.T.);
#245=FACE_OUTER_BOUND('',#369,.T.);
#246=FACE_OUTER_BOUND('',#370,.T.);
#247=FACE_OUTER_BOUND('',#371,.T.);
#248=FACE_OUTER_BOUND('',#372,.T.);
#249=FACE_OUTER_BOUND('',#373,.T.);
#250=FACE_OUTER_BOUND('',#374,.T.);
#251=FACE_OUTER_BOUND('',#375,.T.);
#252=FACE_OUTER_BOUND('',#376,.T.);
#253=FACE_OUTER_BOUND('',#377,.T.);
#254=FACE_OUTER_BOUND('',#378,.T.);
#255=FACE_OUTER_BOUND('',#379,.T.);
#256=FACE_OUTER_BOUND('',#380,.T.);
#257=FACE_OUTER_BOUND('',#381,.T.);
#258=EDGE_LOOP('',(#1486,#1487,#1488,#1489));
#259=EDGE_LOOP('',(#1490,#1491,#1492,#1493));
#260=EDGE_LOOP('',(#1494,#1495,#1496,#1497));
#261=EDGE_LOOP('',(#1498,#1499,#1500,#1501));
#262=EDGE_LOOP('',(#1502,#1503,#1504,#1505));
#263=EDGE_LOOP('',(#1506,#1507,#1508,#1509));
#264=EDGE_LOOP('',(#1510,#1511,#1512,#1513));
#265=EDGE_LOOP('',(#1514,#1515,#1516,#1517));
#266=EDGE_LOOP('',(#1518,#1519,#1520,#1521));
#267=EDGE_LOOP('',(#1522,#1523,#1524,#1525));
#268=EDGE_LOOP('',(#1526,#1527,#1528,#1529));
#269=EDGE_LOOP('',(#1530,#1531,#1532,#1533));
#270=EDGE_LOOP('',(#1534,#1535,#1536,#1537));
#271=EDGE_LOOP('',(#1538,#1539,#1540,#1541,#1542,#1543,#1544,#1545));
#272=EDGE_LOOP('',(#1546,#1547,#1548,#1549,#1550,#1551));
#273=EDGE_LOOP('',(#1552,#1553,#1554,#1555));
#274=EDGE_LOOP('',(#1556,#1557,#1558,#1559));
#275=EDGE_LOOP('',(#1560,#1561,#1562,#1563));
#276=EDGE_LOOP('',(#1564,#1565,#1566,#1567));
#277=EDGE_LOOP('',(#1568,#1569,#1570,#1571));
#278=EDGE_LOOP('',(#1572,#1573,#1574,#1575,#1576,#1577,#1578,#1579,#1580,
#1581,#1582,#1583,#1584,#1585,#1586,#1587,#1588,#1589,#1590,#1591,#1592,
#1593,#1594,#1595,#1596,#1597,#1598,#1599));
#279=EDGE_LOOP('',(#1600,#1601,#1602,#1603,#1604,#1605,#1606,#1607));
#280=EDGE_LOOP('',(#1608,#1609,#1610,#1611,#1612,#1613,#1614,#1615,#1616,
#1617,#1618,#1619,#1620,#1621,#1622,#1623,#1624,#1625,#1626,#1627,#1628,
#1629,#1630,#1631,#1632,#1633,#1634,#1635,#1636,#1637,#1638,#1639,#1640,
#1641));
#281=EDGE_LOOP('',(#1642));
#282=EDGE_LOOP('',(#1643));
#283=EDGE_LOOP('',(#1644,#1645,#1646,#1647));
#284=EDGE_LOOP('',(#1648,#1649,#1650,#1651,#1652,#1653));
#285=EDGE_LOOP('',(#1654,#1655,#1656,#1657,#1658));
#286=EDGE_LOOP('',(#1659,#1660,#1661,#1662));
#287=EDGE_LOOP('',(#1663,#1664,#1665,#1666));
#288=EDGE_LOOP('',(#1667,#1668,#1669,#1670,#1671));
#289=EDGE_LOOP('',(#1672,#1673,#1674,#1675,#1676));
#290=EDGE_LOOP('',(#1677,#1678,#1679,#1680));
#291=EDGE_LOOP('',(#1681,#1682,#1683,#1684,#1685));
#292=EDGE_LOOP('',(#1686,#1687,#1688,#1689,#1690,#1691,#1692,#1693));
#293=EDGE_LOOP('',(#1694,#1695,#1696,#1697,#1698,#1699,#1700,#1701,#1702,
#1703,#1704,#1705,#1706,#1707,#1708,#1709,#1710,#1711));
#294=EDGE_LOOP('',(#1712,#1713,#1714,#1715,#1716,#1717,#1718,#1719,#1720,
#1721,#1722,#1723,#1724,#1725,#1726,#1727));
#295=EDGE_LOOP('',(#1728,#1729,#1730,#1731,#1732,#1733,#1734,#1735));
#296=EDGE_LOOP('',(#1736,#1737,#1738,#1739));
#297=EDGE_LOOP('',(#1740,#1741,#1742,#1743));
#298=EDGE_LOOP('',(#1744,#1745,#1746,#1747));
#299=EDGE_LOOP('',(#1748,#1749,#1750,#1751));
#300=EDGE_LOOP('',(#1752,#1753,#1754,#1755));
#301=EDGE_LOOP('',(#1756,#1757,#1758,#1759));
#302=EDGE_LOOP('',(#1760,#1761,#1762,#1763));
#303=EDGE_LOOP('',(#1764,#1765,#1766,#1767));
#304=EDGE_LOOP('',(#1768,#1769,#1770,#1771));
#305=EDGE_LOOP('',(#1772,#1773,#1774,#1775));
#306=EDGE_LOOP('',(#1776,#1777,#1778,#1779));
#307=EDGE_LOOP('',(#1780,#1781,#1782,#1783,#1784,#1785,#1786));
#308=EDGE_LOOP('',(#1787,#1788,#1789,#1790));
#309=EDGE_LOOP('',(#1791,#1792,#1793,#1794));
#310=EDGE_LOOP('',(#1795,#1796,#1797,#1798));
#311=EDGE_LOOP('',(#1799,#1800,#1801,#1802));
#312=EDGE_LOOP('',(#1803,#1804,#1805,#1806));
#313=EDGE_LOOP('',(#1807,#1808,#1809,#1810,#1811,#1812,#1813));
#314=EDGE_LOOP('',(#1814,#1815,#1816,#1817));
#315=EDGE_LOOP('',(#1818,#1819,#1820,#1821));
#316=EDGE_LOOP('',(#1822,#1823,#1824,#1825,#1826,#1827,#1828,#1829));
#317=EDGE_LOOP('',(#1830,#1831,#1832,#1833));
#318=EDGE_LOOP('',(#1834,#1835,#1836,#1837));
#319=EDGE_LOOP('',(#1838,#1839,#1840,#1841));
#320=EDGE_LOOP('',(#1842,#1843,#1844,#1845));
#321=EDGE_LOOP('',(#1846,#1847,#1848,#1849,#1850,#1851,#1852,#1853,#1854,
#1855));
#322=EDGE_LOOP('',(#1856,#1857,#1858,#1859));
#323=EDGE_LOOP('',(#1860,#1861,#1862,#1863,#1864,#1865,#1866,#1867,#1868,
#1869));
#324=EDGE_LOOP('',(#1870,#1871,#1872,#1873));
#325=EDGE_LOOP('',(#1874,#1875,#1876,#1877));
#326=EDGE_LOOP('',(#1878,#1879,#1880,#1881));
#327=EDGE_LOOP('',(#1882,#1883,#1884,#1885,#1886,#1887,#1888));
#328=EDGE_LOOP('',(#1889,#1890,#1891,#1892));
#329=EDGE_LOOP('',(#1893,#1894,#1895,#1896));
#330=EDGE_LOOP('',(#1897,#1898,#1899,#1900));
#331=EDGE_LOOP('',(#1901,#1902,#1903,#1904));
#332=EDGE_LOOP('',(#1905,#1906,#1907,#1908,#1909,#1910,#1911));
#333=EDGE_LOOP('',(#1912,#1913,#1914,#1915,#1916,#1917,#1918));
#334=EDGE_LOOP('',(#1919,#1920,#1921,#1922));
#335=EDGE_LOOP('',(#1923,#1924,#1925,#1926));
#336=EDGE_LOOP('',(#1927,#1928,#1929,#1930));
#337=EDGE_LOOP('',(#1931,#1932,#1933,#1934));
#338=EDGE_LOOP('',(#1935,#1936,#1937,#1938,#1939,#1940,#1941));
#339=EDGE_LOOP('',(#1942,#1943,#1944,#1945,#1946,#1947,#1948,#1949,#1950,
#1951,#1952,#1953,#1954,#1955,#1956,#1957));
#340=EDGE_LOOP('',(#1958));
#341=EDGE_LOOP('',(#1959));
#342=EDGE_LOOP('',(#1960));
#343=EDGE_LOOP('',(#1961));
#344=EDGE_LOOP('',(#1962,#1963,#1964,#1965));
#345=EDGE_LOOP('',(#1966,#1967,#1968,#1969,#1970,#1971,#1972,#1973,#1974,
#1975,#1976,#1977,#1978,#1979,#1980,#1981,#1982,#1983,#1984,#1985));
#346=EDGE_LOOP('',(#1986,#1987,#1988,#1989,#1990,#1991,#1992,#1993,#1994,
#1995,#1996,#1997,#1998,#1999,#2000,#2001));
#347=EDGE_LOOP('',(#2002,#2003,#2004,#2005,#2006,#2007,#2008,#2009,#2010,
#2011,#2012,#2013,#2014,#2015,#2016,#2017));
#348=EDGE_LOOP('',(#2018,#2019,#2020,#2021,#2022,#2023,#2024,#2025,#2026,
#2027,#2028,#2029,#2030,#2031,#2032,#2033));
#349=EDGE_LOOP('',(#2034,#2035,#2036,#2037,#2038,#2039,#2040,#2041,#2042,
#2043,#2044,#2045,#2046,#2047,#2048,#2049));
#350=EDGE_LOOP('',(#2050,#2051,#2052,#2053));
#351=EDGE_LOOP('',(#2054,#2055,#2056,#2057));
#352=EDGE_LOOP('',(#2058,#2059,#2060,#2061));
#353=EDGE_LOOP('',(#2062,#2063,#2064,#2065));
#354=EDGE_LOOP('',(#2066,#2067,#2068,#2069));
#355=EDGE_LOOP('',(#2070,#2071,#2072,#2073));
#356=EDGE_LOOP('',(#2074,#2075,#2076,#2077));
#357=EDGE_LOOP('',(#2078,#2079,#2080,#2081));
#358=EDGE_LOOP('',(#2082,#2083,#2084,#2085));
#359=EDGE_LOOP('',(#2086,#2087,#2088,#2089));
#360=EDGE_LOOP('',(#2090,#2091,#2092,#2093));
#361=EDGE_LOOP('',(#2094,#2095,#2096,#2097));
#362=EDGE_LOOP('',(#2098,#2099,#2100,#2101));
#363=EDGE_LOOP('',(#2102,#2103,#2104,#2105));
#364=EDGE_LOOP('',(#2106,#2107,#2108,#2109));
#365=EDGE_LOOP('',(#2110,#2111,#2112,#2113));
#366=EDGE_LOOP('',(#2114,#2115,#2116,#2117));
#367=EDGE_LOOP('',(#2118,#2119,#2120,#2121));
#368=EDGE_LOOP('',(#2122,#2123,#2124,#2125));
#369=EDGE_LOOP('',(#2126,#2127,#2128,#2129));
#370=EDGE_LOOP('',(#2130,#2131,#2132,#2133));
#371=EDGE_LOOP('',(#2134,#2135,#2136,#2137));
#372=EDGE_LOOP('',(#2138,#2139,#2140,#2141));
#373=EDGE_LOOP('',(#2142,#2143,#2144,#2145));
#374=EDGE_LOOP('',(#2146,#2147,#2148,#2149));
#375=EDGE_LOOP('',(#2150,#2151,#2152,#2153));
#376=EDGE_LOOP('',(#2154,#2155,#2156,#2157));
#377=EDGE_LOOP('',(#2158,#2159,#2160,#2161));
#378=EDGE_LOOP('',(#2162,#2163,#2164,#2165));
#379=EDGE_LOOP('',(#2166,#2167,#2168,#2169));
#380=EDGE_LOOP('',(#2170,#2171,#2172,#2173));
#381=EDGE_LOOP('',(#2174,#2175,#2176,#2177));
#382=LINE('',#3228,#648);
#383=LINE('',#3230,#649);
#384=LINE('',#3232,#650);
#385=LINE('',#3233,#651);
#386=LINE('',#3236,#652);
#387=LINE('',#3238,#653);
#388=LINE('',#3239,#654);
#389=LINE('',#3243,#655);
#390=LINE('',#3245,#656);
#391=LINE('',#3247,#657);
#392=LINE('',#3248,#658);
#393=LINE('',#3251,#659);
#394=LINE('',#3253,#660);
#395=LINE('',#3254,#661);
#396=LINE('',#3257,#662);
#397=LINE('',#3259,#663);
#398=LINE('',#3260,#664);
#399=LINE('',#3262,#665);
#400=LINE('',#3263,#666);
#401=LINE('',#3266,#667);
#402=LINE('',#3268,#668);
#403=LINE('',#3269,#669);
#404=LINE('',#3271,#670);
#405=LINE('',#3272,#671);
#406=LINE('',#3277,#672);
#407=LINE('',#3279,#673);
#408=LINE('',#3281,#674);
#409=LINE('',#3282,#675);
#410=LINE('',#3286,#676);
#411=LINE('',#3288,#677);
#412=LINE('',#3290,#678);
#413=LINE('',#3291,#679);
#414=LINE('',#3297,#680);
#415=LINE('',#3301,#681);
#416=LINE('',#3305,#682);
#417=LINE('',#3307,#683);
#418=LINE('',#3308,#684);
#419=LINE('',#3311,#685);
#420=LINE('',#3313,#686);
#421=LINE('',#3315,#687);
#422=LINE('',#3317,#688);
#423=LINE('',#3318,#689);
#424=LINE('',#3322,#690);
#425=LINE('',#3324,#691);
#426=LINE('',#3326,#692);
#427=LINE('',#3327,#693);
#428=LINE('',#3330,#694);
#429=LINE('',#3332,#695);
#430=LINE('',#3333,#696);
#431=LINE('',#3337,#697);
#432=LINE('',#3339,#698);
#433=LINE('',#3341,#699);
#434=LINE('',#3342,#700);
#435=LINE('',#3346,#701);
#436=LINE('',#3348,#702);
#437=LINE('',#3350,#703);
#438=LINE('',#3351,#704);
#439=LINE('',#3355,#705);
#440=LINE('',#3357,#706);
#441=LINE('',#3359,#707);
#442=LINE('',#3360,#708);
#443=LINE('',#3364,#709);
#444=LINE('',#3368,#710);
#445=LINE('',#3372,#711);
#446=LINE('',#3376,#712);
#447=LINE('',#3380,#713);
#448=LINE('',#3382,#714);
#449=LINE('',#3384,#715);
#450=LINE('',#3388,#716);
#451=LINE('',#3392,#717);
#452=LINE('',#3396,#718);
#453=LINE('',#3400,#719);
#454=LINE('',#3404,#720);
#455=LINE('',#3408,#721);
#456=LINE('',#3410,#722);
#457=LINE('',#3412,#723);
#458=LINE('',#3416,#724);
#459=LINE('',#3417,#725);
#460=LINE('',#3419,#726);
#461=LINE('',#3420,#727);
#462=LINE('',#3421,#728);
#463=LINE('',#3423,#729);
#464=LINE('',#3424,#730);
#465=LINE('',#3427,#731);
#466=LINE('',#3431,#732);
#467=LINE('',#3434,#733);
#468=LINE('',#3439,#734);
#469=LINE('',#3441,#735);
#470=LINE('',#3443,#736);
#471=LINE('',#3445,#737);
#472=LINE('',#3447,#738);
#473=LINE('',#3449,#739);
#474=LINE('',#3450,#740);
#475=LINE('',#3457,#741);
#476=LINE('',#3459,#742);
#477=LINE('',#3461,#743);
#478=LINE('',#3463,#744);
#479=LINE('',#3465,#745);
#480=LINE('',#3469,#746);
#481=LINE('',#3471,#747);
#482=LINE('',#3473,#748);
#483=LINE('',#3475,#749);
#484=LINE('',#3476,#750);
#485=LINE('',#3486,#751);
#486=LINE('',#3489,#752);
#487=LINE('',#3492,#753);
#488=LINE('',#3496,#754);
#489=LINE('',#3499,#755);
#490=LINE('',#3500,#756);
#491=LINE('',#3501,#757);
#492=LINE('',#3504,#758);
#493=LINE('',#3505,#759);
#494=LINE('',#3508,#760);
#495=LINE('',#3509,#761);
#496=LINE('',#3511,#762);
#497=LINE('',#3512,#763);
#498=LINE('',#3519,#764);
#499=LINE('',#3521,#765);
#500=LINE('',#3522,#766);
#501=LINE('',#3524,#767);
#502=LINE('',#3525,#768);
#503=LINE('',#3526,#769);
#504=LINE('',#3527,#770);
#505=LINE('',#3528,#771);
#506=LINE('',#3529,#772);
#507=LINE('',#3530,#773);
#508=LINE('',#3531,#774);
#509=LINE('',#3532,#775);
#510=LINE('',#3533,#776);
#511=LINE('',#3534,#777);
#512=LINE('',#3536,#778);
#513=LINE('',#3539,#779);
#514=LINE('',#3541,#780);
#515=LINE('',#3542,#781);
#516=LINE('',#3546,#782);
#517=LINE('',#3547,#783);
#518=LINE('',#3548,#784);
#519=LINE('',#3552,#785);
#520=LINE('',#3555,#786);
#521=LINE('',#3556,#787);
#522=LINE('',#3560,#788);
#523=LINE('',#3563,#789);
#524=LINE('',#3564,#790);
#525=LINE('',#3568,#791);
#526=LINE('',#3571,#792);
#527=LINE('',#3572,#793);
#528=LINE('',#3576,#794);
#529=LINE('',#3579,#795);
#530=LINE('',#3580,#796);
#531=LINE('',#3584,#797);
#532=LINE('',#3587,#798);
#533=LINE('',#3588,#799);
#534=LINE('',#3591,#800);
#535=LINE('',#3592,#801);
#536=LINE('',#3595,#802);
#537=LINE('',#3596,#803);
#538=LINE('',#3599,#804);
#539=LINE('',#3600,#805);
#540=LINE('',#3603,#806);
#541=LINE('',#3604,#807);
#542=LINE('',#3607,#808);
#543=LINE('',#3608,#809);
#544=LINE('',#3611,#810);
#545=LINE('',#3612,#811);
#546=LINE('',#3615,#812);
#547=LINE('',#3616,#813);
#548=LINE('',#3619,#814);
#549=LINE('',#3620,#815);
#550=LINE('',#3626,#816);
#551=LINE('',#3627,#817);
#552=LINE('',#3628,#818);
#553=LINE('',#3629,#819);
#554=LINE('',#3632,#820);
#555=LINE('',#3633,#821);
#556=LINE('',#3636,#822);
#557=LINE('',#3637,#823);
#558=LINE('',#3639,#824);
#559=LINE('',#3642,#825);
#560=LINE('',#3646,#826);
#561=LINE('',#3650,#827);
#562=LINE('',#3654,#828);
#563=LINE('',#3660,#829);
#564=LINE('',#3661,#830);
#565=LINE('',#3664,#831);
#566=LINE('',#3665,#832);
#567=LINE('',#3669,#833);
#568=LINE('',#3672,#834);
#569=LINE('',#3673,#835);
#570=LINE('',#3677,#836);
#571=LINE('',#3680,#837);
#572=LINE('',#3681,#838);
#573=LINE('',#3685,#839);
#574=LINE('',#3688,#840);
#575=LINE('',#3689,#841);
#576=LINE('',#3695,#842);
#577=LINE('',#3698,#843);
#578=LINE('',#3699,#844);
#579=LINE('',#3703,#845);
#580=LINE('',#3706,#846);
#581=LINE('',#3707,#847);
#582=LINE('',#3711,#848);
#583=LINE('',#3713,#849);
#584=LINE('',#3718,#850);
#585=LINE('',#3722,#851);
#586=LINE('',#3726,#852);
#587=LINE('',#3730,#853);
#588=LINE('',#3734,#854);
#589=LINE('',#3738,#855);
#590=LINE('',#3742,#856);
#591=LINE('',#3746,#857);
#592=LINE('',#3750,#858);
#593=LINE('',#3754,#859);
#594=LINE('',#3758,#860);
#595=LINE('',#3762,#861);
#596=LINE('',#3766,#862);
#597=LINE('',#3770,#863);
#598=LINE('',#3774,#864);
#599=LINE('',#3778,#865);
#600=LINE('',#3783,#866);
#601=LINE('',#3787,#867);
#602=LINE('',#3791,#868);
#603=LINE('',#3795,#869);
#604=LINE('',#3799,#870);
#605=LINE('',#3803,#871);
#606=LINE('',#3807,#872);
#607=LINE('',#3811,#873);
#608=LINE('',#3815,#874);
#609=LINE('',#3819,#875);
#610=LINE('',#3823,#876);
#611=LINE('',#3827,#877);
#612=LINE('',#3831,#878);
#613=LINE('',#3835,#879);
#614=LINE('',#3839,#880);
#615=LINE('',#3843,#881);
#616=LINE('',#3846,#882);
#617=LINE('',#3847,#883);
#618=LINE('',#3849,#884);
#619=LINE('',#3851,#885);
#620=LINE('',#3853,#886);
#621=LINE('',#3855,#887);
#622=LINE('',#3857,#888);
#623=LINE('',#3859,#889);
#624=LINE('',#3861,#890);
#625=LINE('',#3863,#891);
#626=LINE('',#3865,#892);
#627=LINE('',#3867,#893);
#628=LINE('',#3869,#894);
#629=LINE('',#3871,#895);
#630=LINE('',#3873,#896);
#631=LINE('',#3875,#897);
#632=LINE('',#3878,#898);
#633=LINE('',#3879,#899);
#634=LINE('',#3881,#900);
#635=LINE('',#3883,#901);
#636=LINE('',#3885,#902);
#637=LINE('',#3887,#903);
#638=LINE('',#3889,#904);
#639=LINE('',#3891,#905);
#640=LINE('',#3893,#906);
#641=LINE('',#3895,#907);
#642=LINE('',#3897,#908);
#643=LINE('',#3899,#909);
#644=LINE('',#3901,#910);
#645=LINE('',#3903,#911);
#646=LINE('',#3905,#912);
#647=LINE('',#3907,#913);
#648=VECTOR('',#2576,10.);
#649=VECTOR('',#2577,10.);
#650=VECTOR('',#2578,10.);
#651=VECTOR('',#2579,10.);
#652=VECTOR('',#2582,10.);
#653=VECTOR('',#2583,10.);
#654=VECTOR('',#2584,10.);
#655=VECTOR('',#2587,10.);
#656=VECTOR('',#2588,10.);
#657=VECTOR('',#2589,10.);
#658=VECTOR('',#2590,10.);
#659=VECTOR('',#2593,10.);
#660=VECTOR('',#2594,10.);
#661=VECTOR('',#2595,10.);
#662=VECTOR('',#2598,10.);
#663=VECTOR('',#2599,10.);
#664=VECTOR('',#2600,10.);
#665=VECTOR('',#2603,10.);
#666=VECTOR('',#2604,10.);
#667=VECTOR('',#2607,10.);
#668=VECTOR('',#2608,10.);
#669=VECTOR('',#2609,10.);
#670=VECTOR('',#2612,10.);
#671=VECTOR('',#2613,10.);
#672=VECTOR('',#2618,6.5);
#673=VECTOR('',#2619,10.);
#674=VECTOR('',#2620,6.5);
#675=VECTOR('',#2621,10.);
#676=VECTOR('',#2624,10.);
#677=VECTOR('',#2625,10.);
#678=VECTOR('',#2626,10.);
#679=VECTOR('',#2627,10.);
#680=VECTOR('',#2632,10.);
#681=VECTOR('',#2635,10.);
#682=VECTOR('',#2638,10.);
#683=VECTOR('',#2639,10.);
#684=VECTOR('',#2640,10.);
#685=VECTOR('',#2643,10.);
#686=VECTOR('',#2644,10.);
#687=VECTOR('',#2645,10.);
#688=VECTOR('',#2646,10.);
#689=VECTOR('',#2647,10.);
#690=VECTOR('',#2650,10.);
#691=VECTOR('',#2651,10.);
#692=VECTOR('',#2652,10.);
#693=VECTOR('',#2653,10.);
#694=VECTOR('',#2656,10.);
#695=VECTOR('',#2657,10.);
#696=VECTOR('',#2658,10.);
#697=VECTOR('',#2661,10.);
#698=VECTOR('',#2662,10.);
#699=VECTOR('',#2663,10.);
#700=VECTOR('',#2664,10.);
#701=VECTOR('',#2667,10.);
#702=VECTOR('',#2668,10.);
#703=VECTOR('',#2669,10.);
#704=VECTOR('',#2670,10.);
#705=VECTOR('',#2673,10.);
#706=VECTOR('',#2674,10.);
#707=VECTOR('',#2675,10.);
#708=VECTOR('',#2676,10.);
#709=VECTOR('',#2679,10.);
#710=VECTOR('',#2682,10.);
#711=VECTOR('',#2685,10.);
#712=VECTOR('',#2688,10.);
#713=VECTOR('',#2691,10.);
#714=VECTOR('',#2692,10.);
#715=VECTOR('',#2693,10.);
#716=VECTOR('',#2696,10.);
#717=VECTOR('',#2699,10.);
#718=VECTOR('',#2702,10.);
#719=VECTOR('',#2705,10.);
#720=VECTOR('',#2708,10.);
#721=VECTOR('',#2711,10.);
#722=VECTOR('',#2712,10.);
#723=VECTOR('',#2713,10.);
#724=VECTOR('',#2716,10.);
#725=VECTOR('',#2717,10.);
#726=VECTOR('',#2720,10.);
#727=VECTOR('',#2721,10.);
#728=VECTOR('',#2722,10.);
#729=VECTOR('',#2723,10.);
#730=VECTOR('',#2724,10.);
#731=VECTOR('',#2727,10.);
#732=VECTOR('',#2730,10.);
#733=VECTOR('',#2733,10.);
#734=VECTOR('',#2738,10.);
#735=VECTOR('',#2739,10.);
#736=VECTOR('',#2740,10.);
#737=VECTOR('',#2741,10.);
#738=VECTOR('',#2742,10.);
#739=VECTOR('',#2743,10.);
#740=VECTOR('',#2744,10.);
#741=VECTOR('',#2751,10.);
#742=VECTOR('',#2752,10.);
#743=VECTOR('',#2753,10.);
#744=VECTOR('',#2754,10.);
#745=VECTOR('',#2755,10.);
#746=VECTOR('',#2758,10.);
#747=VECTOR('',#2759,10.);
#748=VECTOR('',#2760,10.);
#749=VECTOR('',#2761,10.);
#750=VECTOR('',#2762,10.);
#751=VECTOR('',#2771,8.5);
#752=VECTOR('',#2774,10.);
#753=VECTOR('',#2777,10.);
#754=VECTOR('',#2782,10.);
#755=VECTOR('',#2785,10.);
#756=VECTOR('',#2786,10.);
#757=VECTOR('',#2787,10.);
#758=VECTOR('',#2790,10.);
#759=VECTOR('',#2791,10.);
#760=VECTOR('',#2794,10.);
#761=VECTOR('',#2795,10.);
#762=VECTOR('',#2798,10.);
#763=VECTOR('',#2799,10.);
#764=VECTOR('',#2812,10.);
#765=VECTOR('',#2813,10.);
#766=VECTOR('',#2814,10.);
#767=VECTOR('',#2817,10.);
#768=VECTOR('',#2818,10.);
#769=VECTOR('',#2819,10.);
#770=VECTOR('',#2820,10.);
#771=VECTOR('',#2821,10.);
#772=VECTOR('',#2822,10.);
#773=VECTOR('',#2823,10.);
#774=VECTOR('',#2824,10.);
#775=VECTOR('',#2825,10.);
#776=VECTOR('',#2826,10.);
#777=VECTOR('',#2827,10.);
#778=VECTOR('',#2830,10.);
#779=VECTOR('',#2833,10.);
#780=VECTOR('',#2834,10.);
#781=VECTOR('',#2835,10.);
#782=VECTOR('',#2838,10.);
#783=VECTOR('',#2839,10.);
#784=VECTOR('',#2840,10.);
#785=VECTOR('',#2845,10.);
#786=VECTOR('',#2848,10.);
#787=VECTOR('',#2849,10.);
#788=VECTOR('',#2854,10.);
#789=VECTOR('',#2857,10.);
#790=VECTOR('',#2858,10.);
#791=VECTOR('',#2863,10.);
#792=VECTOR('',#2866,10.);
#793=VECTOR('',#2867,10.);
#794=VECTOR('',#2872,10.);
#795=VECTOR('',#2875,10.);
#796=VECTOR('',#2876,10.);
#797=VECTOR('',#2881,10.);
#798=VECTOR('',#2884,10.);
#799=VECTOR('',#2885,10.);
#800=VECTOR('',#2888,10.);
#801=VECTOR('',#2889,10.);
#802=VECTOR('',#2892,10.);
#803=VECTOR('',#2893,10.);
#804=VECTOR('',#2896,10.);
#805=VECTOR('',#2897,10.);
#806=VECTOR('',#2900,10.);
#807=VECTOR('',#2901,10.);
#808=VECTOR('',#2904,10.);
#809=VECTOR('',#2905,10.);
#810=VECTOR('',#2908,10.);
#811=VECTOR('',#2909,10.);
#812=VECTOR('',#2912,10.);
#813=VECTOR('',#2913,10.);
#814=VECTOR('',#2916,10.);
#815=VECTOR('',#2917,10.);
#816=VECTOR('',#2924,10.);
#817=VECTOR('',#2925,10.);
#818=VECTOR('',#2926,10.);
#819=VECTOR('',#2927,10.);
#820=VECTOR('',#2930,10.);
#821=VECTOR('',#2931,10.);
#822=VECTOR('',#2934,10.);
#823=VECTOR('',#2935,10.);
#824=VECTOR('',#2938,10.);
#825=VECTOR('',#2941,1.375006350013);
#826=VECTOR('',#2946,1.37500635001301);
#827=VECTOR('',#2951,1.375006350013);
#828=VECTOR('',#2956,1.37500635001301);
#829=VECTOR('',#2963,10.);
#830=VECTOR('',#2964,10.);
#831=VECTOR('',#2967,10.);
#832=VECTOR('',#2968,10.);
#833=VECTOR('',#2973,10.);
#834=VECTOR('',#2976,10.);
#835=VECTOR('',#2977,10.);
#836=VECTOR('',#2982,10.);
#837=VECTOR('',#2985,10.);
#838=VECTOR('',#2986,10.);
#839=VECTOR('',#2991,10.);
#840=VECTOR('',#2994,10.);
#841=VECTOR('',#2995,10.);
#842=VECTOR('',#3004,10.);
#843=VECTOR('',#3007,10.);
#844=VECTOR('',#3008,10.);
#845=VECTOR('',#3013,10.);
#846=VECTOR('',#3016,10.);
#847=VECTOR('',#3017,10.);
#848=VECTOR('',#3022,10.);
#849=VECTOR('',#3025,10.);
#850=VECTOR('',#3030,10.);
#851=VECTOR('',#3033,10.);
#852=VECTOR('',#3036,10.);
#853=VECTOR('',#3039,10.);
#854=VECTOR('',#3042,10.);
#855=VECTOR('',#3045,10.);
#856=VECTOR('',#3048,10.);
#857=VECTOR('',#3051,10.);
#858=VECTOR('',#3054,10.);
#859=VECTOR('',#3057,10.);
#860=VECTOR('',#3060,10.);
#861=VECTOR('',#3063,10.);
#862=VECTOR('',#3066,10.);
#863=VECTOR('',#3069,10.);
#864=VECTOR('',#3072,10.);
#865=VECTOR('',#3075,10.);
#866=VECTOR('',#3080,10.);
#867=VECTOR('',#3083,10.);
#868=VECTOR('',#3086,10.);
#869=VECTOR('',#3089,10.);
#870=VECTOR('',#3092,10.);
#871=VECTOR('',#3095,10.);
#872=VECTOR('',#3098,10.);
#873=VECTOR('',#3101,10.);
#874=VECTOR('',#3104,10.);
#875=VECTOR('',#3107,10.);
#876=VECTOR('',#3110,10.);
#877=VECTOR('',#3113,10.);
#878=VECTOR('',#3116,10.);
#879=VECTOR('',#3119,10.);
#880=VECTOR('',#3122,10.);
#881=VECTOR('',#3125,10.);
#882=VECTOR('',#3130,10.);
#883=VECTOR('',#3131,10.);
#884=VECTOR('',#3134,10.);
#885=VECTOR('',#3137,10.);
#886=VECTOR('',#3140,10.);
#887=VECTOR('',#3143,10.);
#888=VECTOR('',#3146,10.);
#889=VECTOR('',#3149,10.);
#890=VECTOR('',#3152,10.);
#891=VECTOR('',#3155,10.);
#892=VECTOR('',#3158,10.);
#893=VECTOR('',#3161,10.);
#894=VECTOR('',#3164,10.);
#895=VECTOR('',#3167,10.);
#896=VECTOR('',#3170,10.);
#897=VECTOR('',#3173,10.);
#898=VECTOR('',#3178,10.);
#899=VECTOR('',#3179,10.);
#900=VECTOR('',#3182,10.);
#901=VECTOR('',#3185,10.);
#902=VECTOR('',#3188,10.);
#903=VECTOR('',#3191,10.);
#904=VECTOR('',#3194,10.);
#905=VECTOR('',#3197,10.);
#906=VECTOR('',#3200,10.);
#907=VECTOR('',#3203,10.);
#908=VECTOR('',#3206,10.);
#909=VECTOR('',#3209,10.);
#910=VECTOR('',#3212,10.);
#911=VECTOR('',#3215,10.);
#912=VECTOR('',#3218,10.);
#913=VECTOR('',#3221,10.);
#914=VERTEX_POINT('',#3226);
#915=VERTEX_POINT('',#3227);
#916=VERTEX_POINT('',#3229);
#917=VERTEX_POINT('',#3231);
#918=VERTEX_POINT('',#3235);
#919=VERTEX_POINT('',#3237);
#920=VERTEX_POINT('',#3241);
#921=VERTEX_POINT('',#3242);
#922=VERTEX_POINT('',#3244);
#923=VERTEX_POINT('',#3246);
#924=VERTEX_POINT('',#3250);
#925=VERTEX_POINT('',#3252);
#926=VERTEX_POINT('',#3256);
#927=VERTEX_POINT('',#3258);
#928=VERTEX_POINT('',#3265);
#929=VERTEX_POINT('',#3267);
#930=VERTEX_POINT('',#3275);
#931=VERTEX_POINT('',#3276);
#932=VERTEX_POINT('',#3278);
#933=VERTEX_POINT('',#3280);
#934=VERTEX_POINT('',#3284);
#935=VERTEX_POINT('',#3285);
#936=VERTEX_POINT('',#3287);
#937=VERTEX_POINT('',#3289);
#938=VERTEX_POINT('',#3293);
#939=VERTEX_POINT('',#3294);
#940=VERTEX_POINT('',#3296);
#941=VERTEX_POINT('',#3298);
#942=VERTEX_POINT('',#3300);
#943=VERTEX_POINT('',#3302);
#944=VERTEX_POINT('',#3304);
#945=VERTEX_POINT('',#3306);
#946=VERTEX_POINT('',#3310);
#947=VERTEX_POINT('',#3312);
#948=VERTEX_POINT('',#3314);
#949=VERTEX_POINT('',#3316);
#950=VERTEX_POINT('',#3320);
#951=VERTEX_POINT('',#3321);
#952=VERTEX_POINT('',#3323);
#953=VERTEX_POINT('',#3325);
#954=VERTEX_POINT('',#3329);
#955=VERTEX_POINT('',#3331);
#956=VERTEX_POINT('',#3335);
#957=VERTEX_POINT('',#3336);
#958=VERTEX_POINT('',#3338);
#959=VERTEX_POINT('',#3340);
#960=VERTEX_POINT('',#3344);
#961=VERTEX_POINT('',#3345);
#962=VERTEX_POINT('',#3347);
#963=VERTEX_POINT('',#3349);
#964=VERTEX_POINT('',#3353);
#965=VERTEX_POINT('',#3354);
#966=VERTEX_POINT('',#3356);
#967=VERTEX_POINT('',#3358);
#968=VERTEX_POINT('',#3362);
#969=VERTEX_POINT('',#3363);
#970=VERTEX_POINT('',#3365);
#971=VERTEX_POINT('',#3367);
#972=VERTEX_POINT('',#3369);
#973=VERTEX_POINT('',#3371);
#974=VERTEX_POINT('',#3373);
#975=VERTEX_POINT('',#3375);
#976=VERTEX_POINT('',#3377);
#977=VERTEX_POINT('',#3379);
#978=VERTEX_POINT('',#3381);
#979=VERTEX_POINT('',#3383);
#980=VERTEX_POINT('',#3385);
#981=VERTEX_POINT('',#3387);
#982=VERTEX_POINT('',#3389);
#983=VERTEX_POINT('',#3391);
#984=VERTEX_POINT('',#3393);
#985=VERTEX_POINT('',#3395);
#986=VERTEX_POINT('',#3397);
#987=VERTEX_POINT('',#3399);
#988=VERTEX_POINT('',#3401);
#989=VERTEX_POINT('',#3403);
#990=VERTEX_POINT('',#3405);
#991=VERTEX_POINT('',#3407);
#992=VERTEX_POINT('',#3409);
#993=VERTEX_POINT('',#3411);
#994=VERTEX_POINT('',#3413);
#995=VERTEX_POINT('',#3415);
#996=VERTEX_POINT('',#3422);
#997=VERTEX_POINT('',#3426);
#998=VERTEX_POINT('',#3428);
#999=VERTEX_POINT('',#3430);
#1000=VERTEX_POINT('',#3432);
#1001=VERTEX_POINT('',#3435);
#1002=VERTEX_POINT('',#3438);
#1003=VERTEX_POINT('',#3440);
#1004=VERTEX_POINT('',#3442);
#1005=VERTEX_POINT('',#3444);
#1006=VERTEX_POINT('',#3446);
#1007=VERTEX_POINT('',#3448);
#1008=VERTEX_POINT('',#3451);
#1009=VERTEX_POINT('',#3454);
#1010=VERTEX_POINT('',#3456);
#1011=VERTEX_POINT('',#3458);
#1012=VERTEX_POINT('',#3460);
#1013=VERTEX_POINT('',#3462);
#1014=VERTEX_POINT('',#3464);
#1015=VERTEX_POINT('',#3466);
#1016=VERTEX_POINT('',#3468);
#1017=VERTEX_POINT('',#3470);
#1018=VERTEX_POINT('',#3472);
#1019=VERTEX_POINT('',#3474);
#1020=VERTEX_POINT('',#3477);
#1021=VERTEX_POINT('',#3479);
#1022=VERTEX_POINT('',#3482);
#1023=VERTEX_POINT('',#3483);
#1024=VERTEX_POINT('',#3485);
#1025=VERTEX_POINT('',#3487);
#1026=VERTEX_POINT('',#3491);
#1027=VERTEX_POINT('',#3494);
#1028=VERTEX_POINT('',#3498);
#1029=VERTEX_POINT('',#3503);
#1030=VERTEX_POINT('',#3507);
#1031=VERTEX_POINT('',#3520);
#1032=VERTEX_POINT('',#3538);
#1033=VERTEX_POINT('',#3540);
#1034=VERTEX_POINT('',#3544);
#1035=VERTEX_POINT('',#3545);
#1036=VERTEX_POINT('',#3550);
#1037=VERTEX_POINT('',#3554);
#1038=VERTEX_POINT('',#3558);
#1039=VERTEX_POINT('',#3562);
#1040=VERTEX_POINT('',#3566);
#1041=VERTEX_POINT('',#3570);
#1042=VERTEX_POINT('',#3574);
#1043=VERTEX_POINT('',#3578);
#1044=VERTEX_POINT('',#3582);
#1045=VERTEX_POINT('',#3586);
#1046=VERTEX_POINT('',#3590);
#1047=VERTEX_POINT('',#3594);
#1048=VERTEX_POINT('',#3598);
#1049=VERTEX_POINT('',#3602);
#1050=VERTEX_POINT('',#3606);
#1051=VERTEX_POINT('',#3610);
#1052=VERTEX_POINT('',#3614);
#1053=VERTEX_POINT('',#3618);
#1054=VERTEX_POINT('',#3624);
#1055=VERTEX_POINT('',#3625);
#1056=VERTEX_POINT('',#3631);
#1057=VERTEX_POINT('',#3635);
#1058=VERTEX_POINT('',#3641);
#1059=VERTEX_POINT('',#3645);
#1060=VERTEX_POINT('',#3649);
#1061=VERTEX_POINT('',#3653);
#1062=VERTEX_POINT('',#3657);
#1063=VERTEX_POINT('',#3658);
#1064=VERTEX_POINT('',#3663);
#1065=VERTEX_POINT('',#3667);
#1066=VERTEX_POINT('',#3671);
#1067=VERTEX_POINT('',#3675);
#1068=VERTEX_POINT('',#3679);
#1069=VERTEX_POINT('',#3683);
#1070=VERTEX_POINT('',#3687);
#1071=VERTEX_POINT('',#3693);
#1072=VERTEX_POINT('',#3697);
#1073=VERTEX_POINT('',#3701);
#1074=VERTEX_POINT('',#3705);
#1075=VERTEX_POINT('',#3709);
#1076=VERTEX_POINT('',#3716);
#1077=VERTEX_POINT('',#3717);
#1078=VERTEX_POINT('',#3719);
#1079=VERTEX_POINT('',#3721);
#1080=VERTEX_POINT('',#3723);
#1081=VERTEX_POINT('',#3725);
#1082=VERTEX_POINT('',#3727);
#1083=VERTEX_POINT('',#3729);
#1084=VERTEX_POINT('',#3731);
#1085=VERTEX_POINT('',#3733);
#1086=VERTEX_POINT('',#3735);
#1087=VERTEX_POINT('',#3737);
#1088=VERTEX_POINT('',#3739);
#1089=VERTEX_POINT('',#3741);
#1090=VERTEX_POINT('',#3743);
#1091=VERTEX_POINT('',#3745);
#1092=VERTEX_POINT('',#3748);
#1093=VERTEX_POINT('',#3749);
#1094=VERTEX_POINT('',#3751);
#1095=VERTEX_POINT('',#3753);
#1096=VERTEX_POINT('',#3755);
#1097=VERTEX_POINT('',#3757);
#1098=VERTEX_POINT('',#3759);
#1099=VERTEX_POINT('',#3761);
#1100=VERTEX_POINT('',#3763);
#1101=VERTEX_POINT('',#3765);
#1102=VERTEX_POINT('',#3767);
#1103=VERTEX_POINT('',#3769);
#1104=VERTEX_POINT('',#3771);
#1105=VERTEX_POINT('',#3773);
#1106=VERTEX_POINT('',#3775);
#1107=VERTEX_POINT('',#3777);
#1108=VERTEX_POINT('',#3781);
#1109=VERTEX_POINT('',#3782);
#1110=VERTEX_POINT('',#3784);
#1111=VERTEX_POINT('',#3786);
#1112=VERTEX_POINT('',#3788);
#1113=VERTEX_POINT('',#3790);
#1114=VERTEX_POINT('',#3792);
#1115=VERTEX_POINT('',#3794);
#1116=VERTEX_POINT('',#3796);
#1117=VERTEX_POINT('',#3798);
#1118=VERTEX_POINT('',#3800);
#1119=VERTEX_POINT('',#3802);
#1120=VERTEX_POINT('',#3804);
#1121=VERTEX_POINT('',#3806);
#1122=VERTEX_POINT('',#3808);
#1123=VERTEX_POINT('',#3810);
#1124=VERTEX_POINT('',#3813);
#1125=VERTEX_POINT('',#3814);
#1126=VERTEX_POINT('',#3816);
#1127=VERTEX_POINT('',#3818);
#1128=VERTEX_POINT('',#3820);
#1129=VERTEX_POINT('',#3822);
#1130=VERTEX_POINT('',#3824);
#1131=VERTEX_POINT('',#3826);
#1132=VERTEX_POINT('',#3828);
#1133=VERTEX_POINT('',#3830);
#1134=VERTEX_POINT('',#3832);
#1135=VERTEX_POINT('',#3834);
#1136=VERTEX_POINT('',#3836);
#1137=VERTEX_POINT('',#3838);
#1138=VERTEX_POINT('',#3840);
#1139=VERTEX_POINT('',#3842);
#1140=EDGE_CURVE('',#914,#915,#382,.T.);
#1141=EDGE_CURVE('',#916,#914,#383,.T.);
#1142=EDGE_CURVE('',#917,#916,#384,.F.);
#1143=EDGE_CURVE('',#917,#915,#385,.T.);
#1144=EDGE_CURVE('',#918,#914,#386,.T.);
#1145=EDGE_CURVE('',#919,#918,#387,.T.);
#1146=EDGE_CURVE('',#916,#919,#388,.F.);
#1147=EDGE_CURVE('',#920,#921,#389,.T.);
#1148=EDGE_CURVE('',#922,#920,#390,.T.);
#1149=EDGE_CURVE('',#923,#922,#391,.T.);
#1150=EDGE_CURVE('',#923,#921,#392,.T.);
#1151=EDGE_CURVE('',#924,#920,#393,.T.);
#1152=EDGE_CURVE('',#925,#924,#394,.T.);
#1153=EDGE_CURVE('',#922,#925,#395,.T.);
#1154=EDGE_CURVE('',#915,#926,#396,.T.);
#1155=EDGE_CURVE('',#927,#917,#397,.F.);
#1156=EDGE_CURVE('',#926,#927,#398,.F.);
#1157=EDGE_CURVE('',#926,#918,#399,.T.);
#1158=EDGE_CURVE('',#919,#927,#400,.F.);
#1159=EDGE_CURVE('',#921,#928,#401,.T.);
#1160=EDGE_CURVE('',#929,#923,#402,.T.);
#1161=EDGE_CURVE('',#928,#929,#403,.T.);
#1162=EDGE_CURVE('',#928,#924,#404,.T.);
#1163=EDGE_CURVE('',#925,#929,#405,.T.);
#1164=EDGE_CURVE('',#930,#931,#406,.T.);
#1165=EDGE_CURVE('',#932,#930,#407,.T.);
#1166=EDGE_CURVE('',#933,#932,#408,.T.);
#1167=EDGE_CURVE('',#933,#931,#409,.T.);
#1168=EDGE_CURVE('',#934,#935,#410,.T.);
#1169=EDGE_CURVE('',#936,#934,#411,.T.);
#1170=EDGE_CURVE('',#937,#936,#412,.T.);
#1171=EDGE_CURVE('',#937,#935,#413,.T.);
#1172=EDGE_CURVE('',#938,#939,#54,.T.);
#1173=EDGE_CURVE('',#939,#940,#414,.T.);
#1174=EDGE_CURVE('',#940,#941,#55,.T.);
#1175=EDGE_CURVE('',#941,#942,#415,.T.);
#1176=EDGE_CURVE('',#942,#943,#56,.T.);
#1177=EDGE_CURVE('',#943,#944,#416,.T.);
#1178=EDGE_CURVE('',#945,#944,#417,.T.);
#1179=EDGE_CURVE('',#938,#945,#418,.T.);
#1180=EDGE_CURVE('',#946,#938,#419,.T.);
#1181=EDGE_CURVE('',#945,#947,#420,.T.);
#1182=EDGE_CURVE('',#948,#947,#421,.T.);
#1183=EDGE_CURVE('',#949,#948,#422,.T.);
#1184=EDGE_CURVE('',#946,#949,#423,.T.);
#1185=EDGE_CURVE('',#950,#951,#424,.T.);
#1186=EDGE_CURVE('',#952,#950,#425,.T.);
#1187=EDGE_CURVE('',#953,#952,#426,.T.);
#1188=EDGE_CURVE('',#953,#951,#427,.T.);
#1189=EDGE_CURVE('',#954,#950,#428,.T.);
#1190=EDGE_CURVE('',#955,#954,#429,.T.);
#1191=EDGE_CURVE('',#952,#955,#430,.T.);
#1192=EDGE_CURVE('',#956,#957,#431,.T.);
#1193=EDGE_CURVE('',#958,#956,#432,.T.);
#1194=EDGE_CURVE('',#959,#958,#433,.T.);
#1195=EDGE_CURVE('',#959,#957,#434,.T.);
#1196=EDGE_CURVE('',#960,#961,#435,.T.);
#1197=EDGE_CURVE('',#962,#960,#436,.T.);
#1198=EDGE_CURVE('',#963,#962,#437,.T.);
#1199=EDGE_CURVE('',#963,#961,#438,.T.);
#1200=EDGE_CURVE('',#964,#965,#439,.T.);
#1201=EDGE_CURVE('',#966,#964,#440,.T.);
#1202=EDGE_CURVE('',#967,#966,#441,.T.);
#1203=EDGE_CURVE('',#967,#965,#442,.T.);
#1204=EDGE_CURVE('',#968,#969,#443,.T.);
#1205=EDGE_CURVE('',#969,#970,#57,.T.);
#1206=EDGE_CURVE('',#970,#971,#444,.T.);
#1207=EDGE_CURVE('',#971,#972,#58,.T.);
#1208=EDGE_CURVE('',#972,#973,#445,.T.);
#1209=EDGE_CURVE('',#973,#974,#59,.T.);
#1210=EDGE_CURVE('',#975,#974,#446,.T.);
#1211=EDGE_CURVE('',#975,#976,#60,.T.);
#1212=EDGE_CURVE('',#977,#976,#447,.T.);
#1213=EDGE_CURVE('',#977,#978,#448,.T.);
#1214=EDGE_CURVE('',#978,#979,#449,.T.);
#1215=EDGE_CURVE('',#979,#980,#61,.T.);
#1216=EDGE_CURVE('',#980,#981,#450,.T.);
#1217=EDGE_CURVE('',#981,#982,#62,.T.);
#1218=EDGE_CURVE('',#982,#983,#451,.T.);
#1219=EDGE_CURVE('',#983,#984,#63,.T.);
#1220=EDGE_CURVE('',#984,#985,#452,.T.);
#1221=EDGE_CURVE('',#985,#986,#64,.T.);
#1222=EDGE_CURVE('',#986,#987,#453,.T.);
#1223=EDGE_CURVE('',#987,#988,#65,.T.);
#1224=EDGE_CURVE('',#988,#989,#454,.T.);
#1225=EDGE_CURVE('',#989,#990,#66,.T.);
#1226=EDGE_CURVE('',#990,#991,#455,.T.);
#1227=EDGE_CURVE('',#991,#992,#456,.T.);
#1228=EDGE_CURVE('',#993,#992,#457,.T.);
#1229=EDGE_CURVE('',#993,#994,#67,.T.);
#1230=EDGE_CURVE('',#995,#994,#458,.T.);
#1231=EDGE_CURVE('',#968,#995,#459,.T.);
#1232=EDGE_CURVE('',#944,#934,#460,.T.);
#1233=EDGE_CURVE('',#951,#934,#461,.T.);
#1234=EDGE_CURVE('',#951,#968,#462,.T.);
#1235=EDGE_CURVE('',#995,#996,#463,.T.);
#1236=EDGE_CURVE('',#947,#996,#464,.T.);
#1237=EDGE_CURVE('',#936,#997,#465,.T.);
#1238=EDGE_CURVE('',#997,#998,#68,.T.);
#1239=EDGE_CURVE('',#998,#999,#466,.T.);
#1240=EDGE_CURVE('',#999,#1000,#69,.T.);
#1241=EDGE_CURVE('',#1000,#953,#467,.T.);
#1242=EDGE_CURVE('',#955,#1001,#70,.T.);
#1243=EDGE_CURVE('',#1001,#959,#71,.T.);
#1244=EDGE_CURVE('',#958,#1002,#468,.T.);
#1245=EDGE_CURVE('',#1002,#1003,#469,.T.);
#1246=EDGE_CURVE('',#1003,#1004,#470,.T.);
#1247=EDGE_CURVE('',#1004,#1005,#471,.T.);
#1248=EDGE_CURVE('',#1005,#1006,#472,.T.);
#1249=EDGE_CURVE('',#1006,#1007,#473,.T.);
#1250=EDGE_CURVE('',#1007,#963,#474,.T.);
#1251=EDGE_CURVE('',#962,#1008,#72,.T.);
#1252=EDGE_CURVE('',#1008,#967,#73,.T.);
#1253=EDGE_CURVE('',#966,#1009,#74,.T.);
#1254=EDGE_CURVE('',#1009,#1010,#475,.T.);
#1255=EDGE_CURVE('',#1011,#1010,#476,.T.);
#1256=EDGE_CURVE('',#1011,#1012,#477,.T.);
#1257=EDGE_CURVE('',#1013,#1012,#478,.T.);
#1258=EDGE_CURVE('',#1013,#1014,#479,.T.);
#1259=EDGE_CURVE('',#1014,#1015,#75,.T.);
#1260=EDGE_CURVE('',#1015,#1016,#480,.T.);
#1261=EDGE_CURVE('',#1016,#1017,#481,.T.);
#1262=EDGE_CURVE('',#1017,#1018,#482,.T.);
#1263=EDGE_CURVE('',#1018,#1019,#483,.T.);
#1264=EDGE_CURVE('',#1019,#937,#484,.T.);
#1265=EDGE_CURVE('',#1020,#1020,#76,.T.);
#1266=EDGE_CURVE('',#1021,#1021,#77,.T.);
#1267=EDGE_CURVE('',#1022,#1023,#78,.T.);
#1268=EDGE_CURVE('',#1023,#1024,#485,.T.);
#1269=EDGE_CURVE('',#1024,#1025,#79,.T.);
#1270=EDGE_CURVE('',#1022,#1025,#486,.T.);
#1271=EDGE_CURVE('',#1026,#1023,#487,.T.);
#1272=EDGE_CURVE('',#931,#1026,#80,.T.);
#1273=EDGE_CURVE('',#1027,#933,#81,.T.);
#1274=EDGE_CURVE('',#1027,#1024,#488,.T.);
#1275=EDGE_CURVE('',#1028,#1022,#489,.T.);
#1276=EDGE_CURVE('',#1011,#1028,#490,.T.);
#1277=EDGE_CURVE('',#1026,#1011,#491,.T.);
#1278=EDGE_CURVE('',#1029,#948,#492,.T.);
#1279=EDGE_CURVE('',#996,#1029,#493,.T.);
#1280=EDGE_CURVE('',#1030,#1028,#494,.T.);
#1281=EDGE_CURVE('',#1012,#1030,#495,.T.);
#1282=EDGE_CURVE('',#1012,#1027,#496,.T.);
#1283=EDGE_CURVE('',#1025,#1030,#497,.T.);
#1284=EDGE_CURVE('',#930,#1010,#82,.T.);
#1285=EDGE_CURVE('',#1013,#932,#83,.T.);
#1286=EDGE_CURVE('',#949,#1030,#498,.T.);
#1287=EDGE_CURVE('',#1031,#1029,#499,.T.);
#1288=EDGE_CURVE('',#1028,#1031,#500,.T.);
#1289=EDGE_CURVE('',#994,#954,#501,.T.);
#1290=EDGE_CURVE('',#957,#954,#502,.T.);
#1291=EDGE_CURVE('',#957,#993,#503,.T.);
#1292=EDGE_CURVE('',#992,#956,#504,.T.);
#1293=EDGE_CURVE('',#961,#956,#505,.T.);
#1294=EDGE_CURVE('',#961,#977,#506,.T.);
#1295=EDGE_CURVE('',#976,#960,#507,.T.);
#1296=EDGE_CURVE('',#965,#960,#508,.T.);
#1297=EDGE_CURVE('',#965,#975,#509,.T.);
#1298=EDGE_CURVE('',#974,#964,#510,.T.);
#1299=EDGE_CURVE('',#1031,#964,#511,.T.);
#1300=EDGE_CURVE('',#935,#946,#512,.T.);
#1301=EDGE_CURVE('',#1032,#1009,#513,.T.);
#1302=EDGE_CURVE('',#1032,#1033,#514,.T.);
#1303=EDGE_CURVE('',#1033,#1014,#515,.T.);
#1304=EDGE_CURVE('',#1034,#1035,#516,.T.);
#1305=EDGE_CURVE('',#1035,#989,#517,.T.);
#1306=EDGE_CURVE('',#1034,#988,#518,.T.);
#1307=EDGE_CURVE('',#1036,#1034,#84,.T.);
#1308=EDGE_CURVE('',#1036,#987,#519,.T.);
#1309=EDGE_CURVE('',#1037,#1036,#520,.T.);
#1310=EDGE_CURVE('',#1037,#986,#521,.T.);
#1311=EDGE_CURVE('',#1038,#1037,#85,.T.);
#1312=EDGE_CURVE('',#1038,#985,#522,.T.);
#1313=EDGE_CURVE('',#1039,#1038,#523,.T.);
#1314=EDGE_CURVE('',#1039,#984,#524,.T.);
#1315=EDGE_CURVE('',#1040,#1039,#86,.T.);
#1316=EDGE_CURVE('',#1040,#983,#525,.T.);
#1317=EDGE_CURVE('',#1041,#1040,#526,.T.);
#1318=EDGE_CURVE('',#1041,#982,#527,.T.);
#1319=EDGE_CURVE('',#1042,#1041,#87,.T.);
#1320=EDGE_CURVE('',#1042,#981,#528,.T.);
#1321=EDGE_CURVE('',#1043,#1042,#529,.T.);
#1322=EDGE_CURVE('',#1043,#980,#530,.T.);
#1323=EDGE_CURVE('',#1044,#1043,#88,.T.);
#1324=EDGE_CURVE('',#1044,#979,#531,.T.);
#1325=EDGE_CURVE('',#1045,#1044,#532,.T.);
#1326=EDGE_CURVE('',#1045,#978,#533,.T.);
#1327=EDGE_CURVE('',#1046,#1045,#534,.T.);
#1328=EDGE_CURVE('',#1046,#1007,#535,.T.);
#1329=EDGE_CURVE('',#1047,#1046,#536,.T.);
#1330=EDGE_CURVE('',#1047,#1006,#537,.T.);
#1331=EDGE_CURVE('',#1048,#1047,#538,.T.);
#1332=EDGE_CURVE('',#1048,#1005,#539,.T.);
#1333=EDGE_CURVE('',#1049,#1048,#540,.T.);
#1334=EDGE_CURVE('',#1049,#1004,#541,.T.);
#1335=EDGE_CURVE('',#1050,#1049,#542,.T.);
#1336=EDGE_CURVE('',#1050,#1003,#543,.T.);
#1337=EDGE_CURVE('',#1051,#1050,#544,.T.);
#1338=EDGE_CURVE('',#1051,#1002,#545,.T.);
#1339=EDGE_CURVE('',#1052,#1051,#546,.T.);
#1340=EDGE_CURVE('',#1052,#991,#547,.T.);
#1341=EDGE_CURVE('',#1053,#1052,#548,.T.);
#1342=EDGE_CURVE('',#1053,#990,#549,.T.);
#1343=EDGE_CURVE('',#1035,#1053,#89,.T.);
#1344=EDGE_CURVE('',#1054,#1055,#550,.T.);
#1345=EDGE_CURVE('',#1055,#1016,#551,.T.);
#1346=EDGE_CURVE('',#1015,#946,#552,.T.);
#1347=EDGE_CURVE('',#1054,#1019,#553,.T.);
#1348=EDGE_CURVE('',#1056,#1054,#554,.T.);
#1349=EDGE_CURVE('',#1056,#1018,#555,.T.);
#1350=EDGE_CURVE('',#1057,#1056,#556,.T.);
#1351=EDGE_CURVE('',#1057,#1017,#557,.T.);
#1352=EDGE_CURVE('',#1055,#1057,#558,.T.);
#1353=EDGE_CURVE('',#1020,#1058,#559,.T.);
#1354=EDGE_CURVE('',#1058,#1058,#90,.T.);
#1355=EDGE_CURVE('',#1008,#1059,#560,.T.);
#1356=EDGE_CURVE('',#1059,#1059,#91,.T.);
#1357=EDGE_CURVE('',#1021,#1060,#561,.T.);
#1358=EDGE_CURVE('',#1060,#1060,#92,.T.);
#1359=EDGE_CURVE('',#1001,#1061,#562,.T.);
#1360=EDGE_CURVE('',#1061,#1061,#93,.T.);
#1361=EDGE_CURVE('',#1062,#1063,#94,.T.);
#1362=EDGE_CURVE('',#1062,#1000,#563,.T.);
#1363=EDGE_CURVE('',#1063,#999,#564,.T.);
#1364=EDGE_CURVE('',#1064,#1063,#565,.T.);
#1365=EDGE_CURVE('',#1064,#998,#566,.T.);
#1366=EDGE_CURVE('',#1064,#1065,#95,.T.);
#1367=EDGE_CURVE('',#1065,#997,#567,.T.);
#1368=EDGE_CURVE('',#1066,#1065,#568,.T.);
#1369=EDGE_CURVE('',#1066,#943,#569,.T.);
#1370=EDGE_CURVE('',#1067,#1066,#96,.T.);
#1371=EDGE_CURVE('',#1067,#942,#570,.T.);
#1372=EDGE_CURVE('',#1068,#1067,#571,.T.);
#1373=EDGE_CURVE('',#1068,#941,#572,.T.);
#1374=EDGE_CURVE('',#1069,#1068,#97,.T.);
#1375=EDGE_CURVE('',#1069,#940,#573,.T.);
#1376=EDGE_CURVE('',#1070,#1069,#574,.T.);
#1377=EDGE_CURVE('',#1070,#939,#575,.T.);
#1378=EDGE_CURVE('',#1033,#1070,#98,.T.);
#1379=EDGE_CURVE('',#1071,#1032,#99,.T.);
#1380=EDGE_CURVE('',#1071,#973,#576,.T.);
#1381=EDGE_CURVE('',#1072,#1071,#577,.T.);
#1382=EDGE_CURVE('',#1072,#972,#578,.T.);
#1383=EDGE_CURVE('',#1073,#1072,#100,.T.);
#1384=EDGE_CURVE('',#1073,#971,#579,.T.);
#1385=EDGE_CURVE('',#1074,#1073,#580,.T.);
#1386=EDGE_CURVE('',#1074,#970,#581,.T.);
#1387=EDGE_CURVE('',#1075,#1074,#101,.T.);
#1388=EDGE_CURVE('',#1075,#969,#582,.T.);
#1389=EDGE_CURVE('',#1062,#1075,#583,.T.);
#1390=EDGE_CURVE('',#1076,#1077,#584,.T.);
#1391=EDGE_CURVE('',#1076,#1078,#102,.T.);
#1392=EDGE_CURVE('',#1079,#1078,#585,.T.);
#1393=EDGE_CURVE('',#1079,#1080,#103,.T.);
#1394=EDGE_CURVE('',#1081,#1080,#586,.T.);
#1395=EDGE_CURVE('',#1082,#1081,#104,.T.);
#1396=EDGE_CURVE('',#1083,#1082,#587,.T.);
#1397=EDGE_CURVE('',#1084,#1083,#105,.T.);
#1398=EDGE_CURVE('',#1085,#1084,#588,.T.);
#1399=EDGE_CURVE('',#1086,#1085,#106,.T.);
#1400=EDGE_CURVE('',#1087,#1086,#589,.T.);
#1401=EDGE_CURVE('',#1088,#1087,#107,.T.);
#1402=EDGE_CURVE('',#1089,#1088,#590,.T.);
#1403=EDGE_CURVE('',#1090,#1089,#108,.T.);
#1404=EDGE_CURVE('',#1091,#1090,#591,.T.);
#1405=EDGE_CURVE('',#1077,#1091,#109,.T.);
#1406=EDGE_CURVE('',#1092,#1093,#592,.T.);
#1407=EDGE_CURVE('',#1094,#1092,#110,.T.);
#1408=EDGE_CURVE('',#1095,#1094,#593,.T.);
#1409=EDGE_CURVE('',#1096,#1095,#111,.T.);
#1410=EDGE_CURVE('',#1097,#1096,#594,.T.);
#1411=EDGE_CURVE('',#1098,#1097,#112,.T.);
#1412=EDGE_CURVE('',#1099,#1098,#595,.T.);
#1413=EDGE_CURVE('',#1100,#1099,#113,.T.);
#1414=EDGE_CURVE('',#1101,#1100,#596,.T.);
#1415=EDGE_CURVE('',#1102,#1101,#114,.T.);
#1416=EDGE_CURVE('',#1103,#1102,#597,.T.);
#1417=EDGE_CURVE('',#1104,#1103,#115,.T.);
#1418=EDGE_CURVE('',#1105,#1104,#598,.T.);
#1419=EDGE_CURVE('',#1105,#1106,#116,.T.);
#1420=EDGE_CURVE('',#1107,#1106,#599,.T.);
#1421=EDGE_CURVE('',#1107,#1093,#117,.T.);
#1422=EDGE_CURVE('',#1108,#1109,#600,.T.);
#1423=EDGE_CURVE('',#1109,#1110,#118,.T.);
#1424=EDGE_CURVE('',#1110,#1111,#601,.T.);
#1425=EDGE_CURVE('',#1111,#1112,#119,.T.);
#1426=EDGE_CURVE('',#1112,#1113,#602,.T.);
#1427=EDGE_CURVE('',#1113,#1114,#120,.T.);
#1428=EDGE_CURVE('',#1114,#1115,#603,.T.);
#1429=EDGE_CURVE('',#1115,#1116,#121,.T.);
#1430=EDGE_CURVE('',#1116,#1117,#604,.T.);
#1431=EDGE_CURVE('',#1117,#1118,#122,.T.);
#1432=EDGE_CURVE('',#1118,#1119,#605,.T.);
#1433=EDGE_CURVE('',#1119,#1120,#123,.T.);
#1434=EDGE_CURVE('',#1120,#1121,#606,.T.);
#1435=EDGE_CURVE('',#1121,#1122,#124,.T.);
#1436=EDGE_CURVE('',#1122,#1123,#607,.T.);
#1437=EDGE_CURVE('',#1123,#1108,#125,.T.);
#1438=EDGE_CURVE('',#1124,#1125,#608,.T.);
#1439=EDGE_CURVE('',#1125,#1126,#126,.T.);
#1440=EDGE_CURVE('',#1126,#1127,#609,.T.);
#1441=EDGE_CURVE('',#1127,#1128,#127,.T.);
#1442=EDGE_CURVE('',#1128,#1129,#610,.T.);
#1443=EDGE_CURVE('',#1129,#1130,#128,.T.);
#1444=EDGE_CURVE('',#1130,#1131,#611,.T.);
#1445=EDGE_CURVE('',#1131,#1132,#129,.T.);
#1446=EDGE_CURVE('',#1132,#1133,#612,.T.);
#1447=EDGE_CURVE('',#1133,#1134,#130,.T.);
#1448=EDGE_CURVE('',#1134,#1135,#613,.T.);
#1449=EDGE_CURVE('',#1135,#1136,#131,.T.);
#1450=EDGE_CURVE('',#1136,#1137,#614,.T.);
#1451=EDGE_CURVE('',#1137,#1138,#132,.T.);
#1452=EDGE_CURVE('',#1138,#1139,#615,.T.);
#1453=EDGE_CURVE('',#1139,#1124,#133,.T.);
#1454=EDGE_CURVE('',#1077,#1109,#616,.T.);
#1455=EDGE_CURVE('',#1076,#1108,#617,.T.);
#1456=EDGE_CURVE('',#1091,#1110,#618,.T.);
#1457=EDGE_CURVE('',#1090,#1111,#619,.T.);
#1458=EDGE_CURVE('',#1089,#1112,#620,.T.);
#1459=EDGE_CURVE('',#1088,#1113,#621,.T.);
#1460=EDGE_CURVE('',#1087,#1114,#622,.T.);
#1461=EDGE_CURVE('',#1086,#1115,#623,.T.);
#1462=EDGE_CURVE('',#1085,#1116,#624,.T.);
#1463=EDGE_CURVE('',#1084,#1117,#625,.T.);
#1464=EDGE_CURVE('',#1083,#1118,#626,.T.);
#1465=EDGE_CURVE('',#1082,#1119,#627,.T.);
#1466=EDGE_CURVE('',#1081,#1120,#628,.T.);
#1467=EDGE_CURVE('',#1080,#1121,#629,.T.);
#1468=EDGE_CURVE('',#1079,#1122,#630,.T.);
#1469=EDGE_CURVE('',#1078,#1123,#631,.T.);
#1470=EDGE_CURVE('',#1093,#1125,#632,.T.);
#1471=EDGE_CURVE('',#1092,#1124,#633,.T.);
#1472=EDGE_CURVE('',#1107,#1126,#634,.T.);
#1473=EDGE_CURVE('',#1106,#1127,#635,.T.);
#1474=EDGE_CURVE('',#1105,#1128,#636,.T.);
#1475=EDGE_CURVE('',#1104,#1129,#637,.T.);
#1476=EDGE_CURVE('',#1103,#1130,#638,.T.);
#1477=EDGE_CURVE('',#1102,#1131,#639,.T.);
#1478=EDGE_CURVE('',#1101,#1132,#640,.T.);
#1479=EDGE_CURVE('',#1100,#1133,#641,.T.);
#1480=EDGE_CURVE('',#1099,#1134,#642,.T.);
#1481=EDGE_CURVE('',#1098,#1135,#643,.T.);
#1482=EDGE_CURVE('',#1097,#1136,#644,.T.);
#1483=EDGE_CURVE('',#1096,#1137,#645,.T.);
#1484=EDGE_CURVE('',#1095,#1138,#646,.T.);
#1485=EDGE_CURVE('',#1094,#1139,#647,.T.);
#1486=ORIENTED_EDGE('',*,*,#1140,.F.);
#1487=ORIENTED_EDGE('',*,*,#1141,.F.);
#1488=ORIENTED_EDGE('',*,*,#1142,.F.);
#1489=ORIENTED_EDGE('',*,*,#1143,.T.);
#1490=ORIENTED_EDGE('',*,*,#1144,.F.);
#1491=ORIENTED_EDGE('',*,*,#1145,.F.);
#1492=ORIENTED_EDGE('',*,*,#1146,.F.);
#1493=ORIENTED_EDGE('',*,*,#1141,.T.);
#1494=ORIENTED_EDGE('',*,*,#1147,.F.);
#1495=ORIENTED_EDGE('',*,*,#1148,.F.);
#1496=ORIENTED_EDGE('',*,*,#1149,.F.);
#1497=ORIENTED_EDGE('',*,*,#1150,.T.);
#1498=ORIENTED_EDGE('',*,*,#1151,.F.);
#1499=ORIENTED_EDGE('',*,*,#1152,.F.);
#1500=ORIENTED_EDGE('',*,*,#1153,.F.);
#1501=ORIENTED_EDGE('',*,*,#1148,.T.);
#1502=ORIENTED_EDGE('',*,*,#1154,.F.);
#1503=ORIENTED_EDGE('',*,*,#1143,.F.);
#1504=ORIENTED_EDGE('',*,*,#1155,.F.);
#1505=ORIENTED_EDGE('',*,*,#1156,.F.);
#1506=ORIENTED_EDGE('',*,*,#1157,.F.);
#1507=ORIENTED_EDGE('',*,*,#1156,.T.);
#1508=ORIENTED_EDGE('',*,*,#1158,.F.);
#1509=ORIENTED_EDGE('',*,*,#1145,.T.);
#1510=ORIENTED_EDGE('',*,*,#1159,.F.);
#1511=ORIENTED_EDGE('',*,*,#1150,.F.);
#1512=ORIENTED_EDGE('',*,*,#1160,.F.);
#1513=ORIENTED_EDGE('',*,*,#1161,.F.);
#1514=ORIENTED_EDGE('',*,*,#1162,.F.);
#1515=ORIENTED_EDGE('',*,*,#1161,.T.);
#1516=ORIENTED_EDGE('',*,*,#1163,.F.);
#1517=ORIENTED_EDGE('',*,*,#1152,.T.);
#1518=ORIENTED_EDGE('',*,*,#1163,.T.);
#1519=ORIENTED_EDGE('',*,*,#1160,.T.);
#1520=ORIENTED_EDGE('',*,*,#1149,.T.);
#1521=ORIENTED_EDGE('',*,*,#1153,.T.);
#1522=ORIENTED_EDGE('',*,*,#1158,.T.);
#1523=ORIENTED_EDGE('',*,*,#1155,.T.);
#1524=ORIENTED_EDGE('',*,*,#1142,.T.);
#1525=ORIENTED_EDGE('',*,*,#1146,.T.);
#1526=ORIENTED_EDGE('',*,*,#1164,.F.);
#1527=ORIENTED_EDGE('',*,*,#1165,.F.);
#1528=ORIENTED_EDGE('',*,*,#1166,.F.);
#1529=ORIENTED_EDGE('',*,*,#1167,.T.);
#1530=ORIENTED_EDGE('',*,*,#1151,.T.);
#1531=ORIENTED_EDGE('',*,*,#1147,.T.);
#1532=ORIENTED_EDGE('',*,*,#1159,.T.);
#1533=ORIENTED_EDGE('',*,*,#1162,.T.);
#1534=ORIENTED_EDGE('',*,*,#1168,.F.);
#1535=ORIENTED_EDGE('',*,*,#1169,.F.);
#1536=ORIENTED_EDGE('',*,*,#1170,.F.);
#1537=ORIENTED_EDGE('',*,*,#1171,.T.);
#1538=ORIENTED_EDGE('',*,*,#1172,.T.);
#1539=ORIENTED_EDGE('',*,*,#1173,.T.);
#1540=ORIENTED_EDGE('',*,*,#1174,.T.);
#1541=ORIENTED_EDGE('',*,*,#1175,.T.);
#1542=ORIENTED_EDGE('',*,*,#1176,.T.);
#1543=ORIENTED_EDGE('',*,*,#1177,.T.);
#1544=ORIENTED_EDGE('',*,*,#1178,.F.);
#1545=ORIENTED_EDGE('',*,*,#1179,.F.);
#1546=ORIENTED_EDGE('',*,*,#1180,.T.);
#1547=ORIENTED_EDGE('',*,*,#1179,.T.);
#1548=ORIENTED_EDGE('',*,*,#1181,.T.);
#1549=ORIENTED_EDGE('',*,*,#1182,.F.);
#1550=ORIENTED_EDGE('',*,*,#1183,.F.);
#1551=ORIENTED_EDGE('',*,*,#1184,.F.);
#1552=ORIENTED_EDGE('',*,*,#1185,.F.);
#1553=ORIENTED_EDGE('',*,*,#1186,.F.);
#1554=ORIENTED_EDGE('',*,*,#1187,.F.);
#1555=ORIENTED_EDGE('',*,*,#1188,.T.);
#1556=ORIENTED_EDGE('',*,*,#1189,.F.);
#1557=ORIENTED_EDGE('',*,*,#1190,.F.);
#1558=ORIENTED_EDGE('',*,*,#1191,.F.);
#1559=ORIENTED_EDGE('',*,*,#1186,.T.);
#1560=ORIENTED_EDGE('',*,*,#1192,.F.);
#1561=ORIENTED_EDGE('',*,*,#1193,.F.);
#1562=ORIENTED_EDGE('',*,*,#1194,.F.);
#1563=ORIENTED_EDGE('',*,*,#1195,.T.);
#1564=ORIENTED_EDGE('',*,*,#1196,.F.);
#1565=ORIENTED_EDGE('',*,*,#1197,.F.);
#1566=ORIENTED_EDGE('',*,*,#1198,.F.);
#1567=ORIENTED_EDGE('',*,*,#1199,.T.);
#1568=ORIENTED_EDGE('',*,*,#1200,.F.);
#1569=ORIENTED_EDGE('',*,*,#1201,.F.);
#1570=ORIENTED_EDGE('',*,*,#1202,.F.);
#1571=ORIENTED_EDGE('',*,*,#1203,.T.);
#1572=ORIENTED_EDGE('',*,*,#1204,.T.);
#1573=ORIENTED_EDGE('',*,*,#1205,.T.);
#1574=ORIENTED_EDGE('',*,*,#1206,.T.);
#1575=ORIENTED_EDGE('',*,*,#1207,.T.);
#1576=ORIENTED_EDGE('',*,*,#1208,.T.);
#1577=ORIENTED_EDGE('',*,*,#1209,.T.);
#1578=ORIENTED_EDGE('',*,*,#1210,.F.);
#1579=ORIENTED_EDGE('',*,*,#1211,.T.);
#1580=ORIENTED_EDGE('',*,*,#1212,.F.);
#1581=ORIENTED_EDGE('',*,*,#1213,.T.);
#1582=ORIENTED_EDGE('',*,*,#1214,.T.);
#1583=ORIENTED_EDGE('',*,*,#1215,.T.);
#1584=ORIENTED_EDGE('',*,*,#1216,.T.);
#1585=ORIENTED_EDGE('',*,*,#1217,.T.);
#1586=ORIENTED_EDGE('',*,*,#1218,.T.);
#1587=ORIENTED_EDGE('',*,*,#1219,.T.);
#1588=ORIENTED_EDGE('',*,*,#1220,.T.);
#1589=ORIENTED_EDGE('',*,*,#1221,.T.);
#1590=ORIENTED_EDGE('',*,*,#1222,.T.);
#1591=ORIENTED_EDGE('',*,*,#1223,.T.);
#1592=ORIENTED_EDGE('',*,*,#1224,.T.);
#1593=ORIENTED_EDGE('',*,*,#1225,.T.);
#1594=ORIENTED_EDGE('',*,*,#1226,.T.);
#1595=ORIENTED_EDGE('',*,*,#1227,.T.);
#1596=ORIENTED_EDGE('',*,*,#1228,.F.);
#1597=ORIENTED_EDGE('',*,*,#1229,.T.);
#1598=ORIENTED_EDGE('',*,*,#1230,.F.);
#1599=ORIENTED_EDGE('',*,*,#1231,.F.);
#1600=ORIENTED_EDGE('',*,*,#1232,.T.);
#1601=ORIENTED_EDGE('',*,*,#1233,.F.);
#1602=ORIENTED_EDGE('',*,*,#1234,.T.);
#1603=ORIENTED_EDGE('',*,*,#1231,.T.);
#1604=ORIENTED_EDGE('',*,*,#1235,.T.);
#1605=ORIENTED_EDGE('',*,*,#1236,.F.);
#1606=ORIENTED_EDGE('',*,*,#1181,.F.);
#1607=ORIENTED_EDGE('',*,*,#1178,.T.);
#1608=ORIENTED_EDGE('',*,*,#1170,.T.);
#1609=ORIENTED_EDGE('',*,*,#1237,.T.);
#1610=ORIENTED_EDGE('',*,*,#1238,.T.);
#1611=ORIENTED_EDGE('',*,*,#1239,.T.);
#1612=ORIENTED_EDGE('',*,*,#1240,.T.);
#1613=ORIENTED_EDGE('',*,*,#1241,.T.);
#1614=ORIENTED_EDGE('',*,*,#1187,.T.);
#1615=ORIENTED_EDGE('',*,*,#1191,.T.);
#1616=ORIENTED_EDGE('',*,*,#1242,.T.);
#1617=ORIENTED_EDGE('',*,*,#1243,.T.);
#1618=ORIENTED_EDGE('',*,*,#1194,.T.);
#1619=ORIENTED_EDGE('',*,*,#1244,.T.);
#1620=ORIENTED_EDGE('',*,*,#1245,.T.);
#1621=ORIENTED_EDGE('',*,*,#1246,.T.);
#1622=ORIENTED_EDGE('',*,*,#1247,.T.);
#1623=ORIENTED_EDGE('',*,*,#1248,.T.);
#1624=ORIENTED_EDGE('',*,*,#1249,.T.);
#1625=ORIENTED_EDGE('',*,*,#1250,.T.);
#1626=ORIENTED_EDGE('',*,*,#1198,.T.);
#1627=ORIENTED_EDGE('',*,*,#1251,.T.);
#1628=ORIENTED_EDGE('',*,*,#1252,.T.);
#1629=ORIENTED_EDGE('',*,*,#1202,.T.);
#1630=ORIENTED_EDGE('',*,*,#1253,.T.);
#1631=ORIENTED_EDGE('',*,*,#1254,.T.);
#1632=ORIENTED_EDGE('',*,*,#1255,.F.);
#1633=ORIENTED_EDGE('',*,*,#1256,.T.);
#1634=ORIENTED_EDGE('',*,*,#1257,.F.);
#1635=ORIENTED_EDGE('',*,*,#1258,.T.);
#1636=ORIENTED_EDGE('',*,*,#1259,.T.);
#1637=ORIENTED_EDGE('',*,*,#1260,.T.);
#1638=ORIENTED_EDGE('',*,*,#1261,.T.);
#1639=ORIENTED_EDGE('',*,*,#1262,.T.);
#1640=ORIENTED_EDGE('',*,*,#1263,.T.);
#1641=ORIENTED_EDGE('',*,*,#1264,.T.);
#1642=ORIENTED_EDGE('',*,*,#1265,.T.);
#1643=ORIENTED_EDGE('',*,*,#1266,.T.);
#1644=ORIENTED_EDGE('',*,*,#1267,.T.);
#1645=ORIENTED_EDGE('',*,*,#1268,.T.);
#1646=ORIENTED_EDGE('',*,*,#1269,.T.);
#1647=ORIENTED_EDGE('',*,*,#1270,.F.);
#1648=ORIENTED_EDGE('',*,*,#1268,.F.);
#1649=ORIENTED_EDGE('',*,*,#1271,.F.);
#1650=ORIENTED_EDGE('',*,*,#1272,.F.);
#1651=ORIENTED_EDGE('',*,*,#1167,.F.);
#1652=ORIENTED_EDGE('',*,*,#1273,.F.);
#1653=ORIENTED_EDGE('',*,*,#1274,.T.);
#1654=ORIENTED_EDGE('',*,*,#1267,.F.);
#1655=ORIENTED_EDGE('',*,*,#1275,.F.);
#1656=ORIENTED_EDGE('',*,*,#1276,.F.);
#1657=ORIENTED_EDGE('',*,*,#1277,.F.);
#1658=ORIENTED_EDGE('',*,*,#1271,.T.);
#1659=ORIENTED_EDGE('',*,*,#1278,.T.);
#1660=ORIENTED_EDGE('',*,*,#1182,.T.);
#1661=ORIENTED_EDGE('',*,*,#1236,.T.);
#1662=ORIENTED_EDGE('',*,*,#1279,.T.);
#1663=ORIENTED_EDGE('',*,*,#1280,.F.);
#1664=ORIENTED_EDGE('',*,*,#1281,.F.);
#1665=ORIENTED_EDGE('',*,*,#1256,.F.);
#1666=ORIENTED_EDGE('',*,*,#1276,.T.);
#1667=ORIENTED_EDGE('',*,*,#1269,.F.);
#1668=ORIENTED_EDGE('',*,*,#1274,.F.);
#1669=ORIENTED_EDGE('',*,*,#1282,.F.);
#1670=ORIENTED_EDGE('',*,*,#1281,.T.);
#1671=ORIENTED_EDGE('',*,*,#1283,.F.);
#1672=ORIENTED_EDGE('',*,*,#1284,.F.);
#1673=ORIENTED_EDGE('',*,*,#1164,.T.);
#1674=ORIENTED_EDGE('',*,*,#1272,.T.);
#1675=ORIENTED_EDGE('',*,*,#1277,.T.);
#1676=ORIENTED_EDGE('',*,*,#1255,.T.);
#1677=ORIENTED_EDGE('',*,*,#1144,.T.);
#1678=ORIENTED_EDGE('',*,*,#1140,.T.);
#1679=ORIENTED_EDGE('',*,*,#1154,.T.);
#1680=ORIENTED_EDGE('',*,*,#1157,.T.);
#1681=ORIENTED_EDGE('',*,*,#1273,.T.);
#1682=ORIENTED_EDGE('',*,*,#1166,.T.);
#1683=ORIENTED_EDGE('',*,*,#1285,.F.);
#1684=ORIENTED_EDGE('',*,*,#1257,.T.);
#1685=ORIENTED_EDGE('',*,*,#1282,.T.);
#1686=ORIENTED_EDGE('',*,*,#1275,.T.);
#1687=ORIENTED_EDGE('',*,*,#1270,.T.);
#1688=ORIENTED_EDGE('',*,*,#1283,.T.);
#1689=ORIENTED_EDGE('',*,*,#1286,.F.);
#1690=ORIENTED_EDGE('',*,*,#1183,.T.);
#1691=ORIENTED_EDGE('',*,*,#1278,.F.);
#1692=ORIENTED_EDGE('',*,*,#1287,.F.);
#1693=ORIENTED_EDGE('',*,*,#1288,.F.);
#1694=ORIENTED_EDGE('',*,*,#1289,.T.);
#1695=ORIENTED_EDGE('',*,*,#1290,.F.);
#1696=ORIENTED_EDGE('',*,*,#1291,.T.);
#1697=ORIENTED_EDGE('',*,*,#1228,.T.);
#1698=ORIENTED_EDGE('',*,*,#1292,.T.);
#1699=ORIENTED_EDGE('',*,*,#1293,.F.);
#1700=ORIENTED_EDGE('',*,*,#1294,.T.);
#1701=ORIENTED_EDGE('',*,*,#1212,.T.);
#1702=ORIENTED_EDGE('',*,*,#1295,.T.);
#1703=ORIENTED_EDGE('',*,*,#1296,.F.);
#1704=ORIENTED_EDGE('',*,*,#1297,.T.);
#1705=ORIENTED_EDGE('',*,*,#1210,.T.);
#1706=ORIENTED_EDGE('',*,*,#1298,.T.);
#1707=ORIENTED_EDGE('',*,*,#1299,.F.);
#1708=ORIENTED_EDGE('',*,*,#1287,.T.);
#1709=ORIENTED_EDGE('',*,*,#1279,.F.);
#1710=ORIENTED_EDGE('',*,*,#1235,.F.);
#1711=ORIENTED_EDGE('',*,*,#1230,.T.);
#1712=ORIENTED_EDGE('',*,*,#1286,.T.);
#1713=ORIENTED_EDGE('',*,*,#1280,.T.);
#1714=ORIENTED_EDGE('',*,*,#1288,.T.);
#1715=ORIENTED_EDGE('',*,*,#1299,.T.);
#1716=ORIENTED_EDGE('',*,*,#1200,.T.);
#1717=ORIENTED_EDGE('',*,*,#1296,.T.);
#1718=ORIENTED_EDGE('',*,*,#1196,.T.);
#1719=ORIENTED_EDGE('',*,*,#1293,.T.);
#1720=ORIENTED_EDGE('',*,*,#1192,.T.);
#1721=ORIENTED_EDGE('',*,*,#1290,.T.);
#1722=ORIENTED_EDGE('',*,*,#1189,.T.);
#1723=ORIENTED_EDGE('',*,*,#1185,.T.);
#1724=ORIENTED_EDGE('',*,*,#1233,.T.);
#1725=ORIENTED_EDGE('',*,*,#1168,.T.);
#1726=ORIENTED_EDGE('',*,*,#1300,.T.);
#1727=ORIENTED_EDGE('',*,*,#1184,.T.);
#1728=ORIENTED_EDGE('',*,*,#1285,.T.);
#1729=ORIENTED_EDGE('',*,*,#1165,.T.);
#1730=ORIENTED_EDGE('',*,*,#1284,.T.);
#1731=ORIENTED_EDGE('',*,*,#1254,.F.);
#1732=ORIENTED_EDGE('',*,*,#1301,.F.);
#1733=ORIENTED_EDGE('',*,*,#1302,.T.);
#1734=ORIENTED_EDGE('',*,*,#1303,.T.);
#1735=ORIENTED_EDGE('',*,*,#1258,.F.);
#1736=ORIENTED_EDGE('',*,*,#1304,.T.);
#1737=ORIENTED_EDGE('',*,*,#1305,.T.);
#1738=ORIENTED_EDGE('',*,*,#1224,.F.);
#1739=ORIENTED_EDGE('',*,*,#1306,.F.);
#1740=ORIENTED_EDGE('',*,*,#1307,.T.);
#1741=ORIENTED_EDGE('',*,*,#1306,.T.);
#1742=ORIENTED_EDGE('',*,*,#1223,.F.);
#1743=ORIENTED_EDGE('',*,*,#1308,.F.);
#1744=ORIENTED_EDGE('',*,*,#1309,.T.);
#1745=ORIENTED_EDGE('',*,*,#1308,.T.);
#1746=ORIENTED_EDGE('',*,*,#1222,.F.);
#1747=ORIENTED_EDGE('',*,*,#1310,.F.);
#1748=ORIENTED_EDGE('',*,*,#1311,.T.);
#1749=ORIENTED_EDGE('',*,*,#1310,.T.);
#1750=ORIENTED_EDGE('',*,*,#1221,.F.);
#1751=ORIENTED_EDGE('',*,*,#1312,.F.);
#1752=ORIENTED_EDGE('',*,*,#1313,.T.);
#1753=ORIENTED_EDGE('',*,*,#1312,.T.);
#1754=ORIENTED_EDGE('',*,*,#1220,.F.);
#1755=ORIENTED_EDGE('',*,*,#1314,.F.);
#1756=ORIENTED_EDGE('',*,*,#1315,.T.);
#1757=ORIENTED_EDGE('',*,*,#1314,.T.);
#1758=ORIENTED_EDGE('',*,*,#1219,.F.);
#1759=ORIENTED_EDGE('',*,*,#1316,.F.);
#1760=ORIENTED_EDGE('',*,*,#1317,.T.);
#1761=ORIENTED_EDGE('',*,*,#1316,.T.);
#1762=ORIENTED_EDGE('',*,*,#1218,.F.);
#1763=ORIENTED_EDGE('',*,*,#1318,.F.);
#1764=ORIENTED_EDGE('',*,*,#1319,.T.);
#1765=ORIENTED_EDGE('',*,*,#1318,.T.);
#1766=ORIENTED_EDGE('',*,*,#1217,.F.);
#1767=ORIENTED_EDGE('',*,*,#1320,.F.);
#1768=ORIENTED_EDGE('',*,*,#1321,.T.);
#1769=ORIENTED_EDGE('',*,*,#1320,.T.);
#1770=ORIENTED_EDGE('',*,*,#1216,.F.);
#1771=ORIENTED_EDGE('',*,*,#1322,.F.);
#1772=ORIENTED_EDGE('',*,*,#1323,.T.);
#1773=ORIENTED_EDGE('',*,*,#1322,.T.);
#1774=ORIENTED_EDGE('',*,*,#1215,.F.);
#1775=ORIENTED_EDGE('',*,*,#1324,.F.);
#1776=ORIENTED_EDGE('',*,*,#1325,.T.);
#1777=ORIENTED_EDGE('',*,*,#1324,.T.);
#1778=ORIENTED_EDGE('',*,*,#1214,.F.);
#1779=ORIENTED_EDGE('',*,*,#1326,.F.);
#1780=ORIENTED_EDGE('',*,*,#1327,.T.);
#1781=ORIENTED_EDGE('',*,*,#1326,.T.);
#1782=ORIENTED_EDGE('',*,*,#1213,.F.);
#1783=ORIENTED_EDGE('',*,*,#1294,.F.);
#1784=ORIENTED_EDGE('',*,*,#1199,.F.);
#1785=ORIENTED_EDGE('',*,*,#1250,.F.);
#1786=ORIENTED_EDGE('',*,*,#1328,.F.);
#1787=ORIENTED_EDGE('',*,*,#1329,.T.);
#1788=ORIENTED_EDGE('',*,*,#1328,.T.);
#1789=ORIENTED_EDGE('',*,*,#1249,.F.);
#1790=ORIENTED_EDGE('',*,*,#1330,.F.);
#1791=ORIENTED_EDGE('',*,*,#1331,.T.);
#1792=ORIENTED_EDGE('',*,*,#1330,.T.);
#1793=ORIENTED_EDGE('',*,*,#1248,.F.);
#1794=ORIENTED_EDGE('',*,*,#1332,.F.);
#1795=ORIENTED_EDGE('',*,*,#1333,.T.);
#1796=ORIENTED_EDGE('',*,*,#1332,.T.);
#1797=ORIENTED_EDGE('',*,*,#1247,.F.);
#1798=ORIENTED_EDGE('',*,*,#1334,.F.);
#1799=ORIENTED_EDGE('',*,*,#1335,.T.);
#1800=ORIENTED_EDGE('',*,*,#1334,.T.);
#1801=ORIENTED_EDGE('',*,*,#1246,.F.);
#1802=ORIENTED_EDGE('',*,*,#1336,.F.);
#1803=ORIENTED_EDGE('',*,*,#1337,.T.);
#1804=ORIENTED_EDGE('',*,*,#1336,.T.);
#1805=ORIENTED_EDGE('',*,*,#1245,.F.);
#1806=ORIENTED_EDGE('',*,*,#1338,.F.);
#1807=ORIENTED_EDGE('',*,*,#1339,.T.);
#1808=ORIENTED_EDGE('',*,*,#1338,.T.);
#1809=ORIENTED_EDGE('',*,*,#1244,.F.);
#1810=ORIENTED_EDGE('',*,*,#1193,.T.);
#1811=ORIENTED_EDGE('',*,*,#1292,.F.);
#1812=ORIENTED_EDGE('',*,*,#1227,.F.);
#1813=ORIENTED_EDGE('',*,*,#1340,.F.);
#1814=ORIENTED_EDGE('',*,*,#1341,.T.);
#1815=ORIENTED_EDGE('',*,*,#1340,.T.);
#1816=ORIENTED_EDGE('',*,*,#1226,.F.);
#1817=ORIENTED_EDGE('',*,*,#1342,.F.);
#1818=ORIENTED_EDGE('',*,*,#1343,.T.);
#1819=ORIENTED_EDGE('',*,*,#1342,.T.);
#1820=ORIENTED_EDGE('',*,*,#1225,.F.);
#1821=ORIENTED_EDGE('',*,*,#1305,.F.);
#1822=ORIENTED_EDGE('',*,*,#1344,.T.);
#1823=ORIENTED_EDGE('',*,*,#1345,.T.);
#1824=ORIENTED_EDGE('',*,*,#1260,.F.);
#1825=ORIENTED_EDGE('',*,*,#1346,.T.);
#1826=ORIENTED_EDGE('',*,*,#1300,.F.);
#1827=ORIENTED_EDGE('',*,*,#1171,.F.);
#1828=ORIENTED_EDGE('',*,*,#1264,.F.);
#1829=ORIENTED_EDGE('',*,*,#1347,.F.);
#1830=ORIENTED_EDGE('',*,*,#1348,.T.);
#1831=ORIENTED_EDGE('',*,*,#1347,.T.);
#1832=ORIENTED_EDGE('',*,*,#1263,.F.);
#1833=ORIENTED_EDGE('',*,*,#1349,.F.);
#1834=ORIENTED_EDGE('',*,*,#1350,.T.);
#1835=ORIENTED_EDGE('',*,*,#1349,.T.);
#1836=ORIENTED_EDGE('',*,*,#1262,.F.);
#1837=ORIENTED_EDGE('',*,*,#1351,.F.);
#1838=ORIENTED_EDGE('',*,*,#1352,.T.);
#1839=ORIENTED_EDGE('',*,*,#1351,.T.);
#1840=ORIENTED_EDGE('',*,*,#1261,.F.);
#1841=ORIENTED_EDGE('',*,*,#1345,.F.);
#1842=ORIENTED_EDGE('',*,*,#1265,.F.);
#1843=ORIENTED_EDGE('',*,*,#1353,.T.);
#1844=ORIENTED_EDGE('',*,*,#1354,.T.);
#1845=ORIENTED_EDGE('',*,*,#1353,.F.);
#1846=ORIENTED_EDGE('',*,*,#1251,.F.);
#1847=ORIENTED_EDGE('',*,*,#1197,.T.);
#1848=ORIENTED_EDGE('',*,*,#1295,.F.);
#1849=ORIENTED_EDGE('',*,*,#1211,.F.);
#1850=ORIENTED_EDGE('',*,*,#1297,.F.);
#1851=ORIENTED_EDGE('',*,*,#1203,.F.);
#1852=ORIENTED_EDGE('',*,*,#1252,.F.);
#1853=ORIENTED_EDGE('',*,*,#1355,.T.);
#1854=ORIENTED_EDGE('',*,*,#1356,.T.);
#1855=ORIENTED_EDGE('',*,*,#1355,.F.);
#1856=ORIENTED_EDGE('',*,*,#1266,.F.);
#1857=ORIENTED_EDGE('',*,*,#1357,.T.);
#1858=ORIENTED_EDGE('',*,*,#1358,.T.);
#1859=ORIENTED_EDGE('',*,*,#1357,.F.);
#1860=ORIENTED_EDGE('',*,*,#1242,.F.);
#1861=ORIENTED_EDGE('',*,*,#1190,.T.);
#1862=ORIENTED_EDGE('',*,*,#1289,.F.);
#1863=ORIENTED_EDGE('',*,*,#1229,.F.);
#1864=ORIENTED_EDGE('',*,*,#1291,.F.);
#1865=ORIENTED_EDGE('',*,*,#1195,.F.);
#1866=ORIENTED_EDGE('',*,*,#1243,.F.);
#1867=ORIENTED_EDGE('',*,*,#1359,.T.);
#1868=ORIENTED_EDGE('',*,*,#1360,.T.);
#1869=ORIENTED_EDGE('',*,*,#1359,.F.);
#1870=ORIENTED_EDGE('',*,*,#1361,.F.);
#1871=ORIENTED_EDGE('',*,*,#1362,.T.);
#1872=ORIENTED_EDGE('',*,*,#1240,.F.);
#1873=ORIENTED_EDGE('',*,*,#1363,.F.);
#1874=ORIENTED_EDGE('',*,*,#1364,.T.);
#1875=ORIENTED_EDGE('',*,*,#1363,.T.);
#1876=ORIENTED_EDGE('',*,*,#1239,.F.);
#1877=ORIENTED_EDGE('',*,*,#1365,.F.);
#1878=ORIENTED_EDGE('',*,*,#1366,.F.);
#1879=ORIENTED_EDGE('',*,*,#1365,.T.);
#1880=ORIENTED_EDGE('',*,*,#1238,.F.);
#1881=ORIENTED_EDGE('',*,*,#1367,.F.);
#1882=ORIENTED_EDGE('',*,*,#1368,.T.);
#1883=ORIENTED_EDGE('',*,*,#1367,.T.);
#1884=ORIENTED_EDGE('',*,*,#1237,.F.);
#1885=ORIENTED_EDGE('',*,*,#1169,.T.);
#1886=ORIENTED_EDGE('',*,*,#1232,.F.);
#1887=ORIENTED_EDGE('',*,*,#1177,.F.);
#1888=ORIENTED_EDGE('',*,*,#1369,.F.);
#1889=ORIENTED_EDGE('',*,*,#1370,.T.);
#1890=ORIENTED_EDGE('',*,*,#1369,.T.);
#1891=ORIENTED_EDGE('',*,*,#1176,.F.);
#1892=ORIENTED_EDGE('',*,*,#1371,.F.);
#1893=ORIENTED_EDGE('',*,*,#1372,.T.);
#1894=ORIENTED_EDGE('',*,*,#1371,.T.);
#1895=ORIENTED_EDGE('',*,*,#1175,.F.);
#1896=ORIENTED_EDGE('',*,*,#1373,.F.);
#1897=ORIENTED_EDGE('',*,*,#1374,.T.);
#1898=ORIENTED_EDGE('',*,*,#1373,.T.);
#1899=ORIENTED_EDGE('',*,*,#1174,.F.);
#1900=ORIENTED_EDGE('',*,*,#1375,.F.);
#1901=ORIENTED_EDGE('',*,*,#1376,.T.);
#1902=ORIENTED_EDGE('',*,*,#1375,.T.);
#1903=ORIENTED_EDGE('',*,*,#1173,.F.);
#1904=ORIENTED_EDGE('',*,*,#1377,.F.);
#1905=ORIENTED_EDGE('',*,*,#1378,.T.);
#1906=ORIENTED_EDGE('',*,*,#1377,.T.);
#1907=ORIENTED_EDGE('',*,*,#1172,.F.);
#1908=ORIENTED_EDGE('',*,*,#1180,.F.);
#1909=ORIENTED_EDGE('',*,*,#1346,.F.);
#1910=ORIENTED_EDGE('',*,*,#1259,.F.);
#1911=ORIENTED_EDGE('',*,*,#1303,.F.);
#1912=ORIENTED_EDGE('',*,*,#1379,.T.);
#1913=ORIENTED_EDGE('',*,*,#1301,.T.);
#1914=ORIENTED_EDGE('',*,*,#1253,.F.);
#1915=ORIENTED_EDGE('',*,*,#1201,.T.);
#1916=ORIENTED_EDGE('',*,*,#1298,.F.);
#1917=ORIENTED_EDGE('',*,*,#1209,.F.);
#1918=ORIENTED_EDGE('',*,*,#1380,.F.);
#1919=ORIENTED_EDGE('',*,*,#1381,.T.);
#1920=ORIENTED_EDGE('',*,*,#1380,.T.);
#1921=ORIENTED_EDGE('',*,*,#1208,.F.);
#1922=ORIENTED_EDGE('',*,*,#1382,.F.);
#1923=ORIENTED_EDGE('',*,*,#1383,.T.);
#1924=ORIENTED_EDGE('',*,*,#1382,.T.);
#1925=ORIENTED_EDGE('',*,*,#1207,.F.);
#1926=ORIENTED_EDGE('',*,*,#1384,.F.);
#1927=ORIENTED_EDGE('',*,*,#1385,.T.);
#1928=ORIENTED_EDGE('',*,*,#1384,.T.);
#1929=ORIENTED_EDGE('',*,*,#1206,.F.);
#1930=ORIENTED_EDGE('',*,*,#1386,.F.);
#1931=ORIENTED_EDGE('',*,*,#1387,.T.);
#1932=ORIENTED_EDGE('',*,*,#1386,.T.);
#1933=ORIENTED_EDGE('',*,*,#1205,.F.);
#1934=ORIENTED_EDGE('',*,*,#1388,.F.);
#1935=ORIENTED_EDGE('',*,*,#1389,.T.);
#1936=ORIENTED_EDGE('',*,*,#1388,.T.);
#1937=ORIENTED_EDGE('',*,*,#1204,.F.);
#1938=ORIENTED_EDGE('',*,*,#1234,.F.);
#1939=ORIENTED_EDGE('',*,*,#1188,.F.);
#1940=ORIENTED_EDGE('',*,*,#1241,.F.);
#1941=ORIENTED_EDGE('',*,*,#1362,.F.);
#1942=ORIENTED_EDGE('',*,*,#1389,.F.);
#1943=ORIENTED_EDGE('',*,*,#1361,.T.);
#1944=ORIENTED_EDGE('',*,*,#1364,.F.);
#1945=ORIENTED_EDGE('',*,*,#1366,.T.);
#1946=ORIENTED_EDGE('',*,*,#1368,.F.);
#1947=ORIENTED_EDGE('',*,*,#1370,.F.);
#1948=ORIENTED_EDGE('',*,*,#1372,.F.);
#1949=ORIENTED_EDGE('',*,*,#1374,.F.);
#1950=ORIENTED_EDGE('',*,*,#1376,.F.);
#1951=ORIENTED_EDGE('',*,*,#1378,.F.);
#1952=ORIENTED_EDGE('',*,*,#1302,.F.);
#1953=ORIENTED_EDGE('',*,*,#1379,.F.);
#1954=ORIENTED_EDGE('',*,*,#1381,.F.);
#1955=ORIENTED_EDGE('',*,*,#1383,.F.);
#1956=ORIENTED_EDGE('',*,*,#1385,.F.);
#1957=ORIENTED_EDGE('',*,*,#1387,.F.);
#1958=ORIENTED_EDGE('',*,*,#1360,.F.);
#1959=ORIENTED_EDGE('',*,*,#1358,.F.);
#1960=ORIENTED_EDGE('',*,*,#1356,.F.);
#1961=ORIENTED_EDGE('',*,*,#1354,.F.);
#1962=ORIENTED_EDGE('',*,*,#1352,.F.);
#1963=ORIENTED_EDGE('',*,*,#1344,.F.);
#1964=ORIENTED_EDGE('',*,*,#1348,.F.);
#1965=ORIENTED_EDGE('',*,*,#1350,.F.);
#1966=ORIENTED_EDGE('',*,*,#1343,.F.);
#1967=ORIENTED_EDGE('',*,*,#1304,.F.);
#1968=ORIENTED_EDGE('',*,*,#1307,.F.);
#1969=ORIENTED_EDGE('',*,*,#1309,.F.);
#1970=ORIENTED_EDGE('',*,*,#1311,.F.);
#1971=ORIENTED_EDGE('',*,*,#1313,.F.);
#1972=ORIENTED_EDGE('',*,*,#1315,.F.);
#1973=ORIENTED_EDGE('',*,*,#1317,.F.);
#1974=ORIENTED_EDGE('',*,*,#1319,.F.);
#1975=ORIENTED_EDGE('',*,*,#1321,.F.);
#1976=ORIENTED_EDGE('',*,*,#1323,.F.);
#1977=ORIENTED_EDGE('',*,*,#1325,.F.);
#1978=ORIENTED_EDGE('',*,*,#1327,.F.);
#1979=ORIENTED_EDGE('',*,*,#1329,.F.);
#1980=ORIENTED_EDGE('',*,*,#1331,.F.);
#1981=ORIENTED_EDGE('',*,*,#1333,.F.);
#1982=ORIENTED_EDGE('',*,*,#1335,.F.);
#1983=ORIENTED_EDGE('',*,*,#1337,.F.);
#1984=ORIENTED_EDGE('',*,*,#1339,.F.);
#1985=ORIENTED_EDGE('',*,*,#1341,.F.);
#1986=ORIENTED_EDGE('',*,*,#1390,.F.);
#1987=ORIENTED_EDGE('',*,*,#1391,.T.);
#1988=ORIENTED_EDGE('',*,*,#1392,.F.);
#1989=ORIENTED_EDGE('',*,*,#1393,.T.);
#1990=ORIENTED_EDGE('',*,*,#1394,.F.);
#1991=ORIENTED_EDGE('',*,*,#1395,.F.);
#1992=ORIENTED_EDGE('',*,*,#1396,.F.);
#1993=ORIENTED_EDGE('',*,*,#1397,.F.);
#1994=ORIENTED_EDGE('',*,*,#1398,.F.);
#1995=ORIENTED_EDGE('',*,*,#1399,.F.);
#1996=ORIENTED_EDGE('',*,*,#1400,.F.);
#1997=ORIENTED_EDGE('',*,*,#1401,.F.);
#1998=ORIENTED_EDGE('',*,*,#1402,.F.);
#1999=ORIENTED_EDGE('',*,*,#1403,.F.);
#2000=ORIENTED_EDGE('',*,*,#1404,.F.);
#2001=ORIENTED_EDGE('',*,*,#1405,.F.);
#2002=ORIENTED_EDGE('',*,*,#1406,.F.);
#2003=ORIENTED_EDGE('',*,*,#1407,.F.);
#2004=ORIENTED_EDGE('',*,*,#1408,.F.);
#2005=ORIENTED_EDGE('',*,*,#1409,.F.);
#2006=ORIENTED_EDGE('',*,*,#1410,.F.);
#2007=ORIENTED_EDGE('',*,*,#1411,.F.);
#2008=ORIENTED_EDGE('',*,*,#1412,.F.);
#2009=ORIENTED_EDGE('',*,*,#1413,.F.);
#2010=ORIENTED_EDGE('',*,*,#1414,.F.);
#2011=ORIENTED_EDGE('',*,*,#1415,.F.);
#2012=ORIENTED_EDGE('',*,*,#1416,.F.);
#2013=ORIENTED_EDGE('',*,*,#1417,.F.);
#2014=ORIENTED_EDGE('',*,*,#1418,.F.);
#2015=ORIENTED_EDGE('',*,*,#1419,.T.);
#2016=ORIENTED_EDGE('',*,*,#1420,.F.);
#2017=ORIENTED_EDGE('',*,*,#1421,.T.);
#2018=ORIENTED_EDGE('',*,*,#1422,.T.);
#2019=ORIENTED_EDGE('',*,*,#1423,.T.);
#2020=ORIENTED_EDGE('',*,*,#1424,.T.);
#2021=ORIENTED_EDGE('',*,*,#1425,.T.);
#2022=ORIENTED_EDGE('',*,*,#1426,.T.);
#2023=ORIENTED_EDGE('',*,*,#1427,.T.);
#2024=ORIENTED_EDGE('',*,*,#1428,.T.);
#2025=ORIENTED_EDGE('',*,*,#1429,.T.);
#2026=ORIENTED_EDGE('',*,*,#1430,.T.);
#2027=ORIENTED_EDGE('',*,*,#1431,.T.);
#2028=ORIENTED_EDGE('',*,*,#1432,.T.);
#2029=ORIENTED_EDGE('',*,*,#1433,.T.);
#2030=ORIENTED_EDGE('',*,*,#1434,.T.);
#2031=ORIENTED_EDGE('',*,*,#1435,.T.);
#2032=ORIENTED_EDGE('',*,*,#1436,.T.);
#2033=ORIENTED_EDGE('',*,*,#1437,.T.);
#2034=ORIENTED_EDGE('',*,*,#1438,.T.);
#2035=ORIENTED_EDGE('',*,*,#1439,.T.);
#2036=ORIENTED_EDGE('',*,*,#1440,.T.);
#2037=ORIENTED_EDGE('',*,*,#1441,.T.);
#2038=ORIENTED_EDGE('',*,*,#1442,.T.);
#2039=ORIENTED_EDGE('',*,*,#1443,.T.);
#2040=ORIENTED_EDGE('',*,*,#1444,.T.);
#2041=ORIENTED_EDGE('',*,*,#1445,.T.);
#2042=ORIENTED_EDGE('',*,*,#1446,.T.);
#2043=ORIENTED_EDGE('',*,*,#1447,.T.);
#2044=ORIENTED_EDGE('',*,*,#1448,.T.);
#2045=ORIENTED_EDGE('',*,*,#1449,.T.);
#2046=ORIENTED_EDGE('',*,*,#1450,.T.);
#2047=ORIENTED_EDGE('',*,*,#1451,.T.);
#2048=ORIENTED_EDGE('',*,*,#1452,.T.);
#2049=ORIENTED_EDGE('',*,*,#1453,.T.);
#2050=ORIENTED_EDGE('',*,*,#1390,.T.);
#2051=ORIENTED_EDGE('',*,*,#1454,.T.);
#2052=ORIENTED_EDGE('',*,*,#1422,.F.);
#2053=ORIENTED_EDGE('',*,*,#1455,.F.);
#2054=ORIENTED_EDGE('',*,*,#1405,.T.);
#2055=ORIENTED_EDGE('',*,*,#1456,.T.);
#2056=ORIENTED_EDGE('',*,*,#1423,.F.);
#2057=ORIENTED_EDGE('',*,*,#1454,.F.);
#2058=ORIENTED_EDGE('',*,*,#1404,.T.);
#2059=ORIENTED_EDGE('',*,*,#1457,.T.);
#2060=ORIENTED_EDGE('',*,*,#1424,.F.);
#2061=ORIENTED_EDGE('',*,*,#1456,.F.);
#2062=ORIENTED_EDGE('',*,*,#1403,.T.);
#2063=ORIENTED_EDGE('',*,*,#1458,.T.);
#2064=ORIENTED_EDGE('',*,*,#1425,.F.);
#2065=ORIENTED_EDGE('',*,*,#1457,.F.);
#2066=ORIENTED_EDGE('',*,*,#1402,.T.);
#2067=ORIENTED_EDGE('',*,*,#1459,.T.);
#2068=ORIENTED_EDGE('',*,*,#1426,.F.);
#2069=ORIENTED_EDGE('',*,*,#1458,.F.);
#2070=ORIENTED_EDGE('',*,*,#1401,.T.);
#2071=ORIENTED_EDGE('',*,*,#1460,.T.);
#2072=ORIENTED_EDGE('',*,*,#1427,.F.);
#2073=ORIENTED_EDGE('',*,*,#1459,.F.);
#2074=ORIENTED_EDGE('',*,*,#1400,.T.);
#2075=ORIENTED_EDGE('',*,*,#1461,.T.);
#2076=ORIENTED_EDGE('',*,*,#1428,.F.);
#2077=ORIENTED_EDGE('',*,*,#1460,.F.);
#2078=ORIENTED_EDGE('',*,*,#1399,.T.);
#2079=ORIENTED_EDGE('',*,*,#1462,.T.);
#2080=ORIENTED_EDGE('',*,*,#1429,.F.);
#2081=ORIENTED_EDGE('',*,*,#1461,.F.);
#2082=ORIENTED_EDGE('',*,*,#1398,.T.);
#2083=ORIENTED_EDGE('',*,*,#1463,.T.);
#2084=ORIENTED_EDGE('',*,*,#1430,.F.);
#2085=ORIENTED_EDGE('',*,*,#1462,.F.);
#2086=ORIENTED_EDGE('',*,*,#1397,.T.);
#2087=ORIENTED_EDGE('',*,*,#1464,.T.);
#2088=ORIENTED_EDGE('',*,*,#1431,.F.);
#2089=ORIENTED_EDGE('',*,*,#1463,.F.);
#2090=ORIENTED_EDGE('',*,*,#1396,.T.);
#2091=ORIENTED_EDGE('',*,*,#1465,.T.);
#2092=ORIENTED_EDGE('',*,*,#1432,.F.);
#2093=ORIENTED_EDGE('',*,*,#1464,.F.);
#2094=ORIENTED_EDGE('',*,*,#1395,.T.);
#2095=ORIENTED_EDGE('',*,*,#1466,.T.);
#2096=ORIENTED_EDGE('',*,*,#1433,.F.);
#2097=ORIENTED_EDGE('',*,*,#1465,.F.);
#2098=ORIENTED_EDGE('',*,*,#1394,.T.);
#2099=ORIENTED_EDGE('',*,*,#1467,.T.);
#2100=ORIENTED_EDGE('',*,*,#1434,.F.);
#2101=ORIENTED_EDGE('',*,*,#1466,.F.);
#2102=ORIENTED_EDGE('',*,*,#1393,.F.);
#2103=ORIENTED_EDGE('',*,*,#1468,.T.);
#2104=ORIENTED_EDGE('',*,*,#1435,.F.);
#2105=ORIENTED_EDGE('',*,*,#1467,.F.);
#2106=ORIENTED_EDGE('',*,*,#1392,.T.);
#2107=ORIENTED_EDGE('',*,*,#1469,.T.);
#2108=ORIENTED_EDGE('',*,*,#1436,.F.);
#2109=ORIENTED_EDGE('',*,*,#1468,.F.);
#2110=ORIENTED_EDGE('',*,*,#1391,.F.);
#2111=ORIENTED_EDGE('',*,*,#1455,.T.);
#2112=ORIENTED_EDGE('',*,*,#1437,.F.);
#2113=ORIENTED_EDGE('',*,*,#1469,.F.);
#2114=ORIENTED_EDGE('',*,*,#1406,.T.);
#2115=ORIENTED_EDGE('',*,*,#1470,.T.);
#2116=ORIENTED_EDGE('',*,*,#1438,.F.);
#2117=ORIENTED_EDGE('',*,*,#1471,.F.);
#2118=ORIENTED_EDGE('',*,*,#1421,.F.);
#2119=ORIENTED_EDGE('',*,*,#1472,.T.);
#2120=ORIENTED_EDGE('',*,*,#1439,.F.);
#2121=ORIENTED_EDGE('',*,*,#1470,.F.);
#2122=ORIENTED_EDGE('',*,*,#1420,.T.);
#2123=ORIENTED_EDGE('',*,*,#1473,.T.);
#2124=ORIENTED_EDGE('',*,*,#1440,.F.);
#2125=ORIENTED_EDGE('',*,*,#1472,.F.);
#2126=ORIENTED_EDGE('',*,*,#1419,.F.);
#2127=ORIENTED_EDGE('',*,*,#1474,.T.);
#2128=ORIENTED_EDGE('',*,*,#1441,.F.);
#2129=ORIENTED_EDGE('',*,*,#1473,.F.);
#2130=ORIENTED_EDGE('',*,*,#1418,.T.);
#2131=ORIENTED_EDGE('',*,*,#1475,.T.);
#2132=ORIENTED_EDGE('',*,*,#1442,.F.);
#2133=ORIENTED_EDGE('',*,*,#1474,.F.);
#2134=ORIENTED_EDGE('',*,*,#1417,.T.);
#2135=ORIENTED_EDGE('',*,*,#1476,.T.);
#2136=ORIENTED_EDGE('',*,*,#1443,.F.);
#2137=ORIENTED_EDGE('',*,*,#1475,.F.);
#2138=ORIENTED_EDGE('',*,*,#1416,.T.);
#2139=ORIENTED_EDGE('',*,*,#1477,.T.);
#2140=ORIENTED_EDGE('',*,*,#1444,.F.);
#2141=ORIENTED_EDGE('',*,*,#1476,.F.);
#2142=ORIENTED_EDGE('',*,*,#1415,.T.);
#2143=ORIENTED_EDGE('',*,*,#1478,.T.);
#2144=ORIENTED_EDGE('',*,*,#1445,.F.);
#2145=ORIENTED_EDGE('',*,*,#1477,.F.);
#2146=ORIENTED_EDGE('',*,*,#1414,.T.);
#2147=ORIENTED_EDGE('',*,*,#1479,.T.);
#2148=ORIENTED_EDGE('',*,*,#1446,.F.);
#2149=ORIENTED_EDGE('',*,*,#1478,.F.);
#2150=ORIENTED_EDGE('',*,*,#1413,.T.);
#2151=ORIENTED_EDGE('',*,*,#1480,.T.);
#2152=ORIENTED_EDGE('',*,*,#1447,.F.);
#2153=ORIENTED_EDGE('',*,*,#1479,.F.);
#2154=ORIENTED_EDGE('',*,*,#1412,.T.);
#2155=ORIENTED_EDGE('',*,*,#1481,.T.);
#2156=ORIENTED_EDGE('',*,*,#1448,.F.);
#2157=ORIENTED_EDGE('',*,*,#1480,.F.);
#2158=ORIENTED_EDGE('',*,*,#1411,.T.);
#2159=ORIENTED_EDGE('',*,*,#1482,.T.);
#2160=ORIENTED_EDGE('',*,*,#1449,.F.);
#2161=ORIENTED_EDGE('',*,*,#1481,.F.);
#2162=ORIENTED_EDGE('',*,*,#1410,.T.);
#2163=ORIENTED_EDGE('',*,*,#1483,.T.);
#2164=ORIENTED_EDGE('',*,*,#1450,.F.);
#2165=ORIENTED_EDGE('',*,*,#1482,.F.);
#2166=ORIENTED_EDGE('',*,*,#1409,.T.);
#2167=ORIENTED_EDGE('',*,*,#1484,.T.);
#2168=ORIENTED_EDGE('',*,*,#1451,.F.);
#2169=ORIENTED_EDGE('',*,*,#1483,.F.);
#2170=ORIENTED_EDGE('',*,*,#1408,.T.);
#2171=ORIENTED_EDGE('',*,*,#1485,.T.);
#2172=ORIENTED_EDGE('',*,*,#1452,.F.);
#2173=ORIENTED_EDGE('',*,*,#1484,.F.);
#2174=ORIENTED_EDGE('',*,*,#1407,.T.);
#2175=ORIENTED_EDGE('',*,*,#1471,.T.);
#2176=ORIENTED_EDGE('',*,*,#1453,.F.);
#2177=ORIENTED_EDGE('',*,*,#1485,.F.);
#2178=PLANE('',#2380);
#2179=PLANE('',#2381);
#2180=PLANE('',#2382);
#2181=PLANE('',#2383);
#2182=PLANE('',#2384);
#2183=PLANE('',#2385);
#2184=PLANE('',#2386);
#2185=PLANE('',#2387);
#2186=PLANE('',#2388);
#2187=PLANE('',#2389);
#2188=PLANE('',#2390);
#2189=PLANE('',#2391);
#2190=PLANE('',#2395);
#2191=PLANE('',#2396);
#2192=PLANE('',#2397);
#2193=PLANE('',#2398);
#2194=PLANE('',#2399);
#2195=PLANE('',#2400);
#2196=PLANE('',#2401);
#2197=PLANE('',#2413);
#2198=PLANE('',#2414);
#2199=PLANE('',#2428);
#2200=PLANE('',#2431);
#2201=PLANE('',#2432);
#2202=PLANE('',#2433);
#2203=PLANE('',#2434);
#2204=PLANE('',#2437);
#2205=PLANE('',#2440);
#2206=PLANE('',#2441);
#2207=PLANE('',#2442);
#2208=PLANE('',#2443);
#2209=PLANE('',#2444);
#2210=PLANE('',#2447);
#2211=PLANE('',#2450);
#2212=PLANE('',#2453);
#2213=PLANE('',#2456);
#2214=PLANE('',#2459);
#2215=PLANE('',#2460);
#2216=PLANE('',#2461);
#2217=PLANE('',#2462);
#2218=PLANE('',#2463);
#2219=PLANE('',#2464);
#2220=PLANE('',#2465);
#2221=PLANE('',#2466);
#2222=PLANE('',#2467);
#2223=PLANE('',#2470);
#2224=PLANE('',#2471);
#2225=PLANE('',#2472);
#2226=PLANE('',#2473);
#2227=PLANE('',#2484);
#2228=PLANE('',#2487);
#2229=PLANE('',#2490);
#2230=PLANE('',#2493);
#2231=PLANE('',#2498);
#2232=PLANE('',#2501);
#2233=PLANE('',#2504);
#2234=PLANE('',#2505);
#2235=PLANE('',#2506);
#2236=PLANE('',#2523);
#2237=PLANE('',#2540);
#2238=PLANE('',#2542);
#2239=PLANE('',#2544);
#2240=PLANE('',#2546);
#2241=PLANE('',#2548);
#2242=PLANE('',#2550);
#2243=PLANE('',#2552);
#2244=PLANE('',#2554);
#2245=PLANE('',#2556);
#2246=PLANE('',#2558);
#2247=PLANE('',#2560);
#2248=PLANE('',#2562);
#2249=PLANE('',#2564);
#2250=PLANE('',#2566);
#2251=PLANE('',#2568);
#2252=PLANE('',#2570);
#2253=ADVANCED_FACE('',(#146),#2178,.T.);
#2254=ADVANCED_FACE('',(#147),#2179,.T.);
#2255=ADVANCED_FACE('',(#148),#2180,.T.);
#2256=ADVANCED_FACE('',(#149),#2181,.T.);
#2257=ADVANCED_FACE('',(#150),#2182,.T.);
#2258=ADVANCED_FACE('',(#151),#2183,.T.);
#2259=ADVANCED_FACE('',(#152),#2184,.T.);
#2260=ADVANCED_FACE('',(#153),#2185,.T.);
#2261=ADVANCED_FACE('',(#154,#134),#2186,.T.);
#2262=ADVANCED_FACE('',(#155,#135),#2187,.T.);
#2263=ADVANCED_FACE('',(#156),#2188,.T.);
#2264=ADVANCED_FACE('',(#157),#2189,.T.);
#2265=ADVANCED_FACE('',(#158),#2190,.T.);
#2266=ADVANCED_FACE('',(#159),#2191,.T.);
#2267=ADVANCED_FACE('',(#160),#2192,.T.);
#2268=ADVANCED_FACE('',(#161),#2193,.T.);
#2269=ADVANCED_FACE('',(#162),#2194,.T.);
#2270=ADVANCED_FACE('',(#163),#2195,.T.);
#2271=ADVANCED_FACE('',(#164),#2196,.T.);
#2272=ADVANCED_FACE('',(#165),#2197,.T.);
#2273=ADVANCED_FACE('',(#166,#136,#137),#2198,.T.);
#2274=ADVANCED_FACE('',(#167),#17,.T.);
#2275=ADVANCED_FACE('',(#168),#2199,.T.);
#2276=ADVANCED_FACE('',(#169),#2200,.T.);
#2277=ADVANCED_FACE('',(#170),#2201,.T.);
#2278=ADVANCED_FACE('',(#171),#2202,.T.);
#2279=ADVANCED_FACE('',(#172),#2203,.T.);
#2280=ADVANCED_FACE('',(#173),#18,.T.);
#2281=ADVANCED_FACE('',(#174),#2204,.T.);
#2282=ADVANCED_FACE('',(#175),#19,.T.);
#2283=ADVANCED_FACE('',(#176),#2205,.T.);
#2284=ADVANCED_FACE('',(#177),#2206,.T.);
#2285=ADVANCED_FACE('',(#178),#2207,.F.);
#2286=ADVANCED_FACE('',(#179),#2208,.T.);
#2287=ADVANCED_FACE('',(#180),#2209,.T.);
#2288=ADVANCED_FACE('',(#181),#20,.F.);
#2289=ADVANCED_FACE('',(#182),#2210,.T.);
#2290=ADVANCED_FACE('',(#183),#21,.F.);
#2291=ADVANCED_FACE('',(#184),#2211,.T.);
#2292=ADVANCED_FACE('',(#185),#22,.F.);
#2293=ADVANCED_FACE('',(#186),#2212,.T.);
#2294=ADVANCED_FACE('',(#187),#23,.F.);
#2295=ADVANCED_FACE('',(#188),#2213,.T.);
#2296=ADVANCED_FACE('',(#189),#24,.F.);
#2297=ADVANCED_FACE('',(#190),#2214,.T.);
#2298=ADVANCED_FACE('',(#191),#2215,.T.);
#2299=ADVANCED_FACE('',(#192),#2216,.T.);
#2300=ADVANCED_FACE('',(#193),#2217,.T.);
#2301=ADVANCED_FACE('',(#194),#2218,.T.);
#2302=ADVANCED_FACE('',(#195),#2219,.T.);
#2303=ADVANCED_FACE('',(#196),#2220,.T.);
#2304=ADVANCED_FACE('',(#197),#2221,.T.);
#2305=ADVANCED_FACE('',(#198),#2222,.T.);
#2306=ADVANCED_FACE('',(#199),#25,.F.);
#2307=ADVANCED_FACE('',(#200),#2223,.T.);
#2308=ADVANCED_FACE('',(#201),#2224,.T.);
#2309=ADVANCED_FACE('',(#202),#2225,.T.);
#2310=ADVANCED_FACE('',(#203),#2226,.T.);
#2311=ADVANCED_FACE('',(#204),#26,.F.);
#2312=ADVANCED_FACE('',(#205),#27,.F.);
#2313=ADVANCED_FACE('',(#206),#28,.F.);
#2314=ADVANCED_FACE('',(#207),#29,.F.);
#2315=ADVANCED_FACE('',(#208),#30,.F.);
#2316=ADVANCED_FACE('',(#209),#2227,.T.);
#2317=ADVANCED_FACE('',(#210),#31,.F.);
#2318=ADVANCED_FACE('',(#211),#2228,.T.);
#2319=ADVANCED_FACE('',(#212),#32,.T.);
#2320=ADVANCED_FACE('',(#213),#2229,.T.);
#2321=ADVANCED_FACE('',(#214),#33,.T.);
#2322=ADVANCED_FACE('',(#215),#2230,.T.);
#2323=ADVANCED_FACE('',(#216),#34,.T.);
#2324=ADVANCED_FACE('',(#217),#35,.T.);
#2325=ADVANCED_FACE('',(#218),#2231,.T.);
#2326=ADVANCED_FACE('',(#219),#36,.T.);
#2327=ADVANCED_FACE('',(#220),#2232,.T.);
#2328=ADVANCED_FACE('',(#221),#37,.T.);
#2329=ADVANCED_FACE('',(#222),#2233,.T.);
#2330=ADVANCED_FACE('',(#223,#138,#139,#140,#141,#142,#143),#2234,.F.);
#2331=ADVANCED_FACE('',(#224,#144),#2235,.F.);
#2332=ADVANCED_FACE('',(#225,#145),#2236,.T.);
#2333=ADVANCED_FACE('',(#226),#2237,.T.);
#2334=ADVANCED_FACE('',(#227),#38,.T.);
#2335=ADVANCED_FACE('',(#228),#2238,.T.);
#2336=ADVANCED_FACE('',(#229),#39,.T.);
#2337=ADVANCED_FACE('',(#230),#2239,.T.);
#2338=ADVANCED_FACE('',(#231),#40,.T.);
#2339=ADVANCED_FACE('',(#232),#2240,.T.);
#2340=ADVANCED_FACE('',(#233),#41,.T.);
#2341=ADVANCED_FACE('',(#234),#2241,.T.);
#2342=ADVANCED_FACE('',(#235),#42,.T.);
#2343=ADVANCED_FACE('',(#236),#2242,.T.);
#2344=ADVANCED_FACE('',(#237),#43,.T.);
#2345=ADVANCED_FACE('',(#238),#2243,.T.);
#2346=ADVANCED_FACE('',(#239),#44,.F.);
#2347=ADVANCED_FACE('',(#240),#2244,.T.);
#2348=ADVANCED_FACE('',(#241),#45,.F.);
#2349=ADVANCED_FACE('',(#242),#2245,.T.);
#2350=ADVANCED_FACE('',(#243),#46,.T.);
#2351=ADVANCED_FACE('',(#244),#2246,.T.);
#2352=ADVANCED_FACE('',(#245),#47,.T.);
#2353=ADVANCED_FACE('',(#246),#2247,.T.);
#2354=ADVANCED_FACE('',(#247),#48,.F.);
#2355=ADVANCED_FACE('',(#248),#2248,.T.);
#2356=ADVANCED_FACE('',(#249),#49,.F.);
#2357=ADVANCED_FACE('',(#250),#2249,.T.);
#2358=ADVANCED_FACE('',(#251),#50,.F.);
#2359=ADVANCED_FACE('',(#252),#2250,.T.);
#2360=ADVANCED_FACE('',(#253),#51,.F.);
#2361=ADVANCED_FACE('',(#254),#2251,.T.);
#2362=ADVANCED_FACE('',(#255),#52,.F.);
#2363=ADVANCED_FACE('',(#256),#2252,.T.);
#2364=ADVANCED_FACE('',(#257),#53,.F.);
#2365=CLOSED_SHELL('',(#2253,#2254,#2255,#2256,#2257,#2258,#2259,#2260,
#2261,#2262,#2263,#2264,#2265,#2266,#2267,#2268,#2269,#2270,#2271,#2272,
#2273,#2274,#2275,#2276,#2277,#2278,#2279,#2280,#2281,#2282,#2283,#2284,
#2285,#2286,#2287,#2288,#2289,#2290,#2291,#2292,#2293,#2294,#2295,#2296,
#2297,#2298,#2299,#2300,#2301,#2302,#2303,#2304,#2305,#2306,#2307,#2308,
#2309,#2310,#2311,#2312,#2313,#2314,#2315,#2316,#2317,#2318,#2319,#2320,
#2321,#2322,#2323,#2324,#2325,#2326,#2327,#2328,#2329,#2330));
#2366=CLOSED_SHELL('',(#2331,#2332,#2333,#2334,#2335,#2336,#2337,#2338,
#2339,#2340,#2341,#2342,#2343,#2344,#2345,#2346,#2347,#2348,#2349,#2350,
#2351,#2352,#2353,#2354,#2355,#2356,#2357,#2358,#2359,#2360,#2361,#2362,
#2363,#2364));
#2367=DERIVED_UNIT_ELEMENT(#2369,1.);
#2368=DERIVED_UNIT_ELEMENT(#3914,-3.);
#2369=(
MASS_UNIT()
NAMED_UNIT(*)
SI_UNIT(.KILO.,.GRAM.)
);
#2370=DERIVED_UNIT((#2367,#2368));
#2371=MEASURE_REPRESENTATION_ITEM('density measure',
POSITIVE_RATIO_MEASURE(7850.),#2370);
#2372=PROPERTY_DEFINITION_REPRESENTATION(#2377,#2374);
#2373=PROPERTY_DEFINITION_REPRESENTATION(#2378,#2375);
#2374=REPRESENTATION('material name',(#2376),#3911);
#2375=REPRESENTATION('density',(#2371),#3911);
#2376=DESCRIPTIVE_REPRESENTATION_ITEM('Steel','Steel');
#2377=PROPERTY_DEFINITION('material property','material name',#3921);
#2378=PROPERTY_DEFINITION('material property','density of part',#3921);
#2379=AXIS2_PLACEMENT_3D('',#3224,#2572,#2573);
#2380=AXIS2_PLACEMENT_3D('',#3225,#2574,#2575);
#2381=AXIS2_PLACEMENT_3D('',#3234,#2580,#2581);
#2382=AXIS2_PLACEMENT_3D('',#3240,#2585,#2586);
#2383=AXIS2_PLACEMENT_3D('',#3249,#2591,#2592);
#2384=AXIS2_PLACEMENT_3D('',#3255,#2596,#2597);
#2385=AXIS2_PLACEMENT_3D('',#3261,#2601,#2602);
#2386=AXIS2_PLACEMENT_3D('',#3264,#2605,#2606);
#2387=AXIS2_PLACEMENT_3D('',#3270,#2610,#2611);
#2388=AXIS2_PLACEMENT_3D('',#3273,#2614,#2615);
#2389=AXIS2_PLACEMENT_3D('',#3274,#2616,#2617);
#2390=AXIS2_PLACEMENT_3D('',#3283,#2622,#2623);
#2391=AXIS2_PLACEMENT_3D('',#3292,#2628,#2629);
#2392=AXIS2_PLACEMENT_3D('',#3295,#2630,#2631);
#2393=AXIS2_PLACEMENT_3D('',#3299,#2633,#2634);
#2394=AXIS2_PLACEMENT_3D('',#3303,#2636,#2637);
#2395=AXIS2_PLACEMENT_3D('',#3309,#2641,#2642);
#2396=AXIS2_PLACEMENT_3D('',#3319,#2648,#2649);
#2397=AXIS2_PLACEMENT_3D('',#3328,#2654,#2655);
#2398=AXIS2_PLACEMENT_3D('',#3334,#2659,#2660);
#2399=AXIS2_PLACEMENT_3D('',#3343,#2665,#2666);
#2400=AXIS2_PLACEMENT_3D('',#3352,#2671,#2672);
#2401=AXIS2_PLACEMENT_3D('',#3361,#2677,#2678);
#2402=AXIS2_PLACEMENT_3D('',#3366,#2680,#2681);
#2403=AXIS2_PLACEMENT_3D('',#3370,#2683,#2684);
#2404=AXIS2_PLACEMENT_3D('',#3374,#2686,#2687);
#2405=AXIS2_PLACEMENT_3D('',#3378,#2689,#2690);
#2406=AXIS2_PLACEMENT_3D('',#3386,#2694,#2695);
#2407=AXIS2_PLACEMENT_3D('',#3390,#2697,#2698);
#2408=AXIS2_PLACEMENT_3D('',#3394,#2700,#2701);
#2409=AXIS2_PLACEMENT_3D('',#3398,#2703,#2704);
#2410=AXIS2_PLACEMENT_3D('',#3402,#2706,#2707);
#2411=AXIS2_PLACEMENT_3D('',#3406,#2709,#2710);
#2412=AXIS2_PLACEMENT_3D('',#3414,#2714,#2715);
#2413=AXIS2_PLACEMENT_3D('',#3418,#2718,#2719);
#2414=AXIS2_PLACEMENT_3D('',#3425,#2725,#2726);
#2415=AXIS2_PLACEMENT_3D('',#3429,#2728,#2729);
#2416=AXIS2_PLACEMENT_3D('',#3433,#2731,#2732);
#2417=AXIS2_PLACEMENT_3D('',#3436,#2734,#2735);
#2418=AXIS2_PLACEMENT_3D('',#3437,#2736,#2737);
#2419=AXIS2_PLACEMENT_3D('',#3452,#2745,#2746);
#2420=AXIS2_PLACEMENT_3D('',#3453,#2747,#2748);
#2421=AXIS2_PLACEMENT_3D('',#3455,#2749,#2750);
#2422=AXIS2_PLACEMENT_3D('',#3467,#2756,#2757);
#2423=AXIS2_PLACEMENT_3D('',#3478,#2763,#2764);
#2424=AXIS2_PLACEMENT_3D('',#3480,#2765,#2766);
#2425=AXIS2_PLACEMENT_3D('',#3481,#2767,#2768);
#2426=AXIS2_PLACEMENT_3D('',#3484,#2769,#2770);
#2427=AXIS2_PLACEMENT_3D('',#3488,#2772,#2773);
#2428=AXIS2_PLACEMENT_3D('',#3490,#2775,#2776);
#2429=AXIS2_PLACEMENT_3D('',#3493,#2778,#2779);
#2430=AXIS2_PLACEMENT_3D('',#3495,#2780,#2781);
#2431=AXIS2_PLACEMENT_3D('',#3497,#2783,#2784);
#2432=AXIS2_PLACEMENT_3D('',#3502,#2788,#2789);
#2433=AXIS2_PLACEMENT_3D('',#3506,#2792,#2793);
#2434=AXIS2_PLACEMENT_3D('',#3510,#2796,#2797);
#2435=AXIS2_PLACEMENT_3D('',#3513,#2800,#2801);
#2436=AXIS2_PLACEMENT_3D('',#3514,#2802,#2803);
#2437=AXIS2_PLACEMENT_3D('',#3515,#2804,#2805);
#2438=AXIS2_PLACEMENT_3D('',#3516,#2806,#2807);
#2439=AXIS2_PLACEMENT_3D('',#3517,#2808,#2809);
#2440=AXIS2_PLACEMENT_3D('',#3518,#2810,#2811);
#2441=AXIS2_PLACEMENT_3D('',#3523,#2815,#2816);
#2442=AXIS2_PLACEMENT_3D('',#3535,#2828,#2829);
#2443=AXIS2_PLACEMENT_3D('',#3537,#2831,#2832);
#2444=AXIS2_PLACEMENT_3D('',#3543,#2836,#2837);
#2445=AXIS2_PLACEMENT_3D('',#3549,#2841,#2842);
#2446=AXIS2_PLACEMENT_3D('',#3551,#2843,#2844);
#2447=AXIS2_PLACEMENT_3D('',#3553,#2846,#2847);
#2448=AXIS2_PLACEMENT_3D('',#3557,#2850,#2851);
#2449=AXIS2_PLACEMENT_3D('',#3559,#2852,#2853);
#2450=AXIS2_PLACEMENT_3D('',#3561,#2855,#2856);
#2451=AXIS2_PLACEMENT_3D('',#3565,#2859,#2860);
#2452=AXIS2_PLACEMENT_3D('',#3567,#2861,#2862);
#2453=AXIS2_PLACEMENT_3D('',#3569,#2864,#2865);
#2454=AXIS2_PLACEMENT_3D('',#3573,#2868,#2869);
#2455=AXIS2_PLACEMENT_3D('',#3575,#2870,#2871);
#2456=AXIS2_PLACEMENT_3D('',#3577,#2873,#2874);
#2457=AXIS2_PLACEMENT_3D('',#3581,#2877,#2878);
#2458=AXIS2_PLACEMENT_3D('',#3583,#2879,#2880);
#2459=AXIS2_PLACEMENT_3D('',#3585,#2882,#2883);
#2460=AXIS2_PLACEMENT_3D('',#3589,#2886,#2887);
#2461=AXIS2_PLACEMENT_3D('',#3593,#2890,#2891);
#2462=AXIS2_PLACEMENT_3D('',#3597,#2894,#2895);
#2463=AXIS2_PLACEMENT_3D('',#3601,#2898,#2899);
#2464=AXIS2_PLACEMENT_3D('',#3605,#2902,#2903);
#2465=AXIS2_PLACEMENT_3D('',#3609,#2906,#2907);
#2466=AXIS2_PLACEMENT_3D('',#3613,#2910,#2911);
#2467=AXIS2_PLACEMENT_3D('',#3617,#2914,#2915);
#2468=AXIS2_PLACEMENT_3D('',#3621,#2918,#2919);
#2469=AXIS2_PLACEMENT_3D('',#3622,#2920,#2921);
#2470=AXIS2_PLACEMENT_3D('',#3623,#2922,#2923);
#2471=AXIS2_PLACEMENT_3D('',#3630,#2928,#2929);
#2472=AXIS2_PLACEMENT_3D('',#3634,#2932,#2933);
#2473=AXIS2_PLACEMENT_3D('',#3638,#2936,#2937);
#2474=AXIS2_PLACEMENT_3D('',#3640,#2939,#2940);
#2475=AXIS2_PLACEMENT_3D('',#3643,#2942,#2943);
#2476=AXIS2_PLACEMENT_3D('',#3644,#2944,#2945);
#2477=AXIS2_PLACEMENT_3D('',#3647,#2947,#2948);
#2478=AXIS2_PLACEMENT_3D('',#3648,#2949,#2950);
#2479=AXIS2_PLACEMENT_3D('',#3651,#2952,#2953);
#2480=AXIS2_PLACEMENT_3D('',#3652,#2954,#2955);
#2481=AXIS2_PLACEMENT_3D('',#3655,#2957,#2958);
#2482=AXIS2_PLACEMENT_3D('',#3656,#2959,#2960);
#2483=AXIS2_PLACEMENT_3D('',#3659,#2961,#2962);
#2484=AXIS2_PLACEMENT_3D('',#3662,#2965,#2966);
#2485=AXIS2_PLACEMENT_3D('',#3666,#2969,#2970);
#2486=AXIS2_PLACEMENT_3D('',#3668,#2971,#2972);
#2487=AXIS2_PLACEMENT_3D('',#3670,#2974,#2975);
#2488=AXIS2_PLACEMENT_3D('',#3674,#2978,#2979);
#2489=AXIS2_PLACEMENT_3D('',#3676,#2980,#2981);
#2490=AXIS2_PLACEMENT_3D('',#3678,#2983,#2984);
#2491=AXIS2_PLACEMENT_3D('',#3682,#2987,#2988);
#2492=AXIS2_PLACEMENT_3D('',#3684,#2989,#2990);
#2493=AXIS2_PLACEMENT_3D('',#3686,#2992,#2993);
#2494=AXIS2_PLACEMENT_3D('',#3690,#2996,#2997);
#2495=AXIS2_PLACEMENT_3D('',#3691,#2998,#2999);
#2496=AXIS2_PLACEMENT_3D('',#3692,#3000,#3001);
#2497=AXIS2_PLACEMENT_3D('',#3694,#3002,#3003);
#2498=AXIS2_PLACEMENT_3D('',#3696,#3005,#3006);
#2499=AXIS2_PLACEMENT_3D('',#3700,#3009,#3010);
#2500=AXIS2_PLACEMENT_3D('',#3702,#3011,#3012);
#2501=AXIS2_PLACEMENT_3D('',#3704,#3014,#3015);
#2502=AXIS2_PLACEMENT_3D('',#3708,#3018,#3019);
#2503=AXIS2_PLACEMENT_3D('',#3710,#3020,#3021);
#2504=AXIS2_PLACEMENT_3D('',#3712,#3023,#3024);
#2505=AXIS2_PLACEMENT_3D('',#3714,#3026,#3027);
#2506=AXIS2_PLACEMENT_3D('',#3715,#3028,#3029);
#2507=AXIS2_PLACEMENT_3D('',#3720,#3031,#3032);
#2508=AXIS2_PLACEMENT_3D('',#3724,#3034,#3035);
#2509=AXIS2_PLACEMENT_3D('',#3728,#3037,#3038);
#2510=AXIS2_PLACEMENT_3D('',#3732,#3040,#3041);
#2511=AXIS2_PLACEMENT_3D('',#3736,#3043,#3044);
#2512=AXIS2_PLACEMENT_3D('',#3740,#3046,#3047);
#2513=AXIS2_PLACEMENT_3D('',#3744,#3049,#3050);
#2514=AXIS2_PLACEMENT_3D('',#3747,#3052,#3053);
#2515=AXIS2_PLACEMENT_3D('',#3752,#3055,#3056);
#2516=AXIS2_PLACEMENT_3D('',#3756,#3058,#3059);
#2517=AXIS2_PLACEMENT_3D('',#3760,#3061,#3062);
#2518=AXIS2_PLACEMENT_3D('',#3764,#3064,#3065);
#2519=AXIS2_PLACEMENT_3D('',#3768,#3067,#3068);
#2520=AXIS2_PLACEMENT_3D('',#3772,#3070,#3071);
#2521=AXIS2_PLACEMENT_3D('',#3776,#3073,#3074);
#2522=AXIS2_PLACEMENT_3D('',#3779,#3076,#3077);
#2523=AXIS2_PLACEMENT_3D('',#3780,#3078,#3079);
#2524=AXIS2_PLACEMENT_3D('',#3785,#3081,#3082);
#2525=AXIS2_PLACEMENT_3D('',#3789,#3084,#3085);
#2526=AXIS2_PLACEMENT_3D('',#3793,#3087,#3088);
#2527=AXIS2_PLACEMENT_3D('',#3797,#3090,#3091);
#2528=AXIS2_PLACEMENT_3D('',#3801,#3093,#3094);
#2529=AXIS2_PLACEMENT_3D('',#3805,#3096,#3097);
#2530=AXIS2_PLACEMENT_3D('',#3809,#3099,#3100);
#2531=AXIS2_PLACEMENT_3D('',#3812,#3102,#3103);
#2532=AXIS2_PLACEMENT_3D('',#3817,#3105,#3106);
#2533=AXIS2_PLACEMENT_3D('',#3821,#3108,#3109);
#2534=AXIS2_PLACEMENT_3D('',#3825,#3111,#3112);
#2535=AXIS2_PLACEMENT_3D('',#3829,#3114,#3115);
#2536=AXIS2_PLACEMENT_3D('',#3833,#3117,#3118);
#2537=AXIS2_PLACEMENT_3D('',#3837,#3120,#3121);
#2538=AXIS2_PLACEMENT_3D('',#3841,#3123,#3124);
#2539=AXIS2_PLACEMENT_3D('',#3844,#3126,#3127);
#2540=AXIS2_PLACEMENT_3D('',#3845,#3128,#3129);
#2541=AXIS2_PLACEMENT_3D('',#3848,#3132,#3133);
#2542=AXIS2_PLACEMENT_3D('',#3850,#3135,#3136);
#2543=AXIS2_PLACEMENT_3D('',#3852,#3138,#3139);
#2544=AXIS2_PLACEMENT_3D('',#3854,#3141,#3142);
#2545=AXIS2_PLACEMENT_3D('',#3856,#3144,#3145);
#2546=AXIS2_PLACEMENT_3D('',#3858,#3147,#3148);
#2547=AXIS2_PLACEMENT_3D('',#3860,#3150,#3151);
#2548=AXIS2_PLACEMENT_3D('',#3862,#3153,#3154);
#2549=AXIS2_PLACEMENT_3D('',#3864,#3156,#3157);
#2550=AXIS2_PLACEMENT_3D('',#3866,#3159,#3160);
#2551=AXIS2_PLACEMENT_3D('',#3868,#3162,#3163);
#2552=AXIS2_PLACEMENT_3D('',#3870,#3165,#3166);
#2553=AXIS2_PLACEMENT_3D('',#3872,#3168,#3169);
#2554=AXIS2_PLACEMENT_3D('',#3874,#3171,#3172);
#2555=AXIS2_PLACEMENT_3D('',#3876,#3174,#3175);
#2556=AXIS2_PLACEMENT_3D('',#3877,#3176,#3177);
#2557=AXIS2_PLACEMENT_3D('',#3880,#3180,#3181);
#2558=AXIS2_PLACEMENT_3D('',#3882,#3183,#3184);
#2559=AXIS2_PLACEMENT_3D('',#3884,#3186,#3187);
#2560=AXIS2_PLACEMENT_3D('',#3886,#3189,#3190);
#2561=AXIS2_PLACEMENT_3D('',#3888,#3192,#3193);
#2562=AXIS2_PLACEMENT_3D('',#3890,#3195,#3196);
#2563=AXIS2_PLACEMENT_3D('',#3892,#3198,#3199);
#2564=AXIS2_PLACEMENT_3D('',#3894,#3201,#3202);
#2565=AXIS2_PLACEMENT_3D('',#3896,#3204,#3205);
#2566=AXIS2_PLACEMENT_3D('',#3898,#3207,#3208);
#2567=AXIS2_PLACEMENT_3D('',#3900,#3210,#3211);
#2568=AXIS2_PLACEMENT_3D('',#3902,#3213,#3214);
#2569=AXIS2_PLACEMENT_3D('',#3904,#3216,#3217);
#2570=AXIS2_PLACEMENT_3D('',#3906,#3219,#3220);
#2571=AXIS2_PLACEMENT_3D('',#3908,#3222,#3223);
#2572=DIRECTION('axis',(0.,0.,1.));
#2573=DIRECTION('refdir',(1.,0.,0.));
#2574=DIRECTION('center_axis',(1.,4.66235390918707E-15,-2.5881263294653E-30));
#2575=DIRECTION('ref_axis',(-4.66235390918707E-15,1.,-4.99803663308739E-16));
#2576=DIRECTION('',(4.66235390918707E-15,-1.,0.));
#2577=DIRECTION('',(0.,0.,-1.));
#2578=DIRECTION('',(4.66235390918707E-15,-1.,5.55111512312578E-16));
#2579=DIRECTION('',(0.,0.,-1.));
#2580=DIRECTION('center_axis',(2.62257407391774E-15,-1.,5.55111512312578E-16));
#2581=DIRECTION('ref_axis',(1.,2.62257407391774E-15,5.1878317400583E-16));
#2582=DIRECTION('',(-1.,-2.62257407391774E-15,0.));
#2583=DIRECTION('',(0.,0.,-1.));
#2584=DIRECTION('',(-1.,-2.62257407391774E-15,1.45582106032424E-30));
#2585=DIRECTION('center_axis',(-2.72647305325135E-15,1.,-5.55111512312578E-16));
#2586=DIRECTION('ref_axis',(-1.,-2.72647305325135E-15,-5.1878317400583E-16));
#2587=DIRECTION('',(1.,2.72647305325135E-15,0.));
#2588=DIRECTION('',(0.,0.,-1.));
#2589=DIRECTION('',(-1.,-2.72647305325135E-15,-5.1878317400583E-16));
#2590=DIRECTION('',(0.,0.,-1.));
#2591=DIRECTION('center_axis',(-1.,-4.84081821331555E-15,2.68719391922387E-30));
#2592=DIRECTION('ref_axis',(4.84081821331555E-15,-1.,4.99803663308739E-16));
#2593=DIRECTION('',(-4.84081821331555E-15,1.,0.));
#2594=DIRECTION('',(0.,0.,-1.));
#2595=DIRECTION('',(4.84081821331555E-15,-1.,4.99803663308739E-16));
#2596=DIRECTION('center_axis',(-2.62257407391774E-15,1.,-5.55111512312578E-16));
#2597=DIRECTION('ref_axis',(-1.,-2.62257407391774E-15,-5.1878317400583E-16));
#2598=DIRECTION('',(1.,2.62257407391774E-15,0.));
#2599=DIRECTION('',(1.,2.62257407391774E-15,-1.45582106032424E-30));
#2600=DIRECTION('',(0.,-5.55111512312578E-16,-1.));
#2601=DIRECTION('center_axis',(-1.,-4.66235390918707E-15,2.5881263294653E-30));
#2602=DIRECTION('ref_axis',(4.66235390918707E-15,-1.,4.99803663308739E-16));
#2603=DIRECTION('',(-4.66235390918707E-15,1.,0.));
#2604=DIRECTION('',(-4.66235390918707E-15,1.,-5.55111512312578E-16));
#2605=DIRECTION('center_axis',(1.,4.84081821331555E-15,-2.68719391922387E-30));
#2606=DIRECTION('ref_axis',(-4.84081821331555E-15,1.,-4.99803663308739E-16));
#2607=DIRECTION('',(4.84081821331555E-15,-1.,0.));
#2608=DIRECTION('',(-4.84081821331555E-15,1.,-4.99803663308739E-16));
#2609=DIRECTION('',(0.,5.55111512312578E-16,1.));
#2610=DIRECTION('center_axis',(2.67404087915036E-15,-1.,5.55111512312578E-16));
#2611=DIRECTION('ref_axis',(1.,2.67404087915036E-15,5.1878317400583E-16));
#2612=DIRECTION('',(-1.,-2.67404087915036E-15,0.));
#2613=DIRECTION('',(1.,2.67404087915036E-15,5.1878317400583E-16));
#2614=DIRECTION('center_axis',(0.,5.55111512312578E-16,1.));
#2615=DIRECTION('ref_axis',(1.,0.,0.));
#2616=DIRECTION('center_axis',(0.,0.,1.));
#2617=DIRECTION('ref_axis',(1.,0.,0.));
#2618=DIRECTION('',(0.,-1.,0.));
#2619=DIRECTION('',(0.999999999999911,-4.2198226192106E-7,0.));
#2620=DIRECTION('',(0.,1.,0.));
#2621=DIRECTION('',(1.,0.,0.));
#2622=DIRECTION('center_axis',(0.,-1.,0.));
#2623=DIRECTION('ref_axis',(-1.,0.,0.));
#2624=DIRECTION('',(-1.,0.,0.));
#2625=DIRECTION('',(0.,0.,-1.));
#2626=DIRECTION('',(1.,0.,0.));
#2627=DIRECTION('',(0.,0.,-1.));
#2628=DIRECTION('center_axis',(0.,0.,-1.));
#2629=DIRECTION('ref_axis',(1.,0.,0.));
#2630=DIRECTION('center_axis',(0.,0.,-1.));
#2631=DIRECTION('ref_axis',(-0.000103984146863323,-0.999999994593649,0.));
#2632=DIRECTION('',(1.15005219289485E-6,0.999999999999339,0.));
#2633=DIRECTION('center_axis',(0.,0.,-1.));
#2634=DIRECTION('ref_axis',(-0.999999994593559,0.000103985009294877,0.));
#2635=DIRECTION('',(0.999999953829811,0.000303875592167611,0.));
#2636=DIRECTION('center_axis',(0.,0.,-1.));
#2637=DIRECTION('ref_axis',(-2.65601671607968E-5,0.999999999647279,0.));
#2638=DIRECTION('',(0.695291574528065,-0.718727783232487,0.));
#2639=DIRECTION('',(1.,0.,0.));
#2640=DIRECTION('',(0.,1.,0.));
#2641=DIRECTION('center_axis',(-1.,0.,0.));
#2642=DIRECTION('ref_axis',(0.,1.,-2.10942374678779E-15));
#2643=DIRECTION('',(0.,0.,-1.));
#2644=DIRECTION('',(0.,-2.22044604925031E-15,-1.));
#2645=DIRECTION('',(0.,1.,-2.10942374678779E-15));
#2646=DIRECTION('',(0.,-2.22044604925031E-15,-1.));
#2647=DIRECTION('',(0.,-1.,2.10942374678779E-15));
#2648=DIRECTION('center_axis',(0.,-1.,0.));
#2649=DIRECTION('ref_axis',(-1.,0.,0.));
#2650=DIRECTION('',(-1.,0.,0.));
#2651=DIRECTION('',(0.,0.,-1.));
#2652=DIRECTION('',(1.,0.,0.));
#2653=DIRECTION('',(0.,0.,-1.));
#2654=DIRECTION('center_axis',(-1.,0.,0.));
#2655=DIRECTION('ref_axis',(0.,1.,0.));
#2656=DIRECTION('',(0.,1.,-2.10942374678779E-15));
#2657=DIRECTION('',(0.,0.,-1.));
#2658=DIRECTION('',(0.,-1.,0.));
#2659=DIRECTION('center_axis',(-1.,0.,0.));
#2660=DIRECTION('ref_axis',(0.,1.,0.));
#2661=DIRECTION('',(0.,1.,-2.10942374678779E-15));
#2662=DIRECTION('',(0.,0.,-1.));
#2663=DIRECTION('',(0.,-1.,0.));
#2664=DIRECTION('',(0.,0.,-1.));
#2665=DIRECTION('center_axis',(-1.,0.,0.));
#2666=DIRECTION('ref_axis',(0.,1.,0.));
#2667=DIRECTION('',(0.,1.,-2.10942374678779E-15));
#2668=DIRECTION('',(0.,0.,-1.));
#2669=DIRECTION('',(0.,-1.,0.));
#2670=DIRECTION('',(0.,0.,-1.));
#2671=DIRECTION('center_axis',(-1.,0.,0.));
#2672=DIRECTION('ref_axis',(0.,1.,0.));
#2673=DIRECTION('',(0.,1.,-2.10942374678779E-15));
#2674=DIRECTION('',(0.,0.,-1.));
#2675=DIRECTION('',(0.,-1.,0.));
#2676=DIRECTION('',(0.,0.,-1.));
#2677=DIRECTION('center_axis',(0.,0.,-1.));
#2678=DIRECTION('ref_axis',(1.,0.,0.));
#2679=DIRECTION('',(0.702967197422584,0.711222271408762,0.));
#2680=DIRECTION('center_axis',(0.,0.,-1.));
#2681=DIRECTION('ref_axis',(-0.732443354220083,0.680827975966642,0.));
#2682=DIRECTION('',(0.999999999995231,3.08824216637137E-6,0.));
#2683=DIRECTION('center_axis',(0.,0.,-1.));
#2684=DIRECTION('ref_axis',(-0.000259313584089685,0.999999966378232,0.));
#2685=DIRECTION('',(1.15458986153212E-6,-0.999999999999334,0.));
#2686=DIRECTION('center_axis',(0.,0.,-1.));
#2687=DIRECTION('ref_axis',(0.999999993789426,0.000111450202228159,0.));
#2688=DIRECTION('',(0.,-1.,0.));
#2689=DIRECTION('center_axis',(0.,0.,1.));
#2690=DIRECTION('ref_axis',(1.,0.,0.));
#2691=DIRECTION('',(0.,-1.,0.));
#2692=DIRECTION('',(1.,0.,0.));
#2693=DIRECTION('',(0.,1.,0.));
#2694=DIRECTION('center_axis',(0.,0.,1.));
#2695=DIRECTION('ref_axis',(0.999328357435417,0.0366446998272914,0.));
#2696=DIRECTION('',(7.10629438400536E-15,1.,0.));
#2697=DIRECTION('center_axis',(0.,0.,1.));
#2698=DIRECTION('ref_axis',(0.999328357435417,0.0366446998272832,0.));
#2699=DIRECTION('',(7.10629438400537E-15,1.,0.));
#2700=DIRECTION('center_axis',(0.,0.,1.));
#2701=DIRECTION('ref_axis',(0.999328357435417,0.0366446998272832,0.));
#2702=DIRECTION('',(7.10629438400537E-15,1.,0.));
#2703=DIRECTION('center_axis',(0.,0.,1.));
#2704=DIRECTION('ref_axis',(0.999328357435417,0.0366446998272784,0.));
#2705=DIRECTION('',(7.10629438400536E-15,1.,0.));
#2706=DIRECTION('center_axis',(0.,0.,1.));
#2707=DIRECTION('ref_axis',(0.999328357435417,0.0366446998272784,0.));
#2708=DIRECTION('',(7.10629438400255E-15,1.,0.));
#2709=DIRECTION('center_axis',(0.,0.,1.));
#2710=DIRECTION('ref_axis',(0.999328357435417,0.0366446998272784,0.));
#2711=DIRECTION('',(8.27312900790498E-15,1.,0.));
#2712=DIRECTION('',(-1.,0.,0.));
#2713=DIRECTION('',(0.,-1.,0.));
#2714=DIRECTION('center_axis',(0.,0.,1.));
#2715=DIRECTION('ref_axis',(1.,0.,0.));
#2716=DIRECTION('',(0.,-1.,0.));
#2717=DIRECTION('',(1.,0.,0.));
#2718=DIRECTION('center_axis',(0.,1.,-2.22044604925031E-15));
#2719=DIRECTION('ref_axis',(1.,0.,0.));
#2720=DIRECTION('',(-2.14804195100731E-15,2.22044604925031E-15,1.));
#2721=DIRECTION('',(-1.,0.,0.));
#2722=DIRECTION('',(-2.19467359082804E-15,-2.22044604925031E-15,-1.));
#2723=DIRECTION('',(0.,-2.22044604925031E-15,-1.));
#2724=DIRECTION('',(1.,0.,0.));
#2725=DIRECTION('center_axis',(0.,0.,-1.));
#2726=DIRECTION('ref_axis',(1.,0.,0.));
#2727=DIRECTION('',(0.695291574528067,-0.718727783232485,0.));
#2728=DIRECTION('center_axis',(0.,0.,1.));
#2729=DIRECTION('ref_axis',(-9.12471010881447E-6,-0.99999999995837,0.));
#2730=DIRECTION('',(0.999999997501842,7.06846247527119E-5,0.));
#2731=DIRECTION('center_axis',(0.,0.,1.));
#2732=DIRECTION('ref_axis',(0.731088919329533,-0.682282193841797,0.));
#2733=DIRECTION('',(0.702967197422584,0.711222271408762,0.));
#2734=DIRECTION('center_axis',(0.,0.,1.));
#2735=DIRECTION('ref_axis',(1.,0.,0.));
#2736=DIRECTION('center_axis',(0.,0.,1.));
#2737=DIRECTION('ref_axis',(1.,0.,0.));
#2738=DIRECTION('',(-1.,0.,0.));
#2739=DIRECTION('',(0.,1.,0.));
#2740=DIRECTION('',(-1.,0.,0.));
#2741=DIRECTION('',(0.,-1.,0.));
#2742=DIRECTION('',(1.,0.,0.));
#2743=DIRECTION('',(0.,1.,0.));
#2744=DIRECTION('',(1.,0.,0.));
#2745=DIRECTION('center_axis',(0.,0.,1.));
#2746=DIRECTION('ref_axis',(1.,0.,0.));
#2747=DIRECTION('center_axis',(0.,0.,1.));
#2748=DIRECTION('ref_axis',(1.,0.,0.));
#2749=DIRECTION('center_axis',(0.,0.,-1.));
#2750=DIRECTION('ref_axis',(0.999999993789426,0.000111450202228159,0.));
#2751=DIRECTION('',(-0.999999999999911,4.2198226192106E-7,0.));
#2752=DIRECTION('',(0.,1.,0.));
#2753=DIRECTION('',(-1.,0.,0.));
#2754=DIRECTION('',(0.,-1.,0.));
#2755=DIRECTION('',(-0.999999999999911,4.2198226192106E-7,0.));
#2756=DIRECTION('center_axis',(0.,0.,-1.));
#2757=DIRECTION('ref_axis',(-0.000103984146863323,-0.999999994593649,0.));
#2758=DIRECTION('',(0.,1.,0.));
#2759=DIRECTION('',(1.,0.,0.));
#2760=DIRECTION('',(0.,1.,0.));
#2761=DIRECTION('',(-1.,0.,0.));
#2762=DIRECTION('',(0.,1.,0.));
#2763=DIRECTION('center_axis',(0.,0.,1.));
#2764=DIRECTION('ref_axis',(1.,0.,0.));
#2765=DIRECTION('center_axis',(0.,0.,1.));
#2766=DIRECTION('ref_axis',(1.,0.,0.));
#2767=DIRECTION('center_axis',(-1.,0.,0.));
#2768=DIRECTION('ref_axis',(0.,-0.88235286512977,-0.470588377881653));
#2769=DIRECTION('center_axis',(-1.,0.,0.));
#2770=DIRECTION('ref_axis',(0.,-0.88235286512977,-0.470588377881653));
#2771=DIRECTION('',(-1.,0.,0.));
#2772=DIRECTION('center_axis',(1.,0.,0.));
#2773=DIRECTION('ref_axis',(0.,-0.88235286512977,-0.470588377881653));
#2774=DIRECTION('',(-1.,0.,0.));
#2775=DIRECTION('center_axis',(0.,-1.,0.));
#2776=DIRECTION('ref_axis',(1.,0.,0.));
#2777=DIRECTION('',(0.,0.,-1.));
#2778=DIRECTION('center_axis',(0.,1.,0.));
#2779=DIRECTION('ref_axis',(0.923076923076923,0.,0.384615384615385));
#2780=DIRECTION('center_axis',(0.,1.,0.));
#2781=DIRECTION('ref_axis',(-0.923076923076923,0.,0.384615384615385));
#2782=DIRECTION('',(0.,0.,-1.));
#2783=DIRECTION('center_axis',(1.,0.,0.));
#2784=DIRECTION('ref_axis',(0.,-1.,0.));
#2785=DIRECTION('',(0.,-2.22044604925031E-15,-1.));
#2786=DIRECTION('',(0.,0.,-1.));
#2787=DIRECTION('',(0.,1.,0.));
#2788=DIRECTION('center_axis',(0.,-2.22044604925031E-15,-1.));
#2789=DIRECTION('ref_axis',(-1.,0.,0.));
#2790=DIRECTION('',(-1.,0.,0.));
#2791=DIRECTION('',(0.,-1.,2.10942374678779E-15));
#2792=DIRECTION('center_axis',(0.,1.,0.));
#2793=DIRECTION('ref_axis',(1.,0.,0.));
#2794=DIRECTION('',(1.,0.,0.));
#2795=DIRECTION('',(0.,0.,-1.));
#2796=DIRECTION('center_axis',(-1.,0.,0.));
#2797=DIRECTION('ref_axis',(0.,1.,0.));
#2798=DIRECTION('',(0.,-1.,0.));
#2799=DIRECTION('',(0.,2.22044604925031E-15,1.));
#2800=DIRECTION('center_axis',(0.,-1.,0.));
#2801=DIRECTION('ref_axis',(0.923076923076923,0.,0.384615384615385));
#2802=DIRECTION('center_axis',(4.2198226192106E-7,0.999999999999911,0.));
#2803=DIRECTION('ref_axis',(0.923076923076853,-3.89522087927137E-7,0.384615384615356));
#2804=DIRECTION('center_axis',(0.,0.,1.));
#2805=DIRECTION('ref_axis',(1.,0.,0.));
#2806=DIRECTION('center_axis',(0.,1.,0.));
#2807=DIRECTION('ref_axis',(-0.923076923076923,0.,0.384615384615385));
#2808=DIRECTION('center_axis',(4.2198226192106E-7,0.999999999999911,0.));
#2809=DIRECTION('ref_axis',(-0.923076923076853,3.89522087927137E-7,0.384615384615356));
#2810=DIRECTION('center_axis',(0.,-1.,2.22044604925031E-15));
#2811=DIRECTION('ref_axis',(-1.,0.,0.));
#2812=DIRECTION('',(1.,0.,0.));
#2813=DIRECTION('',(0.,-2.22044604925031E-15,-1.));
#2814=DIRECTION('',(1.,0.,0.));
#2815=DIRECTION('center_axis',(1.,0.,0.));
#2816=DIRECTION('ref_axis',(0.,-1.,2.10942374678779E-15));
#2817=DIRECTION('',(0.,0.,1.));
#2818=DIRECTION('',(0.,1.,-2.10942374678779E-15));
#2819=DIRECTION('',(0.,0.,-1.));
#2820=DIRECTION('',(0.,0.,1.));
#2821=DIRECTION('',(0.,1.,-2.10942374678779E-15));
#2822=DIRECTION('',(0.,0.,-1.));
#2823=DIRECTION('',(0.,0.,1.));
#2824=DIRECTION('',(0.,1.,-2.10942374678779E-15));
#2825=DIRECTION('',(0.,0.,-1.));
#2826=DIRECTION('',(0.,0.,1.));
#2827=DIRECTION('',(0.,1.,-2.10942374678779E-15));
#2828=DIRECTION('center_axis',(0.,-2.10942374678779E-15,-1.));
#2829=DIRECTION('ref_axis',(1.,0.,0.));
#2830=DIRECTION('',(0.,-1.,2.10942374678779E-15));
#2831=DIRECTION('center_axis',(-4.2198226192106E-7,-0.999999999999911,0.));
#2832=DIRECTION('ref_axis',(-0.999999999999911,4.2198226192106E-7,0.));
#2833=DIRECTION('',(0.,0.,-1.));
#2834=DIRECTION('',(-0.999999999999911,4.2198226192106E-7,0.));
#2835=DIRECTION('',(0.,0.,-1.));
#2836=DIRECTION('center_axis',(-1.,0.,0.));
#2837=DIRECTION('ref_axis',(0.,1.,0.));
#2838=DIRECTION('',(0.,1.,0.));
#2839=DIRECTION('',(0.,0.,-1.));
#2840=DIRECTION('',(0.,0.,-1.));
#2841=DIRECTION('center_axis',(0.,0.,-1.));
#2842=DIRECTION('ref_axis',(1.,0.,0.));
#2843=DIRECTION('center_axis',(0.,0.,1.));
#2844=DIRECTION('ref_axis',(1.,0.,0.));
#2845=DIRECTION('',(0.,0.,-1.));
#2846=DIRECTION('center_axis',(-1.,0.,0.));
#2847=DIRECTION('ref_axis',(0.,1.,0.));
#2848=DIRECTION('',(0.,1.,0.));
#2849=DIRECTION('',(0.,0.,-1.));
#2850=DIRECTION('center_axis',(0.,0.,-1.));
#2851=DIRECTION('ref_axis',(1.,0.,0.));
#2852=DIRECTION('center_axis',(0.,0.,1.));
#2853=DIRECTION('ref_axis',(1.,0.,0.));
#2854=DIRECTION('',(0.,0.,-1.));
#2855=DIRECTION('center_axis',(-1.,0.,0.));
#2856=DIRECTION('ref_axis',(0.,1.,0.));
#2857=DIRECTION('',(0.,1.,0.));
#2858=DIRECTION('',(0.,0.,-1.));
#2859=DIRECTION('center_axis',(0.,0.,-1.));
#2860=DIRECTION('ref_axis',(1.,0.,0.));
#2861=DIRECTION('center_axis',(0.,0.,1.));
#2862=DIRECTION('ref_axis',(1.,0.,0.));
#2863=DIRECTION('',(0.,0.,-1.));
#2864=DIRECTION('center_axis',(-1.,0.,0.));
#2865=DIRECTION('ref_axis',(0.,1.,0.));
#2866=DIRECTION('',(0.,1.,0.));
#2867=DIRECTION('',(0.,0.,-1.));
#2868=DIRECTION('center_axis',(0.,0.,-1.));
#2869=DIRECTION('ref_axis',(1.,0.,0.));
#2870=DIRECTION('center_axis',(0.,0.,1.));
#2871=DIRECTION('ref_axis',(1.,0.,0.));
#2872=DIRECTION('',(0.,0.,-1.));
#2873=DIRECTION('center_axis',(-1.,0.,0.));
#2874=DIRECTION('ref_axis',(0.,1.,0.));
#2875=DIRECTION('',(0.,1.,0.));
#2876=DIRECTION('',(0.,0.,-1.));
#2877=DIRECTION('center_axis',(0.,0.,-1.));
#2878=DIRECTION('ref_axis',(1.,0.,0.));
#2879=DIRECTION('center_axis',(0.,0.,1.));
#2880=DIRECTION('ref_axis',(1.,0.,0.));
#2881=DIRECTION('',(0.,0.,-1.));
#2882=DIRECTION('center_axis',(-1.,0.,0.));
#2883=DIRECTION('ref_axis',(0.,1.,0.));
#2884=DIRECTION('',(0.,1.,0.));
#2885=DIRECTION('',(0.,0.,-1.));
#2886=DIRECTION('center_axis',(0.,1.,0.));
#2887=DIRECTION('ref_axis',(1.,0.,0.));
#2888=DIRECTION('',(1.,0.,0.));
#2889=DIRECTION('',(0.,0.,-1.));
#2890=DIRECTION('center_axis',(-1.,0.,0.));
#2891=DIRECTION('ref_axis',(0.,1.,0.));
#2892=DIRECTION('',(0.,1.,0.));
#2893=DIRECTION('',(0.,0.,-1.));
#2894=DIRECTION('center_axis',(0.,1.,0.));
#2895=DIRECTION('ref_axis',(1.,0.,0.));
#2896=DIRECTION('',(1.,0.,0.));
#2897=DIRECTION('',(0.,0.,-1.));
#2898=DIRECTION('center_axis',(1.,0.,0.));
#2899=DIRECTION('ref_axis',(0.,-1.,0.));
#2900=DIRECTION('',(0.,-1.,0.));
#2901=DIRECTION('',(0.,0.,-1.));
#2902=DIRECTION('center_axis',(0.,-1.,0.));
#2903=DIRECTION('ref_axis',(-1.,0.,0.));
#2904=DIRECTION('',(-1.,0.,0.));
#2905=DIRECTION('',(0.,0.,-1.));
#2906=DIRECTION('center_axis',(-1.,0.,0.));
#2907=DIRECTION('ref_axis',(0.,1.,0.));
#2908=DIRECTION('',(0.,1.,0.));
#2909=DIRECTION('',(0.,0.,-1.));
#2910=DIRECTION('center_axis',(0.,-1.,0.));
#2911=DIRECTION('ref_axis',(-1.,0.,0.));
#2912=DIRECTION('',(-1.,0.,0.));
#2913=DIRECTION('',(0.,0.,-1.));
#2914=DIRECTION('center_axis',(-1.,0.,0.));
#2915=DIRECTION('ref_axis',(0.,1.,0.));
#2916=DIRECTION('',(0.,1.,0.));
#2917=DIRECTION('',(0.,0.,-1.));
#2918=DIRECTION('center_axis',(0.,0.,-1.));
#2919=DIRECTION('ref_axis',(1.,0.,0.));
#2920=DIRECTION('center_axis',(0.,0.,1.));
#2921=DIRECTION('ref_axis',(1.,0.,0.));
#2922=DIRECTION('center_axis',(1.,0.,0.));
#2923=DIRECTION('ref_axis',(0.,-1.,0.));
#2924=DIRECTION('',(0.,-1.,0.));
#2925=DIRECTION('',(0.,0.,-1.));
#2926=DIRECTION('',(0.,0.,-1.));
#2927=DIRECTION('',(0.,0.,-1.));
#2928=DIRECTION('center_axis',(0.,-1.,0.));
#2929=DIRECTION('ref_axis',(-1.,0.,0.));
#2930=DIRECTION('',(-1.,0.,0.));
#2931=DIRECTION('',(0.,0.,-1.));
#2932=DIRECTION('center_axis',(-1.,0.,0.));
#2933=DIRECTION('ref_axis',(0.,1.,0.));
#2934=DIRECTION('',(0.,1.,0.));
#2935=DIRECTION('',(0.,0.,-1.));
#2936=DIRECTION('center_axis',(0.,1.,0.));
#2937=DIRECTION('ref_axis',(1.,0.,0.));
#2938=DIRECTION('',(1.,0.,0.));
#2939=DIRECTION('center_axis',(0.,0.,-1.));
#2940=DIRECTION('ref_axis',(1.,0.,0.));
#2941=DIRECTION('',(0.,0.,1.));
#2942=DIRECTION('center_axis',(0.,0.,1.));
#2943=DIRECTION('ref_axis',(1.,0.,0.));
#2944=DIRECTION('center_axis',(0.,0.,-1.));
#2945=DIRECTION('ref_axis',(1.,0.,0.));
#2946=DIRECTION('',(0.,0.,1.));
#2947=DIRECTION('center_axis',(0.,0.,1.));
#2948=DIRECTION('ref_axis',(1.,0.,0.));
#2949=DIRECTION('center_axis',(0.,0.,-1.));
#2950=DIRECTION('ref_axis',(1.,0.,0.));
#2951=DIRECTION('',(0.,0.,1.));
#2952=DIRECTION('center_axis',(0.,0.,1.));
#2953=DIRECTION('ref_axis',(1.,0.,0.));
#2954=DIRECTION('center_axis',(0.,0.,-1.));
#2955=DIRECTION('ref_axis',(1.,0.,0.));
#2956=DIRECTION('',(0.,0.,1.));
#2957=DIRECTION('center_axis',(0.,0.,1.));
#2958=DIRECTION('ref_axis',(1.,0.,0.));
#2959=DIRECTION('center_axis',(0.,0.,-1.));
#2960=DIRECTION('ref_axis',(0.731088919329533,-0.682282193841797,0.));
#2961=DIRECTION('center_axis',(0.,0.,-1.));
#2962=DIRECTION('ref_axis',(0.731088919329533,-0.682282193841797,0.));
#2963=DIRECTION('',(0.,0.,-1.));
#2964=DIRECTION('',(0.,0.,-1.));
#2965=DIRECTION('center_axis',(-7.06846247527119E-5,0.999999997501842,0.));
#2966=DIRECTION('ref_axis',(0.999999997501842,7.06846247527119E-5,0.));
#2967=DIRECTION('',(0.999999997501842,7.06846247527119E-5,0.));
#2968=DIRECTION('',(0.,0.,-1.));
#2969=DIRECTION('center_axis',(0.,0.,-1.));
#2970=DIRECTION('ref_axis',(-9.12471010881447E-6,-0.99999999995837,0.));
#2971=DIRECTION('center_axis',(0.,0.,-1.));
#2972=DIRECTION('ref_axis',(-9.12471010881447E-6,-0.99999999995837,0.));
#2973=DIRECTION('',(0.,0.,-1.));
#2974=DIRECTION('center_axis',(0.718727783232485,0.695291574528067,0.));
#2975=DIRECTION('ref_axis',(0.695291574528067,-0.718727783232485,0.));
#2976=DIRECTION('',(0.695291574528067,-0.718727783232485,0.));
#2977=DIRECTION('',(0.,0.,-1.));
#2978=DIRECTION('center_axis',(0.,0.,-1.));
#2979=DIRECTION('ref_axis',(-2.65601671607968E-5,0.999999999647279,0.));
#2980=DIRECTION('center_axis',(0.,0.,-1.));
#2981=DIRECTION('ref_axis',(-2.65601671607968E-5,0.999999999647279,0.));
#2982=DIRECTION('',(0.,0.,-1.));
#2983=DIRECTION('center_axis',(-0.000303875592165486,0.999999953829811,
0.));
#2984=DIRECTION('ref_axis',(0.999999953829811,0.000303875592165486,0.));
#2985=DIRECTION('',(0.999999953829811,0.000303875592165486,0.));
#2986=DIRECTION('',(0.,0.,-1.));
#2987=DIRECTION('center_axis',(0.,0.,-1.));
#2988=DIRECTION('ref_axis',(-0.999999994593559,0.000103985009294877,0.));
#2989=DIRECTION('center_axis',(0.,0.,-1.));
#2990=DIRECTION('ref_axis',(-0.999999994593559,0.000103985009294877,0.));
#2991=DIRECTION('',(0.,0.,-1.));
#2992=DIRECTION('center_axis',(-0.999999999999339,1.15005219289485E-6,0.));
#2993=DIRECTION('ref_axis',(1.15005219289485E-6,0.999999999999339,0.));
#2994=DIRECTION('',(1.15005219289485E-6,0.999999999999339,0.));
#2995=DIRECTION('',(0.,0.,-1.));
#2996=DIRECTION('center_axis',(0.,0.,-1.));
#2997=DIRECTION('ref_axis',(-0.000103984146863323,-0.999999994593649,0.));
#2998=DIRECTION('center_axis',(0.,0.,-1.));
#2999=DIRECTION('ref_axis',(-0.000103984146863323,-0.999999994593649,0.));
#3000=DIRECTION('center_axis',(0.,0.,-1.));
#3001=DIRECTION('ref_axis',(0.999999993789426,0.000111450202228159,0.));
#3002=DIRECTION('center_axis',(0.,0.,-1.));
#3003=DIRECTION('ref_axis',(0.999999993789426,0.000111450202228159,0.));
#3004=DIRECTION('',(0.,0.,-1.));
#3005=DIRECTION('center_axis',(0.999999999999334,1.15458986153212E-6,0.));
#3006=DIRECTION('ref_axis',(1.15458986153212E-6,-0.999999999999334,0.));
#3007=DIRECTION('',(1.15458986153212E-6,-0.999999999999334,0.));
#3008=DIRECTION('',(0.,0.,-1.));
#3009=DIRECTION('center_axis',(0.,0.,-1.));
#3010=DIRECTION('ref_axis',(-0.000259313584089685,0.999999966378232,0.));
#3011=DIRECTION('center_axis',(0.,0.,-1.));
#3012=DIRECTION('ref_axis',(-0.000259313584089685,0.999999966378232,0.));
#3013=DIRECTION('',(0.,0.,-1.));
#3014=DIRECTION('center_axis',(-3.08824216658735E-6,0.999999999995231,0.));
#3015=DIRECTION('ref_axis',(0.999999999995231,3.08824216658735E-6,0.));
#3016=DIRECTION('',(0.999999999995231,3.08824216658735E-6,0.));
#3017=DIRECTION('',(0.,0.,-1.));
#3018=DIRECTION('center_axis',(0.,0.,-1.));
#3019=DIRECTION('ref_axis',(-0.732443354220083,0.680827975966642,0.));
#3020=DIRECTION('center_axis',(0.,0.,-1.));
#3021=DIRECTION('ref_axis',(-0.732443354220083,0.680827975966642,0.));
#3022=DIRECTION('',(0.,0.,-1.));
#3023=DIRECTION('center_axis',(-0.711222271408762,0.702967197422584,0.));
#3024=DIRECTION('ref_axis',(0.702967197422584,0.711222271408762,0.));
#3025=DIRECTION('',(0.702967197422584,0.711222271408762,0.));
#3026=DIRECTION('center_axis',(0.,0.,-1.));
#3027=DIRECTION('ref_axis',(1.,0.,0.));
#3028=DIRECTION('center_axis',(0.,0.,1.));
#3029=DIRECTION('ref_axis',(-1.,0.,0.));
#3030=DIRECTION('',(-0.69529157452807,0.718727783232482,0.));
#3031=DIRECTION('center_axis',(0.,0.,1.));
#3032=DIRECTION('ref_axis',(-0.870877031178056,-0.49150096293547,0.));
#3033=DIRECTION('',(-0.999999997501783,-7.06854536966812E-5,0.));
#3034=DIRECTION('center_axis',(0.,0.,1.));
#3035=DIRECTION('ref_axis',(-0.000259116439976885,-0.999999966429335,0.));
#3036=DIRECTION('',(-0.702967197422582,-0.711222271408764,0.));
#3037=DIRECTION('center_axis',(0.,0.,1.));
#3038=DIRECTION('ref_axis',(-0.000118416046773325,0.99999999298882,0.));
#3039=DIRECTION('',(-0.999999999995232,-3.08819483570848E-6,0.));
#3040=DIRECTION('center_axis',(0.,0.,1.));
#3041=DIRECTION('ref_axis',(0.999999973605356,0.000229759193846713,0.));
#3042=DIRECTION('',(-1.15457346456193E-6,0.999999999999334,0.));
#3043=DIRECTION('center_axis',(0.,0.,1.));
#3044=DIRECTION('ref_axis',(0.000289270927248616,-0.999999958161164,0.));
#3045=DIRECTION('',(0.999999999999911,-4.21987562125282E-7,0.));
#3046=DIRECTION('center_axis',(0.,0.,1.));
#3047=DIRECTION('ref_axis',(-0.999999950464061,-0.000314756850927302,0.));
#3048=DIRECTION('',(-1.15006644486066E-6,-0.999999999999339,0.));
#3049=DIRECTION('center_axis',(0.,0.,1.));
#3050=DIRECTION('ref_axis',(-0.000139771394756522,0.999999990231979,0.));
#3051=DIRECTION('',(-0.999999953830157,-0.000303874454941489,0.));
#3052=DIRECTION('center_axis',(0.,0.,1.));
#3053=DIRECTION('ref_axis',(0.737249627321432,0.675620445971264,0.));
#3054=DIRECTION('',(0.695291574528067,-0.718727783232485,0.));
#3055=DIRECTION('center_axis',(0.,0.,-1.));
#3056=DIRECTION('ref_axis',(-2.65601671607968E-5,0.999999999647279,0.));
#3057=DIRECTION('',(0.999999953829811,0.000303875592165486,0.));
#3058=DIRECTION('center_axis',(0.,0.,-1.));
#3059=DIRECTION('ref_axis',(-0.999999994593559,0.000103985009294877,0.));
#3060=DIRECTION('',(1.15005219289485E-6,0.999999999999339,0.));
#3061=DIRECTION('center_axis',(0.,0.,-1.));
#3062=DIRECTION('ref_axis',(-0.000103984146863323,-0.999999994593649,0.));
#3063=DIRECTION('',(-0.999999999999911,4.2198226192106E-7,0.));
#3064=DIRECTION('center_axis',(0.,0.,-1.));
#3065=DIRECTION('ref_axis',(0.999999993789426,0.000111450202228159,0.));
#3066=DIRECTION('',(1.15458986153212E-6,-0.999999999999334,0.));
#3067=DIRECTION('center_axis',(0.,0.,-1.));
#3068=DIRECTION('ref_axis',(-0.000259313584089685,0.999999966378232,0.));
#3069=DIRECTION('',(0.999999999995231,3.08824216658735E-6,0.));
#3070=DIRECTION('center_axis',(0.,0.,-1.));
#3071=DIRECTION('ref_axis',(-0.732443354220083,0.680827975966642,0.));
#3072=DIRECTION('',(0.702967197422584,0.711222271408762,0.));
#3073=DIRECTION('center_axis',(0.,0.,-1.));
#3074=DIRECTION('ref_axis',(0.731088919329533,-0.682282193841797,0.));
#3075=DIRECTION('',(0.999999997501842,7.06846247527119E-5,0.));
#3076=DIRECTION('center_axis',(0.,0.,-1.));
#3077=DIRECTION('ref_axis',(-9.12471010881447E-6,-0.99999999995837,0.));
#3078=DIRECTION('center_axis',(0.,0.,1.));
#3079=DIRECTION('ref_axis',(-1.,0.,0.));
#3080=DIRECTION('',(-0.69529157452807,0.718727783232482,0.));
#3081=DIRECTION('center_axis',(0.,0.,1.));
#3082=DIRECTION('ref_axis',(0.737249627321432,0.675620445971264,0.));
#3083=DIRECTION('',(-0.999999953830157,-0.000303874454941489,0.));
#3084=DIRECTION('center_axis',(0.,0.,1.));
#3085=DIRECTION('ref_axis',(-0.000139771394756522,0.999999990231979,0.));
#3086=DIRECTION('',(-1.15006644486066E-6,-0.999999999999339,0.));
#3087=DIRECTION('center_axis',(0.,0.,1.));
#3088=DIRECTION('ref_axis',(-0.999999950464061,-0.000314756850927302,0.));
#3089=DIRECTION('',(0.999999999999911,-4.21987562125282E-7,0.));
#3090=DIRECTION('center_axis',(0.,0.,1.));
#3091=DIRECTION('ref_axis',(0.000289270927248616,-0.999999958161164,0.));
#3092=DIRECTION('',(-1.15457346456193E-6,0.999999999999334,0.));
#3093=DIRECTION('center_axis',(0.,0.,1.));
#3094=DIRECTION('ref_axis',(0.999999973605356,0.000229759193846713,0.));
#3095=DIRECTION('',(-0.999999999995232,-3.08819483570848E-6,0.));
#3096=DIRECTION('center_axis',(0.,0.,1.));
#3097=DIRECTION('ref_axis',(-0.000118416046773325,0.99999999298882,0.));
#3098=DIRECTION('',(-0.702967197422582,-0.711222271408764,0.));
#3099=DIRECTION('center_axis',(0.,0.,-1.));
#3100=DIRECTION('ref_axis',(-0.000259116439976885,-0.999999966429335,0.));
#3101=DIRECTION('',(-0.999999997501783,-7.06854536966812E-5,0.));
#3102=DIRECTION('center_axis',(0.,0.,-1.));
#3103=DIRECTION('ref_axis',(-0.870877031178056,-0.49150096293547,0.));
#3104=DIRECTION('',(0.695291574528067,-0.718727783232485,0.));
#3105=DIRECTION('center_axis',(0.,0.,1.));
#3106=DIRECTION('ref_axis',(-0.773997603667575,-0.63318852604643,0.));
#3107=DIRECTION('',(0.999999997501842,7.06846247527119E-5,0.));
#3108=DIRECTION('center_axis',(0.,0.,1.));
#3109=DIRECTION('ref_axis',(7.00577088537944E-6,-0.99999999997546,0.));
#3110=DIRECTION('',(0.702967197422584,0.711222271408762,0.));
#3111=DIRECTION('center_axis',(0.,0.,-1.));
#3112=DIRECTION('ref_axis',(-0.000154556413039601,0.999999988056158,0.));
#3113=DIRECTION('',(0.999999999995231,3.08824216658735E-6,0.));
#3114=DIRECTION('center_axis',(0.,0.,-1.));
#3115=DIRECTION('ref_axis',(0.999999966378232,0.000259313584377397,0.));
#3116=DIRECTION('',(1.15458986153212E-6,-0.999999999999334,0.));
#3117=DIRECTION('center_axis',(0.,0.,-1.));
#3118=DIRECTION('ref_axis',(0.000326728928261095,-0.999999946624102,0.));
#3119=DIRECTION('',(-0.999999999999911,4.2198226192106E-7,0.));
#3120=DIRECTION('center_axis',(0.,0.,-1.));
#3121=DIRECTION('ref_axis',(-0.999999936772664,-0.00035560465086824,0.));
#3122=DIRECTION('',(1.15005219289485E-6,0.999999999999339,0.));
#3123=DIRECTION('center_axis',(0.,0.,-1.));
#3124=DIRECTION('ref_axis',(-0.000118552182165001,0.99999999297269,0.));
#3125=DIRECTION('',(0.999999953829811,0.000303875592165486,0.));
#3126=DIRECTION('center_axis',(0.,0.,-1.));
#3127=DIRECTION('ref_axis',(0.744205316189259,0.667950931847276,0.));
#3128=DIRECTION('center_axis',(0.718727783232482,0.69529157452807,0.));
#3129=DIRECTION('ref_axis',(-0.69529157452807,0.718727783232482,0.));
#3130=DIRECTION('',(0.,0.,1.));
#3131=DIRECTION('',(0.,0.,1.));
#3132=DIRECTION('center_axis',(0.,0.,1.));
#3133=DIRECTION('ref_axis',(0.737249627321432,0.675620445971264,0.));
#3134=DIRECTION('',(0.,0.,1.));
#3135=DIRECTION('center_axis',(-0.000303874454941489,0.999999953830157,
0.));
#3136=DIRECTION('ref_axis',(-0.999999953830157,-0.000303874454941489,0.));
#3137=DIRECTION('',(0.,0.,1.));
#3138=DIRECTION('center_axis',(0.,0.,1.));
#3139=DIRECTION('ref_axis',(-0.000139771394756522,0.999999990231979,0.));
#3140=DIRECTION('',(0.,0.,1.));
#3141=DIRECTION('center_axis',(-0.999999999999339,1.15006644486066E-6,0.));
#3142=DIRECTION('ref_axis',(-1.15006644486066E-6,-0.999999999999339,0.));
#3143=DIRECTION('',(0.,0.,1.));
#3144=DIRECTION('center_axis',(0.,0.,1.));
#3145=DIRECTION('ref_axis',(-0.999999950464061,-0.000314756850927302,0.));
#3146=DIRECTION('',(0.,0.,1.));
#3147=DIRECTION('center_axis',(-4.21987562125282E-7,-0.999999999999911,
0.));
#3148=DIRECTION('ref_axis',(0.999999999999911,-4.21987562125282E-7,0.));
#3149=DIRECTION('',(0.,0.,1.));
#3150=DIRECTION('center_axis',(0.,0.,1.));
#3151=DIRECTION('ref_axis',(0.000289270927248616,-0.999999958161164,0.));
#3152=DIRECTION('',(0.,0.,1.));
#3153=DIRECTION('center_axis',(0.999999999999334,1.15457346456193E-6,0.));
#3154=DIRECTION('ref_axis',(-1.15457346456193E-6,0.999999999999334,0.));
#3155=DIRECTION('',(0.,0.,1.));
#3156=DIRECTION('center_axis',(0.,0.,1.));
#3157=DIRECTION('ref_axis',(0.999999973605356,0.000229759193846713,0.));
#3158=DIRECTION('',(0.,0.,1.));
#3159=DIRECTION('center_axis',(-3.08819483570848E-6,0.999999999995232,0.));
#3160=DIRECTION('ref_axis',(-0.999999999995232,-3.08819483570848E-6,0.));
#3161=DIRECTION('',(0.,0.,1.));
#3162=DIRECTION('center_axis',(0.,0.,1.));
#3163=DIRECTION('ref_axis',(-0.000118416046773325,0.99999999298882,0.));
#3164=DIRECTION('',(0.,0.,1.));
#3165=DIRECTION('center_axis',(-0.711222271408764,0.702967197422582,0.));
#3166=DIRECTION('ref_axis',(-0.702967197422582,-0.711222271408764,0.));
#3167=DIRECTION('',(0.,0.,1.));
#3168=DIRECTION('center_axis',(0.,0.,1.));
#3169=DIRECTION('ref_axis',(-0.000259116439976885,-0.999999966429335,0.));
#3170=DIRECTION('',(0.,0.,1.));
#3171=DIRECTION('center_axis',(-7.06854536966813E-5,0.999999997501783,0.));
#3172=DIRECTION('ref_axis',(-0.999999997501783,-7.06854536966812E-5,0.));
#3173=DIRECTION('',(0.,0.,1.));
#3174=DIRECTION('center_axis',(0.,0.,1.));
#3175=DIRECTION('ref_axis',(-0.870877031178056,-0.49150096293547,0.));
#3176=DIRECTION('center_axis',(-0.718727783232485,-0.695291574528067,0.));
#3177=DIRECTION('ref_axis',(0.695291574528067,-0.718727783232485,0.));
#3178=DIRECTION('',(0.,0.,1.));
#3179=DIRECTION('',(0.,0.,1.));
#3180=DIRECTION('center_axis',(0.,0.,1.));
#3181=DIRECTION('ref_axis',(-0.773997603667575,-0.63318852604643,0.));
#3182=DIRECTION('',(0.,0.,1.));
#3183=DIRECTION('center_axis',(7.06846247527119E-5,-0.999999997501842,0.));
#3184=DIRECTION('ref_axis',(0.999999997501842,7.06846247527119E-5,0.));
#3185=DIRECTION('',(0.,0.,1.));
#3186=DIRECTION('center_axis',(0.,0.,1.));
#3187=DIRECTION('ref_axis',(7.00577088537944E-6,-0.99999999997546,0.));
#3188=DIRECTION('',(0.,0.,1.));
#3189=DIRECTION('center_axis',(0.711222271408762,-0.702967197422584,0.));
#3190=DIRECTION('ref_axis',(0.702967197422584,0.711222271408762,0.));
#3191=DIRECTION('',(0.,0.,1.));
#3192=DIRECTION('center_axis',(0.,0.,1.));
#3193=DIRECTION('ref_axis',(-0.000154556413039601,0.999999988056158,0.));
#3194=DIRECTION('',(0.,0.,1.));
#3195=DIRECTION('center_axis',(3.08824216658735E-6,-0.999999999995231,0.));
#3196=DIRECTION('ref_axis',(0.999999999995231,3.08824216658735E-6,0.));
#3197=DIRECTION('',(0.,0.,1.));
#3198=DIRECTION('center_axis',(0.,0.,1.));
#3199=DIRECTION('ref_axis',(0.999999966378232,0.000259313584377397,0.));
#3200=DIRECTION('',(0.,0.,1.));
#3201=DIRECTION('center_axis',(-0.999999999999334,-1.15458986153212E-6,
0.));
#3202=DIRECTION('ref_axis',(1.15458986153212E-6,-0.999999999999334,0.));
#3203=DIRECTION('',(0.,0.,1.));
#3204=DIRECTION('center_axis',(0.,0.,1.));
#3205=DIRECTION('ref_axis',(0.000326728928261095,-0.999999946624102,0.));
#3206=DIRECTION('',(0.,0.,1.));
#3207=DIRECTION('center_axis',(4.2198226192106E-7,0.999999999999911,0.));
#3208=DIRECTION('ref_axis',(-0.999999999999911,4.2198226192106E-7,0.));
#3209=DIRECTION('',(0.,0.,1.));
#3210=DIRECTION('center_axis',(0.,0.,1.));
#3211=DIRECTION('ref_axis',(-0.999999936772664,-0.00035560465086824,0.));
#3212=DIRECTION('',(0.,0.,1.));
#3213=DIRECTION('center_axis',(0.999999999999339,-1.15005219289485E-6,0.));
#3214=DIRECTION('ref_axis',(1.15005219289485E-6,0.999999999999339,0.));
#3215=DIRECTION('',(0.,0.,1.));
#3216=DIRECTION('center_axis',(0.,0.,1.));
#3217=DIRECTION('ref_axis',(-0.000118552182165001,0.99999999297269,0.));
#3218=DIRECTION('',(0.,0.,1.));
#3219=DIRECTION('center_axis',(0.000303875592165486,-0.999999953829811,
0.));
#3220=DIRECTION('ref_axis',(0.999999953829811,0.000303875592165486,0.));
#3221=DIRECTION('',(0.,0.,1.));
#3222=DIRECTION('center_axis',(0.,0.,1.));
#3223=DIRECTION('ref_axis',(0.744205316189259,0.667950931847276,0.));
#3224=CARTESIAN_POINT('',(0.,0.,0.));
#3225=CARTESIAN_POINT('Origin',(64.3961312547686,-2.99914377075257,-2.86230274465098));
#3226=CARTESIAN_POINT('',(64.3961312547685,17.0508562292473,-3.399971755144));
#3227=CARTESIAN_POINT('',(64.3961312547686,-3.99914377075257,-3.399971755144));
#3228=CARTESIAN_POINT('',(64.3961312547685,3.45211908520678,-3.399971755144));
#3229=CARTESIAN_POINT('',(64.3961312547685,17.0508562292473,-0.862302744650987));
#3230=CARTESIAN_POINT('',(64.3961312547685,17.0508562292473,-2.86230274465099));
#3231=CARTESIAN_POINT('',(64.3961312547686,-3.99914377075257,-0.862302744650975));
#3232=CARTESIAN_POINT('',(64.3961312547685,1.76335622924738,-0.862302744650978));
#3233=CARTESIAN_POINT('',(64.3961312547686,-3.99914377075257,-2.86230274465098));
#3234=CARTESIAN_POINT('Origin',(65.3961312547685,17.0508562292473,-2.86230274465099));
#3235=CARTESIAN_POINT('',(74.0161312547684,17.0508562292473,-3.399971755144));
#3236=CARTESIAN_POINT('',(67.9480661526502,17.0508562292473,-3.399971755144));
#3237=CARTESIAN_POINT('',(74.0161312547684,17.0508562292473,-0.862302744650987));
#3238=CARTESIAN_POINT('',(74.0161312547684,17.0508562292473,-2.86230274465098));
#3239=CARTESIAN_POINT('',(67.3011312547685,17.0508562292473,-0.862302744650987));
#3240=CARTESIAN_POINT('Origin',(74.4997464998983,17.5344714743772,-2.86230274465098));
#3241=CARTESIAN_POINT('',(63.9125160096386,17.5344714743772,-3.399971755144));
#3242=CARTESIAN_POINT('',(74.4997464998983,17.5344714743772,-3.399971755144));
#3243=CARTESIAN_POINT('',(72.4998737752151,17.5344714743772,-3.399971755144));
#3244=CARTESIAN_POINT('',(63.9125160096386,17.5344714743772,-0.862302744650991));
#3245=CARTESIAN_POINT('',(63.9125160096386,17.5344714743772,-2.86230274465099));
#3246=CARTESIAN_POINT('',(74.4997464998983,17.5344714743772,-0.862302744650985));
#3247=CARTESIAN_POINT('',(63.9125160096386,17.5344714743772,-0.862302744650991));
#3248=CARTESIAN_POINT('',(74.4997464998983,17.5344714743772,-2.86230274465098));
#3249=CARTESIAN_POINT('Origin',(63.9125160096386,17.5344714743772,-2.86230274465099));
#3250=CARTESIAN_POINT('',(63.9125160096387,-4.4827590158825,-3.399971755144));
#3251=CARTESIAN_POINT('',(63.9125160096386,13.7189267077717,-3.399971755144));
#3252=CARTESIAN_POINT('',(63.9125160096387,-4.4827590158825,-0.86230274465098));
#3253=CARTESIAN_POINT('',(63.9125160096387,-4.4827590158825,-2.86230274465098));
#3254=CARTESIAN_POINT('',(63.9125160096387,-4.4827590158825,-0.86230274465098));
#3255=CARTESIAN_POINT('Origin',(73.0161312547685,-3.99914377075255,-2.86230274465098));
#3256=CARTESIAN_POINT('',(74.0161312547685,-3.99914377075255,-3.399971755144));
#3257=CARTESIAN_POINT('',(71.7580661526502,-3.99914377075255,-3.399971755144));
#3258=CARTESIAN_POINT('',(74.0161312547685,-3.99914377075254,-0.862302744650975));
#3259=CARTESIAN_POINT('',(71.1111312547685,-3.99914377075255,-0.862302744650975));
#3260=CARTESIAN_POINT('',(74.0161312547685,-3.99914377075255,-2.86230274465097));
#3261=CARTESIAN_POINT('Origin',(74.0161312547684,16.0508562292473,-2.86230274465098));
#3262=CARTESIAN_POINT('',(74.0161312547684,12.9771190852067,-3.399971755144));
#3263=CARTESIAN_POINT('',(74.0161312547684,11.2883562292473,-0.862302744650984));
#3264=CARTESIAN_POINT('Origin',(74.4997464998984,-4.48275901588247,-2.86230274465097));
#3265=CARTESIAN_POINT('',(74.4997464998984,-4.48275901588247,-3.399971755144));
#3266=CARTESIAN_POINT('',(74.4997464998984,2.71031146264186,-3.399971755144));
#3267=CARTESIAN_POINT('',(74.4997464998984,-4.48275901588247,-0.862302744650974));
#3268=CARTESIAN_POINT('',(74.4997464998983,17.5344714743772,-0.862302744650985));
#3269=CARTESIAN_POINT('',(74.4997464998984,-4.48275901588247,-2.86230274465097));
#3270=CARTESIAN_POINT('Origin',(63.9125160096387,-4.4827590158825,-2.86230274465098));
#3271=CARTESIAN_POINT('',(67.2062585300853,-4.48275901588249,-3.399971755144));
#3272=CARTESIAN_POINT('',(74.4997464998984,-4.48275901588247,-0.862302744650974));
#3273=CARTESIAN_POINT('Origin',(69.2061312547685,6.52585622924736,-0.862302744650981));
#3274=CARTESIAN_POINT('Origin',(70.5000010505319,9.90338194116617,-3.399971755144));
#3275=CARTESIAN_POINT('',(78.0000012516975,24.8067550952105,-3.399971755144));
#3276=CARTESIAN_POINT('',(78.0000012516975,-5.00000007450581,-3.399971755144));
#3277=CARTESIAN_POINT('',(78.0000012516975,-5.00000007450581,-3.399971755144));
#3278=CARTESIAN_POINT('',(63.0000008493662,24.8067614249446,-3.399971755144));
#3279=CARTESIAN_POINT('',(84.2793046490099,24.8067524454558,-3.399971755144));
#3280=CARTESIAN_POINT('',(63.0000008493662,-5.00000007450581,-3.399971755144));
#3281=CARTESIAN_POINT('',(63.0000008493662,26.0000003874302,-3.399971755144));
#3282=CARTESIAN_POINT('',(57.0000008493662,-5.00000007450581,-3.399971755144));
#3283=CARTESIAN_POINT('Origin',(44.4415590905942,52.0000014063562,-7.399971755144));
#3284=CARTESIAN_POINT('',(44.4415590905942,52.0000014063562,-16.9117898398052));
#3285=CARTESIAN_POINT('',(36.0000011334666,52.0000014063562,-16.9117898398052));
#3286=CARTESIAN_POINT('',(99.0000020722398,52.0000014063562,-16.9117898398052));
#3287=CARTESIAN_POINT('',(44.4415590905942,52.0000014063562,-7.399971755144));
#3288=CARTESIAN_POINT('',(44.4415590905942,52.0000014063562,-7.399971755144));
#3289=CARTESIAN_POINT('',(36.0000011334666,52.0000014063562,-7.399971755144));
#3290=CARTESIAN_POINT('',(56.2497115337289,52.0000014063562,-7.399971755144));
#3291=CARTESIAN_POINT('',(36.0000011334666,52.0000014063562,-7.399971755144));
#3292=CARTESIAN_POINT('Origin',(39.5060552154965,39.6307364258731,-20.899971755144));
#3293=CARTESIAN_POINT('',(36.0000011334666,25.4788563495743,-20.899971755144));
#3294=CARTESIAN_POINT('',(34.5705513403987,28.2932198545569,-20.899971755144));
#3295=CARTESIAN_POINT('Origin',(38.0582392813465,28.2944600926879,-20.899971755144));
#3296=CARTESIAN_POINT('',(34.5705766424685,50.2940211245769,-20.899971755144));
#3297=CARTESIAN_POINT('',(34.5705513403987,28.2932198545569,-20.899971755144));
#3298=CARTESIAN_POINT('',(38.0578512170175,53.7813464992278,-20.899971755144));
#3299=CARTESIAN_POINT('Origin',(38.0582646900485,50.2936584573009,-20.899971755144));
#3300=CARTESIAN_POINT('',(42.2372013130315,53.7826165017718,-20.899971755144));
#3301=CARTESIAN_POINT('',(38.0578512170175,53.7813464992278,-20.899971755144));
#3302=CARTESIAN_POINT('',(43.0814706567406,53.405934371569,-20.899971755144));
#3303=CARTESIAN_POINT('Origin',(42.2372314433385,52.6481994333379,-20.899971755144));
#3304=CARTESIAN_POINT('',(44.4415590905942,52.0000014063562,-20.899971755144));
#3305=CARTESIAN_POINT('',(43.0814706567406,53.405934371569,-20.899971755144));
#3306=CARTESIAN_POINT('',(36.0000011334666,52.0000014063562,-20.899971755144));
#3307=CARTESIAN_POINT('',(37.7530281744816,52.0000014063562,-20.899971755144));
#3308=CARTESIAN_POINT('',(36.0000011334666,17.8153684988821,-20.899971755144));
#3309=CARTESIAN_POINT('Origin',(36.0000011334666,-3.99999942810885,-16.9117898398051));
#3310=CARTESIAN_POINT('',(36.0000011334666,25.4788563495743,-16.9117898398052));
#3311=CARTESIAN_POINT('',(36.0000011334666,25.4788563495743,-7.399971755144));
#3312=CARTESIAN_POINT('',(36.0000011334666,52.0000014063562,-20.9117898398052));
#3313=CARTESIAN_POINT('',(36.0000011334666,52.0000014063562,-16.9117898398052));
#3314=CARTESIAN_POINT('',(36.0000011334666,-3.99999942810886,-20.9117898398051));
#3315=CARTESIAN_POINT('',(36.0000011334666,52.0000014063562,-20.9117898398052));
#3316=CARTESIAN_POINT('',(36.0000011334666,-3.99999942810885,-16.9117898398051));
#3317=CARTESIAN_POINT('',(36.0000011334666,-3.99999942810885,-16.9117898398051));
#3318=CARTESIAN_POINT('',(36.0000011334666,52.0000014063562,-16.9117898398052));
#3319=CARTESIAN_POINT('Origin',(99.0000020722398,52.0000014063562,-7.399971755144));
#3320=CARTESIAN_POINT('',(99.0000020722398,52.0000014063562,-16.9117898398052));
#3321=CARTESIAN_POINT('',(54.699025691544,52.0000014063562,-16.9117898398052));
#3322=CARTESIAN_POINT('',(99.0000020722398,52.0000014063562,-16.9117898398052));
#3323=CARTESIAN_POINT('',(99.0000020722398,52.0000014063562,-7.399971755144));
#3324=CARTESIAN_POINT('',(99.0000020722398,52.0000014063562,-7.399971755144));
#3325=CARTESIAN_POINT('',(54.699025691544,52.0000014063562,-7.399971755144));
#3326=CARTESIAN_POINT('',(83.5289330245517,52.0000014063562,-7.399971755144));
#3327=CARTESIAN_POINT('',(54.699025691544,52.0000014063562,-7.399971755144));
#3328=CARTESIAN_POINT('Origin',(99.0000020722398,51.5421915858251,-7.399971755144));
#3329=CARTESIAN_POINT('',(99.0000020722398,51.5421915858251,-16.9117898398052));
#3330=CARTESIAN_POINT('',(99.0000020722398,-3.99999942810885,-16.9117898398051));
#3331=CARTESIAN_POINT('',(99.0000020722398,51.5421915858251,-7.399971755144));
#3332=CARTESIAN_POINT('',(99.0000020722398,51.5421915858251,-7.399971755144));
#3333=CARTESIAN_POINT('',(99.0000020722398,45.4184365761647,-7.399971755144));
#3334=CARTESIAN_POINT('Origin',(99.0000020722398,48.0000007152557,-7.399971755144));
#3335=CARTESIAN_POINT('',(99.0000020722398,48.0000007152557,-16.9117898398052));
#3336=CARTESIAN_POINT('',(99.0000020722398,49.3861097438467,-16.9117898398052));
#3337=CARTESIAN_POINT('',(99.0000020722398,-3.99999942810885,-16.9117898398051));
#3338=CARTESIAN_POINT('',(99.0000020722398,48.0000007152557,-7.399971755144));
#3339=CARTESIAN_POINT('',(99.0000020722398,48.0000007152557,-7.399971755144));
#3340=CARTESIAN_POINT('',(99.0000020722398,49.3861097438467,-7.399971755144));
#3341=CARTESIAN_POINT('',(99.0000020722398,43.64734114088,-7.399971755144));
#3342=CARTESIAN_POINT('',(99.0000020722398,49.3861097438467,-7.399971755144));
#3343=CARTESIAN_POINT('Origin',(99.0000020722398,29.204074555591,-7.399971755144));
#3344=CARTESIAN_POINT('',(99.0000020722398,29.204074555591,-16.9117898398052));
#3345=CARTESIAN_POINT('',(99.0000020722398,31.000000461936,-16.9117898398052));
#3346=CARTESIAN_POINT('',(99.0000020722398,-3.99999942810885,-16.9117898398051));
#3347=CARTESIAN_POINT('',(99.0000020722398,29.204074555591,-7.399971755144));
#3348=CARTESIAN_POINT('',(99.0000020722398,29.204074555591,-7.399971755144));
#3349=CARTESIAN_POINT('',(99.0000020722398,31.000000461936,-7.399971755144));
#3350=CARTESIAN_POINT('',(99.0000020722398,34.2493780610476,-7.399971755144));
#3351=CARTESIAN_POINT('',(99.0000020722398,31.000000461936,-7.399971755144));
#3352=CARTESIAN_POINT('Origin',(99.0000020722398,24.9365194085333,-7.399971755144));
#3353=CARTESIAN_POINT('',(99.0000020722398,24.9365194085333,-16.9117898398052));
#3354=CARTESIAN_POINT('',(99.0000020722398,27.0476710209689,-16.9117898398052));
#3355=CARTESIAN_POINT('',(99.0000020722398,-3.99999942810885,-16.9117898398051));
#3356=CARTESIAN_POINT('',(99.0000020722398,24.9365194085333,-7.399971755144));
#3357=CARTESIAN_POINT('',(99.0000020722398,24.9365194085333,-7.399971755144));
#3358=CARTESIAN_POINT('',(99.0000020722398,27.0476710209689,-7.399971755144));
#3359=CARTESIAN_POINT('',(99.0000020722398,32.1156004875188,-7.399971755144));
#3360=CARTESIAN_POINT('',(99.0000020722398,27.0476710209689,-7.399971755144));
#3361=CARTESIAN_POINT('Origin',(78.1221011524363,39.3590092116466,-20.899971755144));
#3362=CARTESIAN_POINT('',(54.699025691544,52.0000014063562,-20.899971755144));
#3363=CARTESIAN_POINT('',(56.1017072275762,53.4191548914372,-20.899971755144));
#3364=CARTESIAN_POINT('',(54.5466667069786,51.8458532420188,-20.899971755144));
#3365=CARTESIAN_POINT('',(56.9327558382655,53.7813718992793,-20.899971755144));
#3366=CARTESIAN_POINT('Origin',(56.9329312388625,52.6465073441309,-20.899971755144));
#3367=CARTESIAN_POINT('',(98.0558896620215,53.7814988974752,-20.899971755144));
#3368=CARTESIAN_POINT('',(56.9327558382655,53.7813718992793,-20.899971755144));
#3369=CARTESIAN_POINT('',(101.545151191618,50.2940465246279,-20.899971755144));
#3370=CARTESIAN_POINT('Origin',(98.0567942403955,50.2931419462529,-20.899971755144));
#3371=CARTESIAN_POINT('',(101.545176591668,28.2948493430499,-20.899971755144));
#3372=CARTESIAN_POINT('',(101.545151191618,50.2940465246279,-20.899971755144));
#3373=CARTESIAN_POINT('',(99.0000020722398,24.9365194085333,-20.899971755144));
#3374=CARTESIAN_POINT('Origin',(98.0574624214075,28.2944606365979,-20.899971755144));
#3375=CARTESIAN_POINT('',(99.0000020722398,27.0476710209689,-20.899971755144));
#3376=CARTESIAN_POINT('',(99.0000020722398,45.6795053090014,-20.899971755144));
#3377=CARTESIAN_POINT('',(99.0000020722398,29.204074555591,-20.899971755144));
#3378=CARTESIAN_POINT('Origin',(98.1467005947165,28.1258727882799,-20.899971755144));
#3379=CARTESIAN_POINT('',(99.0000020722398,31.000000461936,-20.899971755144));
#3380=CARTESIAN_POINT('',(99.0000020722398,45.6795053090014,-20.899971755144));
#3381=CARTESIAN_POINT('',(100.000001490116,31.000000461936,-20.899971755144));
#3382=CARTESIAN_POINT('',(95.0000014156103,31.000000461936,-20.899971755144));
#3383=CARTESIAN_POINT('',(100.000001490116,33.1125249516016,-20.899971755144));
#3384=CARTESIAN_POINT('',(100.000001490116,31.000000461936,-20.899971755144));
#3385=CARTESIAN_POINT('',(100.000001490116,33.1528350521882,-20.899971755144));
#3386=CARTESIAN_POINT('Origin',(99.4503582020327,33.1326800018947,-20.899971755144));
#3387=CARTESIAN_POINT('',(100.000001490116,35.6525300316116,-20.899971755144));
#3388=CARTESIAN_POINT('',(100.000001490116,33.1528350521882,-20.899971755144));
#3389=CARTESIAN_POINT('',(100.000001490116,35.6928401321982,-20.899971755144));
#3390=CARTESIAN_POINT('Origin',(99.4503582020326,35.6726850819047,-20.899971755144));
#3391=CARTESIAN_POINT('',(100.000001490116,38.1925351116216,-20.899971755144));
#3392=CARTESIAN_POINT('',(100.000001490116,35.6928401321982,-20.899971755144));
#3393=CARTESIAN_POINT('',(100.000001490116,38.2328452122082,-20.899971755144));
#3394=CARTESIAN_POINT('Origin',(99.4503582020326,38.2126901619147,-20.899971755144));
#3395=CARTESIAN_POINT('',(100.000001490116,40.7325401916316,-20.899971755144));
#3396=CARTESIAN_POINT('',(100.000001490116,38.2328452122082,-20.899971755144));
#3397=CARTESIAN_POINT('',(100.000001490116,40.7728502922182,-20.899971755144));
#3398=CARTESIAN_POINT('Origin',(99.4503582020325,40.7526952419247,-20.899971755144));
#3399=CARTESIAN_POINT('',(100.000001490116,43.2725452716416,-20.899971755144));
#3400=CARTESIAN_POINT('',(100.000001490116,40.7728502922182,-20.899971755144));
#3401=CARTESIAN_POINT('',(100.000001490116,43.3128553722282,-20.899971755144));
#3402=CARTESIAN_POINT('Origin',(99.4503582020325,43.2927003219347,-20.899971755144));
#3403=CARTESIAN_POINT('',(100.000001490116,45.8125503516526,-20.899971755144));
#3404=CARTESIAN_POINT('',(100.000001490116,43.3128553722282,-20.899971755144));
#3405=CARTESIAN_POINT('',(100.000001490116,45.8528604522392,-20.899971755144));
#3406=CARTESIAN_POINT('Origin',(99.4503582020325,45.8327054019457,-20.899971755144));
#3407=CARTESIAN_POINT('',(100.000001490116,48.0000007152557,-20.899971755144));
#3408=CARTESIAN_POINT('',(100.000001490116,45.8528604522392,-20.899971755144));
#3409=CARTESIAN_POINT('',(99.0000020722398,48.0000007152557,-20.899971755144));
#3410=CARTESIAN_POINT('',(100.000001490116,48.0000007152557,-20.899971755144));
#3411=CARTESIAN_POINT('',(99.0000020722398,49.3861097438467,-20.899971755144));
#3412=CARTESIAN_POINT('',(99.0000020722398,45.6795053090014,-20.899971755144));
#3413=CARTESIAN_POINT('',(99.0000020722398,51.5421915858251,-20.899971755144));
#3414=CARTESIAN_POINT('Origin',(98.1464973943095,50.4641506648359,-20.899971755144));
#3415=CARTESIAN_POINT('',(99.0000020722398,52.0000014063562,-20.899971755144));
#3416=CARTESIAN_POINT('',(99.0000020722398,45.6795053090014,-20.899971755144));
#3417=CARTESIAN_POINT('',(57.0610511429514,52.0000014063562,-20.899971755144));
#3418=CARTESIAN_POINT('Origin',(36.0000011334666,52.0000014063562,-16.9117898398052));
#3419=CARTESIAN_POINT('',(44.4415590905942,52.0000014063562,-12.1558807974746));
#3420=CARTESIAN_POINT('',(99.0000020722398,52.0000014063562,-16.9117898398052));
#3421=CARTESIAN_POINT('',(54.699025691544,52.0000014063562,-12.1558807974746));
#3422=CARTESIAN_POINT('',(99.0000020722398,52.0000014063562,-20.9117898398052));
#3423=CARTESIAN_POINT('',(99.0000020722398,52.0000014063562,-16.9117898398052));
#3424=CARTESIAN_POINT('',(99.0000020722398,52.0000014063562,-20.9117898398052));
#3425=CARTESIAN_POINT('Origin',(68.0578639768636,39.2946815665043,-7.399971755144));
#3426=CARTESIAN_POINT('',(44.5361629648332,51.9022087172054,-7.399971755144));
#3427=CARTESIAN_POINT('',(43.0814706567406,53.405934371569,-7.399971755144));
#3428=CARTESIAN_POINT('',(45.4338480531275,51.4767744900842,-7.399971755144));
#3429=CARTESIAN_POINT('Origin',(45.4338586361225,52.6365916096699,-7.399971755144));
#3430=CARTESIAN_POINT('',(53.6987453877785,51.4773586912524,-7.399971755144));
#3431=CARTESIAN_POINT('',(45.4338480531275,51.4767744900842,-7.399971755144));
#3432=CARTESIAN_POINT('',(54.5466667069786,51.8458532420188,-7.399971755144));
#3433=CARTESIAN_POINT('Origin',(53.6987372623655,52.637175810858,-7.399971755144));
#3434=CARTESIAN_POINT('',(54.5466667069786,51.8458532420188,-7.399971755144));
#3435=CARTESIAN_POINT('',(96.7714910442965,50.4641506648359,-7.399971755144));
#3436=CARTESIAN_POINT('Origin',(98.1464973943095,50.4641506648359,-7.399971755144));
#3437=CARTESIAN_POINT('Origin',(98.1464973943095,50.4641506648359,-7.399971755144));
#3438=CARTESIAN_POINT('',(95.0000014156103,48.0000007152557,-7.399971755144));
#3439=CARTESIAN_POINT('',(100.000001490116,48.0000007152557,-7.399971755144));
#3440=CARTESIAN_POINT('',(95.0000014156103,49.0000007301569,-7.399971755144));
#3441=CARTESIAN_POINT('',(95.0000014156103,26.0000003874302,-7.399971755144));
#3442=CARTESIAN_POINT('',(53.0000007897615,49.0000007301569,-7.399971755144));
#3443=CARTESIAN_POINT('',(95.0000014156103,49.0000007301569,-7.399971755144));
#3444=CARTESIAN_POINT('',(53.0000007897615,26.0000003874302,-7.399971755144));
#3445=CARTESIAN_POINT('',(53.0000007897615,49.0000007301569,-7.399971755144));
#3446=CARTESIAN_POINT('',(95.0000014156103,26.0000003874302,-7.399971755144));
#3447=CARTESIAN_POINT('',(53.0000007897615,26.0000003874302,-7.399971755144));
#3448=CARTESIAN_POINT('',(95.0000014156103,31.000000461936,-7.399971755144));
#3449=CARTESIAN_POINT('',(95.0000014156103,26.0000003874302,-7.399971755144));
#3450=CARTESIAN_POINT('',(95.0000014156103,31.000000461936,-7.399971755144));
#3451=CARTESIAN_POINT('',(96.7716942447035,28.1258727882799,-7.399971755144));
#3452=CARTESIAN_POINT('Origin',(98.1467005947165,28.1258727882799,-7.399971755144));
#3453=CARTESIAN_POINT('Origin',(98.1467005947165,28.1258727882799,-7.399971755144));
#3454=CARTESIAN_POINT('',(98.0586019585275,24.8067466308368,-7.399971755144));
#3455=CARTESIAN_POINT('Origin',(98.0574624214075,28.2944606365979,-7.399971755144));
#3456=CARTESIAN_POINT('',(84.0000012516975,24.8067525633169,-7.399971755144));
#3457=CARTESIAN_POINT('',(98.0586019585275,24.8067466308368,-7.399971755144));
#3458=CARTESIAN_POINT('',(84.0000012516975,-3.99999942810885,-7.399971755144));
#3459=CARTESIAN_POINT('',(84.0000012516975,-5.00000007450581,-7.399971755144));
#3460=CARTESIAN_POINT('',(57.0000008493662,-3.99999942810885,-7.399971755144));
#3461=CARTESIAN_POINT('',(63.750000949949,-3.99999942810885,-7.399971755144));
#3462=CARTESIAN_POINT('',(57.0000008493662,24.8067639568381,-7.399971755144));
#3463=CARTESIAN_POINT('',(57.0000008493662,26.0000003874302,-7.399971755144));
#3464=CARTESIAN_POINT('',(38.0578766170685,24.8067719500786,-7.399971755144));
#3465=CARTESIAN_POINT('',(98.0586019585275,24.8067466308368,-7.399971755144));
#3466=CARTESIAN_POINT('',(36.0000011334666,25.4788563495743,-7.399971755144));
#3467=CARTESIAN_POINT('Origin',(38.0582392813465,28.2944600926879,-7.399971755144));
#3468=CARTESIAN_POINT('',(36.0000005364418,32.0000004768372,-7.399971755144));
#3469=CARTESIAN_POINT('',(36.0000011334666,45.6473414864303,-7.399971755144));
#3470=CARTESIAN_POINT('',(43.0000006407499,32.0000004768372,-7.399971755144));
#3471=CARTESIAN_POINT('',(36.0000005364418,32.0000004768372,-7.399971755144));
#3472=CARTESIAN_POINT('',(43.0000006407499,49.0000007301569,-7.399971755144));
#3473=CARTESIAN_POINT('',(43.0000006407499,32.0000004768372,-7.399971755144));
#3474=CARTESIAN_POINT('',(36.0000005364418,49.0000007301569,-7.399971755144));
#3475=CARTESIAN_POINT('',(43.0000006407499,49.0000007301569,-7.399971755144));
#3476=CARTESIAN_POINT('',(36.0000011334666,45.6473414864303,-7.399971755144));
#3477=CARTESIAN_POINT('',(36.5109627232405,50.4640744646839,-7.399971755144));
#3478=CARTESIAN_POINT('Origin',(37.8859690732535,50.4640744646839,-7.399971755144));
#3479=CARTESIAN_POINT('',(36.5109119231385,28.1261013887379,-7.399971755144));
#3480=CARTESIAN_POINT('Origin',(37.8859182731515,28.1261013887379,-7.399971755144));
#3481=CARTESIAN_POINT('Origin',(84.7500015613858,3.49999992549419,-14.8999705431499));
#3482=CARTESIAN_POINT('',(84.0000012516975,-3.99999942810885,-18.899971755144));
#3483=CARTESIAN_POINT('',(84.0000012516975,-5.00000007450581,-14.8999705431499));
#3484=CARTESIAN_POINT('Origin',(84.0000012516975,3.49999992549419,-14.8999705431499));
#3485=CARTESIAN_POINT('',(57.0000008493662,-5.00000007450581,-14.8999705431499));
#3486=CARTESIAN_POINT('',(84.7500015613858,-5.00000007450581,-14.8999705431499));
#3487=CARTESIAN_POINT('',(57.0000008493662,-3.99999942810885,-18.899971755144));
#3488=CARTESIAN_POINT('Origin',(57.0000008493662,3.49999992549419,-14.8999705431499));
#3489=CARTESIAN_POINT('',(84.7500015613858,-3.99999942810885,-18.899971755144));
#3490=CARTESIAN_POINT('Origin',(57.0000008493662,-5.00000007450581,-7.399971755144));
#3491=CARTESIAN_POINT('',(84.0000012516975,-5.00000007450581,-7.399971755144));
#3492=CARTESIAN_POINT('',(84.0000012516975,-5.00000007450581,-7.399971755144));
#3493=CARTESIAN_POINT('Origin',(78.0000012516975,-5.00000007450581,-9.899971755144));
#3494=CARTESIAN_POINT('',(57.0000008493662,-5.00000007450581,-7.399971755144));
#3495=CARTESIAN_POINT('Origin',(63.0000008493662,-5.00000007450581,-9.899971755144));
#3496=CARTESIAN_POINT('',(57.0000008493662,-5.00000007450581,-7.399971755144));
#3497=CARTESIAN_POINT('Origin',(84.0000012516975,-3.99999942810885,-7.399971755144));
#3498=CARTESIAN_POINT('',(84.0000012516975,-3.99999942810885,-16.9117898398051));
#3499=CARTESIAN_POINT('',(84.0000012516975,-3.99999942810884,-12.1558807974746));
#3500=CARTESIAN_POINT('',(84.0000012516975,-3.99999942810885,-7.399971755144));
#3501=CARTESIAN_POINT('',(84.0000012516975,-5.00000007450581,-7.399971755144));
#3502=CARTESIAN_POINT('Origin',(67.5000016028532,24.0000009891237,-20.9117898398052));
#3503=CARTESIAN_POINT('',(99.0000020722398,-3.99999942810886,-20.9117898398051));
#3504=CARTESIAN_POINT('',(36.0000011334666,-3.99999942810886,-20.9117898398051));
#3505=CARTESIAN_POINT('',(99.0000020722398,-3.99999942810886,-20.9117898398051));
#3506=CARTESIAN_POINT('Origin',(57.0000008493662,-3.99999942810885,-7.399971755144));
#3507=CARTESIAN_POINT('',(57.0000008493662,-3.99999942810885,-16.9117898398051));
#3508=CARTESIAN_POINT('',(36.0000011334666,-3.99999942810885,-16.9117898398051));
#3509=CARTESIAN_POINT('',(57.0000008493662,-3.99999942810885,-7.399971755144));
#3510=CARTESIAN_POINT('Origin',(57.0000008493662,-5.00000007450581,-7.399971755144));
#3511=CARTESIAN_POINT('',(57.0000008493662,26.0000003874302,-7.399971755144));
#3512=CARTESIAN_POINT('',(57.0000008493662,-3.99999942810884,-12.1558807974746));
#3513=CARTESIAN_POINT('Origin',(78.0000012516975,-5.00000007450581,-9.899971755144));
#3514=CARTESIAN_POINT('Origin',(78.0000012516975,24.8067550952105,-9.899971755144));
#3515=CARTESIAN_POINT('Origin',(70.5000010505319,9.90338194116617,-3.399971755144));
#3516=CARTESIAN_POINT('Origin',(63.0000008493662,26.0000003874302,-9.899971755144));
#3517=CARTESIAN_POINT('Origin',(63.0000008493662,24.8067614249446,-9.899971755144));
#3518=CARTESIAN_POINT('Origin',(99.0000020722398,-3.99999942810885,-16.9117898398051));
#3519=CARTESIAN_POINT('',(36.0000011334666,-3.99999942810885,-16.9117898398051));
#3520=CARTESIAN_POINT('',(99.0000020722398,-3.99999942810885,-16.9117898398051));
#3521=CARTESIAN_POINT('',(99.0000020722398,-3.99999942810885,-16.9117898398051));
#3522=CARTESIAN_POINT('',(36.0000011334666,-3.99999942810885,-16.9117898398051));
#3523=CARTESIAN_POINT('Origin',(99.0000020722398,52.0000014063562,-16.9117898398052));
#3524=CARTESIAN_POINT('',(99.0000020722398,51.5421915858251,-7.399971755144));
#3525=CARTESIAN_POINT('',(99.0000020722398,-3.99999942810885,-16.9117898398051));
#3526=CARTESIAN_POINT('',(99.0000020722398,49.3861097438467,-7.399971755144));
#3527=CARTESIAN_POINT('',(99.0000020722398,48.0000007152557,-12.1558807974746));
#3528=CARTESIAN_POINT('',(99.0000020722398,-3.99999942810885,-16.9117898398051));
#3529=CARTESIAN_POINT('',(99.0000020722398,31.000000461936,-12.1558807974746));
#3530=CARTESIAN_POINT('',(99.0000020722398,29.204074555591,-7.399971755144));
#3531=CARTESIAN_POINT('',(99.0000020722398,-3.99999942810885,-16.9117898398051));
#3532=CARTESIAN_POINT('',(99.0000020722398,27.0476710209689,-7.399971755144));
#3533=CARTESIAN_POINT('',(99.0000020722398,24.9365194085333,-7.399971755144));
#3534=CARTESIAN_POINT('',(99.0000020722398,-3.99999942810885,-16.9117898398051));
#3535=CARTESIAN_POINT('Origin',(67.5000016028532,24.0000009891237,-16.9117898398052));
#3536=CARTESIAN_POINT('',(36.0000011334666,52.0000014063562,-16.9117898398052));
#3537=CARTESIAN_POINT('Origin',(98.0586019585275,24.8067466308368,-0.399971755144));
#3538=CARTESIAN_POINT('',(98.0586019585275,24.8067466308368,-0.399971755144));
#3539=CARTESIAN_POINT('',(98.0586019585275,24.8067466308368,-0.399971755144));
#3540=CARTESIAN_POINT('',(38.0578766170685,24.8067719500786,-0.399971755144));
#3541=CARTESIAN_POINT('',(98.0586019585275,24.8067466308368,-0.399971755144));
#3542=CARTESIAN_POINT('',(38.0578766170685,24.8067719500786,-0.399971755144));
#3543=CARTESIAN_POINT('Origin',(100.000001490116,43.3128553722282,-0.399971755144));
#3544=CARTESIAN_POINT('',(100.000001490116,43.3128553722282,-0.399971755144));
#3545=CARTESIAN_POINT('',(100.000001490116,45.8125503516526,-0.399971755144));
#3546=CARTESIAN_POINT('',(100.000001490116,31.000000461936,-0.399971755144));
#3547=CARTESIAN_POINT('',(100.000001490116,45.8125503516526,-0.399971755144));
#3548=CARTESIAN_POINT('',(100.000001490116,43.3128553722282,-0.399971755144));
#3549=CARTESIAN_POINT('Origin',(99.4503582020315,43.2927003219349,-0.399971755144));
#3550=CARTESIAN_POINT('',(100.000001490116,43.2725452716416,-0.399971755144));
#3551=CARTESIAN_POINT('Origin',(99.4503582020315,43.2927003219349,-0.399971755144));
#3552=CARTESIAN_POINT('',(100.000001490116,43.2725452716416,-0.399971755144));
#3553=CARTESIAN_POINT('Origin',(100.000001490116,40.7728502922182,-0.399971755144));
#3554=CARTESIAN_POINT('',(100.000001490116,40.7728502922182,-0.399971755144));
#3555=CARTESIAN_POINT('',(100.000001490116,31.000000461936,-0.399971755144));
#3556=CARTESIAN_POINT('',(100.000001490116,40.7728502922182,-0.399971755144));
#3557=CARTESIAN_POINT('Origin',(99.4503582020315,40.7526952419249,-0.399971755144));
#3558=CARTESIAN_POINT('',(100.000001490116,40.7325401916316,-0.399971755144));
#3559=CARTESIAN_POINT('Origin',(99.4503582020315,40.7526952419249,-0.399971755144));
#3560=CARTESIAN_POINT('',(100.000001490116,40.7325401916316,-0.399971755144));
#3561=CARTESIAN_POINT('Origin',(100.000001490116,38.2328452122082,-0.399971755144));
#3562=CARTESIAN_POINT('',(100.000001490116,38.2328452122082,-0.399971755144));
#3563=CARTESIAN_POINT('',(100.000001490116,31.000000461936,-0.399971755144));
#3564=CARTESIAN_POINT('',(100.000001490116,38.2328452122082,-0.399971755144));
#3565=CARTESIAN_POINT('Origin',(99.4503582020315,38.2126901619149,-0.399971755144));
#3566=CARTESIAN_POINT('',(100.000001490116,38.1925351116216,-0.399971755144));
#3567=CARTESIAN_POINT('Origin',(99.4503582020315,38.2126901619149,-0.399971755144));
#3568=CARTESIAN_POINT('',(100.000001490116,38.1925351116216,-0.399971755144));
#3569=CARTESIAN_POINT('Origin',(100.000001490116,35.6928401321982,-0.399971755144));
#3570=CARTESIAN_POINT('',(100.000001490116,35.6928401321982,-0.399971755144));
#3571=CARTESIAN_POINT('',(100.000001490116,31.000000461936,-0.399971755144));
#3572=CARTESIAN_POINT('',(100.000001490116,35.6928401321982,-0.399971755144));
#3573=CARTESIAN_POINT('Origin',(99.4503582020315,35.6726850819049,-0.399971755144));
#3574=CARTESIAN_POINT('',(100.000001490116,35.6525300316116,-0.399971755144));
#3575=CARTESIAN_POINT('Origin',(99.4503582020315,35.6726850819049,-0.399971755144));
#3576=CARTESIAN_POINT('',(100.000001490116,35.6525300316116,-0.399971755144));
#3577=CARTESIAN_POINT('Origin',(100.000001490116,33.1528350521882,-0.399971755144));
#3578=CARTESIAN_POINT('',(100.000001490116,33.1528350521882,-0.399971755144));
#3579=CARTESIAN_POINT('',(100.000001490116,31.000000461936,-0.399971755144));
#3580=CARTESIAN_POINT('',(100.000001490116,33.1528350521882,-0.399971755144));
#3581=CARTESIAN_POINT('Origin',(99.4503582020315,33.1326800018949,-0.399971755144));
#3582=CARTESIAN_POINT('',(100.000001490116,33.1125249516016,-0.399971755144));
#3583=CARTESIAN_POINT('Origin',(99.4503582020315,33.1326800018949,-0.399971755144));
#3584=CARTESIAN_POINT('',(100.000001490116,33.1125249516016,-0.399971755144));
#3585=CARTESIAN_POINT('Origin',(100.000001490116,31.000000461936,-0.399971755144));
#3586=CARTESIAN_POINT('',(100.000001490116,31.000000461936,-0.399971755144));
#3587=CARTESIAN_POINT('',(100.000001490116,31.000000461936,-0.399971755144));
#3588=CARTESIAN_POINT('',(100.000001490116,31.000000461936,-0.399971755144));
#3589=CARTESIAN_POINT('Origin',(95.0000014156103,31.000000461936,-0.399971755144));
#3590=CARTESIAN_POINT('',(95.0000014156103,31.000000461936,-0.399971755144));
#3591=CARTESIAN_POINT('',(95.0000014156103,31.000000461936,-0.399971755144));
#3592=CARTESIAN_POINT('',(95.0000014156103,31.000000461936,-0.399971755144));
#3593=CARTESIAN_POINT('Origin',(95.0000014156103,26.0000003874302,-0.399971755144));
#3594=CARTESIAN_POINT('',(95.0000014156103,26.0000003874302,-0.399971755144));
#3595=CARTESIAN_POINT('',(95.0000014156103,26.0000003874302,-0.399971755144));
#3596=CARTESIAN_POINT('',(95.0000014156103,26.0000003874302,-0.399971755144));
#3597=CARTESIAN_POINT('Origin',(53.0000007897615,26.0000003874302,-0.399971755144));
#3598=CARTESIAN_POINT('',(53.0000007897615,26.0000003874302,-0.399971755144));
#3599=CARTESIAN_POINT('',(53.0000007897615,26.0000003874302,-0.399971755144));
#3600=CARTESIAN_POINT('',(53.0000007897615,26.0000003874302,-0.399971755144));
#3601=CARTESIAN_POINT('Origin',(53.0000007897615,49.0000007301569,-0.399971755144));
#3602=CARTESIAN_POINT('',(53.0000007897615,49.0000007301569,-0.399971755144));
#3603=CARTESIAN_POINT('',(53.0000007897615,49.0000007301569,-0.399971755144));
#3604=CARTESIAN_POINT('',(53.0000007897615,49.0000007301569,-0.399971755144));
#3605=CARTESIAN_POINT('Origin',(95.0000014156103,49.0000007301569,-0.399971755144));
#3606=CARTESIAN_POINT('',(95.0000014156103,49.0000007301569,-0.399971755144));
#3607=CARTESIAN_POINT('',(95.0000014156103,49.0000007301569,-0.399971755144));
#3608=CARTESIAN_POINT('',(95.0000014156103,49.0000007301569,-0.399971755144));
#3609=CARTESIAN_POINT('Origin',(95.0000014156103,48.0000007152557,-0.399971755144));
#3610=CARTESIAN_POINT('',(95.0000014156103,48.0000007152557,-0.399971755144));
#3611=CARTESIAN_POINT('',(95.0000014156103,26.0000003874302,-0.399971755144));
#3612=CARTESIAN_POINT('',(95.0000014156103,48.0000007152557,-0.399971755144));
#3613=CARTESIAN_POINT('Origin',(100.000001490116,48.0000007152557,-0.399971755144));
#3614=CARTESIAN_POINT('',(100.000001490116,48.0000007152557,-0.399971755144));
#3615=CARTESIAN_POINT('',(100.000001490116,48.0000007152557,-0.399971755144));
#3616=CARTESIAN_POINT('',(100.000001490116,48.0000007152557,-0.399971755144));
#3617=CARTESIAN_POINT('Origin',(100.000001490116,45.8528604522392,-0.399971755144));
#3618=CARTESIAN_POINT('',(100.000001490116,45.8528604522392,-0.399971755144));
#3619=CARTESIAN_POINT('',(100.000001490116,31.000000461936,-0.399971755144));
#3620=CARTESIAN_POINT('',(100.000001490116,45.8528604522392,-0.399971755144));
#3621=CARTESIAN_POINT('Origin',(99.4503582020315,45.8327054019459,-0.399971755144));
#3622=CARTESIAN_POINT('Origin',(99.4503582020315,45.8327054019459,-0.399971755144));
#3623=CARTESIAN_POINT('Origin',(36.0000005364418,49.0000007301569,-0.399971755144));
#3624=CARTESIAN_POINT('',(36.0000005364418,49.0000007301569,-0.399971755144));
#3625=CARTESIAN_POINT('',(36.0000005364418,32.0000004768372,-0.399971755144));
#3626=CARTESIAN_POINT('',(36.0000005364418,49.0000007301569,-0.399971755144));
#3627=CARTESIAN_POINT('',(36.0000005364418,32.0000004768372,-0.399971755144));
#3628=CARTESIAN_POINT('',(36.0000011334666,25.4788563495743,-7.399971755144));
#3629=CARTESIAN_POINT('',(36.0000005364418,49.0000007301569,-0.399971755144));
#3630=CARTESIAN_POINT('Origin',(43.0000006407499,49.0000007301569,-0.399971755144));
#3631=CARTESIAN_POINT('',(43.0000006407499,49.0000007301569,-0.399971755144));
#3632=CARTESIAN_POINT('',(43.0000006407499,49.0000007301569,-0.399971755144));
#3633=CARTESIAN_POINT('',(43.0000006407499,49.0000007301569,-0.399971755144));
#3634=CARTESIAN_POINT('Origin',(43.0000006407499,32.0000004768372,-0.399971755144));
#3635=CARTESIAN_POINT('',(43.0000006407499,32.0000004768372,-0.399971755144));
#3636=CARTESIAN_POINT('',(43.0000006407499,32.0000004768372,-0.399971755144));
#3637=CARTESIAN_POINT('',(43.0000006407499,32.0000004768372,-0.399971755144));
#3638=CARTESIAN_POINT('Origin',(36.0000005364418,32.0000004768372,-0.399971755144));
#3639=CARTESIAN_POINT('',(36.0000005364418,32.0000004768372,-0.399971755144));
#3640=CARTESIAN_POINT('Origin',(37.8859690732535,50.4640744646839,-0.399971755144));
#3641=CARTESIAN_POINT('',(36.5109627232405,50.4640744646839,-0.399971755144));
#3642=CARTESIAN_POINT('',(36.5109627232405,50.4640744646839,-0.399971755144));
#3643=CARTESIAN_POINT('Origin',(37.8859690732535,50.4640744646839,-0.399971755144));
#3644=CARTESIAN_POINT('Origin',(98.1467005947165,28.1258727882799,-0.399971755144));
#3645=CARTESIAN_POINT('',(96.7716942447035,28.1258727882799,-0.399971755144));
#3646=CARTESIAN_POINT('',(96.7716942447035,28.1258727882799,-0.399971755144));
#3647=CARTESIAN_POINT('Origin',(98.1467005947165,28.1258727882799,-0.399971755144));
#3648=CARTESIAN_POINT('Origin',(37.8859182731515,28.1261013887379,-0.399971755144));
#3649=CARTESIAN_POINT('',(36.5109119231385,28.1261013887379,-0.399971755144));
#3650=CARTESIAN_POINT('',(36.5109119231385,28.1261013887379,-0.399971755144));
#3651=CARTESIAN_POINT('Origin',(37.8859182731515,28.1261013887379,-0.399971755144));
#3652=CARTESIAN_POINT('Origin',(98.1464973943095,50.4641506648359,-0.399971755144));
#3653=CARTESIAN_POINT('',(96.7714910442965,50.4641506648359,-0.399971755144));
#3654=CARTESIAN_POINT('',(96.7714910442965,50.4641506648359,-0.399971755144));
#3655=CARTESIAN_POINT('Origin',(98.1464973943095,50.4641506648359,-0.399971755144));
#3656=CARTESIAN_POINT('Origin',(53.6987372623655,52.637175810858,-0.399971755144));
#3657=CARTESIAN_POINT('',(54.5466667069786,51.8458532420188,-0.399971755144));
#3658=CARTESIAN_POINT('',(53.6987453877785,51.4773586912524,-0.399971755144));
#3659=CARTESIAN_POINT('Origin',(53.6987372623655,52.637175810858,-0.399971755144));
#3660=CARTESIAN_POINT('',(54.5466667069786,51.8458532420188,-0.399971755144));
#3661=CARTESIAN_POINT('',(53.6987453877785,51.4773586912524,-0.399971755144));
#3662=CARTESIAN_POINT('Origin',(45.4338480531275,51.4767744900842,-0.399971755144));
#3663=CARTESIAN_POINT('',(45.4338480531275,51.4767744900842,-0.399971755144));
#3664=CARTESIAN_POINT('',(45.4338480531275,51.4767744900842,-0.399971755144));
#3665=CARTESIAN_POINT('',(45.4338480531275,51.4767744900842,-0.399971755144));
#3666=CARTESIAN_POINT('Origin',(45.4338586361225,52.6365916096699,-0.399971755144));
#3667=CARTESIAN_POINT('',(44.5361629648332,51.9022087172054,-0.399971755144));
#3668=CARTESIAN_POINT('Origin',(45.4338586361225,52.6365916096699,-0.399971755144));
#3669=CARTESIAN_POINT('',(44.5361629648332,51.9022087172054,-0.399971755144));
#3670=CARTESIAN_POINT('Origin',(43.0814706567406,53.405934371569,-0.399971755144));
#3671=CARTESIAN_POINT('',(43.0814706567406,53.405934371569,-0.399971755144));
#3672=CARTESIAN_POINT('',(43.0814706567406,53.405934371569,-0.399971755144));
#3673=CARTESIAN_POINT('',(43.0814706567406,53.405934371569,-0.399971755144));
#3674=CARTESIAN_POINT('Origin',(42.2372314433385,52.6481994333379,-0.399971755144));
#3675=CARTESIAN_POINT('',(42.2372013130315,53.7826165017718,-0.399971755144));
#3676=CARTESIAN_POINT('Origin',(42.2372314433385,52.6481994333379,-0.399971755144));
#3677=CARTESIAN_POINT('',(42.2372013130315,53.7826165017718,-0.399971755144));
#3678=CARTESIAN_POINT('Origin',(38.0578512170175,53.7813464992278,-0.399971755144));
#3679=CARTESIAN_POINT('',(38.0578512170175,53.7813464992278,-0.399971755144));
#3680=CARTESIAN_POINT('',(38.0578512170175,53.7813464992278,-0.399971755144));
#3681=CARTESIAN_POINT('',(38.0578512170175,53.7813464992278,-0.399971755144));
#3682=CARTESIAN_POINT('Origin',(38.0582646900485,50.2936584573009,-0.399971755144));
#3683=CARTESIAN_POINT('',(34.5705766424685,50.2940211245769,-0.399971755144));
#3684=CARTESIAN_POINT('Origin',(38.0582646900485,50.2936584573009,-0.399971755144));
#3685=CARTESIAN_POINT('',(34.5705766424685,50.2940211245769,-0.399971755144));
#3686=CARTESIAN_POINT('Origin',(34.5705513403987,28.2932198545569,-0.399971755144));
#3687=CARTESIAN_POINT('',(34.5705513403987,28.2932198545569,-0.399971755144));
#3688=CARTESIAN_POINT('',(34.5705513403987,28.2932198545569,-0.399971755144));
#3689=CARTESIAN_POINT('',(34.5705513403987,28.2932198545569,-0.399971755144));
#3690=CARTESIAN_POINT('Origin',(38.0582392813465,28.2944600926879,-0.399971755144));
#3691=CARTESIAN_POINT('Origin',(38.0582392813465,28.2944600926879,-0.399971755144));
#3692=CARTESIAN_POINT('Origin',(98.0574624214075,28.2944606365979,-0.399971755144));
#3693=CARTESIAN_POINT('',(101.545176591668,28.2948493430499,-0.399971755144));
#3694=CARTESIAN_POINT('Origin',(98.0574624214075,28.2944606365979,-0.399971755144));
#3695=CARTESIAN_POINT('',(101.545176591668,28.2948493430499,-0.399971755144));
#3696=CARTESIAN_POINT('Origin',(101.545151191618,50.2940465246279,-0.399971755144));
#3697=CARTESIAN_POINT('',(101.545151191618,50.2940465246279,-0.399971755144));
#3698=CARTESIAN_POINT('',(101.545151191618,50.2940465246279,-0.399971755144));
#3699=CARTESIAN_POINT('',(101.545151191618,50.2940465246279,-0.399971755144));
#3700=CARTESIAN_POINT('Origin',(98.0567942403955,50.2931419462529,-0.399971755144));
#3701=CARTESIAN_POINT('',(98.0558896620215,53.7814988974752,-0.399971755144));
#3702=CARTESIAN_POINT('Origin',(98.0567942403955,50.2931419462529,-0.399971755144));
#3703=CARTESIAN_POINT('',(98.0558896620215,53.7814988974752,-0.399971755144));
#3704=CARTESIAN_POINT('Origin',(56.9327558382655,53.7813718992793,-0.399971755144));
#3705=CARTESIAN_POINT('',(56.9327558382655,53.7813718992793,-0.399971755144));
#3706=CARTESIAN_POINT('',(56.9327558382655,53.7813718992793,-0.399971755144));
#3707=CARTESIAN_POINT('',(56.9327558382655,53.7813718992793,-0.399971755144));
#3708=CARTESIAN_POINT('Origin',(56.9329312388625,52.6465073441309,-0.399971755144));
#3709=CARTESIAN_POINT('',(56.1017072275762,53.4191548914372,-0.399971755144));
#3710=CARTESIAN_POINT('Origin',(56.9329312388625,52.6465073441309,-0.399971755144));
#3711=CARTESIAN_POINT('',(56.1017072275762,53.4191548914372,-0.399971755144));
#3712=CARTESIAN_POINT('Origin',(54.5466667069786,51.8458532420188,-0.399971755144));
#3713=CARTESIAN_POINT('',(54.5466667069786,51.8458532420188,-0.399971755144));
#3714=CARTESIAN_POINT('Origin',(68.0578639768636,39.2946815665043,-0.399971755144));
#3715=CARTESIAN_POINT('Origin',(68.0578639783445,39.2946815664686,-0.399971755144));
#3716=CARTESIAN_POINT('',(45.3259263876555,52.5756773793548,-0.399971755144));
#3717=CARTESIAN_POINT('',(43.8372836235022,54.1144978585634,-0.399971755144));
#3718=CARTESIAN_POINT('',(45.3259263876555,52.5756773793548,-0.399971755144));
#3719=CARTESIAN_POINT('',(45.4338499267351,52.5126564910063,-0.399971755144));
#3720=CARTESIAN_POINT('Origin',(45.4338586361225,52.6365916096699,-0.399971755144));
#3721=CARTESIAN_POINT('',(53.6987051487387,52.5132406960488,-0.399971755144));
#3722=CARTESIAN_POINT('',(53.6987051487387,52.5132406960488,-0.399971755144));
#3723=CARTESIAN_POINT('',(53.794179857769,52.5581149185237,-0.399971755144));
#3724=CARTESIAN_POINT('Origin',(53.6987372623655,52.637175810858,-0.399971755144));
#3725=CARTESIAN_POINT('',(55.3555929948547,54.1378640192461,-0.399971755144));
#3726=CARTESIAN_POINT('',(55.3555929948547,54.1378640192461,-0.399971755144));
#3727=CARTESIAN_POINT('',(56.9326741876351,54.8172538996964,-0.399971755144));
#3728=CARTESIAN_POINT('Origin',(56.9329312388625,52.6465073441309,-0.399971755144));
#3729=CARTESIAN_POINT('',(98.0557537533536,54.8173808957783,-0.399971755144));
#3730=CARTESIAN_POINT('',(98.0557537533536,54.8173808957783,-0.399971755144));
#3731=CARTESIAN_POINT('',(102.581033192127,50.2941814317746,-0.399971755144));
#3732=CARTESIAN_POINT('Origin',(98.0567942403955,50.2931419462529,-0.399971755144));
#3733=CARTESIAN_POINT('',(102.581058595078,28.2949076656892,-0.399971755144));
#3734=CARTESIAN_POINT('',(102.581058591905,28.2949076656888,-0.399971755144));
#3735=CARTESIAN_POINT('',(98.0587709662736,23.770864630101,-0.399971755144));
#3736=CARTESIAN_POINT('Origin',(98.0574624214075,28.2944606365979,-0.399971755144));
#3737=CARTESIAN_POINT('',(38.0578225408533,23.770889949755,-0.399971755144));
#3738=CARTESIAN_POINT('',(38.0578225408533,23.770889949755,-0.399971755144));
#3739=CARTESIAN_POINT('',(33.5346693395226,28.2930362679875,-0.399971755144));
#3740=CARTESIAN_POINT('Origin',(38.0582392813465,28.2944600926879,-0.399971755144));
#3741=CARTESIAN_POINT('',(33.5346946421796,50.294075578336,-0.399971755144));
#3742=CARTESIAN_POINT('',(33.5346946421796,50.294075578336,-0.399971755144));
#3743=CARTESIAN_POINT('',(38.0576324243508,54.8172284812333,-0.399971755144));
#3744=CARTESIAN_POINT('Origin',(38.0582646900485,50.2936584573009,-0.399971755144));
#3745=CARTESIAN_POINT('',(42.2370301668024,54.8184984935029,-0.399971755144));
#3746=CARTESIAN_POINT('',(42.2370301668024,54.8184984935029,-0.399971755144));
#3747=CARTESIAN_POINT('Origin',(42.2372314433385,52.6481994333379,-0.399971755144));
#3748=CARTESIAN_POINT('',(43.0814706567406,53.405934371569,-0.399971755144));
#3749=CARTESIAN_POINT('',(44.5361629648332,51.9022087172054,-0.399971755144));
#3750=CARTESIAN_POINT('',(43.0814706567406,53.405934371569,-0.399971755144));
#3751=CARTESIAN_POINT('',(42.2372013130315,53.7826165017718,-0.399971755144));
#3752=CARTESIAN_POINT('Origin',(42.2372314433385,52.6481994333379,-0.399971755144));
#3753=CARTESIAN_POINT('',(38.0578512170175,53.7813464992278,-0.399971755144));
#3754=CARTESIAN_POINT('',(38.0578512170175,53.7813464992278,-0.399971755144));
#3755=CARTESIAN_POINT('',(34.5705766424685,50.2940211245769,-0.399971755144));
#3756=CARTESIAN_POINT('Origin',(38.0582646900485,50.2936584573009,-0.399971755144));
#3757=CARTESIAN_POINT('',(34.5705513403987,28.2932198545569,-0.399971755144));
#3758=CARTESIAN_POINT('',(34.5705513403987,28.2932198545569,-0.399971755144));
#3759=CARTESIAN_POINT('',(38.0578766170685,24.8067719500786,-0.399971755144));
#3760=CARTESIAN_POINT('Origin',(38.0582392813465,28.2944600926879,-0.399971755144));
#3761=CARTESIAN_POINT('',(98.0586019585275,24.8067466308368,-0.399971755144));
#3762=CARTESIAN_POINT('',(98.0586019585275,24.8067466308368,-0.399971755144));
#3763=CARTESIAN_POINT('',(101.545176591668,28.2948493430499,-0.399971755144));
#3764=CARTESIAN_POINT('Origin',(98.0574624214075,28.2944606365979,-0.399971755144));
#3765=CARTESIAN_POINT('',(101.545151191618,50.2940465246279,-0.399971755144));
#3766=CARTESIAN_POINT('',(101.545151191618,50.2940465246279,-0.399971755144));
#3767=CARTESIAN_POINT('',(98.0558896620215,53.7814988974752,-0.399971755144));
#3768=CARTESIAN_POINT('Origin',(98.0567942403955,50.2931419462529,-0.399971755144));
#3769=CARTESIAN_POINT('',(56.9327558382655,53.7813718992793,-0.399971755144));
#3770=CARTESIAN_POINT('',(56.9327558382655,53.7813718992793,-0.399971755144));
#3771=CARTESIAN_POINT('',(56.1017072275762,53.4191548914372,-0.399971755144));
#3772=CARTESIAN_POINT('Origin',(56.9329312388625,52.6465073441309,-0.399971755144));
#3773=CARTESIAN_POINT('',(54.5466667069786,51.8458532420188,-0.399971755144));
#3774=CARTESIAN_POINT('',(54.5466667069786,51.8458532420188,-0.399971755144));
#3775=CARTESIAN_POINT('',(53.6987453877785,51.4773586912524,-0.399971755144));
#3776=CARTESIAN_POINT('Origin',(53.6987372623655,52.637175810858,-0.399971755144));
#3777=CARTESIAN_POINT('',(45.4338480531275,51.4767744900842,-0.399971755144));
#3778=CARTESIAN_POINT('',(45.4338480531275,51.4767744900842,-0.399971755144));
#3779=CARTESIAN_POINT('Origin',(45.4338586361225,52.6365916096699,-0.399971755144));
#3780=CARTESIAN_POINT('Origin',(68.0578639783445,39.2946815664686,1.600028244856));
#3781=CARTESIAN_POINT('',(45.3259263876555,52.5756773793548,1.600028244856));
#3782=CARTESIAN_POINT('',(43.8372836235022,54.1144978585634,1.600028244856));
#3783=CARTESIAN_POINT('',(45.3259263876555,52.5756773793548,1.600028244856));
#3784=CARTESIAN_POINT('',(42.2370301668024,54.8184984935029,1.600028244856));
#3785=CARTESIAN_POINT('Origin',(42.2372314433385,52.6481994333379,1.600028244856));
#3786=CARTESIAN_POINT('',(38.0576324243508,54.8172284812333,1.600028244856));
#3787=CARTESIAN_POINT('',(42.2370301668024,54.8184984935029,1.600028244856));
#3788=CARTESIAN_POINT('',(33.5346946421796,50.294075578336,1.600028244856));
#3789=CARTESIAN_POINT('Origin',(38.0582646900485,50.2936584573009,1.600028244856));
#3790=CARTESIAN_POINT('',(33.5346693395226,28.2930362679875,1.600028244856));
#3791=CARTESIAN_POINT('',(33.5346946421796,50.294075578336,1.600028244856));
#3792=CARTESIAN_POINT('',(38.0578225408533,23.770889949755,1.600028244856));
#3793=CARTESIAN_POINT('Origin',(38.0582392813465,28.2944600926879,1.600028244856));
#3794=CARTESIAN_POINT('',(98.0587709662736,23.770864630101,1.600028244856));
#3795=CARTESIAN_POINT('',(38.0578225408533,23.770889949755,1.600028244856));
#3796=CARTESIAN_POINT('',(102.581058595078,28.2949076656892,1.600028244856));
#3797=CARTESIAN_POINT('Origin',(98.0574624214075,28.2944606365979,1.600028244856));
#3798=CARTESIAN_POINT('',(102.581033192127,50.2941814317746,1.600028244856));
#3799=CARTESIAN_POINT('',(102.581058591905,28.2949076656888,1.600028244856));
#3800=CARTESIAN_POINT('',(98.0557537533536,54.8173808957783,1.600028244856));
#3801=CARTESIAN_POINT('Origin',(98.0567942403955,50.2931419462529,1.600028244856));
#3802=CARTESIAN_POINT('',(56.9326741876351,54.8172538996964,1.600028244856));
#3803=CARTESIAN_POINT('',(98.0557537533536,54.8173808957783,1.600028244856));
#3804=CARTESIAN_POINT('',(55.3555929948547,54.1378640192461,1.600028244856));
#3805=CARTESIAN_POINT('Origin',(56.9329312388625,52.6465073441309,1.600028244856));
#3806=CARTESIAN_POINT('',(53.794179857769,52.5581149185237,1.600028244856));
#3807=CARTESIAN_POINT('',(55.3555929948547,54.1378640192461,1.600028244856));
#3808=CARTESIAN_POINT('',(53.6987051487387,52.5132406960488,1.600028244856));
#3809=CARTESIAN_POINT('Origin',(53.6987372623655,52.637175810858,1.600028244856));
#3810=CARTESIAN_POINT('',(45.4338499267351,52.5126564910063,1.600028244856));
#3811=CARTESIAN_POINT('',(53.6987051487387,52.5132406960488,1.600028244856));
#3812=CARTESIAN_POINT('Origin',(45.4338586361225,52.6365916096699,1.600028244856));
#3813=CARTESIAN_POINT('',(43.0814706567406,53.405934371569,1.600028244856));
#3814=CARTESIAN_POINT('',(44.5361629648332,51.9022087172054,1.600028244856));
#3815=CARTESIAN_POINT('',(44.5361629648332,51.9022087172054,1.600028244856));
#3816=CARTESIAN_POINT('',(45.4338480531275,51.4767744900842,1.600028244856));
#3817=CARTESIAN_POINT('Origin',(45.4338586361225,52.6365916096699,1.600028244856));
#3818=CARTESIAN_POINT('',(53.6987453877785,51.4773586912524,1.600028244856));
#3819=CARTESIAN_POINT('',(53.6987453877785,51.4773586912524,1.600028244856));
#3820=CARTESIAN_POINT('',(54.5466667069786,51.8458532420188,1.600028244856));
#3821=CARTESIAN_POINT('Origin',(53.6987372623655,52.637175810858,1.600028244856));
#3822=CARTESIAN_POINT('',(56.1017072275762,53.4191548914372,1.600028244856));
#3823=CARTESIAN_POINT('',(56.1017072275762,53.4191548914372,1.600028244856));
#3824=CARTESIAN_POINT('',(56.9327558382655,53.7813718992793,1.600028244856));
#3825=CARTESIAN_POINT('Origin',(56.9329312388625,52.6465073441309,1.600028244856));
#3826=CARTESIAN_POINT('',(98.0558896620215,53.7814988974752,1.600028244856));
#3827=CARTESIAN_POINT('',(98.0558896620215,53.7814988974752,1.600028244856));
#3828=CARTESIAN_POINT('',(101.545151191618,50.2940465246279,1.600028244856));
#3829=CARTESIAN_POINT('Origin',(98.0567942403955,50.2931419462529,1.600028244856));
#3830=CARTESIAN_POINT('',(101.545176591668,28.2948493430499,1.600028244856));
#3831=CARTESIAN_POINT('',(101.545176591668,28.2948493430499,1.600028244856));
#3832=CARTESIAN_POINT('',(98.0586019585275,24.8067466308368,1.600028244856));
#3833=CARTESIAN_POINT('Origin',(98.0574624214075,28.2944606365979,1.600028244856));
#3834=CARTESIAN_POINT('',(38.0578766170685,24.8067719500786,1.600028244856));
#3835=CARTESIAN_POINT('',(38.0578766170685,24.8067719500786,1.600028244856));
#3836=CARTESIAN_POINT('',(34.5705513403987,28.2932198545569,1.600028244856));
#3837=CARTESIAN_POINT('Origin',(38.0582392813465,28.2944600926879,1.600028244856));
#3838=CARTESIAN_POINT('',(34.5705766424685,50.2940211245769,1.600028244856));
#3839=CARTESIAN_POINT('',(34.5705766424685,50.2940211245769,1.600028244856));
#3840=CARTESIAN_POINT('',(38.0578512170175,53.7813464992278,1.600028244856));
#3841=CARTESIAN_POINT('Origin',(38.0582646900485,50.2936584573009,1.600028244856));
#3842=CARTESIAN_POINT('',(42.2372013130315,53.7826165017718,1.600028244856));
#3843=CARTESIAN_POINT('',(42.2372013130315,53.7826165017718,1.600028244856));
#3844=CARTESIAN_POINT('Origin',(42.2372314433385,52.6481994333379,1.600028244856));
#3845=CARTESIAN_POINT('Origin',(45.3259263876555,52.5756773793548,-0.399971755144));
#3846=CARTESIAN_POINT('',(43.8372836235022,54.1144978585634,-0.399971755144));
#3847=CARTESIAN_POINT('',(45.3259263876555,52.5756773793548,-0.399971755144));
#3848=CARTESIAN_POINT('Origin',(42.2372314433385,52.6481994333379,-0.399971755144));
#3849=CARTESIAN_POINT('',(42.2370301668024,54.8184984935029,-0.399971755144));
#3850=CARTESIAN_POINT('Origin',(42.2370301668024,54.8184984935029,-0.399971755144));
#3851=CARTESIAN_POINT('',(38.0576324243508,54.8172284812333,-0.399971755144));
#3852=CARTESIAN_POINT('Origin',(38.0582646900485,50.2936584573009,-0.399971755144));
#3853=CARTESIAN_POINT('',(33.5346946421796,50.294075578336,-0.399971755144));
#3854=CARTESIAN_POINT('Origin',(33.5346946421796,50.294075578336,-0.399971755144));
#3855=CARTESIAN_POINT('',(33.5346693395226,28.2930362679875,-0.399971755144));
#3856=CARTESIAN_POINT('Origin',(38.0582392813465,28.2944600926879,-0.399971755144));
#3857=CARTESIAN_POINT('',(38.0578225408533,23.770889949755,-0.399971755144));
#3858=CARTESIAN_POINT('Origin',(38.0578225408533,23.770889949755,-0.399971755144));
#3859=CARTESIAN_POINT('',(98.0587709662736,23.770864630101,-0.399971755144));
#3860=CARTESIAN_POINT('Origin',(98.0574624214075,28.2944606365979,-0.399971755144));
#3861=CARTESIAN_POINT('',(102.581058595078,28.2949076656892,-0.399971755144));
#3862=CARTESIAN_POINT('Origin',(102.581058591905,28.2949076656891,-0.399971755144));
#3863=CARTESIAN_POINT('',(102.581033192127,50.2941814317746,-0.399971755144));
#3864=CARTESIAN_POINT('Origin',(98.0567942403955,50.2931419462529,-0.399971755144));
#3865=CARTESIAN_POINT('',(98.0557537533536,54.8173808957783,-0.399971755144));
#3866=CARTESIAN_POINT('Origin',(98.0557537533536,54.8173808957783,-0.399971755144));
#3867=CARTESIAN_POINT('',(56.9326741876351,54.8172538996964,-0.399971755144));
#3868=CARTESIAN_POINT('Origin',(56.9329312388625,52.6465073441309,-0.399971755144));
#3869=CARTESIAN_POINT('',(55.3555929948547,54.1378640192461,-0.399971755144));
#3870=CARTESIAN_POINT('Origin',(55.3555929948547,54.1378640192461,-0.399971755144));
#3871=CARTESIAN_POINT('',(53.794179857769,52.5581149185237,-0.399971755144));
#3872=CARTESIAN_POINT('Origin',(53.6987372623655,52.637175810858,-0.399971755144));
#3873=CARTESIAN_POINT('',(53.6987051487387,52.5132406960488,-0.399971755144));
#3874=CARTESIAN_POINT('Origin',(53.6987051487387,52.5132406960488,-0.399971755144));
#3875=CARTESIAN_POINT('',(45.4338499267351,52.5126564910063,-0.399971755144));
#3876=CARTESIAN_POINT('Origin',(45.4338586361225,52.6365916096699,-0.399971755144));
#3877=CARTESIAN_POINT('Origin',(43.0814706567406,53.405934371569,-0.399971755144));
#3878=CARTESIAN_POINT('',(44.5361629648332,51.9022087172054,-0.399971755144));
#3879=CARTESIAN_POINT('',(43.0814706567406,53.405934371569,-0.399971755144));
#3880=CARTESIAN_POINT('Origin',(45.4338586361225,52.6365916096699,-0.399971755144));
#3881=CARTESIAN_POINT('',(45.4338480531275,51.4767744900842,-0.399971755144));
#3882=CARTESIAN_POINT('Origin',(45.4338480531275,51.4767744900842,-0.399971755144));
#3883=CARTESIAN_POINT('',(53.6987453877785,51.4773586912524,-0.399971755144));
#3884=CARTESIAN_POINT('Origin',(53.6987372623655,52.637175810858,-0.399971755144));
#3885=CARTESIAN_POINT('',(54.5466667069786,51.8458532420188,-0.399971755144));
#3886=CARTESIAN_POINT('Origin',(54.5466667069786,51.8458532420188,-0.399971755144));
#3887=CARTESIAN_POINT('',(56.1017072275762,53.4191548914372,-0.399971755144));
#3888=CARTESIAN_POINT('Origin',(56.9329312388625,52.6465073441309,-0.399971755144));
#3889=CARTESIAN_POINT('',(56.9327558382655,53.7813718992793,-0.399971755144));
#3890=CARTESIAN_POINT('Origin',(56.9327558382655,53.7813718992793,-0.399971755144));
#3891=CARTESIAN_POINT('',(98.0558896620215,53.7814988974752,-0.399971755144));
#3892=CARTESIAN_POINT('Origin',(98.0567942403955,50.2931419462529,-0.399971755144));
#3893=CARTESIAN_POINT('',(101.545151191618,50.2940465246279,-0.399971755144));
#3894=CARTESIAN_POINT('Origin',(101.545151191618,50.2940465246279,-0.399971755144));
#3895=CARTESIAN_POINT('',(101.545176591668,28.2948493430499,-0.399971755144));
#3896=CARTESIAN_POINT('Origin',(98.0574624214075,28.2944606365979,-0.399971755144));
#3897=CARTESIAN_POINT('',(98.0586019585275,24.8067466308368,-0.399971755144));
#3898=CARTESIAN_POINT('Origin',(98.0586019585275,24.8067466308368,-0.399971755144));
#3899=CARTESIAN_POINT('',(38.0578766170685,24.8067719500786,-0.399971755144));
#3900=CARTESIAN_POINT('Origin',(38.0582392813465,28.2944600926879,-0.399971755144));
#3901=CARTESIAN_POINT('',(34.5705513403987,28.2932198545569,-0.399971755144));
#3902=CARTESIAN_POINT('Origin',(34.5705513403987,28.2932198545569,-0.399971755144));
#3903=CARTESIAN_POINT('',(34.5705766424685,50.2940211245769,-0.399971755144));
#3904=CARTESIAN_POINT('Origin',(38.0582646900485,50.2936584573009,-0.399971755144));
#3905=CARTESIAN_POINT('',(38.0578512170175,53.7813464992278,-0.399971755144));
#3906=CARTESIAN_POINT('Origin',(38.0578512170175,53.7813464992278,-0.399971755144));
#3907=CARTESIAN_POINT('',(42.2372013130315,53.7826165017718,-0.399971755144));
#3908=CARTESIAN_POINT('Origin',(42.2372314433385,52.6481994333379,-0.399971755144));
#3909=UNCERTAINTY_MEASURE_WITH_UNIT(LENGTH_MEASURE(0.01),#3913,
'DISTANCE_ACCURACY_VALUE',
'Maximum model space distance between geometric entities at asserted c
onnectivities');
#3910=UNCERTAINTY_MEASURE_WITH_UNIT(LENGTH_MEASURE(0.01),#3913,
'DISTANCE_ACCURACY_VALUE',
'Maximum model space distance between geometric entities at asserted c
onnectivities');
#3911=(
GEOMETRIC_REPRESENTATION_CONTEXT(3)
GLOBAL_UNCERTAINTY_ASSIGNED_CONTEXT((#3909))
GLOBAL_UNIT_ASSIGNED_CONTEXT((#3913,#3915,#3916))
REPRESENTATION_CONTEXT('','3D')
);
#3912=(
GEOMETRIC_REPRESENTATION_CONTEXT(3)
GLOBAL_UNCERTAINTY_ASSIGNED_CONTEXT((#3910))
GLOBAL_UNIT_ASSIGNED_CONTEXT((#3913,#3915,#3916))
REPRESENTATION_CONTEXT('','3D')
);
#3913=(
LENGTH_UNIT()
NAMED_UNIT(*)
SI_UNIT(.MILLI.,.METRE.)
);
#3914=(
LENGTH_UNIT()
NAMED_UNIT(*)
SI_UNIT($,.METRE.)
);
#3915=(
NAMED_UNIT(*)
PLANE_ANGLE_UNIT()
SI_UNIT($,.RADIAN.)
);
#3916=(
NAMED_UNIT(*)
SI_UNIT($,.STERADIAN.)
SOLID_ANGLE_UNIT()
);
#3917=SHAPE_DEFINITION_REPRESENTATION(#3918,#3919);
#3918=PRODUCT_DEFINITION_SHAPE('',$,#3921);
#3919=SHAPE_REPRESENTATION('',(#2379),#3911);
#3920=PRODUCT_DEFINITION_CONTEXT('part definition',#3925,'design');
#3921=PRODUCT_DEFINITION('Internal','Internal',#3922,#3920);
#3922=PRODUCT_DEFINITION_FORMATION('',$,#3927);
#3923=PRODUCT_RELATED_PRODUCT_CATEGORY('Internal','Internal',(#3927));
#3924=APPLICATION_PROTOCOL_DEFINITION('international standard',
'automotive_design',2009,#3925);
#3925=APPLICATION_CONTEXT(
'Core Data for Automotive Mechanical Design Process');
#3926=PRODUCT_CONTEXT('part definition',#3925,'mechanical');
#3927=PRODUCT('Internal','Internal',$,(#3926));
#3928=PRESENTATION_STYLE_ASSIGNMENT((#3929));
#3929=SURFACE_STYLE_USAGE(.BOTH.,#3930);
#3930=SURFACE_SIDE_STYLE('',(#3931));
#3931=SURFACE_STYLE_FILL_AREA(#3932);
#3932=FILL_AREA_STYLE('Steel - Satin',(#3933));
#3933=FILL_AREA_STYLE_COLOUR('Steel - Satin',#3934);
#3934=COLOUR_RGB('Steel - Satin',0.627450980392157,0.627450980392157,0.627450980392157);
ENDSEC;
END-ISO-10303-21;
