ISO-10303-21;
HEADER;
/* Generated by software containing ST-Developer
 * from STEP Tools, Inc. (www.steptools.com) 
 */

FILE_DESCRIPTION(
/* description */ (''),
/* implementation_level */ '2;1');

FILE_NAME(
/* name */ 'Lid.step',
/* time_stamp */ '2026-03-08T11:57:39Z',
/* author */ (''),
/* organization */ (''),
/* preprocessor_version */ 'ST-DEVELOPER v20.1',
/* originating_system */ 'Autodesk Translation Framework v14.24.0.0',
/* authorisation */ '');

FILE_SCHEMA (('AUTOMOTIVE_DESIGN { 1 0 10303 214 3 1 1 }'));
ENDSEC;

DATA;
#10=MECHANICAL_DESIGN_GEOMETRIC_PRESENTATION_REPRESENTATION('',(#13),#11922);
#11=SHAPE_REPRESENTATION_RELATIONSHIP('SRR','None',#11929,#12);
#12=ADVANCED_BREP_SHAPE_REPRESENTATION('',(#14),#11921);
#13=STYLED_ITEM('',(#11938),#14);
#14=MANIFOLD_SOLID_BREP('Lid',#6022);
#15=CYLINDRICAL_SURFACE('',#6161,2.4);
#16=CYLINDRICAL_SURFACE('',#6163,2.40000000000001);
#17=CYLINDRICAL_SURFACE('',#6172,2.4);
#18=CYLINDRICAL_SURFACE('',#6175,2.40000000000001);
#19=CIRCLE('',#6049,2.4);
#20=CIRCLE('',#6050,2.40000000000001);
#21=CIRCLE('',#6051,2.4);
#22=CIRCLE('',#6052,2.40000000000001);
#23=CIRCLE('',#6162,2.4);
#24=CIRCLE('',#6164,2.40000000000001);
#25=CIRCLE('',#6173,2.4);
#26=CIRCLE('',#6176,2.40000000000001);
#27=FACE_BOUND('',#954,.T.);
#28=FACE_BOUND('',#956,.T.);
#29=FACE_BOUND('',#957,.T.);
#30=FACE_BOUND('',#958,.T.);
#31=FACE_BOUND('',#959,.T.);
#32=FACE_BOUND('',#960,.T.);
#33=FACE_BOUND('',#961,.T.);
#34=FACE_BOUND('',#962,.T.);
#35=FACE_BOUND('',#963,.T.);
#36=FACE_BOUND('',#964,.T.);
#37=FACE_BOUND('',#965,.T.);
#38=FACE_BOUND('',#966,.T.);
#39=FACE_BOUND('',#967,.T.);
#40=FACE_BOUND('',#968,.T.);
#41=FACE_BOUND('',#969,.T.);
#42=FACE_BOUND('',#970,.T.);
#43=FACE_BOUND('',#971,.T.);
#44=FACE_BOUND('',#972,.T.);
#45=FACE_BOUND('',#973,.T.);
#46=FACE_BOUND('',#1028,.T.);
#47=FACE_BOUND('',#1123,.T.);
#48=FACE_BOUND('',#1170,.T.);
#49=FACE_BOUND('',#1190,.T.);
#50=FACE_BOUND('',#1248,.T.);
#51=FACE_BOUND('',#1268,.T.);
#52=FACE_BOUND('',#1269,.T.);
#53=FACE_BOUND('',#1270,.T.);
#54=B_SPLINE_CURVE_WITH_KNOTS('',3,(#7006,#7007,#7008,#7009,#7010),
 .UNSPECIFIED.,.F.,.F.,(4,1,4),(0.,0.0566777163015097,0.100533125372268),
 .UNSPECIFIED.);
#55=B_SPLINE_CURVE_WITH_KNOTS('',3,(#7012,#7013,#7014,#7015,#7016),
 .UNSPECIFIED.,.F.,.F.,(4,1,4),(-0.100533125372268,-0.0566777163015097,
0.),.UNSPECIFIED.);
#56=B_SPLINE_CURVE_WITH_KNOTS('',3,(#7029,#7030,#7031,#7032,#7033),
 .UNSPECIFIED.,.F.,.F.,(4,1,4),(0.,0.0358405503017339,0.0697190039446318),
 .UNSPECIFIED.);
#57=B_SPLINE_CURVE_WITH_KNOTS('',3,(#7035,#7036,#7037,#7038,#7039),
 .UNSPECIFIED.,.F.,.F.,(4,1,4),(-0.0697190039446318,-0.0358405503017339,
0.),.UNSPECIFIED.);
#58=B_SPLINE_CURVE_WITH_KNOTS('',3,(#7052,#7053,#7054,#7055,#7056),
 .UNSPECIFIED.,.F.,.F.,(4,1,4),(0.,0.0332201262051752,0.0661987423329015),
 .UNSPECIFIED.);
#59=B_SPLINE_CURVE_WITH_KNOTS('',3,(#7058,#7059,#7060,#7061,#7062),
 .UNSPECIFIED.,.F.,.F.,(4,1,4),(-0.0661987423329015,-0.0332201262051752,
0.),.UNSPECIFIED.);
#60=B_SPLINE_CURVE_WITH_KNOTS('',3,(#7075,#7076,#7077,#7078,#7079),
 .UNSPECIFIED.,.F.,.F.,(4,1,4),(0.,0.046131154980409,0.0914812619665102),
 .UNSPECIFIED.);
#61=B_SPLINE_CURVE_WITH_KNOTS('',3,(#7081,#7082,#7083,#7084,#7085),
 .UNSPECIFIED.,.F.,.F.,(4,1,4),(-0.0914812619665102,-0.046131154980409,
0.),.UNSPECIFIED.);
#62=B_SPLINE_CURVE_WITH_KNOTS('',3,(#7098,#7099,#7100,#7101,#7102),
 .UNSPECIFIED.,.F.,.F.,(4,1,4),(0.,0.05232152168173,0.120180227197134),
 .UNSPECIFIED.);
#63=B_SPLINE_CURVE_WITH_KNOTS('',3,(#7104,#7105,#7106,#7107,#7108),
 .UNSPECIFIED.,.F.,.F.,(4,1,4),(-0.120180227197134,-0.05232152168173,0.),
 .UNSPECIFIED.);
#64=B_SPLINE_CURVE_WITH_KNOTS('',3,(#7145,#7146,#7147,#7148,#7149),
 .UNSPECIFIED.,.F.,.F.,(4,1,4),(0.,0.0825018276122323,0.144073769623233),
 .UNSPECIFIED.);
#65=B_SPLINE_CURVE_WITH_KNOTS('',3,(#7151,#7152,#7153,#7154,#7155),
 .UNSPECIFIED.,.F.,.F.,(4,1,4),(-0.144073769623233,-0.0825018276122323,
0.),.UNSPECIFIED.);
#66=B_SPLINE_CURVE_WITH_KNOTS('',3,(#7168,#7169,#7170,#7171,#7172),
 .UNSPECIFIED.,.F.,.F.,(4,1,4),(0.,0.0509863350735813,0.103900141300945),
 .UNSPECIFIED.);
#67=B_SPLINE_CURVE_WITH_KNOTS('',3,(#7174,#7175,#7176,#7177,#7178),
 .UNSPECIFIED.,.F.,.F.,(4,1,4),(-0.103900141300945,-0.0509863350735813,
0.),.UNSPECIFIED.);
#68=B_SPLINE_CURVE_WITH_KNOTS('',3,(#7191,#7192,#7193,#7194,#7195),
 .UNSPECIFIED.,.F.,.F.,(4,1,4),(0.,0.054798330821396,0.110545398485517),
 .UNSPECIFIED.);
#69=B_SPLINE_CURVE_WITH_KNOTS('',3,(#7197,#7198,#7199,#7200,#7201),
 .UNSPECIFIED.,.F.,.F.,(4,1,4),(-0.110545398485517,-0.054798330821396,0.),
 .UNSPECIFIED.);
#70=B_SPLINE_CURVE_WITH_KNOTS('',3,(#7214,#7215,#7216,#7217,#7218),
 .UNSPECIFIED.,.F.,.F.,(4,1,4),(0.,0.0696900061319042,0.137147326274604),
 .UNSPECIFIED.);
#71=B_SPLINE_CURVE_WITH_KNOTS('',3,(#7220,#7221,#7222,#7223,#7224),
 .UNSPECIFIED.,.F.,.F.,(4,1,4),(-0.137147326274604,-0.0696900061319042,
0.),.UNSPECIFIED.);
#72=B_SPLINE_CURVE_WITH_KNOTS('',3,(#7237,#7238,#7239,#7240,#7241),
 .UNSPECIFIED.,.F.,.F.,(4,1,4),(0.,0.0742316181281459,0.164859746434911),
 .UNSPECIFIED.);
#73=B_SPLINE_CURVE_WITH_KNOTS('',3,(#7243,#7244,#7245,#7246,#7247),
 .UNSPECIFIED.,.F.,.F.,(4,1,4),(-0.164859746434911,-0.0742316181281459,
0.),.UNSPECIFIED.);
#74=B_SPLINE_CURVE_WITH_KNOTS('',3,(#7260,#7261,#7262,#7263,#7264),
 .UNSPECIFIED.,.F.,.F.,(4,1,4),(0.,0.036802741172294,0.066002437640406),
 .UNSPECIFIED.);
#75=B_SPLINE_CURVE_WITH_KNOTS('',3,(#7266,#7267,#7268,#7269,#7270),
 .UNSPECIFIED.,.F.,.F.,(4,1,4),(-0.066002437640406,-0.036802741172294,0.),
 .UNSPECIFIED.);
#76=B_SPLINE_CURVE_WITH_KNOTS('',3,(#7283,#7284,#7285,#7286,#7287),
 .UNSPECIFIED.,.F.,.F.,(4,1,4),(0.,0.0575916945537985,0.12098396394175),
 .UNSPECIFIED.);
#77=B_SPLINE_CURVE_WITH_KNOTS('',3,(#7289,#7290,#7291,#7292,#7293),
 .UNSPECIFIED.,.F.,.F.,(4,1,4),(-0.12098396394175,-0.0575916945537985,0.),
 .UNSPECIFIED.);
#78=B_SPLINE_CURVE_WITH_KNOTS('',3,(#7324,#7325,#7326,#7327,#7328),
 .UNSPECIFIED.,.F.,.F.,(4,1,4),(0.,0.066811930119911,0.117381888855968),
 .UNSPECIFIED.);
#79=B_SPLINE_CURVE_WITH_KNOTS('',3,(#7330,#7331,#7332,#7333,#7334),
 .UNSPECIFIED.,.F.,.F.,(4,1,4),(-0.117381888855968,-0.066811930119911,0.),
 .UNSPECIFIED.);
#80=B_SPLINE_CURVE_WITH_KNOTS('',3,(#7347,#7348,#7349,#7350,#7351),
 .UNSPECIFIED.,.F.,.F.,(4,1,4),(0.,0.0377707865584655,0.0665507553605208),
 .UNSPECIFIED.);
#81=B_SPLINE_CURVE_WITH_KNOTS('',3,(#7353,#7354,#7355,#7356,#7357),
 .UNSPECIFIED.,.F.,.F.,(4,1,4),(-0.0665507553605208,-0.0377707865584655,
0.),.UNSPECIFIED.);
#82=B_SPLINE_CURVE_WITH_KNOTS('',3,(#7370,#7371,#7372,#7373,#7374),
 .UNSPECIFIED.,.F.,.F.,(4,1,4),(0.,0.0238223115668297,0.0463401264318051),
 .UNSPECIFIED.);
#83=B_SPLINE_CURVE_WITH_KNOTS('',3,(#7376,#7377,#7378,#7379,#7380),
 .UNSPECIFIED.,.F.,.F.,(4,1,4),(-0.0463401264318051,-0.0238223115668297,
0.),.UNSPECIFIED.);
#84=B_SPLINE_CURVE_WITH_KNOTS('',3,(#7393,#7394,#7395,#7396,#7397),
 .UNSPECIFIED.,.F.,.F.,(4,1,4),(0.,0.0209215412685024,0.0517309820577212),
 .UNSPECIFIED.);
#85=B_SPLINE_CURVE_WITH_KNOTS('',3,(#7399,#7400,#7401,#7402,#7403),
 .UNSPECIFIED.,.F.,.F.,(4,1,4),(-0.0517309820577212,-0.0209215412685024,
0.),.UNSPECIFIED.);
#86=B_SPLINE_CURVE_WITH_KNOTS('',3,(#7434,#7435,#7436,#7437,#7438),
 .UNSPECIFIED.,.F.,.F.,(4,1,4),(0.,0.0348618414237932,0.064772865000718),
 .UNSPECIFIED.);
#87=B_SPLINE_CURVE_WITH_KNOTS('',3,(#7440,#7441,#7442,#7443,#7444),
 .UNSPECIFIED.,.F.,.F.,(4,1,4),(0.,0.0418636881859313,0.0917615081758512),
 .UNSPECIFIED.);
#88=B_SPLINE_CURVE_WITH_KNOTS('',3,(#7446,#7447,#7448,#7449,#7450),
 .UNSPECIFIED.,.F.,.F.,(4,1,4),(0.,0.053217951233216,0.0963807681874026),
 .UNSPECIFIED.);
#89=B_SPLINE_CURVE_WITH_KNOTS('',3,(#7452,#7453,#7454,#7455,#7456),
 .UNSPECIFIED.,.F.,.F.,(4,1,4),(0.,0.0395164243609031,0.081211449096884),
 .UNSPECIFIED.);
#90=B_SPLINE_CURVE_WITH_KNOTS('',3,(#7458,#7459,#7460,#7461,#7462),
 .UNSPECIFIED.,.F.,.F.,(4,1,4),(0.,0.0409992111621371,0.110605680619176),
 .UNSPECIFIED.);
#91=B_SPLINE_CURVE_WITH_KNOTS('',3,(#7464,#7465,#7466,#7467,#7468),
 .UNSPECIFIED.,.F.,.F.,(4,1,4),(0.,0.0805025219599717,0.159382036543109),
 .UNSPECIFIED.);
#92=B_SPLINE_CURVE_WITH_KNOTS('',3,(#7470,#7471,#7472,#7473,#7474),
 .UNSPECIFIED.,.F.,.F.,(4,1,4),(0.,0.0946506781910171,0.18397415683592),
 .UNSPECIFIED.);
#93=B_SPLINE_CURVE_WITH_KNOTS('',3,(#7476,#7477,#7478,#7479,#7480),
 .UNSPECIFIED.,.F.,.F.,(4,1,4),(0.,0.0934331868345609,0.192479280599868),
 .UNSPECIFIED.);
#94=B_SPLINE_CURVE_WITH_KNOTS('',3,(#7482,#7483,#7484,#7485,#7486),
 .UNSPECIFIED.,.F.,.F.,(4,1,4),(0.,0.0700814000543759,0.137199273274218),
 .UNSPECIFIED.);
#95=B_SPLINE_CURVE_WITH_KNOTS('',3,(#7488,#7489,#7490,#7491,#7492),
 .UNSPECIFIED.,.F.,.F.,(4,1,4),(0.,0.0631783800553646,0.122909277563971),
 .UNSPECIFIED.);
#96=B_SPLINE_CURVE_WITH_KNOTS('',3,(#7494,#7495,#7496,#7497,#7498),
 .UNSPECIFIED.,.F.,.F.,(4,1,4),(0.,0.0597661771094887,0.123287153308078),
 .UNSPECIFIED.);
#97=B_SPLINE_CURVE_WITH_KNOTS('',3,(#7500,#7501,#7502,#7503,#7504),
 .UNSPECIFIED.,.F.,.F.,(4,1,4),(0.,0.0838754978067971,0.169529187842973),
 .UNSPECIFIED.);
#98=B_SPLINE_CURVE_WITH_KNOTS('',3,(#7512,#7513,#7514,#7515,#7516),
 .UNSPECIFIED.,.F.,.F.,(4,1,4),(0.,0.101347652562795,0.170426482711797),
 .UNSPECIFIED.);
#99=B_SPLINE_CURVE_WITH_KNOTS('',3,(#7518,#7519,#7520,#7521,#7522),
 .UNSPECIFIED.,.F.,.F.,(4,1,4),(0.,0.0540995846568383,0.110598729904291),
 .UNSPECIFIED.);
#100=B_SPLINE_CURVE_WITH_KNOTS('',3,(#7524,#7525,#7526,#7527,#7528),
 .UNSPECIFIED.,.F.,.F.,(4,1,4),(0.,0.0621461606270087,0.13287991264708),
 .UNSPECIFIED.);
#101=B_SPLINE_CURVE_WITH_KNOTS('',3,(#7530,#7531,#7532,#7533,#7534),
 .UNSPECIFIED.,.F.,.F.,(4,1,4),(0.,0.0826415091167317,0.154112888031496),
 .UNSPECIFIED.);
#102=B_SPLINE_CURVE_WITH_KNOTS('',3,(#7535,#7536,#7537,#7538,#7539),
 .UNSPECIFIED.,.F.,.F.,(4,1,4),(0.,0.0658197622612169,0.138708131765947),
 .UNSPECIFIED.);
#103=B_SPLINE_CURVE_WITH_KNOTS('',3,(#7544,#7545,#7546,#7547,#7548),
 .UNSPECIFIED.,.F.,.F.,(4,1,4),(0.,0.108519075777326,0.20598683896611),
 .UNSPECIFIED.);
#104=B_SPLINE_CURVE_WITH_KNOTS('',3,(#7550,#7551,#7552,#7553,#7554),
 .UNSPECIFIED.,.F.,.F.,(4,1,4),(0.,0.0953540021799481,0.197389300720164),
 .UNSPECIFIED.);
#105=B_SPLINE_CURVE_WITH_KNOTS('',3,(#7556,#7557,#7558,#7559,#7560),
 .UNSPECIFIED.,.F.,.F.,(4,1,4),(0.,0.103245455712912,0.191743342746413),
 .UNSPECIFIED.);
#106=B_SPLINE_CURVE_WITH_KNOTS('',3,(#7562,#7563,#7564,#7565,#7566),
 .UNSPECIFIED.,.F.,.F.,(4,1,4),(0.,0.0841372763588166,0.173613411048613),
 .UNSPECIFIED.);
#107=B_SPLINE_CURVE_WITH_KNOTS('',3,(#7568,#7569,#7570,#7571,#7572),
 .UNSPECIFIED.,.F.,.F.,(4,1,4),(0.,0.0947592762526538,0.192248998679792),
 .UNSPECIFIED.);
#108=B_SPLINE_CURVE_WITH_KNOTS('',3,(#7574,#7575,#7576,#7577,#7578),
 .UNSPECIFIED.,.F.,.F.,(4,1,4),(0.,0.102893393567871,0.196678429825952),
 .UNSPECIFIED.);
#109=B_SPLINE_CURVE_WITH_KNOTS('',3,(#7580,#7581,#7582,#7583,#7584),
 .UNSPECIFIED.,.F.,.F.,(4,1,4),(0.,0.0877022387104894,0.17355740492504),
 .UNSPECIFIED.);
#110=B_SPLINE_CURVE_WITH_KNOTS('',3,(#7586,#7587,#7588,#7589,#7590),
 .UNSPECIFIED.,.F.,.F.,(4,1,4),(0.,0.0869742465008941,0.176354248916497),
 .UNSPECIFIED.);
#111=B_SPLINE_CURVE_WITH_KNOTS('',3,(#7592,#7593,#7594,#7595,#7596),
 .UNSPECIFIED.,.F.,.F.,(4,1,4),(0.,0.0976117942274656,0.187084972926623),
 .UNSPECIFIED.);
#112=B_SPLINE_CURVE_WITH_KNOTS('',3,(#7598,#7599,#7600,#7601,#7602),
 .UNSPECIFIED.,.F.,.F.,(4,1,4),(0.,0.08849686751384,0.183002652671989),
 .UNSPECIFIED.);
#113=B_SPLINE_CURVE_WITH_KNOTS('',3,(#7606,#7607,#7608,#7609,#7610),
 .UNSPECIFIED.,.F.,.F.,(4,1,4),(0.,0.0724453575914349,0.133384395795322),
 .UNSPECIFIED.);
#114=B_SPLINE_CURVE_WITH_KNOTS('',3,(#7612,#7613,#7614,#7615,#7616),
 .UNSPECIFIED.,.F.,.F.,(4,1,4),(0.,0.0584565977882278,0.123267443199737),
 .UNSPECIFIED.);
#115=B_SPLINE_CURVE_WITH_KNOTS('',3,(#7618,#7619,#7620,#7621,#7622),
 .UNSPECIFIED.,.F.,.F.,(4,1,4),(0.,0.074698897150266,0.142082490309203),
 .UNSPECIFIED.);
#116=B_SPLINE_CURVE_WITH_KNOTS('',3,(#7624,#7625,#7626,#7627,#7628),
 .UNSPECIFIED.,.F.,.F.,(4,1,4),(0.,0.0646601176895233,0.13046044402389),
 .UNSPECIFIED.);
#117=B_SPLINE_CURVE_WITH_KNOTS('',3,(#7630,#7631,#7632,#7633,#7634),
 .UNSPECIFIED.,.F.,.F.,(4,1,4),(0.,0.0682111013534068,0.136653105424498),
 .UNSPECIFIED.);
#118=B_SPLINE_CURVE_WITH_KNOTS('',3,(#7636,#7637,#7638,#7639,#7640),
 .UNSPECIFIED.,.F.,.F.,(4,1,4),(0.,0.0838731223125578,0.158741914016541),
 .UNSPECIFIED.);
#119=B_SPLINE_CURVE_WITH_KNOTS('',3,(#7642,#7643,#7644,#7645,#7646),
 .UNSPECIFIED.,.F.,.F.,(4,1,4),(0.,0.0670208779224463,0.13014870909938),
 .UNSPECIFIED.);
#120=B_SPLINE_CURVE_WITH_KNOTS('',3,(#7648,#7649,#7650,#7651,#7652),
 .UNSPECIFIED.,.F.,.F.,(4,1,4),(0.,0.0622900659800915,0.12455287981201),
 .UNSPECIFIED.);
#121=B_SPLINE_CURVE_WITH_KNOTS('',3,(#7654,#7655,#7656,#7657,#7658),
 .UNSPECIFIED.,.F.,.F.,(4,1,4),(0.,0.0727330009411258,0.141465718389138),
 .UNSPECIFIED.);
#122=B_SPLINE_CURVE_WITH_KNOTS('',3,(#7659,#7660,#7661,#7662,#7663),
 .UNSPECIFIED.,.F.,.F.,(4,1,4),(0.,0.0717954377339281,0.154109714138055),
 .UNSPECIFIED.);
#123=B_SPLINE_CURVE_WITH_KNOTS('',3,(#7672,#7673,#7674,#7675,#7676),
 .UNSPECIFIED.,.F.,.F.,(4,1,4),(0.,0.0436210746620024,0.0879692637499563),
 .UNSPECIFIED.);
#124=B_SPLINE_CURVE_WITH_KNOTS('',3,(#7678,#7679,#7680,#7681,#7682),
 .UNSPECIFIED.,.F.,.F.,(4,1,4),(0.,0.0456641064485423,0.0938670169774671),
 .UNSPECIFIED.);
#125=B_SPLINE_CURVE_WITH_KNOTS('',3,(#7684,#7685,#7686,#7687,#7688),
 .UNSPECIFIED.,.F.,.F.,(4,1,4),(0.,0.0516030678104823,0.0963143096834969),
 .UNSPECIFIED.);
#126=B_SPLINE_CURVE_WITH_KNOTS('',3,(#7690,#7691,#7692,#7693,#7694),
 .UNSPECIFIED.,.F.,.F.,(4,1,4),(0.,0.0416147968126696,0.0840485747243232),
 .UNSPECIFIED.);
#127=B_SPLINE_CURVE_WITH_KNOTS('',3,(#7696,#7697,#7698,#7699,#7700),
 .UNSPECIFIED.,.F.,.F.,(4,1,4),(0.,0.0960753123569903,0.186232513775974),
 .UNSPECIFIED.);
#128=B_SPLINE_CURVE_WITH_KNOTS('',3,(#7702,#7703,#7704,#7705,#7706),
 .UNSPECIFIED.,.F.,.F.,(4,1,4),(0.,0.0675420812833139,0.125958286689223),
 .UNSPECIFIED.);
#129=B_SPLINE_CURVE_WITH_KNOTS('',3,(#7708,#7709,#7710,#7711,#7712),
 .UNSPECIFIED.,.F.,.F.,(4,1,4),(0.,0.0611723668997218,0.137472509104697),
 .UNSPECIFIED.);
#130=B_SPLINE_CURVE_WITH_KNOTS('',3,(#7720,#7721,#7722,#7723,#7724),
 .UNSPECIFIED.,.F.,.F.,(4,1,4),(0.,0.0443959629962505,0.0749485495791174),
 .UNSPECIFIED.);
#131=B_SPLINE_CURVE_WITH_KNOTS('',3,(#7726,#7727,#7728,#7729,#7730),
 .UNSPECIFIED.,.F.,.F.,(4,1,4),(0.,0.0236088226582852,0.0481511062198216),
 .UNSPECIFIED.);
#132=B_SPLINE_CURVE_WITH_KNOTS('',3,(#7732,#7733,#7734,#7735,#7736),
 .UNSPECIFIED.,.F.,.F.,(4,1,4),(0.,0.0260353300446258,0.0539455510245247),
 .UNSPECIFIED.);
#133=B_SPLINE_CURVE_WITH_KNOTS('',3,(#7738,#7739,#7740,#7741,#7742),
 .UNSPECIFIED.,.F.,.F.,(4,1,4),(0.,0.0497444605451997,0.0977178603706774),
 .UNSPECIFIED.);
#134=B_SPLINE_CURVE_WITH_KNOTS('',3,(#7744,#7745,#7746,#7747,#7748),
 .UNSPECIFIED.,.F.,.F.,(4,1,4),(0.,0.0533101956022796,0.121509193878789),
 .UNSPECIFIED.);
#135=B_SPLINE_CURVE_WITH_KNOTS('',3,(#7756,#7757,#7758,#7759,#7760),
 .UNSPECIFIED.,.F.,.F.,(4,1,4),(0.,0.0504107591246834,0.0895359450375738),
 .UNSPECIFIED.);
#136=B_SPLINE_CURVE_WITH_KNOTS('',3,(#7762,#7763,#7764,#7765,#7766),
 .UNSPECIFIED.,.F.,.F.,(4,1,4),(0.,0.0350523001113391,0.0767365015908554),
 .UNSPECIFIED.);
#137=B_SPLINE_CURVE_WITH_KNOTS('',3,(#7768,#7769,#7770,#7771,#7772),
 .UNSPECIFIED.,.F.,.F.,(4,1,4),(0.,0.0352413817941425,0.0704572111323777),
 .UNSPECIFIED.);
#138=B_SPLINE_CURVE_WITH_KNOTS('',3,(#7774,#7775,#7776,#7777,#7778),
 .UNSPECIFIED.,.F.,.F.,(4,1,4),(0.,0.0354749056087133,0.0725368296559917),
 .UNSPECIFIED.);
#139=B_SPLINE_CURVE_WITH_KNOTS('',3,(#7780,#7781,#7782,#7783,#7784),
 .UNSPECIFIED.,.F.,.F.,(4,1,4),(0.,0.0460698890939642,0.107286514361004),
 .UNSPECIFIED.);
#140=B_SPLINE_CURVE_WITH_KNOTS('',3,(#7792,#7793,#7794,#7795,#7796),
 .UNSPECIFIED.,.F.,.F.,(4,1,4),(0.,0.0950361134380071,0.188617444757834),
 .UNSPECIFIED.);
#141=B_SPLINE_CURVE_WITH_KNOTS('',3,(#7798,#7799,#7800,#7801,#7802),
 .UNSPECIFIED.,.F.,.F.,(4,1,4),(0.,0.0436039844772292,0.086018472660836),
 .UNSPECIFIED.);
#142=B_SPLINE_CURVE_WITH_KNOTS('',3,(#7804,#7805,#7806,#7807,#7808),
 .UNSPECIFIED.,.F.,.F.,(4,1,4),(0.,0.0390594511220345,0.0727807493806728),
 .UNSPECIFIED.);
#143=B_SPLINE_CURVE_WITH_KNOTS('',3,(#7810,#7811,#7812,#7813,#7814),
 .UNSPECIFIED.,.F.,.F.,(4,1,4),(0.,0.0331022453830356,0.0694331789981519),
 .UNSPECIFIED.);
#144=B_SPLINE_CURVE_WITH_KNOTS('',3,(#7816,#7817,#7818,#7819,#7820),
 .UNSPECIFIED.,.F.,.F.,(4,1,4),(0.,0.03294439822281,0.0804727503917667),
 .UNSPECIFIED.);
#145=B_SPLINE_CURVE_WITH_KNOTS('',3,(#7828,#7829,#7830,#7831,#7832),
 .UNSPECIFIED.,.F.,.F.,(4,1,4),(0.,0.0563590953337066,0.0909633352862673),
 .UNSPECIFIED.);
#146=B_SPLINE_CURVE_WITH_KNOTS('',3,(#7834,#7835,#7836,#7837,#7838),
 .UNSPECIFIED.,.F.,.F.,(4,1,4),(0.,0.0327999856440337,0.0644235163656839),
 .UNSPECIFIED.);
#147=B_SPLINE_CURVE_WITH_KNOTS('',3,(#7840,#7841,#7842,#7843,#7844),
 .UNSPECIFIED.,.F.,.F.,(4,1,4),(0.,0.0327520146122526,0.0686520426896911),
 .UNSPECIFIED.);
#148=B_SPLINE_CURVE_WITH_KNOTS('',3,(#7846,#7847,#7848,#7849,#7850),
 .UNSPECIFIED.,.F.,.F.,(4,1,4),(0.,0.0378091624256405,0.0759215148228726),
 .UNSPECIFIED.);
#149=B_SPLINE_CURVE_WITH_KNOTS('',3,(#7852,#7853,#7854,#7855,#7856),
 .UNSPECIFIED.,.F.,.F.,(4,1,4),(0.,0.0372209324629504,0.0732264404147603),
 .UNSPECIFIED.);
#150=B_SPLINE_CURVE_WITH_KNOTS('',3,(#7858,#7859,#7860,#7861,#7862),
 .UNSPECIFIED.,.F.,.F.,(4,1,4),(0.,0.0431530062065544,0.100500311330919),
 .UNSPECIFIED.);
#151=B_SPLINE_CURVE_WITH_KNOTS('',3,(#7878,#7879,#7880,#7881,#7882),
 .UNSPECIFIED.,.F.,.F.,(4,1,4),(0.,0.0448850239132081,0.0858448528790491),
 .UNSPECIFIED.);
#152=B_SPLINE_CURVE_WITH_KNOTS('',3,(#7884,#7885,#7886,#7887,#7888),
 .UNSPECIFIED.,.F.,.F.,(4,1,4),(0.,0.0411951772092184,0.0874068090879772),
 .UNSPECIFIED.);
#153=B_SPLINE_CURVE_WITH_KNOTS('',3,(#7890,#7891,#7892,#7893,#7894),
 .UNSPECIFIED.,.F.,.F.,(4,1,4),(0.,0.0616871778848707,0.120749764064434),
 .UNSPECIFIED.);
#154=B_SPLINE_CURVE_WITH_KNOTS('',3,(#7896,#7897,#7898,#7899,#7900),
 .UNSPECIFIED.,.F.,.F.,(4,1,4),(0.,0.0593428099344988,0.121819799732012),
 .UNSPECIFIED.);
#155=B_SPLINE_CURVE_WITH_KNOTS('',3,(#7902,#7903,#7904,#7905,#7906),
 .UNSPECIFIED.,.F.,.F.,(4,1,4),(0.,0.0665678770089137,0.136508422759208),
 .UNSPECIFIED.);
#156=B_SPLINE_CURVE_WITH_KNOTS('',3,(#7908,#7909,#7910,#7911,#7912),
 .UNSPECIFIED.,.F.,.F.,(4,1,4),(0.,0.0742802311765412,0.143708473084563),
 .UNSPECIFIED.);
#157=B_SPLINE_CURVE_WITH_KNOTS('',3,(#7914,#7915,#7916,#7917,#7918),
 .UNSPECIFIED.,.F.,.F.,(4,1,4),(0.,0.0648239005081769,0.126779067155927),
 .UNSPECIFIED.);
#158=B_SPLINE_CURVE_WITH_KNOTS('',3,(#7920,#7921,#7922,#7923,#7924),
 .UNSPECIFIED.,.F.,.F.,(4,1,4),(0.,0.0600171891612646,0.117972346986652),
 .UNSPECIFIED.);
#159=B_SPLINE_CURVE_WITH_KNOTS('',3,(#7926,#7927,#7928,#7929,#7930),
 .UNSPECIFIED.,.F.,.F.,(4,1,4),(0.,0.0410173628138808,0.0798300767276551),
 .UNSPECIFIED.);
#160=B_SPLINE_CURVE_WITH_KNOTS('',3,(#7932,#7933,#7934,#7935,#7936),
 .UNSPECIFIED.,.F.,.F.,(4,1,4),(0.,0.0372632961959552,0.0728424787343979),
 .UNSPECIFIED.);
#161=B_SPLINE_CURVE_WITH_KNOTS('',3,(#7942,#7943,#7944,#7945,#7946),
 .UNSPECIFIED.,.F.,.F.,(4,1,4),(0.,0.124148834761969,0.228345609282949),
 .UNSPECIFIED.);
#162=B_SPLINE_CURVE_WITH_KNOTS('',3,(#7948,#7949,#7950,#7951,#7952),
 .UNSPECIFIED.,.F.,.F.,(4,1,4),(0.,0.083984248670689,0.172021524340978),
 .UNSPECIFIED.);
#163=B_SPLINE_CURVE_WITH_KNOTS('',3,(#7954,#7955,#7956,#7957,#7958),
 .UNSPECIFIED.,.F.,.F.,(4,1,4),(0.,0.0965522504506933,0.188230404167951),
 .UNSPECIFIED.);
#164=B_SPLINE_CURVE_WITH_KNOTS('',3,(#7960,#7961,#7962,#7963,#7964),
 .UNSPECIFIED.,.F.,.F.,(4,1,4),(0.,0.0955771207527133,0.204581016070702),
 .UNSPECIFIED.);
#165=B_SPLINE_CURVE_WITH_KNOTS('',3,(#7966,#7967,#7968,#7969,#7970),
 .UNSPECIFIED.,.F.,.F.,(4,1,4),(0.,0.0877479576899876,0.157847809256492),
 .UNSPECIFIED.);
#166=B_SPLINE_CURVE_WITH_KNOTS('',3,(#7972,#7973,#7974,#7975,#7976),
 .UNSPECIFIED.,.F.,.F.,(4,1,4),(0.,0.0615097967310519,0.123428540933102),
 .UNSPECIFIED.);
#167=B_SPLINE_CURVE_WITH_KNOTS('',3,(#7978,#7979,#7980,#7981,#7982),
 .UNSPECIFIED.,.F.,.F.,(4,1,4),(0.,0.0631205548394648,0.127395244660912),
 .UNSPECIFIED.);
#168=B_SPLINE_CURVE_WITH_KNOTS('',3,(#7984,#7985,#7986,#7987,#7988),
 .UNSPECIFIED.,.F.,.F.,(4,1,4),(0.,0.0977754828663389,0.18930396554713),
 .UNSPECIFIED.);
#169=B_SPLINE_CURVE_WITH_KNOTS('',3,(#7989,#7990,#7991,#7992,#7993),
 .UNSPECIFIED.,.F.,.F.,(4,1,4),(0.,0.0967844934240867,0.211369965380078),
 .UNSPECIFIED.);
#170=B_SPLINE_CURVE_WITH_KNOTS('',3,(#8030,#8031,#8032,#8033,#8034),
 .UNSPECIFIED.,.F.,.F.,(4,1,4),(0.,0.0926817882534972,0.18810702655282),
 .UNSPECIFIED.);
#171=B_SPLINE_CURVE_WITH_KNOTS('',3,(#8036,#8037,#8038,#8039,#8040),
 .UNSPECIFIED.,.F.,.F.,(4,1,4),(0.,0.0441808356883317,0.0863211468539686),
 .UNSPECIFIED.);
#172=B_SPLINE_CURVE_WITH_KNOTS('',3,(#8042,#8043,#8044,#8045,#8046),
 .UNSPECIFIED.,.F.,.F.,(4,1,4),(0.,0.0386224316787966,0.072639824166074),
 .UNSPECIFIED.);
#173=B_SPLINE_CURVE_WITH_KNOTS('',3,(#8048,#8049,#8050,#8051,#8052),
 .UNSPECIFIED.,.F.,.F.,(4,1,4),(0.,0.0334500786745132,0.0692842656287384),
 .UNSPECIFIED.);
#174=B_SPLINE_CURVE_WITH_KNOTS('',3,(#8054,#8055,#8056,#8057,#8058),
 .UNSPECIFIED.,.F.,.F.,(4,1,4),(0.,0.0330221821361081,0.0837694931558486),
 .UNSPECIFIED.);
#175=B_SPLINE_CURVE_WITH_KNOTS('',3,(#8066,#8067,#8068,#8069,#8070),
 .UNSPECIFIED.,.F.,.F.,(4,1,4),(0.,0.0459670769259327,0.0794704443906658),
 .UNSPECIFIED.);
#176=B_SPLINE_CURVE_WITH_KNOTS('',3,(#8072,#8073,#8074,#8075,#8076),
 .UNSPECIFIED.,.F.,.F.,(4,1,4),(0.,0.0272180631734067,0.0554783622460448),
 .UNSPECIFIED.);
#177=B_SPLINE_CURVE_WITH_KNOTS('',3,(#8078,#8079,#8080,#8081,#8082),
 .UNSPECIFIED.,.F.,.F.,(4,1,4),(0.,0.0300956881683243,0.0624995452682947),
 .UNSPECIFIED.);
#178=B_SPLINE_CURVE_WITH_KNOTS('',3,(#8084,#8085,#8086,#8087,#8088),
 .UNSPECIFIED.,.F.,.F.,(4,1,4),(0.,0.0518880128127528,0.102751397374151),
 .UNSPECIFIED.);
#179=B_SPLINE_CURVE_WITH_KNOTS('',3,(#8090,#8091,#8092,#8093,#8094),
 .UNSPECIFIED.,.F.,.F.,(4,1,4),(0.,0.0586844783739005,0.141059870470078),
 .UNSPECIFIED.);
#180=B_SPLINE_CURVE_WITH_KNOTS('',3,(#8106,#8107,#8108,#8109,#8110),
 .UNSPECIFIED.,.F.,.F.,(4,1,4),(0.,0.0530513503285668,0.0902333904978794),
 .UNSPECIFIED.);
#181=B_SPLINE_CURVE_WITH_KNOTS('',3,(#8112,#8113,#8114,#8115,#8116),
 .UNSPECIFIED.,.F.,.F.,(4,1,4),(0.,0.0293095854556134,0.0584567434875082),
 .UNSPECIFIED.);
#182=B_SPLINE_CURVE_WITH_KNOTS('',3,(#8118,#8119,#8120,#8121,#8122),
 .UNSPECIFIED.,.F.,.F.,(4,1,4),(0.,0.0443536129853084,0.0934856470803782),
 .UNSPECIFIED.);
#183=B_SPLINE_CURVE_WITH_KNOTS('',3,(#8126,#8127,#8128,#8129,#8130),
 .UNSPECIFIED.,.F.,.F.,(4,1,4),(0.,0.034470822939065,0.0663270126643809),
 .UNSPECIFIED.);
#184=B_SPLINE_CURVE_WITH_KNOTS('',3,(#8132,#8133,#8134,#8135,#8136),
 .UNSPECIFIED.,.F.,.F.,(4,1,4),(0.,0.027073312745692,0.0541215275145906),
 .UNSPECIFIED.);
#185=B_SPLINE_CURVE_WITH_KNOTS('',3,(#8138,#8139,#8140,#8141,#8142),
 .UNSPECIFIED.,.F.,.F.,(4,1,4),(0.,0.0279063931509298,0.0575937862608791),
 .UNSPECIFIED.);
#186=B_SPLINE_CURVE_WITH_KNOTS('',3,(#8144,#8145,#8146,#8147,#8148),
 .UNSPECIFIED.,.F.,.F.,(4,1,4),(0.,0.0491756047955542,0.101583262954112),
 .UNSPECIFIED.);
#187=B_SPLINE_CURVE_WITH_KNOTS('',3,(#8154,#8155,#8156,#8157,#8158),
 .UNSPECIFIED.,.F.,.F.,(4,1,4),(0.,0.1241488159638,0.228345523291726),
 .UNSPECIFIED.);
#188=B_SPLINE_CURVE_WITH_KNOTS('',3,(#8160,#8161,#8162,#8163,#8164),
 .UNSPECIFIED.,.F.,.F.,(4,1,4),(0.,0.083984248670689,0.172021995035097),
 .UNSPECIFIED.);
#189=B_SPLINE_CURVE_WITH_KNOTS('',3,(#8166,#8167,#8168,#8169,#8170),
 .UNSPECIFIED.,.F.,.F.,(4,1,4),(0.,0.0965515465419522,0.188229897699301),
 .UNSPECIFIED.);
#190=B_SPLINE_CURVE_WITH_KNOTS('',3,(#8172,#8173,#8174,#8175,#8176),
 .UNSPECIFIED.,.F.,.F.,(4,1,4),(0.,0.0955771828391828,0.20458111444987),
 .UNSPECIFIED.);
#191=B_SPLINE_CURVE_WITH_KNOTS('',3,(#8178,#8179,#8180,#8181,#8182),
 .UNSPECIFIED.,.F.,.F.,(4,1,4),(0.,0.0877479576899876,0.157847771802894),
 .UNSPECIFIED.);
#192=B_SPLINE_CURVE_WITH_KNOTS('',3,(#8184,#8185,#8186,#8187,#8188),
 .UNSPECIFIED.,.F.,.F.,(4,1,4),(0.,0.0615100063347946,0.123428560244483),
 .UNSPECIFIED.);
#193=B_SPLINE_CURVE_WITH_KNOTS('',3,(#8190,#8191,#8192,#8193,#8194),
 .UNSPECIFIED.,.F.,.F.,(4,1,4),(0.,0.0631204440324852,0.127395133853932),
 .UNSPECIFIED.);
#194=B_SPLINE_CURVE_WITH_KNOTS('',3,(#8196,#8197,#8198,#8199,#8200),
 .UNSPECIFIED.,.F.,.F.,(4,1,4),(0.,0.0977755415555715,0.189304271245813),
 .UNSPECIFIED.);
#195=B_SPLINE_CURVE_WITH_KNOTS('',3,(#8201,#8202,#8203,#8204,#8205),
 .UNSPECIFIED.,.F.,.F.,(4,1,4),(0.,0.0967844327738603,0.211369904729852),
 .UNSPECIFIED.);
#196=B_SPLINE_CURVE_WITH_KNOTS('',3,(#8210,#8211,#8212,#8213,#8214),
 .UNSPECIFIED.,.F.,.F.,(4,1,4),(0.,0.034853224278232,0.0654723925001854),
 .UNSPECIFIED.);
#197=B_SPLINE_CURVE_WITH_KNOTS('',3,(#8216,#8217,#8218,#8219,#8220),
 .UNSPECIFIED.,.F.,.F.,(4,1,4),(0.,0.0417055997959137,0.0746686320127146),
 .UNSPECIFIED.);
#198=B_SPLINE_CURVE_WITH_KNOTS('',3,(#8222,#8223,#8224,#8225,#8226),
 .UNSPECIFIED.,.F.,.F.,(4,1,4),(0.,0.0278541910793744,0.053927503089504),
 .UNSPECIFIED.);
#199=B_SPLINE_CURVE_WITH_KNOTS('',3,(#8228,#8229,#8230,#8231,#8232),
 .UNSPECIFIED.,.F.,.F.,(4,1,4),(0.,0.0382435293353475,0.102340644978555),
 .UNSPECIFIED.);
#200=B_SPLINE_CURVE_WITH_KNOTS('',3,(#8256,#8257,#8258,#8259,#8260),
 .UNSPECIFIED.,.F.,.F.,(4,1,4),(0.,0.0302224938366778,0.0476283787198672),
 .UNSPECIFIED.);
#201=B_SPLINE_CURVE_WITH_KNOTS('',3,(#8262,#8263,#8264,#8265,#8266),
 .UNSPECIFIED.,.F.,.F.,(4,1,4),(0.,0.0111605360339346,0.0226083170672821),
 .UNSPECIFIED.);
#202=B_SPLINE_CURVE_WITH_KNOTS('',3,(#8268,#8269,#8270,#8271,#8272),
 .UNSPECIFIED.,.F.,.F.,(4,1,4),(0.,0.0133149586314432,0.0302771006077209),
 .UNSPECIFIED.);
#203=B_SPLINE_CURVE_WITH_KNOTS('',3,(#8273,#8274,#8275,#8276,#8277),
 .UNSPECIFIED.,.F.,.F.,(4,1,4),(0.,0.0166135295930442,0.0378908531540249),
 .UNSPECIFIED.);
#204=B_SPLINE_CURVE_WITH_KNOTS('',3,(#8282,#8283,#8284,#8285,#8286),
 .UNSPECIFIED.,.F.,.F.,(4,1,4),(0.,0.0753317022838149,0.145780585309425),
 .UNSPECIFIED.);
#205=B_SPLINE_CURVE_WITH_KNOTS('',3,(#8288,#8289,#8290,#8291,#8292),
 .UNSPECIFIED.,.F.,.F.,(4,1,4),(0.,0.0722836009841582,0.153454462534142),
 .UNSPECIFIED.);
#206=B_SPLINE_CURVE_WITH_KNOTS('',3,(#8294,#8295,#8296,#8297,#8298),
 .UNSPECIFIED.,.F.,.F.,(4,1,4),(0.,0.101196569744086,0.193518052562975),
 .UNSPECIFIED.);
#207=B_SPLINE_CURVE_WITH_KNOTS('',3,(#8300,#8301,#8302,#8303,#8304),
 .UNSPECIFIED.,.F.,.F.,(4,1,4),(0.,0.0957289511972242,0.206812892162349),
 .UNSPECIFIED.);
#208=B_SPLINE_CURVE_WITH_KNOTS('',3,(#8306,#8307,#8308,#8309,#8310),
 .UNSPECIFIED.,.F.,.F.,(4,1,4),(0.,0.114830326444763,0.213147201171338),
 .UNSPECIFIED.);
#209=B_SPLINE_CURVE_WITH_KNOTS('',3,(#8312,#8313,#8314,#8315,#8316),
 .UNSPECIFIED.,.F.,.F.,(4,1,4),(0.,0.0923951476166771,0.189279258769406),
 .UNSPECIFIED.);
#210=B_SPLINE_CURVE_WITH_KNOTS('',3,(#8318,#8319,#8320,#8321,#8322),
 .UNSPECIFIED.,.F.,.F.,(4,1,4),(0.,0.0940012233338012,0.1842164373976),
 .UNSPECIFIED.);
#211=B_SPLINE_CURVE_WITH_KNOTS('',3,(#8324,#8325,#8326,#8327,#8328),
 .UNSPECIFIED.,.F.,.F.,(4,1,4),(0.,0.0963321787008965,0.208984678945118),
 .UNSPECIFIED.);
#212=B_SPLINE_CURVE_WITH_KNOTS('',3,(#8330,#8331,#8332,#8333,#8334),
 .UNSPECIFIED.,.F.,.F.,(4,1,4),(0.,0.00955048695573254,0.0229250082596211),
 .UNSPECIFIED.);
#213=B_SPLINE_CURVE_WITH_KNOTS('',3,(#8338,#8339,#8340,#8341,#8342),
 .UNSPECIFIED.,.F.,.F.,(4,1,4),(0.,0.0751273434872443,0.138613416366405),
 .UNSPECIFIED.);
#214=B_SPLINE_CURVE_WITH_KNOTS('',3,(#8344,#8345,#8346,#8347,#8348),
 .UNSPECIFIED.,.F.,.F.,(4,1,4),(0.,0.058216710960007,0.117518886914309),
 .UNSPECIFIED.);
#215=B_SPLINE_CURVE_WITH_KNOTS('',3,(#8350,#8351,#8352,#8353,#8354),
 .UNSPECIFIED.,.F.,.F.,(4,1,4),(0.,0.0442469875004846,0.0855673879593588),
 .UNSPECIFIED.);
#216=B_SPLINE_CURVE_WITH_KNOTS('',3,(#8355,#8356,#8357,#8358,#8359),
 .UNSPECIFIED.,.F.,.F.,(4,1,4),(0.,0.0440064355137239,0.0963788083502768),
 .UNSPECIFIED.);
#217=B_SPLINE_CURVE_WITH_KNOTS('',3,(#8378,#8379,#8380,#8381,#8382),
 .UNSPECIFIED.,.F.,.F.,(4,1,4),(0.,0.0311235385185377,0.107817665163896),
 .UNSPECIFIED.);
#218=B_SPLINE_CURVE_WITH_KNOTS('',3,(#8437,#8438,#8439,#8440,#8441),
 .UNSPECIFIED.,.F.,.F.,(4,1,4),(-0.107817665163896,-0.0311235385185377,
0.),.UNSPECIFIED.);
#219=B_SPLINE_CURVE_WITH_KNOTS('',3,(#8523,#8524,#8525,#8526,#8527),
 .UNSPECIFIED.,.F.,.F.,(4,1,4),(0.,0.08687307017398,0.153230663452014),
 .UNSPECIFIED.);
#220=B_SPLINE_CURVE_WITH_KNOTS('',3,(#8531,#8532,#8533,#8534,#8535),
 .UNSPECIFIED.,.F.,.F.,(4,1,4),(-0.153230663452014,-0.08687307017398,0.),
 .UNSPECIFIED.);
#221=B_SPLINE_CURVE_WITH_KNOTS('',3,(#8548,#8549,#8550,#8551,#8552),
 .UNSPECIFIED.,.F.,.F.,(4,1,4),(0.,0.0563481931681833,0.112209023606151),
 .UNSPECIFIED.);
#222=B_SPLINE_CURVE_WITH_KNOTS('',3,(#8554,#8555,#8556,#8557,#8558),
 .UNSPECIFIED.,.F.,.F.,(4,1,4),(-0.112209023606151,-0.0563481931681833,
0.),.UNSPECIFIED.);
#223=B_SPLINE_CURVE_WITH_KNOTS('',3,(#8571,#8572,#8573,#8574,#8575),
 .UNSPECIFIED.,.F.,.F.,(4,1,4),(0.,0.0556145435267283,0.112043657863256),
 .UNSPECIFIED.);
#224=B_SPLINE_CURVE_WITH_KNOTS('',3,(#8577,#8578,#8579,#8580,#8581),
 .UNSPECIFIED.,.F.,.F.,(4,1,4),(-0.112043657863256,-0.0556145435267283,
0.),.UNSPECIFIED.);
#225=B_SPLINE_CURVE_WITH_KNOTS('',3,(#8594,#8595,#8596,#8597,#8598),
 .UNSPECIFIED.,.F.,.F.,(4,1,4),(0.,0.065827651948632,0.150876841028554),
 .UNSPECIFIED.);
#226=B_SPLINE_CURVE_WITH_KNOTS('',3,(#8600,#8601,#8602,#8603,#8604),
 .UNSPECIFIED.,.F.,.F.,(4,1,4),(-0.150876841028554,-0.065827651948632,0.),
 .UNSPECIFIED.);
#227=B_SPLINE_CURVE_WITH_KNOTS('',3,(#8617,#8618,#8619,#8620,#8621),
 .UNSPECIFIED.,.F.,.F.,(4,1,4),(0.,0.0823010438582635,0.148700973232921),
 .UNSPECIFIED.);
#228=B_SPLINE_CURVE_WITH_KNOTS('',3,(#8623,#8624,#8625,#8626,#8627),
 .UNSPECIFIED.,.F.,.F.,(4,1,4),(-0.148700973232921,-0.0823010438582635,
0.),.UNSPECIFIED.);
#229=B_SPLINE_CURVE_WITH_KNOTS('',3,(#8640,#8641,#8642,#8643,#8644),
 .UNSPECIFIED.,.F.,.F.,(4,1,4),(0.,0.0577139725316365,0.113007524128359),
 .UNSPECIFIED.);
#230=B_SPLINE_CURVE_WITH_KNOTS('',3,(#8646,#8647,#8648,#8649,#8650),
 .UNSPECIFIED.,.F.,.F.,(4,1,4),(-0.113007524128359,-0.0577139725316365,
0.),.UNSPECIFIED.);
#231=B_SPLINE_CURVE_WITH_KNOTS('',3,(#8663,#8664,#8665,#8666,#8667),
 .UNSPECIFIED.,.F.,.F.,(4,1,4),(0.,0.0542645023358586,0.110754225489812),
 .UNSPECIFIED.);
#232=B_SPLINE_CURVE_WITH_KNOTS('',3,(#8669,#8670,#8671,#8672,#8673),
 .UNSPECIFIED.,.F.,.F.,(4,1,4),(-0.110754225489812,-0.0542645023358586,
0.),.UNSPECIFIED.);
#233=B_SPLINE_CURVE_WITH_KNOTS('',3,(#8685,#8686,#8687,#8688,#8689),
 .UNSPECIFIED.,.F.,.F.,(4,1,4),(0.,0.0651913121269054,0.146211591196576),
 .UNSPECIFIED.);
#234=B_SPLINE_CURVE_WITH_KNOTS('',3,(#8690,#8691,#8692,#8693,#8694),
 .UNSPECIFIED.,.F.,.F.,(4,1,4),(-0.146211591196576,-0.0651913121269054,
0.),.UNSPECIFIED.);
#235=B_SPLINE_CURVE_WITH_KNOTS('',3,(#8712,#8713,#8714,#8715,#8716),
 .UNSPECIFIED.,.F.,.F.,(4,1,4),(-0.064772865000718,-0.0348618414237932,
0.),.UNSPECIFIED.);
#236=B_SPLINE_CURVE_WITH_KNOTS('',3,(#8729,#8730,#8731,#8732,#8733),
 .UNSPECIFIED.,.F.,.F.,(4,1,4),(-0.0917615081758512,-0.0418636881859313,
0.),.UNSPECIFIED.);
#237=B_SPLINE_CURVE_WITH_KNOTS('',3,(#8746,#8747,#8748,#8749,#8750),
 .UNSPECIFIED.,.F.,.F.,(4,1,4),(-0.0963807681874026,-0.053217951233216,
0.),.UNSPECIFIED.);
#238=B_SPLINE_CURVE_WITH_KNOTS('',3,(#8763,#8764,#8765,#8766,#8767),
 .UNSPECIFIED.,.F.,.F.,(4,1,4),(-0.081211449096884,-0.0395164243609031,
0.),.UNSPECIFIED.);
#239=B_SPLINE_CURVE_WITH_KNOTS('',3,(#8780,#8781,#8782,#8783,#8784),
 .UNSPECIFIED.,.F.,.F.,(4,1,4),(-0.110605680619176,-0.0409992111621371,
0.),.UNSPECIFIED.);
#240=B_SPLINE_CURVE_WITH_KNOTS('',3,(#8797,#8798,#8799,#8800,#8801),
 .UNSPECIFIED.,.F.,.F.,(4,1,4),(-0.159382036543109,-0.0805025219599717,
0.),.UNSPECIFIED.);
#241=B_SPLINE_CURVE_WITH_KNOTS('',3,(#8814,#8815,#8816,#8817,#8818),
 .UNSPECIFIED.,.F.,.F.,(4,1,4),(-0.18397415683592,-0.0946506781910171,0.),
 .UNSPECIFIED.);
#242=B_SPLINE_CURVE_WITH_KNOTS('',3,(#8831,#8832,#8833,#8834,#8835),
 .UNSPECIFIED.,.F.,.F.,(4,1,4),(-0.192479280599868,-0.0934331868345609,
0.),.UNSPECIFIED.);
#243=B_SPLINE_CURVE_WITH_KNOTS('',3,(#8848,#8849,#8850,#8851,#8852),
 .UNSPECIFIED.,.F.,.F.,(4,1,4),(-0.137199273274218,-0.0700814000543759,
0.),.UNSPECIFIED.);
#244=B_SPLINE_CURVE_WITH_KNOTS('',3,(#8865,#8866,#8867,#8868,#8869),
 .UNSPECIFIED.,.F.,.F.,(4,1,4),(-0.122909277563971,-0.0631783800553646,
0.),.UNSPECIFIED.);
#245=B_SPLINE_CURVE_WITH_KNOTS('',3,(#8882,#8883,#8884,#8885,#8886),
 .UNSPECIFIED.,.F.,.F.,(4,1,4),(-0.123287153308078,-0.0597661771094887,
0.),.UNSPECIFIED.);
#246=B_SPLINE_CURVE_WITH_KNOTS('',3,(#8899,#8900,#8901,#8902,#8903),
 .UNSPECIFIED.,.F.,.F.,(4,1,4),(-0.169529187842973,-0.0838754978067971,
0.),.UNSPECIFIED.);
#247=B_SPLINE_CURVE_WITH_KNOTS('',3,(#8928,#8929,#8930,#8931,#8932),
 .UNSPECIFIED.,.F.,.F.,(4,1,4),(-0.170426482711797,-0.101347652562795,0.),
 .UNSPECIFIED.);
#248=B_SPLINE_CURVE_WITH_KNOTS('',3,(#8945,#8946,#8947,#8948,#8949),
 .UNSPECIFIED.,.F.,.F.,(4,1,4),(-0.110598729904291,-0.0540995846568383,
0.),.UNSPECIFIED.);
#249=B_SPLINE_CURVE_WITH_KNOTS('',3,(#8962,#8963,#8964,#8965,#8966),
 .UNSPECIFIED.,.F.,.F.,(4,1,4),(-0.13287991264708,-0.0621461606270087,0.),
 .UNSPECIFIED.);
#250=B_SPLINE_CURVE_WITH_KNOTS('',3,(#8979,#8980,#8981,#8982,#8983),
 .UNSPECIFIED.,.F.,.F.,(4,1,4),(-0.154112888031496,-0.0826415091167317,
0.),.UNSPECIFIED.);
#251=B_SPLINE_CURVE_WITH_KNOTS('',3,(#8995,#8996,#8997,#8998,#8999),
 .UNSPECIFIED.,.F.,.F.,(4,1,4),(-0.138708131765947,-0.0658197622612169,
0.),.UNSPECIFIED.);
#252=B_SPLINE_CURVE_WITH_KNOTS('',3,(#9019,#9020,#9021,#9022,#9023),
 .UNSPECIFIED.,.F.,.F.,(4,1,4),(-0.20598683896611,-0.108519075777326,0.),
 .UNSPECIFIED.);
#253=B_SPLINE_CURVE_WITH_KNOTS('',3,(#9036,#9037,#9038,#9039,#9040),
 .UNSPECIFIED.,.F.,.F.,(4,1,4),(-0.197389300720164,-0.0953540021799481,
0.),.UNSPECIFIED.);
#254=B_SPLINE_CURVE_WITH_KNOTS('',3,(#9053,#9054,#9055,#9056,#9057),
 .UNSPECIFIED.,.F.,.F.,(4,1,4),(-0.191743342746413,-0.103245455712912,0.),
 .UNSPECIFIED.);
#255=B_SPLINE_CURVE_WITH_KNOTS('',3,(#9070,#9071,#9072,#9073,#9074),
 .UNSPECIFIED.,.F.,.F.,(4,1,4),(-0.173613411048613,-0.0841372763588166,
0.),.UNSPECIFIED.);
#256=B_SPLINE_CURVE_WITH_KNOTS('',3,(#9087,#9088,#9089,#9090,#9091),
 .UNSPECIFIED.,.F.,.F.,(4,1,4),(-0.192248998679792,-0.0947592762526538,
0.),.UNSPECIFIED.);
#257=B_SPLINE_CURVE_WITH_KNOTS('',3,(#9104,#9105,#9106,#9107,#9108),
 .UNSPECIFIED.,.F.,.F.,(4,1,4),(-0.196678429825952,-0.102893393567871,0.),
 .UNSPECIFIED.);
#258=B_SPLINE_CURVE_WITH_KNOTS('',3,(#9121,#9122,#9123,#9124,#9125),
 .UNSPECIFIED.,.F.,.F.,(4,1,4),(-0.17355740492504,-0.0877022387104894,0.),
 .UNSPECIFIED.);
#259=B_SPLINE_CURVE_WITH_KNOTS('',3,(#9138,#9139,#9140,#9141,#9142),
 .UNSPECIFIED.,.F.,.F.,(4,1,4),(-0.176354248916497,-0.0869742465008941,
0.),.UNSPECIFIED.);
#260=B_SPLINE_CURVE_WITH_KNOTS('',3,(#9155,#9156,#9157,#9158,#9159),
 .UNSPECIFIED.,.F.,.F.,(4,1,4),(-0.187084972926623,-0.0976117942274656,
0.),.UNSPECIFIED.);
#261=B_SPLINE_CURVE_WITH_KNOTS('',3,(#9172,#9173,#9174,#9175,#9176),
 .UNSPECIFIED.,.F.,.F.,(4,1,4),(-0.183002652671989,-0.08849686751384,0.),
 .UNSPECIFIED.);
#262=B_SPLINE_CURVE_WITH_KNOTS('',3,(#9193,#9194,#9195,#9196,#9197),
 .UNSPECIFIED.,.F.,.F.,(4,1,4),(-0.133384395795322,-0.0724453575914349,
0.),.UNSPECIFIED.);
#263=B_SPLINE_CURVE_WITH_KNOTS('',3,(#9210,#9211,#9212,#9213,#9214),
 .UNSPECIFIED.,.F.,.F.,(4,1,4),(-0.123267443199737,-0.0584565977882278,
0.),.UNSPECIFIED.);
#264=B_SPLINE_CURVE_WITH_KNOTS('',3,(#9227,#9228,#9229,#9230,#9231),
 .UNSPECIFIED.,.F.,.F.,(4,1,4),(-0.142082490309203,-0.074698897150266,0.),
 .UNSPECIFIED.);
#265=B_SPLINE_CURVE_WITH_KNOTS('',3,(#9244,#9245,#9246,#9247,#9248),
 .UNSPECIFIED.,.F.,.F.,(4,1,4),(-0.13046044402389,-0.0646601176895233,0.),
 .UNSPECIFIED.);
#266=B_SPLINE_CURVE_WITH_KNOTS('',3,(#9261,#9262,#9263,#9264,#9265),
 .UNSPECIFIED.,.F.,.F.,(4,1,4),(-0.136653105424498,-0.0682111013534068,
0.),.UNSPECIFIED.);
#267=B_SPLINE_CURVE_WITH_KNOTS('',3,(#9278,#9279,#9280,#9281,#9282),
 .UNSPECIFIED.,.F.,.F.,(4,1,4),(-0.158741914016541,-0.0838731223125578,
0.),.UNSPECIFIED.);
#268=B_SPLINE_CURVE_WITH_KNOTS('',3,(#9295,#9296,#9297,#9298,#9299),
 .UNSPECIFIED.,.F.,.F.,(4,1,4),(-0.13014870909938,-0.0670208779224463,0.),
 .UNSPECIFIED.);
#269=B_SPLINE_CURVE_WITH_KNOTS('',3,(#9312,#9313,#9314,#9315,#9316),
 .UNSPECIFIED.,.F.,.F.,(4,1,4),(-0.12455287981201,-0.0622900659800915,0.),
 .UNSPECIFIED.);
#270=B_SPLINE_CURVE_WITH_KNOTS('',3,(#9329,#9330,#9331,#9332,#9333),
 .UNSPECIFIED.,.F.,.F.,(4,1,4),(-0.141465718389138,-0.0727330009411258,
0.),.UNSPECIFIED.);
#271=B_SPLINE_CURVE_WITH_KNOTS('',3,(#9345,#9346,#9347,#9348,#9349),
 .UNSPECIFIED.,.F.,.F.,(4,1,4),(-0.154109714138055,-0.0717954377339281,
0.),.UNSPECIFIED.);
#272=B_SPLINE_CURVE_WITH_KNOTS('',3,(#9376,#9377,#9378,#9379,#9380),
 .UNSPECIFIED.,.F.,.F.,(4,1,4),(-0.0879692637499563,-0.0436210746620024,
0.),.UNSPECIFIED.);
#273=B_SPLINE_CURVE_WITH_KNOTS('',3,(#9393,#9394,#9395,#9396,#9397),
 .UNSPECIFIED.,.F.,.F.,(4,1,4),(-0.0938670169774671,-0.0456641064485423,
0.),.UNSPECIFIED.);
#274=B_SPLINE_CURVE_WITH_KNOTS('',3,(#9410,#9411,#9412,#9413,#9414),
 .UNSPECIFIED.,.F.,.F.,(4,1,4),(-0.0963143096834969,-0.0516030678104823,
0.),.UNSPECIFIED.);
#275=B_SPLINE_CURVE_WITH_KNOTS('',3,(#9427,#9428,#9429,#9430,#9431),
 .UNSPECIFIED.,.F.,.F.,(4,1,4),(-0.0840485747243232,-0.0416147968126696,
0.),.UNSPECIFIED.);
#276=B_SPLINE_CURVE_WITH_KNOTS('',3,(#9444,#9445,#9446,#9447,#9448),
 .UNSPECIFIED.,.F.,.F.,(4,1,4),(-0.186232513775974,-0.0960753123569903,
0.),.UNSPECIFIED.);
#277=B_SPLINE_CURVE_WITH_KNOTS('',3,(#9461,#9462,#9463,#9464,#9465),
 .UNSPECIFIED.,.F.,.F.,(4,1,4),(-0.125958286689223,-0.0675420812833139,
0.),.UNSPECIFIED.);
#278=B_SPLINE_CURVE_WITH_KNOTS('',3,(#9478,#9479,#9480,#9481,#9482),
 .UNSPECIFIED.,.F.,.F.,(4,1,4),(-0.137472509104697,-0.0611723668997218,
0.),.UNSPECIFIED.);
#279=B_SPLINE_CURVE_WITH_KNOTS('',3,(#9507,#9508,#9509,#9510,#9511),
 .UNSPECIFIED.,.F.,.F.,(4,1,4),(-0.0749485495791174,-0.0443959629962505,
0.),.UNSPECIFIED.);
#280=B_SPLINE_CURVE_WITH_KNOTS('',3,(#9524,#9525,#9526,#9527,#9528),
 .UNSPECIFIED.,.F.,.F.,(4,1,4),(-0.0481511062198216,-0.0236088226582852,
0.),.UNSPECIFIED.);
#281=B_SPLINE_CURVE_WITH_KNOTS('',3,(#9541,#9542,#9543,#9544,#9545),
 .UNSPECIFIED.,.F.,.F.,(4,1,4),(-0.0539455510245247,-0.0260353300446258,
0.),.UNSPECIFIED.);
#282=B_SPLINE_CURVE_WITH_KNOTS('',3,(#9558,#9559,#9560,#9561,#9562),
 .UNSPECIFIED.,.F.,.F.,(4,1,4),(-0.0977178603706774,-0.0497444605451997,
0.),.UNSPECIFIED.);
#283=B_SPLINE_CURVE_WITH_KNOTS('',3,(#9575,#9576,#9577,#9578,#9579),
 .UNSPECIFIED.,.F.,.F.,(4,1,4),(-0.121509193878789,-0.0533101956022796,
0.),.UNSPECIFIED.);
#284=B_SPLINE_CURVE_WITH_KNOTS('',3,(#9604,#9605,#9606,#9607,#9608),
 .UNSPECIFIED.,.F.,.F.,(4,1,4),(-0.0895359450375738,-0.0504107591246834,
0.),.UNSPECIFIED.);
#285=B_SPLINE_CURVE_WITH_KNOTS('',3,(#9621,#9622,#9623,#9624,#9625),
 .UNSPECIFIED.,.F.,.F.,(4,1,4),(-0.0767365015908554,-0.0350523001113391,
0.),.UNSPECIFIED.);
#286=B_SPLINE_CURVE_WITH_KNOTS('',3,(#9638,#9639,#9640,#9641,#9642),
 .UNSPECIFIED.,.F.,.F.,(4,1,4),(-0.0704572111323777,-0.0352413817941425,
0.),.UNSPECIFIED.);
#287=B_SPLINE_CURVE_WITH_KNOTS('',3,(#9655,#9656,#9657,#9658,#9659),
 .UNSPECIFIED.,.F.,.F.,(4,1,4),(-0.0725368296559917,-0.0354749056087133,
0.),.UNSPECIFIED.);
#288=B_SPLINE_CURVE_WITH_KNOTS('',3,(#9672,#9673,#9674,#9675,#9676),
 .UNSPECIFIED.,.F.,.F.,(4,1,4),(-0.107286514361004,-0.0460698890939642,
0.),.UNSPECIFIED.);
#289=B_SPLINE_CURVE_WITH_KNOTS('',3,(#9702,#9703,#9704,#9705,#9706),
 .UNSPECIFIED.,.F.,.F.,(4,1,4),(-0.188617444757834,-0.0950361134380071,
0.),.UNSPECIFIED.);
#290=B_SPLINE_CURVE_WITH_KNOTS('',3,(#9719,#9720,#9721,#9722,#9723),
 .UNSPECIFIED.,.F.,.F.,(4,1,4),(-0.086018472660836,-0.0436039844772292,
0.),.UNSPECIFIED.);
#291=B_SPLINE_CURVE_WITH_KNOTS('',3,(#9736,#9737,#9738,#9739,#9740),
 .UNSPECIFIED.,.F.,.F.,(4,1,4),(-0.0727807493806728,-0.0390594511220345,
0.),.UNSPECIFIED.);
#292=B_SPLINE_CURVE_WITH_KNOTS('',3,(#9753,#9754,#9755,#9756,#9757),
 .UNSPECIFIED.,.F.,.F.,(4,1,4),(-0.0694331789981519,-0.0331022453830356,
0.),.UNSPECIFIED.);
#293=B_SPLINE_CURVE_WITH_KNOTS('',3,(#9770,#9771,#9772,#9773,#9774),
 .UNSPECIFIED.,.F.,.F.,(4,1,4),(-0.0804727503917667,-0.03294439822281,0.),
 .UNSPECIFIED.);
#294=B_SPLINE_CURVE_WITH_KNOTS('',3,(#9799,#9800,#9801,#9802,#9803),
 .UNSPECIFIED.,.F.,.F.,(4,1,4),(-0.0909633352862673,-0.0563590953337066,
0.),.UNSPECIFIED.);
#295=B_SPLINE_CURVE_WITH_KNOTS('',3,(#9816,#9817,#9818,#9819,#9820),
 .UNSPECIFIED.,.F.,.F.,(4,1,4),(-0.0644235163656839,-0.0327999856440337,
0.),.UNSPECIFIED.);
#296=B_SPLINE_CURVE_WITH_KNOTS('',3,(#9833,#9834,#9835,#9836,#9837),
 .UNSPECIFIED.,.F.,.F.,(4,1,4),(-0.0686520426896911,-0.0327520146122526,
0.),.UNSPECIFIED.);
#297=B_SPLINE_CURVE_WITH_KNOTS('',3,(#9850,#9851,#9852,#9853,#9854),
 .UNSPECIFIED.,.F.,.F.,(4,1,4),(-0.0759215148228726,-0.0378091624256405,
0.),.UNSPECIFIED.);
#298=B_SPLINE_CURVE_WITH_KNOTS('',3,(#9867,#9868,#9869,#9870,#9871),
 .UNSPECIFIED.,.F.,.F.,(4,1,4),(-0.0732264404147603,-0.0372209324629504,
0.),.UNSPECIFIED.);
#299=B_SPLINE_CURVE_WITH_KNOTS('',3,(#9884,#9885,#9886,#9887,#9888),
 .UNSPECIFIED.,.F.,.F.,(4,1,4),(-0.100500311330919,-0.0431530062065544,
0.),.UNSPECIFIED.);
#300=B_SPLINE_CURVE_WITH_KNOTS('',3,(#9925,#9926,#9927,#9928,#9929),
 .UNSPECIFIED.,.F.,.F.,(4,1,4),(0.,0.0570525708863801,0.1024495198287),
 .UNSPECIFIED.);
#301=B_SPLINE_CURVE_WITH_KNOTS('',3,(#9931,#9932,#9933,#9934,#9935),
 .UNSPECIFIED.,.F.,.F.,(4,1,4),(-0.1024495198287,-0.0570525708863801,0.),
 .UNSPECIFIED.);
#302=B_SPLINE_CURVE_WITH_KNOTS('',3,(#9948,#9949,#9950,#9951,#9952),
 .UNSPECIFIED.,.F.,.F.,(4,1,4),(0.,0.0600869650405508,0.120700058405501),
 .UNSPECIFIED.);
#303=B_SPLINE_CURVE_WITH_KNOTS('',3,(#9954,#9955,#9956,#9957,#9958),
 .UNSPECIFIED.,.F.,.F.,(4,1,4),(-0.120700058405501,-0.0600869650405508,
0.),.UNSPECIFIED.);
#304=B_SPLINE_CURVE_WITH_KNOTS('',3,(#9971,#9972,#9973,#9974,#9975),
 .UNSPECIFIED.,.F.,.F.,(4,1,4),(0.,0.055386822659057,0.109370329231312),
 .UNSPECIFIED.);
#305=B_SPLINE_CURVE_WITH_KNOTS('',3,(#9977,#9978,#9979,#9980,#9981),
 .UNSPECIFIED.,.F.,.F.,(4,1,4),(-0.109370329231312,-0.055386822659057,0.),
 .UNSPECIFIED.);
#306=B_SPLINE_CURVE_WITH_KNOTS('',3,(#9993,#9994,#9995,#9996,#9997),
 .UNSPECIFIED.,.F.,.F.,(4,1,4),(0.,0.0559204176003296,0.117072753317304),
 .UNSPECIFIED.);
#307=B_SPLINE_CURVE_WITH_KNOTS('',3,(#9998,#9999,#10000,#10001,#10002),
 .UNSPECIFIED.,.F.,.F.,(4,1,4),(-0.117072753317304,-0.0559204176003296,
0.),.UNSPECIFIED.);
#308=B_SPLINE_CURVE_WITH_KNOTS('',3,(#10020,#10021,#10022,#10023,#10024),
 .UNSPECIFIED.,.F.,.F.,(4,1,4),(-0.145780585309425,-0.0753317022838149,
0.),.UNSPECIFIED.);
#309=B_SPLINE_CURVE_WITH_KNOTS('',3,(#10037,#10038,#10039,#10040,#10041),
 .UNSPECIFIED.,.F.,.F.,(4,1,4),(-0.153454462534142,-0.0722836009841582,
0.),.UNSPECIFIED.);
#310=B_SPLINE_CURVE_WITH_KNOTS('',3,(#10054,#10055,#10056,#10057,#10058),
 .UNSPECIFIED.,.F.,.F.,(4,1,4),(-0.193518052562975,-0.101196569744086,0.),
 .UNSPECIFIED.);
#311=B_SPLINE_CURVE_WITH_KNOTS('',3,(#10071,#10072,#10073,#10074,#10075),
 .UNSPECIFIED.,.F.,.F.,(4,1,4),(-0.206812892162349,-0.0957289511972242,
0.),.UNSPECIFIED.);
#312=B_SPLINE_CURVE_WITH_KNOTS('',3,(#10088,#10089,#10090,#10091,#10092),
 .UNSPECIFIED.,.F.,.F.,(4,1,4),(-0.213147201171338,-0.114830326444763,0.),
 .UNSPECIFIED.);
#313=B_SPLINE_CURVE_WITH_KNOTS('',3,(#10105,#10106,#10107,#10108,#10109),
 .UNSPECIFIED.,.F.,.F.,(4,1,4),(-0.189279258769406,-0.0923951476166771,
0.),.UNSPECIFIED.);
#314=B_SPLINE_CURVE_WITH_KNOTS('',3,(#10122,#10123,#10124,#10125,#10126),
 .UNSPECIFIED.,.F.,.F.,(4,1,4),(-0.1842164373976,-0.0940012233338012,0.),
 .UNSPECIFIED.);
#315=B_SPLINE_CURVE_WITH_KNOTS('',3,(#10139,#10140,#10141,#10142,#10143),
 .UNSPECIFIED.,.F.,.F.,(4,1,4),(-0.208984678945118,-0.0963321787008965,
0.),.UNSPECIFIED.);
#316=B_SPLINE_CURVE_WITH_KNOTS('',3,(#10156,#10157,#10158,#10159,#10160),
 .UNSPECIFIED.,.F.,.F.,(4,1,4),(-0.0229250082596211,-0.00955048695573254,
0.),.UNSPECIFIED.);
#317=B_SPLINE_CURVE_WITH_KNOTS('',3,(#10177,#10178,#10179,#10180,#10181),
 .UNSPECIFIED.,.F.,.F.,(4,1,4),(-0.138613416366405,-0.0751273434872443,
0.),.UNSPECIFIED.);
#318=B_SPLINE_CURVE_WITH_KNOTS('',3,(#10194,#10195,#10196,#10197,#10198),
 .UNSPECIFIED.,.F.,.F.,(4,1,4),(-0.117518886914309,-0.058216710960007,0.),
 .UNSPECIFIED.);
#319=B_SPLINE_CURVE_WITH_KNOTS('',3,(#10211,#10212,#10213,#10214,#10215),
 .UNSPECIFIED.,.F.,.F.,(4,1,4),(-0.0855673879593588,-0.0442469875004846,
0.),.UNSPECIFIED.);
#320=B_SPLINE_CURVE_WITH_KNOTS('',3,(#10227,#10228,#10229,#10230,#10231),
 .UNSPECIFIED.,.F.,.F.,(4,1,4),(-0.0963788083502768,-0.0440064355137239,
0.),.UNSPECIFIED.);
#321=B_SPLINE_CURVE_WITH_KNOTS('',3,(#10251,#10252,#10253,#10254,#10255),
 .UNSPECIFIED.,.F.,.F.,(4,1,4),(-0.0654723925001854,-0.034853224278232,
0.),.UNSPECIFIED.);
#322=B_SPLINE_CURVE_WITH_KNOTS('',3,(#10268,#10269,#10270,#10271,#10272),
 .UNSPECIFIED.,.F.,.F.,(4,1,4),(-0.0746686320127146,-0.0417055997959137,
0.),.UNSPECIFIED.);
#323=B_SPLINE_CURVE_WITH_KNOTS('',3,(#10285,#10286,#10287,#10288,#10289),
 .UNSPECIFIED.,.F.,.F.,(4,1,4),(-0.053927503089504,-0.0278541910793744,
0.),.UNSPECIFIED.);
#324=B_SPLINE_CURVE_WITH_KNOTS('',3,(#10302,#10303,#10304,#10305,#10306),
 .UNSPECIFIED.,.F.,.F.,(4,1,4),(-0.102340644978555,-0.0382435293353475,
0.),.UNSPECIFIED.);
#325=B_SPLINE_CURVE_WITH_KNOTS('',3,(#10363,#10364,#10365,#10366,#10367),
 .UNSPECIFIED.,.F.,.F.,(4,1,4),(-0.0476283787198672,-0.0302224938366778,
0.),.UNSPECIFIED.);
#326=B_SPLINE_CURVE_WITH_KNOTS('',3,(#10380,#10381,#10382,#10383,#10384),
 .UNSPECIFIED.,.F.,.F.,(4,1,4),(-0.0226083170672821,-0.0111605360339346,
0.),.UNSPECIFIED.);
#327=B_SPLINE_CURVE_WITH_KNOTS('',3,(#10397,#10398,#10399,#10400,#10401),
 .UNSPECIFIED.,.F.,.F.,(4,1,4),(-0.0302771006077209,-0.0133149586314432,
0.),.UNSPECIFIED.);
#328=B_SPLINE_CURVE_WITH_KNOTS('',3,(#10413,#10414,#10415,#10416,#10417),
 .UNSPECIFIED.,.F.,.F.,(4,1,4),(-0.0378908531540249,-0.0166135295930442,
0.),.UNSPECIFIED.);
#329=B_SPLINE_CURVE_WITH_KNOTS('',3,(#10431,#10432,#10433,#10434,#10435),
 .UNSPECIFIED.,.F.,.F.,(4,1,4),(0.,0.0856872967759436,0.152258564156746),
 .UNSPECIFIED.);
#330=B_SPLINE_CURVE_WITH_KNOTS('',3,(#10439,#10440,#10441,#10442,#10443),
 .UNSPECIFIED.,.F.,.F.,(4,1,4),(-0.152258564156746,-0.0856872967759436,
0.),.UNSPECIFIED.);
#331=B_SPLINE_CURVE_WITH_KNOTS('',3,(#10456,#10457,#10458,#10459,#10460),
 .UNSPECIFIED.,.F.,.F.,(4,1,4),(0.,0.0561334104658351,0.109595027912101),
 .UNSPECIFIED.);
#332=B_SPLINE_CURVE_WITH_KNOTS('',3,(#10462,#10463,#10464,#10465,#10466),
 .UNSPECIFIED.,.F.,.F.,(4,1,4),(-0.109595027912101,-0.0561334104658351,
0.),.UNSPECIFIED.);
#333=B_SPLINE_CURVE_WITH_KNOTS('',3,(#10479,#10480,#10481,#10482,#10483),
 .UNSPECIFIED.,.F.,.F.,(4,1,4),(0.,0.0545430160463234,0.112346055546096),
 .UNSPECIFIED.);
#334=B_SPLINE_CURVE_WITH_KNOTS('',3,(#10485,#10486,#10487,#10488,#10489),
 .UNSPECIFIED.,.F.,.F.,(4,1,4),(-0.112346055546096,-0.0545430160463234,
0.),.UNSPECIFIED.);
#335=B_SPLINE_CURVE_WITH_KNOTS('',3,(#10502,#10503,#10504,#10505,#10506),
 .UNSPECIFIED.,.F.,.F.,(4,1,4),(0.,0.068947141132176,0.157929698992464),
 .UNSPECIFIED.);
#336=B_SPLINE_CURVE_WITH_KNOTS('',3,(#10508,#10509,#10510,#10511,#10512),
 .UNSPECIFIED.,.F.,.F.,(4,1,4),(-0.157929698992464,-0.068947141132176,0.),
 .UNSPECIFIED.);
#337=B_SPLINE_CURVE_WITH_KNOTS('',3,(#10525,#10526,#10527,#10528,#10529),
 .UNSPECIFIED.,.F.,.F.,(4,1,4),(0.,0.0853385416468094,0.15273745356472),
 .UNSPECIFIED.);
#338=B_SPLINE_CURVE_WITH_KNOTS('',3,(#10531,#10532,#10533,#10534,#10535),
 .UNSPECIFIED.,.F.,.F.,(4,1,4),(-0.15273745356472,-0.0853385416468094,0.),
 .UNSPECIFIED.);
#339=B_SPLINE_CURVE_WITH_KNOTS('',3,(#10548,#10549,#10550,#10551,#10552),
 .UNSPECIFIED.,.F.,.F.,(4,1,4),(0.,0.0567657311227242,0.109666850973742),
 .UNSPECIFIED.);
#340=B_SPLINE_CURVE_WITH_KNOTS('',3,(#10554,#10555,#10556,#10557,#10558),
 .UNSPECIFIED.,.F.,.F.,(4,1,4),(-0.109666850973742,-0.0567657311227242,
0.),.UNSPECIFIED.);
#341=B_SPLINE_CURVE_WITH_KNOTS('',3,(#10571,#10572,#10573,#10574,#10575),
 .UNSPECIFIED.,.F.,.F.,(4,1,4),(0.,0.0533156491063604,0.112856756197109),
 .UNSPECIFIED.);
#342=B_SPLINE_CURVE_WITH_KNOTS('',3,(#10577,#10578,#10579,#10580,#10581),
 .UNSPECIFIED.,.F.,.F.,(4,1,4),(-0.112856756197109,-0.0533156491063604,
0.),.UNSPECIFIED.);
#343=B_SPLINE_CURVE_WITH_KNOTS('',3,(#10593,#10594,#10595,#10596,#10597),
 .UNSPECIFIED.,.F.,.F.,(4,1,4),(0.,0.0704951517176584,0.157386304381671),
 .UNSPECIFIED.);
#344=B_SPLINE_CURVE_WITH_KNOTS('',3,(#10598,#10599,#10600,#10601,#10602),
 .UNSPECIFIED.,.F.,.F.,(4,1,4),(-0.157386304381671,-0.0704951517176584,
0.),.UNSPECIFIED.);
#345=B_SPLINE_CURVE_WITH_KNOTS('',3,(#10628,#10629,#10630,#10631,#10632),
 .UNSPECIFIED.,.F.,.F.,(4,1,4),(-0.0858448528790491,-0.0448850239132081,
0.),.UNSPECIFIED.);
#346=B_SPLINE_CURVE_WITH_KNOTS('',3,(#10645,#10646,#10647,#10648,#10649),
 .UNSPECIFIED.,.F.,.F.,(4,1,4),(-0.0874068090879772,-0.0411951772092184,
0.),.UNSPECIFIED.);
#347=B_SPLINE_CURVE_WITH_KNOTS('',3,(#10662,#10663,#10664,#10665,#10666),
 .UNSPECIFIED.,.F.,.F.,(4,1,4),(-0.120749764064434,-0.0616871778848707,
0.),.UNSPECIFIED.);
#348=B_SPLINE_CURVE_WITH_KNOTS('',3,(#10679,#10680,#10681,#10682,#10683),
 .UNSPECIFIED.,.F.,.F.,(4,1,4),(-0.121819799732012,-0.0593428099344988,
0.),.UNSPECIFIED.);
#349=B_SPLINE_CURVE_WITH_KNOTS('',3,(#10696,#10697,#10698,#10699,#10700),
 .UNSPECIFIED.,.F.,.F.,(4,1,4),(-0.136508422759208,-0.0665678770089137,
0.),.UNSPECIFIED.);
#350=B_SPLINE_CURVE_WITH_KNOTS('',3,(#10713,#10714,#10715,#10716,#10717),
 .UNSPECIFIED.,.F.,.F.,(4,1,4),(-0.143708473084563,-0.0742802311765412,
0.),.UNSPECIFIED.);
#351=B_SPLINE_CURVE_WITH_KNOTS('',3,(#10730,#10731,#10732,#10733,#10734),
 .UNSPECIFIED.,.F.,.F.,(4,1,4),(-0.126779067155927,-0.0648239005081769,
0.),.UNSPECIFIED.);
#352=B_SPLINE_CURVE_WITH_KNOTS('',3,(#10747,#10748,#10749,#10750,#10751),
 .UNSPECIFIED.,.F.,.F.,(4,1,4),(-0.117972346986652,-0.0600171891612646,
0.),.UNSPECIFIED.);
#353=B_SPLINE_CURVE_WITH_KNOTS('',3,(#10764,#10765,#10766,#10767,#10768),
 .UNSPECIFIED.,.F.,.F.,(4,1,4),(-0.0798300767276551,-0.0410173628138808,
0.),.UNSPECIFIED.);
#354=B_SPLINE_CURVE_WITH_KNOTS('',3,(#10781,#10782,#10783,#10784,#10785),
 .UNSPECIFIED.,.F.,.F.,(4,1,4),(-0.0728424787343979,-0.0372632961959552,
0.),.UNSPECIFIED.);
#355=B_SPLINE_CURVE_WITH_KNOTS('',3,(#10807,#10808,#10809,#10810,#10811),
 .UNSPECIFIED.,.F.,.F.,(4,1,4),(0.,0.0858322058132944,0.154392184004493),
 .UNSPECIFIED.);
#356=B_SPLINE_CURVE_WITH_KNOTS('',3,(#10815,#10816,#10817,#10818,#10819),
 .UNSPECIFIED.,.F.,.F.,(4,1,4),(-0.154392184004493,-0.0858322058132944,
0.),.UNSPECIFIED.);
#357=B_SPLINE_CURVE_WITH_KNOTS('',3,(#10832,#10833,#10834,#10835,#10836),
 .UNSPECIFIED.,.F.,.F.,(4,1,4),(0.,0.0602003589323818,0.120402210522493),
 .UNSPECIFIED.);
#358=B_SPLINE_CURVE_WITH_KNOTS('',3,(#10838,#10839,#10840,#10841,#10842),
 .UNSPECIFIED.,.F.,.F.,(4,1,4),(-0.120402210522493,-0.0602003589323818,
0.),.UNSPECIFIED.);
#359=B_SPLINE_CURVE_WITH_KNOTS('',3,(#10855,#10856,#10857,#10858,#10859),
 .UNSPECIFIED.,.F.,.F.,(4,1,4),(0.,0.0598627581051854,0.120076585212872),
 .UNSPECIFIED.);
#360=B_SPLINE_CURVE_WITH_KNOTS('',3,(#10861,#10862,#10863,#10864,#10865),
 .UNSPECIFIED.,.F.,.F.,(4,1,4),(-0.120076585212872,-0.0598627581051854,
0.),.UNSPECIFIED.);
#361=B_SPLINE_CURVE_WITH_KNOTS('',3,(#10878,#10879,#10880,#10881,#10882),
 .UNSPECIFIED.,.F.,.F.,(4,1,4),(0.,0.0692479051445282,0.156916488667318),
 .UNSPECIFIED.);
#362=B_SPLINE_CURVE_WITH_KNOTS('',3,(#10884,#10885,#10886,#10887,#10888),
 .UNSPECIFIED.,.F.,.F.,(4,1,4),(-0.156916488667318,-0.0692479051445282,
0.),.UNSPECIFIED.);
#363=B_SPLINE_CURVE_WITH_KNOTS('',3,(#10901,#10902,#10903,#10904,#10905),
 .UNSPECIFIED.,.F.,.F.,(4,1,4),(0.,0.0833530064095641,0.151258475931442),
 .UNSPECIFIED.);
#364=B_SPLINE_CURVE_WITH_KNOTS('',3,(#10907,#10908,#10909,#10910,#10911),
 .UNSPECIFIED.,.F.,.F.,(4,1,4),(-0.151258475931442,-0.0833530064095641,
0.),.UNSPECIFIED.);
#365=B_SPLINE_CURVE_WITH_KNOTS('',3,(#10924,#10925,#10926,#10927,#10928),
 .UNSPECIFIED.,.F.,.F.,(4,1,4),(0.,0.0601524947037427,0.119711317809741),
 .UNSPECIFIED.);
#366=B_SPLINE_CURVE_WITH_KNOTS('',3,(#10930,#10931,#10932,#10933,#10934),
 .UNSPECIFIED.,.F.,.F.,(4,1,4),(-0.119711317809741,-0.0601524947037427,
0.),.UNSPECIFIED.);
#367=B_SPLINE_CURVE_WITH_KNOTS('',3,(#10947,#10948,#10949,#10950,#10951),
 .UNSPECIFIED.,.F.,.F.,(4,1,4),(0.,0.0601898658798102,0.120282282794019),
 .UNSPECIFIED.);
#368=B_SPLINE_CURVE_WITH_KNOTS('',3,(#10953,#10954,#10955,#10956,#10957),
 .UNSPECIFIED.,.F.,.F.,(4,1,4),(-0.120282282794019,-0.0601898658798102,
0.),.UNSPECIFIED.);
#369=B_SPLINE_CURVE_WITH_KNOTS('',3,(#10969,#10970,#10971,#10972,#10973),
 .UNSPECIFIED.,.F.,.F.,(4,1,4),(0.,0.0684015013998126,0.1541745612313),
 .UNSPECIFIED.);
#370=B_SPLINE_CURVE_WITH_KNOTS('',3,(#10974,#10975,#10976,#10977,#10978),
 .UNSPECIFIED.,.F.,.F.,(4,1,4),(-0.1541745612313,-0.0684015013998126,0.),
 .UNSPECIFIED.);
#371=B_SPLINE_CURVE_WITH_KNOTS('',3,(#10992,#10993,#10994,#10995,#10996),
 .UNSPECIFIED.,.F.,.F.,(4,1,4),(-0.228345523291726,-0.1241488159638,0.),
 .UNSPECIFIED.);
#372=B_SPLINE_CURVE_WITH_KNOTS('',3,(#11009,#11010,#11011,#11012,#11013),
 .UNSPECIFIED.,.F.,.F.,(4,1,4),(-0.172021995035097,-0.083984248670689,0.),
 .UNSPECIFIED.);
#373=B_SPLINE_CURVE_WITH_KNOTS('',3,(#11026,#11027,#11028,#11029,#11030),
 .UNSPECIFIED.,.F.,.F.,(4,1,4),(-0.188229897699301,-0.0965515465419522,
0.),.UNSPECIFIED.);
#374=B_SPLINE_CURVE_WITH_KNOTS('',3,(#11043,#11044,#11045,#11046,#11047),
 .UNSPECIFIED.,.F.,.F.,(4,1,4),(-0.20458111444987,-0.0955771828391828,0.),
 .UNSPECIFIED.);
#375=B_SPLINE_CURVE_WITH_KNOTS('',3,(#11060,#11061,#11062,#11063,#11064),
 .UNSPECIFIED.,.F.,.F.,(4,1,4),(-0.157847771802894,-0.0877479576899876,
0.),.UNSPECIFIED.);
#376=B_SPLINE_CURVE_WITH_KNOTS('',3,(#11077,#11078,#11079,#11080,#11081),
 .UNSPECIFIED.,.F.,.F.,(4,1,4),(-0.123428560244483,-0.0615100063347946,
0.),.UNSPECIFIED.);
#377=B_SPLINE_CURVE_WITH_KNOTS('',3,(#11094,#11095,#11096,#11097,#11098),
 .UNSPECIFIED.,.F.,.F.,(4,1,4),(-0.127395133853932,-0.0631204440324852,
0.),.UNSPECIFIED.);
#378=B_SPLINE_CURVE_WITH_KNOTS('',3,(#11111,#11112,#11113,#11114,#11115),
 .UNSPECIFIED.,.F.,.F.,(4,1,4),(-0.189304271245813,-0.0977755415555715,
0.),.UNSPECIFIED.);
#379=B_SPLINE_CURVE_WITH_KNOTS('',3,(#11127,#11128,#11129,#11130,#11131),
 .UNSPECIFIED.,.F.,.F.,(4,1,4),(-0.211369904729852,-0.0967844327738603,
0.),.UNSPECIFIED.);
#380=B_SPLINE_CURVE_WITH_KNOTS('',3,(#11159,#11160,#11161,#11162,#11163),
 .UNSPECIFIED.,.F.,.F.,(4,1,4),(-0.0902333904978794,-0.0530513503285668,
0.),.UNSPECIFIED.);
#381=B_SPLINE_CURVE_WITH_KNOTS('',3,(#11176,#11177,#11178,#11179,#11180),
 .UNSPECIFIED.,.F.,.F.,(4,1,4),(-0.0584567434875082,-0.0293095854556134,
0.),.UNSPECIFIED.);
#382=B_SPLINE_CURVE_WITH_KNOTS('',3,(#11193,#11194,#11195,#11196,#11197),
 .UNSPECIFIED.,.F.,.F.,(4,1,4),(-0.0934856470803782,-0.0443536129853084,
0.),.UNSPECIFIED.);
#383=B_SPLINE_CURVE_WITH_KNOTS('',3,(#11214,#11215,#11216,#11217,#11218),
 .UNSPECIFIED.,.F.,.F.,(4,1,4),(-0.0663270126643809,-0.034470822939065,
0.),.UNSPECIFIED.);
#384=B_SPLINE_CURVE_WITH_KNOTS('',3,(#11231,#11232,#11233,#11234,#11235),
 .UNSPECIFIED.,.F.,.F.,(4,1,4),(-0.0541215275145906,-0.027073312745692,
0.),.UNSPECIFIED.);
#385=B_SPLINE_CURVE_WITH_KNOTS('',3,(#11248,#11249,#11250,#11251,#11252),
 .UNSPECIFIED.,.F.,.F.,(4,1,4),(-0.0575937862608791,-0.0279063931509298,
0.),.UNSPECIFIED.);
#386=B_SPLINE_CURVE_WITH_KNOTS('',3,(#11265,#11266,#11267,#11268,#11269),
 .UNSPECIFIED.,.F.,.F.,(4,1,4),(-0.101583262954112,-0.0491756047955542,
0.),.UNSPECIFIED.);
#387=B_SPLINE_CURVE_WITH_KNOTS('',3,(#11303,#11304,#11305,#11306,#11307),
 .UNSPECIFIED.,.F.,.F.,(4,1,4),(-0.18810702655282,-0.0926817882534972,0.),
 .UNSPECIFIED.);
#388=B_SPLINE_CURVE_WITH_KNOTS('',3,(#11320,#11321,#11322,#11323,#11324),
 .UNSPECIFIED.,.F.,.F.,(4,1,4),(-0.0863211468539686,-0.0441808356883317,
0.),.UNSPECIFIED.);
#389=B_SPLINE_CURVE_WITH_KNOTS('',3,(#11337,#11338,#11339,#11340,#11341),
 .UNSPECIFIED.,.F.,.F.,(4,1,4),(-0.072639824166074,-0.0386224316787966,
0.),.UNSPECIFIED.);
#390=B_SPLINE_CURVE_WITH_KNOTS('',3,(#11354,#11355,#11356,#11357,#11358),
 .UNSPECIFIED.,.F.,.F.,(4,1,4),(-0.0692842656287384,-0.0334500786745132,
0.),.UNSPECIFIED.);
#391=B_SPLINE_CURVE_WITH_KNOTS('',3,(#11371,#11372,#11373,#11374,#11375),
 .UNSPECIFIED.,.F.,.F.,(4,1,4),(-0.0837694931558486,-0.0330221821361081,
0.),.UNSPECIFIED.);
#392=B_SPLINE_CURVE_WITH_KNOTS('',3,(#11400,#11401,#11402,#11403,#11404),
 .UNSPECIFIED.,.F.,.F.,(4,1,4),(-0.0794704443906658,-0.0459670769259327,
0.),.UNSPECIFIED.);
#393=B_SPLINE_CURVE_WITH_KNOTS('',3,(#11417,#11418,#11419,#11420,#11421),
 .UNSPECIFIED.,.F.,.F.,(4,1,4),(-0.0554783622460448,-0.0272180631734067,
0.),.UNSPECIFIED.);
#394=B_SPLINE_CURVE_WITH_KNOTS('',3,(#11434,#11435,#11436,#11437,#11438),
 .UNSPECIFIED.,.F.,.F.,(4,1,4),(-0.0624995452682947,-0.0300956881683243,
0.),.UNSPECIFIED.);
#395=B_SPLINE_CURVE_WITH_KNOTS('',3,(#11451,#11452,#11453,#11454,#11455),
 .UNSPECIFIED.,.F.,.F.,(4,1,4),(-0.102751397374151,-0.0518880128127528,
0.),.UNSPECIFIED.);
#396=B_SPLINE_CURVE_WITH_KNOTS('',3,(#11468,#11469,#11470,#11471,#11472),
 .UNSPECIFIED.,.F.,.F.,(4,1,4),(-0.141059870470078,-0.0586844783739005,
0.),.UNSPECIFIED.);
#397=B_SPLINE_CURVE_WITH_KNOTS('',3,(#11510,#11511,#11512,#11513,#11514),
 .UNSPECIFIED.,.F.,.F.,(4,1,4),(0.,0.0858322353240207,0.154392047258847),
 .UNSPECIFIED.);
#398=B_SPLINE_CURVE_WITH_KNOTS('',3,(#11518,#11519,#11520,#11521,#11522),
 .UNSPECIFIED.,.F.,.F.,(4,1,4),(-0.154392047258847,-0.0858322353240207,
0.),.UNSPECIFIED.);
#399=B_SPLINE_CURVE_WITH_KNOTS('',3,(#11535,#11536,#11537,#11538,#11539),
 .UNSPECIFIED.,.F.,.F.,(4,1,4),(0.,0.0602001688802656,0.120402020470376),
 .UNSPECIFIED.);
#400=B_SPLINE_CURVE_WITH_KNOTS('',3,(#11541,#11542,#11543,#11544,#11545),
 .UNSPECIFIED.,.F.,.F.,(4,1,4),(-0.120402020470376,-0.0602001688802656,
0.),.UNSPECIFIED.);
#401=B_SPLINE_CURVE_WITH_KNOTS('',3,(#11558,#11559,#11560,#11561,#11562),
 .UNSPECIFIED.,.F.,.F.,(4,1,4),(0.,0.0598632249746657,0.120076767776095),
 .UNSPECIFIED.);
#402=B_SPLINE_CURVE_WITH_KNOTS('',3,(#11564,#11565,#11566,#11567,#11568),
 .UNSPECIFIED.,.F.,.F.,(4,1,4),(-0.120076767776095,-0.0598632249746657,
0.),.UNSPECIFIED.);
#403=B_SPLINE_CURVE_WITH_KNOTS('',3,(#11581,#11582,#11583,#11584,#11585),
 .UNSPECIFIED.,.F.,.F.,(4,1,4),(0.,0.0692477405397942,0.156916352955155),
 .UNSPECIFIED.);
#404=B_SPLINE_CURVE_WITH_KNOTS('',3,(#11587,#11588,#11589,#11590,#11591),
 .UNSPECIFIED.,.F.,.F.,(4,1,4),(-0.156916352955155,-0.0692477405397942,
0.),.UNSPECIFIED.);
#405=B_SPLINE_CURVE_WITH_KNOTS('',3,(#11604,#11605,#11606,#11607,#11608),
 .UNSPECIFIED.,.F.,.F.,(4,1,4),(0.,0.0833529911296515,0.151258404384507),
 .UNSPECIFIED.);
#406=B_SPLINE_CURVE_WITH_KNOTS('',3,(#11610,#11611,#11612,#11613,#11614),
 .UNSPECIFIED.,.F.,.F.,(4,1,4),(-0.151258404384507,-0.0833529911296515,
0.),.UNSPECIFIED.);
#407=B_SPLINE_CURVE_WITH_KNOTS('',3,(#11627,#11628,#11629,#11630,#11631),
 .UNSPECIFIED.,.F.,.F.,(4,1,4),(0.,0.0601525896864751,0.119711529508945),
 .UNSPECIFIED.);
#408=B_SPLINE_CURVE_WITH_KNOTS('',3,(#11633,#11634,#11635,#11636,#11637),
 .UNSPECIFIED.,.F.,.F.,(4,1,4),(-0.119711529508945,-0.0601525896864751,
0.),.UNSPECIFIED.);
#409=B_SPLINE_CURVE_WITH_KNOTS('',3,(#11650,#11651,#11652,#11653,#11654),
 .UNSPECIFIED.,.F.,.F.,(4,1,4),(0.,0.0601898658798102,0.120282092400517),
 .UNSPECIFIED.);
#410=B_SPLINE_CURVE_WITH_KNOTS('',3,(#11656,#11657,#11658,#11659,#11660),
 .UNSPECIFIED.,.F.,.F.,(4,1,4),(-0.120282092400517,-0.0601898658798102,
0.),.UNSPECIFIED.);
#411=B_SPLINE_CURVE_WITH_KNOTS('',3,(#11672,#11673,#11674,#11675,#11676),
 .UNSPECIFIED.,.F.,.F.,(4,1,4),(0.,0.0684013625317388,0.154174444511472),
 .UNSPECIFIED.);
#412=B_SPLINE_CURVE_WITH_KNOTS('',3,(#11677,#11678,#11679,#11680,#11681),
 .UNSPECIFIED.,.F.,.F.,(4,1,4),(-0.154174444511472,-0.0684013625317388,
0.),.UNSPECIFIED.);
#413=B_SPLINE_CURVE_WITH_KNOTS('',3,(#11695,#11696,#11697,#11698,#11699),
 .UNSPECIFIED.,.F.,.F.,(4,1,4),(-0.228345609282949,-0.124148834761969,0.),
 .UNSPECIFIED.);
#414=B_SPLINE_CURVE_WITH_KNOTS('',3,(#11712,#11713,#11714,#11715,#11716),
 .UNSPECIFIED.,.F.,.F.,(4,1,4),(-0.172021524340978,-0.083984248670689,0.),
 .UNSPECIFIED.);
#415=B_SPLINE_CURVE_WITH_KNOTS('',3,(#11729,#11730,#11731,#11732,#11733),
 .UNSPECIFIED.,.F.,.F.,(4,1,4),(-0.188230404167951,-0.0965522504506933,
0.),.UNSPECIFIED.);
#416=B_SPLINE_CURVE_WITH_KNOTS('',3,(#11746,#11747,#11748,#11749,#11750),
 .UNSPECIFIED.,.F.,.F.,(4,1,4),(-0.204581016070702,-0.0955771207527133,
0.),.UNSPECIFIED.);
#417=B_SPLINE_CURVE_WITH_KNOTS('',3,(#11763,#11764,#11765,#11766,#11767),
 .UNSPECIFIED.,.F.,.F.,(4,1,4),(-0.157847809256492,-0.0877479576899876,
0.),.UNSPECIFIED.);
#418=B_SPLINE_CURVE_WITH_KNOTS('',3,(#11780,#11781,#11782,#11783,#11784),
 .UNSPECIFIED.,.F.,.F.,(4,1,4),(-0.123428540933102,-0.0615097967310519,
0.),.UNSPECIFIED.);
#419=B_SPLINE_CURVE_WITH_KNOTS('',3,(#11797,#11798,#11799,#11800,#11801),
 .UNSPECIFIED.,.F.,.F.,(4,1,4),(-0.127395244660912,-0.0631205548394648,
0.),.UNSPECIFIED.);
#420=B_SPLINE_CURVE_WITH_KNOTS('',3,(#11814,#11815,#11816,#11817,#11818),
 .UNSPECIFIED.,.F.,.F.,(4,1,4),(-0.18930396554713,-0.0977754828663389,0.),
 .UNSPECIFIED.);
#421=B_SPLINE_CURVE_WITH_KNOTS('',3,(#11830,#11831,#11832,#11833,#11834),
 .UNSPECIFIED.,.F.,.F.,(4,1,4),(-0.211369965380078,-0.0967844934240867,
0.),.UNSPECIFIED.);
#422=B_SPLINE_SURFACE_WITH_KNOTS('',3,1,((#6995,#6996),(#6997,#6998),(#6999,
#7000),(#7001,#7002),(#7003,#7004)),.UNSPECIFIED.,.F.,.F.,.F.,(4,1,4),(2,
2),(-0.100533125372268,-0.0566777163015097,0.),(0.,0.2),.UNSPECIFIED.);
#423=B_SPLINE_SURFACE_WITH_KNOTS('',3,1,((#7018,#7019),(#7020,#7021),(#7022,
#7023),(#7024,#7025),(#7026,#7027)),.UNSPECIFIED.,.F.,.F.,.F.,(4,1,4),(2,
2),(-0.0697190039446318,-0.0358405503017339,0.),(0.,0.2),.UNSPECIFIED.);
#424=B_SPLINE_SURFACE_WITH_KNOTS('',3,1,((#7041,#7042),(#7043,#7044),(#7045,
#7046),(#7047,#7048),(#7049,#7050)),.UNSPECIFIED.,.F.,.F.,.F.,(4,1,4),(2,
2),(-0.0661987423329015,-0.0332201262051752,0.),(0.,0.2),.UNSPECIFIED.);
#425=B_SPLINE_SURFACE_WITH_KNOTS('',3,1,((#7064,#7065),(#7066,#7067),(#7068,
#7069),(#7070,#7071),(#7072,#7073)),.UNSPECIFIED.,.F.,.F.,.F.,(4,1,4),(2,
2),(-0.0914812619665102,-0.046131154980409,0.),(0.,0.2),.UNSPECIFIED.);
#426=B_SPLINE_SURFACE_WITH_KNOTS('',3,1,((#7087,#7088),(#7089,#7090),(#7091,
#7092),(#7093,#7094),(#7095,#7096)),.UNSPECIFIED.,.F.,.F.,.F.,(4,1,4),(2,
2),(-0.120180227197134,-0.05232152168173,0.),(0.,0.2),.UNSPECIFIED.);
#427=B_SPLINE_SURFACE_WITH_KNOTS('',3,1,((#7134,#7135),(#7136,#7137),(#7138,
#7139),(#7140,#7141),(#7142,#7143)),.UNSPECIFIED.,.F.,.F.,.F.,(4,1,4),(2,
2),(-0.144073769623233,-0.0825018276122323,0.),(0.,0.2),.UNSPECIFIED.);
#428=B_SPLINE_SURFACE_WITH_KNOTS('',3,1,((#7157,#7158),(#7159,#7160),(#7161,
#7162),(#7163,#7164),(#7165,#7166)),.UNSPECIFIED.,.F.,.F.,.F.,(4,1,4),(2,
2),(-0.103900141300945,-0.0509863350735813,0.),(0.,0.2),.UNSPECIFIED.);
#429=B_SPLINE_SURFACE_WITH_KNOTS('',3,1,((#7180,#7181),(#7182,#7183),(#7184,
#7185),(#7186,#7187),(#7188,#7189)),.UNSPECIFIED.,.F.,.F.,.F.,(4,1,4),(2,
2),(-0.110545398485517,-0.054798330821396,0.),(0.,0.2),.UNSPECIFIED.);
#430=B_SPLINE_SURFACE_WITH_KNOTS('',3,1,((#7203,#7204),(#7205,#7206),(#7207,
#7208),(#7209,#7210),(#7211,#7212)),.UNSPECIFIED.,.F.,.F.,.F.,(4,1,4),(2,
2),(-0.137147326274604,-0.0696900061319042,0.),(0.,0.2),.UNSPECIFIED.);
#431=B_SPLINE_SURFACE_WITH_KNOTS('',3,1,((#7226,#7227),(#7228,#7229),(#7230,
#7231),(#7232,#7233),(#7234,#7235)),.UNSPECIFIED.,.F.,.F.,.F.,(4,1,4),(2,
2),(-0.164859746434911,-0.0742316181281459,0.),(0.,0.2),.UNSPECIFIED.);
#432=B_SPLINE_SURFACE_WITH_KNOTS('',3,1,((#7249,#7250),(#7251,#7252),(#7253,
#7254),(#7255,#7256),(#7257,#7258)),.UNSPECIFIED.,.F.,.F.,.F.,(4,1,4),(2,
2),(-0.066002437640406,-0.036802741172294,0.),(0.,0.2),.UNSPECIFIED.);
#433=B_SPLINE_SURFACE_WITH_KNOTS('',3,1,((#7272,#7273),(#7274,#7275),(#7276,
#7277),(#7278,#7279),(#7280,#7281)),.UNSPECIFIED.,.F.,.F.,.F.,(4,1,4),(2,
2),(-0.12098396394175,-0.0575916945537985,0.),(0.,0.2),.UNSPECIFIED.);
#434=B_SPLINE_SURFACE_WITH_KNOTS('',3,1,((#7313,#7314),(#7315,#7316),(#7317,
#7318),(#7319,#7320),(#7321,#7322)),.UNSPECIFIED.,.F.,.F.,.F.,(4,1,4),(2,
2),(-0.117381888855968,-0.066811930119911,0.),(0.,0.2),.UNSPECIFIED.);
#435=B_SPLINE_SURFACE_WITH_KNOTS('',3,1,((#7336,#7337),(#7338,#7339),(#7340,
#7341),(#7342,#7343),(#7344,#7345)),.UNSPECIFIED.,.F.,.F.,.F.,(4,1,4),(2,
2),(-0.0665507553605208,-0.0377707865584655,0.),(0.,0.2),.UNSPECIFIED.);
#436=B_SPLINE_SURFACE_WITH_KNOTS('',3,1,((#7359,#7360),(#7361,#7362),(#7363,
#7364),(#7365,#7366),(#7367,#7368)),.UNSPECIFIED.,.F.,.F.,.F.,(4,1,4),(2,
2),(-0.0463401264318051,-0.0238223115668297,0.),(0.,0.2),.UNSPECIFIED.);
#437=B_SPLINE_SURFACE_WITH_KNOTS('',3,1,((#7382,#7383),(#7384,#7385),(#7386,
#7387),(#7388,#7389),(#7390,#7391)),.UNSPECIFIED.,.F.,.F.,.F.,(4,1,4),(2,
2),(-0.0517309820577212,-0.0209215412685024,0.),(0.,0.2),.UNSPECIFIED.);
#438=B_SPLINE_SURFACE_WITH_KNOTS('',3,1,((#8426,#8427),(#8428,#8429),(#8430,
#8431),(#8432,#8433),(#8434,#8435)),.UNSPECIFIED.,.F.,.F.,.F.,(4,1,4),(2,
2),(-0.107817665163896,-0.0311235385185377,0.),(0.,0.2),.UNSPECIFIED.);
#439=B_SPLINE_SURFACE_WITH_KNOTS('',3,1,((#8511,#8512),(#8513,#8514),(#8515,
#8516),(#8517,#8518),(#8519,#8520)),.UNSPECIFIED.,.F.,.F.,.F.,(4,1,4),(2,
2),(-0.153230663452014,-0.08687307017398,0.),(0.,0.2),.UNSPECIFIED.);
#440=B_SPLINE_SURFACE_WITH_KNOTS('',3,1,((#8537,#8538),(#8539,#8540),(#8541,
#8542),(#8543,#8544),(#8545,#8546)),.UNSPECIFIED.,.F.,.F.,.F.,(4,1,4),(2,
2),(-0.112209023606151,-0.0563481931681833,0.),(0.,0.2),.UNSPECIFIED.);
#441=B_SPLINE_SURFACE_WITH_KNOTS('',3,1,((#8560,#8561),(#8562,#8563),(#8564,
#8565),(#8566,#8567),(#8568,#8569)),.UNSPECIFIED.,.F.,.F.,.F.,(4,1,4),(2,
2),(-0.112043657863256,-0.0556145435267283,0.),(0.,0.2),.UNSPECIFIED.);
#442=B_SPLINE_SURFACE_WITH_KNOTS('',3,1,((#8583,#8584),(#8585,#8586),(#8587,
#8588),(#8589,#8590),(#8591,#8592)),.UNSPECIFIED.,.F.,.F.,.F.,(4,1,4),(2,
2),(-0.150876841028554,-0.065827651948632,0.),(0.,0.2),.UNSPECIFIED.);
#443=B_SPLINE_SURFACE_WITH_KNOTS('',3,1,((#8606,#8607),(#8608,#8609),(#8610,
#8611),(#8612,#8613),(#8614,#8615)),.UNSPECIFIED.,.F.,.F.,.F.,(4,1,4),(2,
2),(-0.148700973232921,-0.0823010438582635,0.),(0.,0.2),.UNSPECIFIED.);
#444=B_SPLINE_SURFACE_WITH_KNOTS('',3,1,((#8629,#8630),(#8631,#8632),(#8633,
#8634),(#8635,#8636),(#8637,#8638)),.UNSPECIFIED.,.F.,.F.,.F.,(4,1,4),(2,
2),(-0.113007524128359,-0.0577139725316365,0.),(0.,0.2),.UNSPECIFIED.);
#445=B_SPLINE_SURFACE_WITH_KNOTS('',3,1,((#8652,#8653),(#8654,#8655),(#8656,
#8657),(#8658,#8659),(#8660,#8661)),.UNSPECIFIED.,.F.,.F.,.F.,(4,1,4),(2,
2),(-0.110754225489812,-0.0542645023358586,0.),(0.,0.2),.UNSPECIFIED.);
#446=B_SPLINE_SURFACE_WITH_KNOTS('',3,1,((#8675,#8676),(#8677,#8678),(#8679,
#8680),(#8681,#8682),(#8683,#8684)),.UNSPECIFIED.,.F.,.F.,.F.,(4,1,4),(2,
2),(-0.146211591196576,-0.0651913121269054,0.),(0.,0.2),.UNSPECIFIED.);
#447=B_SPLINE_SURFACE_WITH_KNOTS('',3,1,((#8701,#8702),(#8703,#8704),(#8705,
#8706),(#8707,#8708),(#8709,#8710)),.UNSPECIFIED.,.F.,.F.,.F.,(4,1,4),(2,
2),(-0.064772865000718,-0.0348618414237932,0.),(0.,0.2),.UNSPECIFIED.);
#448=B_SPLINE_SURFACE_WITH_KNOTS('',3,1,((#8718,#8719),(#8720,#8721),(#8722,
#8723),(#8724,#8725),(#8726,#8727)),.UNSPECIFIED.,.F.,.F.,.F.,(4,1,4),(2,
2),(-0.0917615081758512,-0.0418636881859313,0.),(0.,0.2),.UNSPECIFIED.);
#449=B_SPLINE_SURFACE_WITH_KNOTS('',3,1,((#8735,#8736),(#8737,#8738),(#8739,
#8740),(#8741,#8742),(#8743,#8744)),.UNSPECIFIED.,.F.,.F.,.F.,(4,1,4),(2,
2),(-0.0963807681874026,-0.053217951233216,0.),(0.,0.2),.UNSPECIFIED.);
#450=B_SPLINE_SURFACE_WITH_KNOTS('',3,1,((#8752,#8753),(#8754,#8755),(#8756,
#8757),(#8758,#8759),(#8760,#8761)),.UNSPECIFIED.,.F.,.F.,.F.,(4,1,4),(2,
2),(-0.081211449096884,-0.0395164243609031,0.),(0.,0.2),.UNSPECIFIED.);
#451=B_SPLINE_SURFACE_WITH_KNOTS('',3,1,((#8769,#8770),(#8771,#8772),(#8773,
#8774),(#8775,#8776),(#8777,#8778)),.UNSPECIFIED.,.F.,.F.,.F.,(4,1,4),(2,
2),(-0.110605680619176,-0.0409992111621371,0.),(0.,0.2),.UNSPECIFIED.);
#452=B_SPLINE_SURFACE_WITH_KNOTS('',3,1,((#8786,#8787),(#8788,#8789),(#8790,
#8791),(#8792,#8793),(#8794,#8795)),.UNSPECIFIED.,.F.,.F.,.F.,(4,1,4),(2,
2),(-0.159382036543109,-0.0805025219599717,0.),(0.,0.2),.UNSPECIFIED.);
#453=B_SPLINE_SURFACE_WITH_KNOTS('',3,1,((#8803,#8804),(#8805,#8806),(#8807,
#8808),(#8809,#8810),(#8811,#8812)),.UNSPECIFIED.,.F.,.F.,.F.,(4,1,4),(2,
2),(-0.18397415683592,-0.0946506781910171,0.),(0.,0.2),.UNSPECIFIED.);
#454=B_SPLINE_SURFACE_WITH_KNOTS('',3,1,((#8820,#8821),(#8822,#8823),(#8824,
#8825),(#8826,#8827),(#8828,#8829)),.UNSPECIFIED.,.F.,.F.,.F.,(4,1,4),(2,
2),(-0.192479280599868,-0.0934331868345609,0.),(0.,0.2),.UNSPECIFIED.);
#455=B_SPLINE_SURFACE_WITH_KNOTS('',3,1,((#8837,#8838),(#8839,#8840),(#8841,
#8842),(#8843,#8844),(#8845,#8846)),.UNSPECIFIED.,.F.,.F.,.F.,(4,1,4),(2,
2),(-0.137199273274218,-0.0700814000543759,0.),(0.,0.2),.UNSPECIFIED.);
#456=B_SPLINE_SURFACE_WITH_KNOTS('',3,1,((#8854,#8855),(#8856,#8857),(#8858,
#8859),(#8860,#8861),(#8862,#8863)),.UNSPECIFIED.,.F.,.F.,.F.,(4,1,4),(2,
2),(-0.122909277563971,-0.0631783800553646,0.),(0.,0.2),.UNSPECIFIED.);
#457=B_SPLINE_SURFACE_WITH_KNOTS('',3,1,((#8871,#8872),(#8873,#8874),(#8875,
#8876),(#8877,#8878),(#8879,#8880)),.UNSPECIFIED.,.F.,.F.,.F.,(4,1,4),(2,
2),(-0.123287153308078,-0.0597661771094887,0.),(0.,0.2),.UNSPECIFIED.);
#458=B_SPLINE_SURFACE_WITH_KNOTS('',3,1,((#8888,#8889),(#8890,#8891),(#8892,
#8893),(#8894,#8895),(#8896,#8897)),.UNSPECIFIED.,.F.,.F.,.F.,(4,1,4),(2,
2),(-0.169529187842973,-0.0838754978067971,0.),(0.,0.2),.UNSPECIFIED.);
#459=B_SPLINE_SURFACE_WITH_KNOTS('',3,1,((#8917,#8918),(#8919,#8920),(#8921,
#8922),(#8923,#8924),(#8925,#8926)),.UNSPECIFIED.,.F.,.F.,.F.,(4,1,4),(2,
2),(-0.170426482711797,-0.101347652562795,0.),(0.,0.2),.UNSPECIFIED.);
#460=B_SPLINE_SURFACE_WITH_KNOTS('',3,1,((#8934,#8935),(#8936,#8937),(#8938,
#8939),(#8940,#8941),(#8942,#8943)),.UNSPECIFIED.,.F.,.F.,.F.,(4,1,4),(2,
2),(-0.110598729904291,-0.0540995846568383,0.),(0.,0.2),.UNSPECIFIED.);
#461=B_SPLINE_SURFACE_WITH_KNOTS('',3,1,((#8951,#8952),(#8953,#8954),(#8955,
#8956),(#8957,#8958),(#8959,#8960)),.UNSPECIFIED.,.F.,.F.,.F.,(4,1,4),(2,
2),(-0.13287991264708,-0.0621461606270087,0.),(0.,0.2),.UNSPECIFIED.);
#462=B_SPLINE_SURFACE_WITH_KNOTS('',3,1,((#8968,#8969),(#8970,#8971),(#8972,
#8973),(#8974,#8975),(#8976,#8977)),.UNSPECIFIED.,.F.,.F.,.F.,(4,1,4),(2,
2),(-0.154112888031496,-0.0826415091167317,0.),(0.,0.2),.UNSPECIFIED.);
#463=B_SPLINE_SURFACE_WITH_KNOTS('',3,1,((#8985,#8986),(#8987,#8988),(#8989,
#8990),(#8991,#8992),(#8993,#8994)),.UNSPECIFIED.,.F.,.F.,.F.,(4,1,4),(2,
2),(-0.138708131765947,-0.0658197622612169,0.),(0.,0.2),.UNSPECIFIED.);
#464=B_SPLINE_SURFACE_WITH_KNOTS('',3,1,((#9008,#9009),(#9010,#9011),(#9012,
#9013),(#9014,#9015),(#9016,#9017)),.UNSPECIFIED.,.F.,.F.,.F.,(4,1,4),(2,
2),(-0.20598683896611,-0.108519075777326,0.),(0.,0.2),.UNSPECIFIED.);
#465=B_SPLINE_SURFACE_WITH_KNOTS('',3,1,((#9025,#9026),(#9027,#9028),(#9029,
#9030),(#9031,#9032),(#9033,#9034)),.UNSPECIFIED.,.F.,.F.,.F.,(4,1,4),(2,
2),(-0.197389300720164,-0.0953540021799481,0.),(0.,0.2),.UNSPECIFIED.);
#466=B_SPLINE_SURFACE_WITH_KNOTS('',3,1,((#9042,#9043),(#9044,#9045),(#9046,
#9047),(#9048,#9049),(#9050,#9051)),.UNSPECIFIED.,.F.,.F.,.F.,(4,1,4),(2,
2),(-0.191743342746413,-0.103245455712912,0.),(0.,0.2),.UNSPECIFIED.);
#467=B_SPLINE_SURFACE_WITH_KNOTS('',3,1,((#9059,#9060),(#9061,#9062),(#9063,
#9064),(#9065,#9066),(#9067,#9068)),.UNSPECIFIED.,.F.,.F.,.F.,(4,1,4),(2,
2),(-0.173613411048613,-0.0841372763588166,0.),(0.,0.2),.UNSPECIFIED.);
#468=B_SPLINE_SURFACE_WITH_KNOTS('',3,1,((#9076,#9077),(#9078,#9079),(#9080,
#9081),(#9082,#9083),(#9084,#9085)),.UNSPECIFIED.,.F.,.F.,.F.,(4,1,4),(2,
2),(-0.192248998679792,-0.0947592762526538,0.),(0.,0.2),.UNSPECIFIED.);
#469=B_SPLINE_SURFACE_WITH_KNOTS('',3,1,((#9093,#9094),(#9095,#9096),(#9097,
#9098),(#9099,#9100),(#9101,#9102)),.UNSPECIFIED.,.F.,.F.,.F.,(4,1,4),(2,
2),(-0.196678429825952,-0.102893393567871,0.),(0.,0.2),.UNSPECIFIED.);
#470=B_SPLINE_SURFACE_WITH_KNOTS('',3,1,((#9110,#9111),(#9112,#9113),(#9114,
#9115),(#9116,#9117),(#9118,#9119)),.UNSPECIFIED.,.F.,.F.,.F.,(4,1,4),(2,
2),(-0.17355740492504,-0.0877022387104894,0.),(0.,0.2),.UNSPECIFIED.);
#471=B_SPLINE_SURFACE_WITH_KNOTS('',3,1,((#9127,#9128),(#9129,#9130),(#9131,
#9132),(#9133,#9134),(#9135,#9136)),.UNSPECIFIED.,.F.,.F.,.F.,(4,1,4),(2,
2),(-0.176354248916497,-0.0869742465008941,0.),(0.,0.2),.UNSPECIFIED.);
#472=B_SPLINE_SURFACE_WITH_KNOTS('',3,1,((#9144,#9145),(#9146,#9147),(#9148,
#9149),(#9150,#9151),(#9152,#9153)),.UNSPECIFIED.,.F.,.F.,.F.,(4,1,4),(2,
2),(-0.187084972926623,-0.0976117942274656,0.),(0.,0.2),.UNSPECIFIED.);
#473=B_SPLINE_SURFACE_WITH_KNOTS('',3,1,((#9161,#9162),(#9163,#9164),(#9165,
#9166),(#9167,#9168),(#9169,#9170)),.UNSPECIFIED.,.F.,.F.,.F.,(4,1,4),(2,
2),(-0.183002652671989,-0.08849686751384,0.),(0.,0.2),.UNSPECIFIED.);
#474=B_SPLINE_SURFACE_WITH_KNOTS('',3,1,((#9182,#9183),(#9184,#9185),(#9186,
#9187),(#9188,#9189),(#9190,#9191)),.UNSPECIFIED.,.F.,.F.,.F.,(4,1,4),(2,
2),(-0.133384395795322,-0.0724453575914349,0.),(0.,0.2),.UNSPECIFIED.);
#475=B_SPLINE_SURFACE_WITH_KNOTS('',3,1,((#9199,#9200),(#9201,#9202),(#9203,
#9204),(#9205,#9206),(#9207,#9208)),.UNSPECIFIED.,.F.,.F.,.F.,(4,1,4),(2,
2),(-0.123267443199737,-0.0584565977882278,0.),(0.,0.2),.UNSPECIFIED.);
#476=B_SPLINE_SURFACE_WITH_KNOTS('',3,1,((#9216,#9217),(#9218,#9219),(#9220,
#9221),(#9222,#9223),(#9224,#9225)),.UNSPECIFIED.,.F.,.F.,.F.,(4,1,4),(2,
2),(-0.142082490309203,-0.074698897150266,0.),(0.,0.2),.UNSPECIFIED.);
#477=B_SPLINE_SURFACE_WITH_KNOTS('',3,1,((#9233,#9234),(#9235,#9236),(#9237,
#9238),(#9239,#9240),(#9241,#9242)),.UNSPECIFIED.,.F.,.F.,.F.,(4,1,4),(2,
2),(-0.13046044402389,-0.0646601176895233,0.),(0.,0.2),.UNSPECIFIED.);
#478=B_SPLINE_SURFACE_WITH_KNOTS('',3,1,((#9250,#9251),(#9252,#9253),(#9254,
#9255),(#9256,#9257),(#9258,#9259)),.UNSPECIFIED.,.F.,.F.,.F.,(4,1,4),(2,
2),(-0.136653105424498,-0.0682111013534068,0.),(0.,0.2),.UNSPECIFIED.);
#479=B_SPLINE_SURFACE_WITH_KNOTS('',3,1,((#9267,#9268),(#9269,#9270),(#9271,
#9272),(#9273,#9274),(#9275,#9276)),.UNSPECIFIED.,.F.,.F.,.F.,(4,1,4),(2,
2),(-0.158741914016541,-0.0838731223125578,0.),(0.,0.2),.UNSPECIFIED.);
#480=B_SPLINE_SURFACE_WITH_KNOTS('',3,1,((#9284,#9285),(#9286,#9287),(#9288,
#9289),(#9290,#9291),(#9292,#9293)),.UNSPECIFIED.,.F.,.F.,.F.,(4,1,4),(2,
2),(-0.13014870909938,-0.0670208779224463,0.),(0.,0.2),.UNSPECIFIED.);
#481=B_SPLINE_SURFACE_WITH_KNOTS('',3,1,((#9301,#9302),(#9303,#9304),(#9305,
#9306),(#9307,#9308),(#9309,#9310)),.UNSPECIFIED.,.F.,.F.,.F.,(4,1,4),(2,
2),(-0.12455287981201,-0.0622900659800915,0.),(0.,0.2),.UNSPECIFIED.);
#482=B_SPLINE_SURFACE_WITH_KNOTS('',3,1,((#9318,#9319),(#9320,#9321),(#9322,
#9323),(#9324,#9325),(#9326,#9327)),.UNSPECIFIED.,.F.,.F.,.F.,(4,1,4),(2,
2),(-0.141465718389138,-0.0727330009411258,0.),(0.,0.2),.UNSPECIFIED.);
#483=B_SPLINE_SURFACE_WITH_KNOTS('',3,1,((#9335,#9336),(#9337,#9338),(#9339,
#9340),(#9341,#9342),(#9343,#9344)),.UNSPECIFIED.,.F.,.F.,.F.,(4,1,4),(2,
2),(-0.154109714138055,-0.0717954377339281,0.),(0.,0.2),.UNSPECIFIED.);
#484=B_SPLINE_SURFACE_WITH_KNOTS('',3,1,((#9365,#9366),(#9367,#9368),(#9369,
#9370),(#9371,#9372),(#9373,#9374)),.UNSPECIFIED.,.F.,.F.,.F.,(4,1,4),(2,
2),(-0.0879692637499563,-0.0436210746620024,0.),(0.,0.2),.UNSPECIFIED.);
#485=B_SPLINE_SURFACE_WITH_KNOTS('',3,1,((#9382,#9383),(#9384,#9385),(#9386,
#9387),(#9388,#9389),(#9390,#9391)),.UNSPECIFIED.,.F.,.F.,.F.,(4,1,4),(2,
2),(-0.0938670169774671,-0.0456641064485423,0.),(0.,0.2),.UNSPECIFIED.);
#486=B_SPLINE_SURFACE_WITH_KNOTS('',3,1,((#9399,#9400),(#9401,#9402),(#9403,
#9404),(#9405,#9406),(#9407,#9408)),.UNSPECIFIED.,.F.,.F.,.F.,(4,1,4),(2,
2),(-0.0963143096834969,-0.0516030678104823,0.),(0.,0.2),.UNSPECIFIED.);
#487=B_SPLINE_SURFACE_WITH_KNOTS('',3,1,((#9416,#9417),(#9418,#9419),(#9420,
#9421),(#9422,#9423),(#9424,#9425)),.UNSPECIFIED.,.F.,.F.,.F.,(4,1,4),(2,
2),(-0.0840485747243232,-0.0416147968126696,0.),(0.,0.2),.UNSPECIFIED.);
#488=B_SPLINE_SURFACE_WITH_KNOTS('',3,1,((#9433,#9434),(#9435,#9436),(#9437,
#9438),(#9439,#9440),(#9441,#9442)),.UNSPECIFIED.,.F.,.F.,.F.,(4,1,4),(2,
2),(-0.186232513775974,-0.0960753123569903,0.),(0.,0.2),.UNSPECIFIED.);
#489=B_SPLINE_SURFACE_WITH_KNOTS('',3,1,((#9450,#9451),(#9452,#9453),(#9454,
#9455),(#9456,#9457),(#9458,#9459)),.UNSPECIFIED.,.F.,.F.,.F.,(4,1,4),(2,
2),(-0.125958286689223,-0.0675420812833139,0.),(0.,0.2),.UNSPECIFIED.);
#490=B_SPLINE_SURFACE_WITH_KNOTS('',3,1,((#9467,#9468),(#9469,#9470),(#9471,
#9472),(#9473,#9474),(#9475,#9476)),.UNSPECIFIED.,.F.,.F.,.F.,(4,1,4),(2,
2),(-0.137472509104697,-0.0611723668997218,0.),(0.,0.2),.UNSPECIFIED.);
#491=B_SPLINE_SURFACE_WITH_KNOTS('',3,1,((#9496,#9497),(#9498,#9499),(#9500,
#9501),(#9502,#9503),(#9504,#9505)),.UNSPECIFIED.,.F.,.F.,.F.,(4,1,4),(2,
2),(-0.0749485495791174,-0.0443959629962505,0.),(0.,0.2),.UNSPECIFIED.);
#492=B_SPLINE_SURFACE_WITH_KNOTS('',3,1,((#9513,#9514),(#9515,#9516),(#9517,
#9518),(#9519,#9520),(#9521,#9522)),.UNSPECIFIED.,.F.,.F.,.F.,(4,1,4),(2,
2),(-0.0481511062198216,-0.0236088226582852,0.),(0.,0.2),.UNSPECIFIED.);
#493=B_SPLINE_SURFACE_WITH_KNOTS('',3,1,((#9530,#9531),(#9532,#9533),(#9534,
#9535),(#9536,#9537),(#9538,#9539)),.UNSPECIFIED.,.F.,.F.,.F.,(4,1,4),(2,
2),(-0.0539455510245247,-0.0260353300446258,0.),(0.,0.2),.UNSPECIFIED.);
#494=B_SPLINE_SURFACE_WITH_KNOTS('',3,1,((#9547,#9548),(#9549,#9550),(#9551,
#9552),(#9553,#9554),(#9555,#9556)),.UNSPECIFIED.,.F.,.F.,.F.,(4,1,4),(2,
2),(-0.0977178603706774,-0.0497444605451997,0.),(0.,0.2),.UNSPECIFIED.);
#495=B_SPLINE_SURFACE_WITH_KNOTS('',3,1,((#9564,#9565),(#9566,#9567),(#9568,
#9569),(#9570,#9571),(#9572,#9573)),.UNSPECIFIED.,.F.,.F.,.F.,(4,1,4),(2,
2),(-0.121509193878789,-0.0533101956022796,0.),(0.,0.2),.UNSPECIFIED.);
#496=B_SPLINE_SURFACE_WITH_KNOTS('',3,1,((#9593,#9594),(#9595,#9596),(#9597,
#9598),(#9599,#9600),(#9601,#9602)),.UNSPECIFIED.,.F.,.F.,.F.,(4,1,4),(2,
2),(-0.0895359450375738,-0.0504107591246834,0.),(0.,0.2),.UNSPECIFIED.);
#497=B_SPLINE_SURFACE_WITH_KNOTS('',3,1,((#9610,#9611),(#9612,#9613),(#9614,
#9615),(#9616,#9617),(#9618,#9619)),.UNSPECIFIED.,.F.,.F.,.F.,(4,1,4),(2,
2),(-0.0767365015908554,-0.0350523001113391,0.),(0.,0.2),.UNSPECIFIED.);
#498=B_SPLINE_SURFACE_WITH_KNOTS('',3,1,((#9627,#9628),(#9629,#9630),(#9631,
#9632),(#9633,#9634),(#9635,#9636)),.UNSPECIFIED.,.F.,.F.,.F.,(4,1,4),(2,
2),(-0.0704572111323777,-0.0352413817941425,0.),(0.,0.2),.UNSPECIFIED.);
#499=B_SPLINE_SURFACE_WITH_KNOTS('',3,1,((#9644,#9645),(#9646,#9647),(#9648,
#9649),(#9650,#9651),(#9652,#9653)),.UNSPECIFIED.,.F.,.F.,.F.,(4,1,4),(2,
2),(-0.0725368296559917,-0.0354749056087133,0.),(0.,0.2),.UNSPECIFIED.);
#500=B_SPLINE_SURFACE_WITH_KNOTS('',3,1,((#9661,#9662),(#9663,#9664),(#9665,
#9666),(#9667,#9668),(#9669,#9670)),.UNSPECIFIED.,.F.,.F.,.F.,(4,1,4),(2,
2),(-0.107286514361004,-0.0460698890939642,0.),(0.,0.2),.UNSPECIFIED.);
#501=B_SPLINE_SURFACE_WITH_KNOTS('',3,1,((#9691,#9692),(#9693,#9694),(#9695,
#9696),(#9697,#9698),(#9699,#9700)),.UNSPECIFIED.,.F.,.F.,.F.,(4,1,4),(2,
2),(-0.188617444757834,-0.0950361134380071,0.),(0.,0.2),.UNSPECIFIED.);
#502=B_SPLINE_SURFACE_WITH_KNOTS('',3,1,((#9708,#9709),(#9710,#9711),(#9712,
#9713),(#9714,#9715),(#9716,#9717)),.UNSPECIFIED.,.F.,.F.,.F.,(4,1,4),(2,
2),(-0.086018472660836,-0.0436039844772292,0.),(0.,0.2),.UNSPECIFIED.);
#503=B_SPLINE_SURFACE_WITH_KNOTS('',3,1,((#9725,#9726),(#9727,#9728),(#9729,
#9730),(#9731,#9732),(#9733,#9734)),.UNSPECIFIED.,.F.,.F.,.F.,(4,1,4),(2,
2),(-0.0727807493806728,-0.0390594511220345,0.),(0.,0.2),.UNSPECIFIED.);
#504=B_SPLINE_SURFACE_WITH_KNOTS('',3,1,((#9742,#9743),(#9744,#9745),(#9746,
#9747),(#9748,#9749),(#9750,#9751)),.UNSPECIFIED.,.F.,.F.,.F.,(4,1,4),(2,
2),(-0.0694331789981519,-0.0331022453830356,0.),(0.,0.2),.UNSPECIFIED.);
#505=B_SPLINE_SURFACE_WITH_KNOTS('',3,1,((#9759,#9760),(#9761,#9762),(#9763,
#9764),(#9765,#9766),(#9767,#9768)),.UNSPECIFIED.,.F.,.F.,.F.,(4,1,4),(2,
2),(-0.0804727503917667,-0.03294439822281,0.),(0.,0.2),.UNSPECIFIED.);
#506=B_SPLINE_SURFACE_WITH_KNOTS('',3,1,((#9788,#9789),(#9790,#9791),(#9792,
#9793),(#9794,#9795),(#9796,#9797)),.UNSPECIFIED.,.F.,.F.,.F.,(4,1,4),(2,
2),(-0.0909633352862673,-0.0563590953337066,0.),(0.,0.2),.UNSPECIFIED.);
#507=B_SPLINE_SURFACE_WITH_KNOTS('',3,1,((#9805,#9806),(#9807,#9808),(#9809,
#9810),(#9811,#9812),(#9813,#9814)),.UNSPECIFIED.,.F.,.F.,.F.,(4,1,4),(2,
2),(-0.0644235163656839,-0.0327999856440337,0.),(0.,0.2),.UNSPECIFIED.);
#508=B_SPLINE_SURFACE_WITH_KNOTS('',3,1,((#9822,#9823),(#9824,#9825),(#9826,
#9827),(#9828,#9829),(#9830,#9831)),.UNSPECIFIED.,.F.,.F.,.F.,(4,1,4),(2,
2),(-0.0686520426896911,-0.0327520146122526,0.),(0.,0.2),.UNSPECIFIED.);
#509=B_SPLINE_SURFACE_WITH_KNOTS('',3,1,((#9839,#9840),(#9841,#9842),(#9843,
#9844),(#9845,#9846),(#9847,#9848)),.UNSPECIFIED.,.F.,.F.,.F.,(4,1,4),(2,
2),(-0.0759215148228726,-0.0378091624256405,0.),(0.,0.2),.UNSPECIFIED.);
#510=B_SPLINE_SURFACE_WITH_KNOTS('',3,1,((#9856,#9857),(#9858,#9859),(#9860,
#9861),(#9862,#9863),(#9864,#9865)),.UNSPECIFIED.,.F.,.F.,.F.,(4,1,4),(2,
2),(-0.0732264404147603,-0.0372209324629504,0.),(0.,0.2),.UNSPECIFIED.);
#511=B_SPLINE_SURFACE_WITH_KNOTS('',3,1,((#9873,#9874),(#9875,#9876),(#9877,
#9878),(#9879,#9880),(#9881,#9882)),.UNSPECIFIED.,.F.,.F.,.F.,(4,1,4),(2,
2),(-0.100500311330919,-0.0431530062065544,0.),(0.,0.2),.UNSPECIFIED.);
#512=B_SPLINE_SURFACE_WITH_KNOTS('',3,1,((#9914,#9915),(#9916,#9917),(#9918,
#9919),(#9920,#9921),(#9922,#9923)),.UNSPECIFIED.,.F.,.F.,.F.,(4,1,4),(2,
2),(-0.1024495198287,-0.0570525708863801,0.),(0.,0.2),.UNSPECIFIED.);
#513=B_SPLINE_SURFACE_WITH_KNOTS('',3,1,((#9937,#9938),(#9939,#9940),(#9941,
#9942),(#9943,#9944),(#9945,#9946)),.UNSPECIFIED.,.F.,.F.,.F.,(4,1,4),(2,
2),(-0.120700058405501,-0.0600869650405508,0.),(0.,0.2),.UNSPECIFIED.);
#514=B_SPLINE_SURFACE_WITH_KNOTS('',3,1,((#9960,#9961),(#9962,#9963),(#9964,
#9965),(#9966,#9967),(#9968,#9969)),.UNSPECIFIED.,.F.,.F.,.F.,(4,1,4),(2,
2),(-0.109370329231312,-0.055386822659057,0.),(0.,0.2),.UNSPECIFIED.);
#515=B_SPLINE_SURFACE_WITH_KNOTS('',3,1,((#9983,#9984),(#9985,#9986),(#9987,
#9988),(#9989,#9990),(#9991,#9992)),.UNSPECIFIED.,.F.,.F.,.F.,(4,1,4),(2,
2),(-0.117072753317304,-0.0559204176003296,0.),(0.,0.2),.UNSPECIFIED.);
#516=B_SPLINE_SURFACE_WITH_KNOTS('',3,1,((#10009,#10010),(#10011,#10012),
(#10013,#10014),(#10015,#10016),(#10017,#10018)),.UNSPECIFIED.,.F.,.F.,
 .F.,(4,1,4),(2,2),(-0.145780585309425,-0.0753317022838149,0.),(0.,0.2),
 .UNSPECIFIED.);
#517=B_SPLINE_SURFACE_WITH_KNOTS('',3,1,((#10026,#10027),(#10028,#10029),
(#10030,#10031),(#10032,#10033),(#10034,#10035)),.UNSPECIFIED.,.F.,.F.,
 .F.,(4,1,4),(2,2),(-0.153454462534142,-0.0722836009841582,0.),(0.,0.2),
 .UNSPECIFIED.);
#518=B_SPLINE_SURFACE_WITH_KNOTS('',3,1,((#10043,#10044),(#10045,#10046),
(#10047,#10048),(#10049,#10050),(#10051,#10052)),.UNSPECIFIED.,.F.,.F.,
 .F.,(4,1,4),(2,2),(-0.193518052562975,-0.101196569744086,0.),(0.,0.2),
 .UNSPECIFIED.);
#519=B_SPLINE_SURFACE_WITH_KNOTS('',3,1,((#10060,#10061),(#10062,#10063),
(#10064,#10065),(#10066,#10067),(#10068,#10069)),.UNSPECIFIED.,.F.,.F.,
 .F.,(4,1,4),(2,2),(-0.206812892162349,-0.0957289511972242,0.),(0.,0.2),
 .UNSPECIFIED.);
#520=B_SPLINE_SURFACE_WITH_KNOTS('',3,1,((#10077,#10078),(#10079,#10080),
(#10081,#10082),(#10083,#10084),(#10085,#10086)),.UNSPECIFIED.,.F.,.F.,
 .F.,(4,1,4),(2,2),(-0.213147201171338,-0.114830326444763,0.),(0.,0.2),
 .UNSPECIFIED.);
#521=B_SPLINE_SURFACE_WITH_KNOTS('',3,1,((#10094,#10095),(#10096,#10097),
(#10098,#10099),(#10100,#10101),(#10102,#10103)),.UNSPECIFIED.,.F.,.F.,
 .F.,(4,1,4),(2,2),(-0.189279258769406,-0.0923951476166771,0.),(0.,0.2),
 .UNSPECIFIED.);
#522=B_SPLINE_SURFACE_WITH_KNOTS('',3,1,((#10111,#10112),(#10113,#10114),
(#10115,#10116),(#10117,#10118),(#10119,#10120)),.UNSPECIFIED.,.F.,.F.,
 .F.,(4,1,4),(2,2),(-0.1842164373976,-0.0940012233338012,0.),(0.,0.2),
 .UNSPECIFIED.);
#523=B_SPLINE_SURFACE_WITH_KNOTS('',3,1,((#10128,#10129),(#10130,#10131),
(#10132,#10133),(#10134,#10135),(#10136,#10137)),.UNSPECIFIED.,.F.,.F.,
 .F.,(4,1,4),(2,2),(-0.208984678945118,-0.0963321787008965,0.),(0.,0.2),
 .UNSPECIFIED.);
#524=B_SPLINE_SURFACE_WITH_KNOTS('',3,1,((#10145,#10146),(#10147,#10148),
(#10149,#10150),(#10151,#10152),(#10153,#10154)),.UNSPECIFIED.,.F.,.F.,
 .F.,(4,1,4),(2,2),(-0.0229250082596211,-0.00955048695573254,0.),(0.,0.2),
 .UNSPECIFIED.);
#525=B_SPLINE_SURFACE_WITH_KNOTS('',3,1,((#10166,#10167),(#10168,#10169),
(#10170,#10171),(#10172,#10173),(#10174,#10175)),.UNSPECIFIED.,.F.,.F.,
 .F.,(4,1,4),(2,2),(-0.138613416366405,-0.0751273434872443,0.),(0.,0.2),
 .UNSPECIFIED.);
#526=B_SPLINE_SURFACE_WITH_KNOTS('',3,1,((#10183,#10184),(#10185,#10186),
(#10187,#10188),(#10189,#10190),(#10191,#10192)),.UNSPECIFIED.,.F.,.F.,
 .F.,(4,1,4),(2,2),(-0.117518886914309,-0.058216710960007,0.),(0.,0.2),
 .UNSPECIFIED.);
#527=B_SPLINE_SURFACE_WITH_KNOTS('',3,1,((#10200,#10201),(#10202,#10203),
(#10204,#10205),(#10206,#10207),(#10208,#10209)),.UNSPECIFIED.,.F.,.F.,
 .F.,(4,1,4),(2,2),(-0.0855673879593588,-0.0442469875004846,0.),(0.,0.2),
 .UNSPECIFIED.);
#528=B_SPLINE_SURFACE_WITH_KNOTS('',3,1,((#10217,#10218),(#10219,#10220),
(#10221,#10222),(#10223,#10224),(#10225,#10226)),.UNSPECIFIED.,.F.,.F.,
 .F.,(4,1,4),(2,2),(-0.0963788083502768,-0.0440064355137239,0.),(0.,0.2),
 .UNSPECIFIED.);
#529=B_SPLINE_SURFACE_WITH_KNOTS('',3,1,((#10240,#10241),(#10242,#10243),
(#10244,#10245),(#10246,#10247),(#10248,#10249)),.UNSPECIFIED.,.F.,.F.,
 .F.,(4,1,4),(2,2),(-0.0654723925001854,-0.034853224278232,0.),(0.,0.2),
 .UNSPECIFIED.);
#530=B_SPLINE_SURFACE_WITH_KNOTS('',3,1,((#10257,#10258),(#10259,#10260),
(#10261,#10262),(#10263,#10264),(#10265,#10266)),.UNSPECIFIED.,.F.,.F.,
 .F.,(4,1,4),(2,2),(-0.0746686320127146,-0.0417055997959137,0.),(0.,0.2),
 .UNSPECIFIED.);
#531=B_SPLINE_SURFACE_WITH_KNOTS('',3,1,((#10274,#10275),(#10276,#10277),
(#10278,#10279),(#10280,#10281),(#10282,#10283)),.UNSPECIFIED.,.F.,.F.,
 .F.,(4,1,4),(2,2),(-0.053927503089504,-0.0278541910793744,0.),(0.,0.2),
 .UNSPECIFIED.);
#532=B_SPLINE_SURFACE_WITH_KNOTS('',3,1,((#10291,#10292),(#10293,#10294),
(#10295,#10296),(#10297,#10298),(#10299,#10300)),.UNSPECIFIED.,.F.,.F.,
 .F.,(4,1,4),(2,2),(-0.102340644978555,-0.0382435293353475,0.),(0.,0.2),
 .UNSPECIFIED.);
#533=B_SPLINE_SURFACE_WITH_KNOTS('',3,1,((#10352,#10353),(#10354,#10355),
(#10356,#10357),(#10358,#10359),(#10360,#10361)),.UNSPECIFIED.,.F.,.F.,
 .F.,(4,1,4),(2,2),(-0.0476283787198672,-0.0302224938366778,0.),(0.,0.2),
 .UNSPECIFIED.);
#534=B_SPLINE_SURFACE_WITH_KNOTS('',3,1,((#10369,#10370),(#10371,#10372),
(#10373,#10374),(#10375,#10376),(#10377,#10378)),.UNSPECIFIED.,.F.,.F.,
 .F.,(4,1,4),(2,2),(-0.0226083170672821,-0.0111605360339346,0.),(0.,0.2),
 .UNSPECIFIED.);
#535=B_SPLINE_SURFACE_WITH_KNOTS('',3,1,((#10386,#10387),(#10388,#10389),
(#10390,#10391),(#10392,#10393),(#10394,#10395)),.UNSPECIFIED.,.F.,.F.,
 .F.,(4,1,4),(2,2),(-0.0302771006077209,-0.0133149586314432,0.),(0.,0.2),
 .UNSPECIFIED.);
#536=B_SPLINE_SURFACE_WITH_KNOTS('',3,1,((#10403,#10404),(#10405,#10406),
(#10407,#10408),(#10409,#10410),(#10411,#10412)),.UNSPECIFIED.,.F.,.F.,
 .F.,(4,1,4),(2,2),(-0.0378908531540249,-0.0166135295930442,0.),(0.,0.2),
 .UNSPECIFIED.);
#537=B_SPLINE_SURFACE_WITH_KNOTS('',3,1,((#10419,#10420),(#10421,#10422),
(#10423,#10424),(#10425,#10426),(#10427,#10428)),.UNSPECIFIED.,.F.,.F.,
 .F.,(4,1,4),(2,2),(-0.152258564156746,-0.0856872967759436,0.),(0.,0.2),
 .UNSPECIFIED.);
#538=B_SPLINE_SURFACE_WITH_KNOTS('',3,1,((#10445,#10446),(#10447,#10448),
(#10449,#10450),(#10451,#10452),(#10453,#10454)),.UNSPECIFIED.,.F.,.F.,
 .F.,(4,1,4),(2,2),(-0.109595027912101,-0.0561334104658351,0.),(0.,0.2),
 .UNSPECIFIED.);
#539=B_SPLINE_SURFACE_WITH_KNOTS('',3,1,((#10468,#10469),(#10470,#10471),
(#10472,#10473),(#10474,#10475),(#10476,#10477)),.UNSPECIFIED.,.F.,.F.,
 .F.,(4,1,4),(2,2),(-0.112346055546096,-0.0545430160463234,0.),(0.,0.2),
 .UNSPECIFIED.);
#540=B_SPLINE_SURFACE_WITH_KNOTS('',3,1,((#10491,#10492),(#10493,#10494),
(#10495,#10496),(#10497,#10498),(#10499,#10500)),.UNSPECIFIED.,.F.,.F.,
 .F.,(4,1,4),(2,2),(-0.157929698992464,-0.068947141132176,0.),(0.,0.2),
 .UNSPECIFIED.);
#541=B_SPLINE_SURFACE_WITH_KNOTS('',3,1,((#10514,#10515),(#10516,#10517),
(#10518,#10519),(#10520,#10521),(#10522,#10523)),.UNSPECIFIED.,.F.,.F.,
 .F.,(4,1,4),(2,2),(-0.15273745356472,-0.0853385416468094,0.),(0.,0.2),
 .UNSPECIFIED.);
#542=B_SPLINE_SURFACE_WITH_KNOTS('',3,1,((#10537,#10538),(#10539,#10540),
(#10541,#10542),(#10543,#10544),(#10545,#10546)),.UNSPECIFIED.,.F.,.F.,
 .F.,(4,1,4),(2,2),(-0.109666850973742,-0.0567657311227242,0.),(0.,0.2),
 .UNSPECIFIED.);
#543=B_SPLINE_SURFACE_WITH_KNOTS('',3,1,((#10560,#10561),(#10562,#10563),
(#10564,#10565),(#10566,#10567),(#10568,#10569)),.UNSPECIFIED.,.F.,.F.,
 .F.,(4,1,4),(2,2),(-0.112856756197109,-0.0533156491063604,0.),(0.,0.2),
 .UNSPECIFIED.);
#544=B_SPLINE_SURFACE_WITH_KNOTS('',3,1,((#10583,#10584),(#10585,#10586),
(#10587,#10588),(#10589,#10590),(#10591,#10592)),.UNSPECIFIED.,.F.,.F.,
 .F.,(4,1,4),(2,2),(-0.157386304381671,-0.0704951517176584,0.),(0.,0.2),
 .UNSPECIFIED.);
#545=B_SPLINE_SURFACE_WITH_KNOTS('',3,1,((#10617,#10618),(#10619,#10620),
(#10621,#10622),(#10623,#10624),(#10625,#10626)),.UNSPECIFIED.,.F.,.F.,
 .F.,(4,1,4),(2,2),(-0.0858448528790491,-0.0448850239132081,0.),(0.,0.2),
 .UNSPECIFIED.);
#546=B_SPLINE_SURFACE_WITH_KNOTS('',3,1,((#10634,#10635),(#10636,#10637),
(#10638,#10639),(#10640,#10641),(#10642,#10643)),.UNSPECIFIED.,.F.,.F.,
 .F.,(4,1,4),(2,2),(-0.0874068090879772,-0.0411951772092184,0.),(0.,0.2),
 .UNSPECIFIED.);
#547=B_SPLINE_SURFACE_WITH_KNOTS('',3,1,((#10651,#10652),(#10653,#10654),
(#10655,#10656),(#10657,#10658),(#10659,#10660)),.UNSPECIFIED.,.F.,.F.,
 .F.,(4,1,4),(2,2),(-0.120749764064434,-0.0616871778848707,0.),(0.,0.2),
 .UNSPECIFIED.);
#548=B_SPLINE_SURFACE_WITH_KNOTS('',3,1,((#10668,#10669),(#10670,#10671),
(#10672,#10673),(#10674,#10675),(#10676,#10677)),.UNSPECIFIED.,.F.,.F.,
 .F.,(4,1,4),(2,2),(-0.121819799732012,-0.0593428099344988,0.),(0.,0.2),
 .UNSPECIFIED.);
#549=B_SPLINE_SURFACE_WITH_KNOTS('',3,1,((#10685,#10686),(#10687,#10688),
(#10689,#10690),(#10691,#10692),(#10693,#10694)),.UNSPECIFIED.,.F.,.F.,
 .F.,(4,1,4),(2,2),(-0.136508422759208,-0.0665678770089137,0.),(0.,0.2),
 .UNSPECIFIED.);
#550=B_SPLINE_SURFACE_WITH_KNOTS('',3,1,((#10702,#10703),(#10704,#10705),
(#10706,#10707),(#10708,#10709),(#10710,#10711)),.UNSPECIFIED.,.F.,.F.,
 .F.,(4,1,4),(2,2),(-0.143708473084563,-0.0742802311765412,0.),(0.,0.2),
 .UNSPECIFIED.);
#551=B_SPLINE_SURFACE_WITH_KNOTS('',3,1,((#10719,#10720),(#10721,#10722),
(#10723,#10724),(#10725,#10726),(#10727,#10728)),.UNSPECIFIED.,.F.,.F.,
 .F.,(4,1,4),(2,2),(-0.126779067155927,-0.0648239005081769,0.),(0.,0.2),
 .UNSPECIFIED.);
#552=B_SPLINE_SURFACE_WITH_KNOTS('',3,1,((#10736,#10737),(#10738,#10739),
(#10740,#10741),(#10742,#10743),(#10744,#10745)),.UNSPECIFIED.,.F.,.F.,
 .F.,(4,1,4),(2,2),(-0.117972346986652,-0.0600171891612646,0.),(0.,0.2),
 .UNSPECIFIED.);
#553=B_SPLINE_SURFACE_WITH_KNOTS('',3,1,((#10753,#10754),(#10755,#10756),
(#10757,#10758),(#10759,#10760),(#10761,#10762)),.UNSPECIFIED.,.F.,.F.,
 .F.,(4,1,4),(2,2),(-0.0798300767276551,-0.0410173628138808,0.),(0.,0.2),
 .UNSPECIFIED.);
#554=B_SPLINE_SURFACE_WITH_KNOTS('',3,1,((#10770,#10771),(#10772,#10773),
(#10774,#10775),(#10776,#10777),(#10778,#10779)),.UNSPECIFIED.,.F.,.F.,
 .F.,(4,1,4),(2,2),(-0.0728424787343979,-0.0372632961959552,0.),(0.,0.2),
 .UNSPECIFIED.);
#555=B_SPLINE_SURFACE_WITH_KNOTS('',3,1,((#10795,#10796),(#10797,#10798),
(#10799,#10800),(#10801,#10802),(#10803,#10804)),.UNSPECIFIED.,.F.,.F.,
 .F.,(4,1,4),(2,2),(-0.154392184004493,-0.0858322058132944,0.),(0.,0.2),
 .UNSPECIFIED.);
#556=B_SPLINE_SURFACE_WITH_KNOTS('',3,1,((#10821,#10822),(#10823,#10824),
(#10825,#10826),(#10827,#10828),(#10829,#10830)),.UNSPECIFIED.,.F.,.F.,
 .F.,(4,1,4),(2,2),(-0.120402210522493,-0.0602003589323818,0.),(0.,0.2),
 .UNSPECIFIED.);
#557=B_SPLINE_SURFACE_WITH_KNOTS('',3,1,((#10844,#10845),(#10846,#10847),
(#10848,#10849),(#10850,#10851),(#10852,#10853)),.UNSPECIFIED.,.F.,.F.,
 .F.,(4,1,4),(2,2),(-0.120076585212872,-0.0598627581051854,0.),(0.,0.2),
 .UNSPECIFIED.);
#558=B_SPLINE_SURFACE_WITH_KNOTS('',3,1,((#10867,#10868),(#10869,#10870),
(#10871,#10872),(#10873,#10874),(#10875,#10876)),.UNSPECIFIED.,.F.,.F.,
 .F.,(4,1,4),(2,2),(-0.156916488667318,-0.0692479051445282,0.),(0.,0.2),
 .UNSPECIFIED.);
#559=B_SPLINE_SURFACE_WITH_KNOTS('',3,1,((#10890,#10891),(#10892,#10893),
(#10894,#10895),(#10896,#10897),(#10898,#10899)),.UNSPECIFIED.,.F.,.F.,
 .F.,(4,1,4),(2,2),(-0.151258475931442,-0.0833530064095641,0.),(0.,0.2),
 .UNSPECIFIED.);
#560=B_SPLINE_SURFACE_WITH_KNOTS('',3,1,((#10913,#10914),(#10915,#10916),
(#10917,#10918),(#10919,#10920),(#10921,#10922)),.UNSPECIFIED.,.F.,.F.,
 .F.,(4,1,4),(2,2),(-0.119711317809741,-0.0601524947037427,0.),(0.,0.2),
 .UNSPECIFIED.);
#561=B_SPLINE_SURFACE_WITH_KNOTS('',3,1,((#10936,#10937),(#10938,#10939),
(#10940,#10941),(#10942,#10943),(#10944,#10945)),.UNSPECIFIED.,.F.,.F.,
 .F.,(4,1,4),(2,2),(-0.120282282794019,-0.0601898658798102,0.),(0.,0.2),
 .UNSPECIFIED.);
#562=B_SPLINE_SURFACE_WITH_KNOTS('',3,1,((#10959,#10960),(#10961,#10962),
(#10963,#10964),(#10965,#10966),(#10967,#10968)),.UNSPECIFIED.,.F.,.F.,
 .F.,(4,1,4),(2,2),(-0.1541745612313,-0.0684015013998126,0.),(0.,0.2),
 .UNSPECIFIED.);
#563=B_SPLINE_SURFACE_WITH_KNOTS('',3,1,((#10979,#10980),(#10981,#10982),
(#10983,#10984),(#10985,#10986),(#10987,#10988)),.UNSPECIFIED.,.F.,.F.,
 .F.,(4,1,4),(2,2),(-0.228345523291726,-0.1241488159638,0.),(0.,0.2),
 .UNSPECIFIED.);
#564=B_SPLINE_SURFACE_WITH_KNOTS('',3,1,((#10998,#10999),(#11000,#11001),
(#11002,#11003),(#11004,#11005),(#11006,#11007)),.UNSPECIFIED.,.F.,.F.,
 .F.,(4,1,4),(2,2),(-0.172021995035097,-0.083984248670689,0.),(0.,0.2),
 .UNSPECIFIED.);
#565=B_SPLINE_SURFACE_WITH_KNOTS('',3,1,((#11015,#11016),(#11017,#11018),
(#11019,#11020),(#11021,#11022),(#11023,#11024)),.UNSPECIFIED.,.F.,.F.,
 .F.,(4,1,4),(2,2),(-0.188229897699301,-0.0965515465419522,0.),(0.,0.2),
 .UNSPECIFIED.);
#566=B_SPLINE_SURFACE_WITH_KNOTS('',3,1,((#11032,#11033),(#11034,#11035),
(#11036,#11037),(#11038,#11039),(#11040,#11041)),.UNSPECIFIED.,.F.,.F.,
 .F.,(4,1,4),(2,2),(-0.20458111444987,-0.0955771828391828,0.),(0.,0.2),
 .UNSPECIFIED.);
#567=B_SPLINE_SURFACE_WITH_KNOTS('',3,1,((#11049,#11050),(#11051,#11052),
(#11053,#11054),(#11055,#11056),(#11057,#11058)),.UNSPECIFIED.,.F.,.F.,
 .F.,(4,1,4),(2,2),(-0.157847771802894,-0.0877479576899876,0.),(0.,0.2),
 .UNSPECIFIED.);
#568=B_SPLINE_SURFACE_WITH_KNOTS('',3,1,((#11066,#11067),(#11068,#11069),
(#11070,#11071),(#11072,#11073),(#11074,#11075)),.UNSPECIFIED.,.F.,.F.,
 .F.,(4,1,4),(2,2),(-0.123428560244483,-0.0615100063347946,0.),(0.,0.2),
 .UNSPECIFIED.);
#569=B_SPLINE_SURFACE_WITH_KNOTS('',3,1,((#11083,#11084),(#11085,#11086),
(#11087,#11088),(#11089,#11090),(#11091,#11092)),.UNSPECIFIED.,.F.,.F.,
 .F.,(4,1,4),(2,2),(-0.127395133853932,-0.0631204440324852,0.),(0.,0.2),
 .UNSPECIFIED.);
#570=B_SPLINE_SURFACE_WITH_KNOTS('',3,1,((#11100,#11101),(#11102,#11103),
(#11104,#11105),(#11106,#11107),(#11108,#11109)),.UNSPECIFIED.,.F.,.F.,
 .F.,(4,1,4),(2,2),(-0.189304271245813,-0.0977755415555715,0.),(0.,0.2),
 .UNSPECIFIED.);
#571=B_SPLINE_SURFACE_WITH_KNOTS('',3,1,((#11117,#11118),(#11119,#11120),
(#11121,#11122),(#11123,#11124),(#11125,#11126)),.UNSPECIFIED.,.F.,.F.,
 .F.,(4,1,4),(2,2),(-0.211369904729852,-0.0967844327738603,0.),(0.,0.2),
 .UNSPECIFIED.);
#572=B_SPLINE_SURFACE_WITH_KNOTS('',3,1,((#11148,#11149),(#11150,#11151),
(#11152,#11153),(#11154,#11155),(#11156,#11157)),.UNSPECIFIED.,.F.,.F.,
 .F.,(4,1,4),(2,2),(-0.0902333904978794,-0.0530513503285668,0.),(0.,0.2),
 .UNSPECIFIED.);
#573=B_SPLINE_SURFACE_WITH_KNOTS('',3,1,((#11165,#11166),(#11167,#11168),
(#11169,#11170),(#11171,#11172),(#11173,#11174)),.UNSPECIFIED.,.F.,.F.,
 .F.,(4,1,4),(2,2),(-0.0584567434875082,-0.0293095854556134,0.),(0.,0.2),
 .UNSPECIFIED.);
#574=B_SPLINE_SURFACE_WITH_KNOTS('',3,1,((#11182,#11183),(#11184,#11185),
(#11186,#11187),(#11188,#11189),(#11190,#11191)),.UNSPECIFIED.,.F.,.F.,
 .F.,(4,1,4),(2,2),(-0.0934856470803782,-0.0443536129853084,0.),(0.,0.2),
 .UNSPECIFIED.);
#575=B_SPLINE_SURFACE_WITH_KNOTS('',3,1,((#11203,#11204),(#11205,#11206),
(#11207,#11208),(#11209,#11210),(#11211,#11212)),.UNSPECIFIED.,.F.,.F.,
 .F.,(4,1,4),(2,2),(-0.0663270126643809,-0.034470822939065,0.),(0.,0.2),
 .UNSPECIFIED.);
#576=B_SPLINE_SURFACE_WITH_KNOTS('',3,1,((#11220,#11221),(#11222,#11223),
(#11224,#11225),(#11226,#11227),(#11228,#11229)),.UNSPECIFIED.,.F.,.F.,
 .F.,(4,1,4),(2,2),(-0.0541215275145906,-0.027073312745692,0.),(0.,0.2),
 .UNSPECIFIED.);
#577=B_SPLINE_SURFACE_WITH_KNOTS('',3,1,((#11237,#11238),(#11239,#11240),
(#11241,#11242),(#11243,#11244),(#11245,#11246)),.UNSPECIFIED.,.F.,.F.,
 .F.,(4,1,4),(2,2),(-0.0575937862608791,-0.0279063931509298,0.),(0.,0.2),
 .UNSPECIFIED.);
#578=B_SPLINE_SURFACE_WITH_KNOTS('',3,1,((#11254,#11255),(#11256,#11257),
(#11258,#11259),(#11260,#11261),(#11262,#11263)),.UNSPECIFIED.,.F.,.F.,
 .F.,(4,1,4),(2,2),(-0.101583262954112,-0.0491756047955542,0.),(0.,0.2),
 .UNSPECIFIED.);
#579=B_SPLINE_SURFACE_WITH_KNOTS('',3,1,((#11292,#11293),(#11294,#11295),
(#11296,#11297),(#11298,#11299),(#11300,#11301)),.UNSPECIFIED.,.F.,.F.,
 .F.,(4,1,4),(2,2),(-0.18810702655282,-0.0926817882534972,0.),(0.,0.2),
 .UNSPECIFIED.);
#580=B_SPLINE_SURFACE_WITH_KNOTS('',3,1,((#11309,#11310),(#11311,#11312),
(#11313,#11314),(#11315,#11316),(#11317,#11318)),.UNSPECIFIED.,.F.,.F.,
 .F.,(4,1,4),(2,2),(-0.0863211468539686,-0.0441808356883317,0.),(0.,0.2),
 .UNSPECIFIED.);
#581=B_SPLINE_SURFACE_WITH_KNOTS('',3,1,((#11326,#11327),(#11328,#11329),
(#11330,#11331),(#11332,#11333),(#11334,#11335)),.UNSPECIFIED.,.F.,.F.,
 .F.,(4,1,4),(2,2),(-0.072639824166074,-0.0386224316787966,0.),(0.,0.2),
 .UNSPECIFIED.);
#582=B_SPLINE_SURFACE_WITH_KNOTS('',3,1,((#11343,#11344),(#11345,#11346),
(#11347,#11348),(#11349,#11350),(#11351,#11352)),.UNSPECIFIED.,.F.,.F.,
 .F.,(4,1,4),(2,2),(-0.0692842656287384,-0.0334500786745132,0.),(0.,0.2),
 .UNSPECIFIED.);
#583=B_SPLINE_SURFACE_WITH_KNOTS('',3,1,((#11360,#11361),(#11362,#11363),
(#11364,#11365),(#11366,#11367),(#11368,#11369)),.UNSPECIFIED.,.F.,.F.,
 .F.,(4,1,4),(2,2),(-0.0837694931558486,-0.0330221821361081,0.),(0.,0.2),
 .UNSPECIFIED.);
#584=B_SPLINE_SURFACE_WITH_KNOTS('',3,1,((#11389,#11390),(#11391,#11392),
(#11393,#11394),(#11395,#11396),(#11397,#11398)),.UNSPECIFIED.,.F.,.F.,
 .F.,(4,1,4),(2,2),(-0.0794704443906658,-0.0459670769259327,0.),(0.,0.2),
 .UNSPECIFIED.);
#585=B_SPLINE_SURFACE_WITH_KNOTS('',3,1,((#11406,#11407),(#11408,#11409),
(#11410,#11411),(#11412,#11413),(#11414,#11415)),.UNSPECIFIED.,.F.,.F.,
 .F.,(4,1,4),(2,2),(-0.0554783622460448,-0.0272180631734067,0.),(0.,0.2),
 .UNSPECIFIED.);
#586=B_SPLINE_SURFACE_WITH_KNOTS('',3,1,((#11423,#11424),(#11425,#11426),
(#11427,#11428),(#11429,#11430),(#11431,#11432)),.UNSPECIFIED.,.F.,.F.,
 .F.,(4,1,4),(2,2),(-0.0624995452682947,-0.0300956881683243,0.),(0.,0.2),
 .UNSPECIFIED.);
#587=B_SPLINE_SURFACE_WITH_KNOTS('',3,1,((#11440,#11441),(#11442,#11443),
(#11444,#11445),(#11446,#11447),(#11448,#11449)),.UNSPECIFIED.,.F.,.F.,
 .F.,(4,1,4),(2,2),(-0.102751397374151,-0.0518880128127528,0.),(0.,0.2),
 .UNSPECIFIED.);
#588=B_SPLINE_SURFACE_WITH_KNOTS('',3,1,((#11457,#11458),(#11459,#11460),
(#11461,#11462),(#11463,#11464),(#11465,#11466)),.UNSPECIFIED.,.F.,.F.,
 .F.,(4,1,4),(2,2),(-0.141059870470078,-0.0586844783739005,0.),(0.,0.2),
 .UNSPECIFIED.);
#589=B_SPLINE_SURFACE_WITH_KNOTS('',3,1,((#11498,#11499),(#11500,#11501),
(#11502,#11503),(#11504,#11505),(#11506,#11507)),.UNSPECIFIED.,.F.,.F.,
 .F.,(4,1,4),(2,2),(-0.154392047258847,-0.0858322353240207,0.),(0.,0.2),
 .UNSPECIFIED.);
#590=B_SPLINE_SURFACE_WITH_KNOTS('',3,1,((#11524,#11525),(#11526,#11527),
(#11528,#11529),(#11530,#11531),(#11532,#11533)),.UNSPECIFIED.,.F.,.F.,
 .F.,(4,1,4),(2,2),(-0.120402020470376,-0.0602001688802656,0.),(0.,0.2),
 .UNSPECIFIED.);
#591=B_SPLINE_SURFACE_WITH_KNOTS('',3,1,((#11547,#11548),(#11549,#11550),
(#11551,#11552),(#11553,#11554),(#11555,#11556)),.UNSPECIFIED.,.F.,.F.,
 .F.,(4,1,4),(2,2),(-0.120076767776095,-0.0598632249746657,0.),(0.,0.2),
 .UNSPECIFIED.);
#592=B_SPLINE_SURFACE_WITH_KNOTS('',3,1,((#11570,#11571),(#11572,#11573),
(#11574,#11575),(#11576,#11577),(#11578,#11579)),.UNSPECIFIED.,.F.,.F.,
 .F.,(4,1,4),(2,2),(-0.156916352955155,-0.0692477405397942,0.),(0.,0.2),
 .UNSPECIFIED.);
#593=B_SPLINE_SURFACE_WITH_KNOTS('',3,1,((#11593,#11594),(#11595,#11596),
(#11597,#11598),(#11599,#11600),(#11601,#11602)),.UNSPECIFIED.,.F.,.F.,
 .F.,(4,1,4),(2,2),(-0.151258404384507,-0.0833529911296515,0.),(0.,0.2),
 .UNSPECIFIED.);
#594=B_SPLINE_SURFACE_WITH_KNOTS('',3,1,((#11616,#11617),(#11618,#11619),
(#11620,#11621),(#11622,#11623),(#11624,#11625)),.UNSPECIFIED.,.F.,.F.,
 .F.,(4,1,4),(2,2),(-0.119711529508945,-0.0601525896864751,0.),(0.,0.2),
 .UNSPECIFIED.);
#595=B_SPLINE_SURFACE_WITH_KNOTS('',3,1,((#11639,#11640),(#11641,#11642),
(#11643,#11644),(#11645,#11646),(#11647,#11648)),.UNSPECIFIED.,.F.,.F.,
 .F.,(4,1,4),(2,2),(-0.120282092400517,-0.0601898658798102,0.),(0.,0.2),
 .UNSPECIFIED.);
#596=B_SPLINE_SURFACE_WITH_KNOTS('',3,1,((#11662,#11663),(#11664,#11665),
(#11666,#11667),(#11668,#11669),(#11670,#11671)),.UNSPECIFIED.,.F.,.F.,
 .F.,(4,1,4),(2,2),(-0.154174444511472,-0.0684013625317388,0.),(0.,0.2),
 .UNSPECIFIED.);
#597=B_SPLINE_SURFACE_WITH_KNOTS('',3,1,((#11682,#11683),(#11684,#11685),
(#11686,#11687),(#11688,#11689),(#11690,#11691)),.UNSPECIFIED.,.F.,.F.,
 .F.,(4,1,4),(2,2),(-0.228345609282949,-0.124148834761969,0.),(0.,0.2),
 .UNSPECIFIED.);
#598=B_SPLINE_SURFACE_WITH_KNOTS('',3,1,((#11701,#11702),(#11703,#11704),
(#11705,#11706),(#11707,#11708),(#11709,#11710)),.UNSPECIFIED.,.F.,.F.,
 .F.,(4,1,4),(2,2),(-0.172021524340978,-0.083984248670689,0.),(0.,0.2),
 .UNSPECIFIED.);
#599=B_SPLINE_SURFACE_WITH_KNOTS('',3,1,((#11718,#11719),(#11720,#11721),
(#11722,#11723),(#11724,#11725),(#11726,#11727)),.UNSPECIFIED.,.F.,.F.,
 .F.,(4,1,4),(2,2),(-0.188230404167951,-0.0965522504506933,0.),(0.,0.2),
 .UNSPECIFIED.);
#600=B_SPLINE_SURFACE_WITH_KNOTS('',3,1,((#11735,#11736),(#11737,#11738),
(#11739,#11740),(#11741,#11742),(#11743,#11744)),.UNSPECIFIED.,.F.,.F.,
 .F.,(4,1,4),(2,2),(-0.204581016070702,-0.0955771207527133,0.),(0.,0.2),
 .UNSPECIFIED.);
#601=B_SPLINE_SURFACE_WITH_KNOTS('',3,1,((#11752,#11753),(#11754,#11755),
(#11756,#11757),(#11758,#11759),(#11760,#11761)),.UNSPECIFIED.,.F.,.F.,
 .F.,(4,1,4),(2,2),(-0.157847809256492,-0.0877479576899876,0.),(0.,0.2),
 .UNSPECIFIED.);
#602=B_SPLINE_SURFACE_WITH_KNOTS('',3,1,((#11769,#11770),(#11771,#11772),
(#11773,#11774),(#11775,#11776),(#11777,#11778)),.UNSPECIFIED.,.F.,.F.,
 .F.,(4,1,4),(2,2),(-0.123428540933102,-0.0615097967310519,0.),(0.,0.2),
 .UNSPECIFIED.);
#603=B_SPLINE_SURFACE_WITH_KNOTS('',3,1,((#11786,#11787),(#11788,#11789),
(#11790,#11791),(#11792,#11793),(#11794,#11795)),.UNSPECIFIED.,.F.,.F.,
 .F.,(4,1,4),(2,2),(-0.127395244660912,-0.0631205548394648,0.),(0.,0.2),
 .UNSPECIFIED.);
#604=B_SPLINE_SURFACE_WITH_KNOTS('',3,1,((#11803,#11804),(#11805,#11806),
(#11807,#11808),(#11809,#11810),(#11811,#11812)),.UNSPECIFIED.,.F.,.F.,
 .F.,(4,1,4),(2,2),(-0.18930396554713,-0.0977754828663389,0.),(0.,0.2),
 .UNSPECIFIED.);
#605=B_SPLINE_SURFACE_WITH_KNOTS('',3,1,((#11820,#11821),(#11822,#11823),
(#11824,#11825),(#11826,#11827),(#11828,#11829)),.UNSPECIFIED.,.F.,.F.,
 .F.,(4,1,4),(2,2),(-0.211369965380078,-0.0967844934240867,0.),(0.,0.2),
 .UNSPECIFIED.);
#606=FACE_OUTER_BOUND('',#926,.T.);
#607=FACE_OUTER_BOUND('',#927,.T.);
#608=FACE_OUTER_BOUND('',#928,.T.);
#609=FACE_OUTER_BOUND('',#929,.T.);
#610=FACE_OUTER_BOUND('',#930,.T.);
#611=FACE_OUTER_BOUND('',#931,.T.);
#612=FACE_OUTER_BOUND('',#932,.T.);
#613=FACE_OUTER_BOUND('',#933,.T.);
#614=FACE_OUTER_BOUND('',#934,.T.);
#615=FACE_OUTER_BOUND('',#935,.T.);
#616=FACE_OUTER_BOUND('',#936,.T.);
#617=FACE_OUTER_BOUND('',#937,.T.);
#618=FACE_OUTER_BOUND('',#938,.T.);
#619=FACE_OUTER_BOUND('',#939,.T.);
#620=FACE_OUTER_BOUND('',#940,.T.);
#621=FACE_OUTER_BOUND('',#941,.T.);
#622=FACE_OUTER_BOUND('',#942,.T.);
#623=FACE_OUTER_BOUND('',#943,.T.);
#624=FACE_OUTER_BOUND('',#944,.T.);
#625=FACE_OUTER_BOUND('',#945,.T.);
#626=FACE_OUTER_BOUND('',#946,.T.);
#627=FACE_OUTER_BOUND('',#947,.T.);
#628=FACE_OUTER_BOUND('',#948,.T.);
#629=FACE_OUTER_BOUND('',#949,.T.);
#630=FACE_OUTER_BOUND('',#950,.T.);
#631=FACE_OUTER_BOUND('',#951,.T.);
#632=FACE_OUTER_BOUND('',#952,.T.);
#633=FACE_OUTER_BOUND('',#953,.T.);
#634=FACE_OUTER_BOUND('',#955,.T.);
#635=FACE_OUTER_BOUND('',#974,.T.);
#636=FACE_OUTER_BOUND('',#975,.T.);
#637=FACE_OUTER_BOUND('',#976,.T.);
#638=FACE_OUTER_BOUND('',#977,.T.);
#639=FACE_OUTER_BOUND('',#978,.T.);
#640=FACE_OUTER_BOUND('',#979,.T.);
#641=FACE_OUTER_BOUND('',#980,.T.);
#642=FACE_OUTER_BOUND('',#981,.T.);
#643=FACE_OUTER_BOUND('',#982,.T.);
#644=FACE_OUTER_BOUND('',#983,.T.);
#645=FACE_OUTER_BOUND('',#984,.T.);
#646=FACE_OUTER_BOUND('',#985,.T.);
#647=FACE_OUTER_BOUND('',#986,.T.);
#648=FACE_OUTER_BOUND('',#987,.T.);
#649=FACE_OUTER_BOUND('',#988,.T.);
#650=FACE_OUTER_BOUND('',#989,.T.);
#651=FACE_OUTER_BOUND('',#990,.T.);
#652=FACE_OUTER_BOUND('',#991,.T.);
#653=FACE_OUTER_BOUND('',#992,.T.);
#654=FACE_OUTER_BOUND('',#993,.T.);
#655=FACE_OUTER_BOUND('',#994,.T.);
#656=FACE_OUTER_BOUND('',#995,.T.);
#657=FACE_OUTER_BOUND('',#996,.T.);
#658=FACE_OUTER_BOUND('',#997,.T.);
#659=FACE_OUTER_BOUND('',#998,.T.);
#660=FACE_OUTER_BOUND('',#999,.T.);
#661=FACE_OUTER_BOUND('',#1000,.T.);
#662=FACE_OUTER_BOUND('',#1001,.T.);
#663=FACE_OUTER_BOUND('',#1002,.T.);
#664=FACE_OUTER_BOUND('',#1003,.T.);
#665=FACE_OUTER_BOUND('',#1004,.T.);
#666=FACE_OUTER_BOUND('',#1005,.T.);
#667=FACE_OUTER_BOUND('',#1006,.T.);
#668=FACE_OUTER_BOUND('',#1007,.T.);
#669=FACE_OUTER_BOUND('',#1008,.T.);
#670=FACE_OUTER_BOUND('',#1009,.T.);
#671=FACE_OUTER_BOUND('',#1010,.T.);
#672=FACE_OUTER_BOUND('',#1011,.T.);
#673=FACE_OUTER_BOUND('',#1012,.T.);
#674=FACE_OUTER_BOUND('',#1013,.T.);
#675=FACE_OUTER_BOUND('',#1014,.T.);
#676=FACE_OUTER_BOUND('',#1015,.T.);
#677=FACE_OUTER_BOUND('',#1016,.T.);
#678=FACE_OUTER_BOUND('',#1017,.T.);
#679=FACE_OUTER_BOUND('',#1018,.T.);
#680=FACE_OUTER_BOUND('',#1019,.T.);
#681=FACE_OUTER_BOUND('',#1020,.T.);
#682=FACE_OUTER_BOUND('',#1021,.T.);
#683=FACE_OUTER_BOUND('',#1022,.T.);
#684=FACE_OUTER_BOUND('',#1023,.T.);
#685=FACE_OUTER_BOUND('',#1024,.T.);
#686=FACE_OUTER_BOUND('',#1025,.T.);
#687=FACE_OUTER_BOUND('',#1026,.T.);
#688=FACE_OUTER_BOUND('',#1027,.T.);
#689=FACE_OUTER_BOUND('',#1029,.T.);
#690=FACE_OUTER_BOUND('',#1030,.T.);
#691=FACE_OUTER_BOUND('',#1031,.T.);
#692=FACE_OUTER_BOUND('',#1032,.T.);
#693=FACE_OUTER_BOUND('',#1033,.T.);
#694=FACE_OUTER_BOUND('',#1034,.T.);
#695=FACE_OUTER_BOUND('',#1035,.T.);
#696=FACE_OUTER_BOUND('',#1036,.T.);
#697=FACE_OUTER_BOUND('',#1037,.T.);
#698=FACE_OUTER_BOUND('',#1038,.T.);
#699=FACE_OUTER_BOUND('',#1039,.T.);
#700=FACE_OUTER_BOUND('',#1040,.T.);
#701=FACE_OUTER_BOUND('',#1041,.T.);
#702=FACE_OUTER_BOUND('',#1042,.T.);
#703=FACE_OUTER_BOUND('',#1043,.T.);
#704=FACE_OUTER_BOUND('',#1044,.T.);
#705=FACE_OUTER_BOUND('',#1045,.T.);
#706=FACE_OUTER_BOUND('',#1046,.T.);
#707=FACE_OUTER_BOUND('',#1047,.T.);
#708=FACE_OUTER_BOUND('',#1048,.T.);
#709=FACE_OUTER_BOUND('',#1049,.T.);
#710=FACE_OUTER_BOUND('',#1050,.T.);
#711=FACE_OUTER_BOUND('',#1051,.T.);
#712=FACE_OUTER_BOUND('',#1052,.T.);
#713=FACE_OUTER_BOUND('',#1053,.T.);
#714=FACE_OUTER_BOUND('',#1054,.T.);
#715=FACE_OUTER_BOUND('',#1055,.T.);
#716=FACE_OUTER_BOUND('',#1056,.T.);
#717=FACE_OUTER_BOUND('',#1057,.T.);
#718=FACE_OUTER_BOUND('',#1058,.T.);
#719=FACE_OUTER_BOUND('',#1059,.T.);
#720=FACE_OUTER_BOUND('',#1060,.T.);
#721=FACE_OUTER_BOUND('',#1061,.T.);
#722=FACE_OUTER_BOUND('',#1062,.T.);
#723=FACE_OUTER_BOUND('',#1063,.T.);
#724=FACE_OUTER_BOUND('',#1064,.T.);
#725=FACE_OUTER_BOUND('',#1065,.T.);
#726=FACE_OUTER_BOUND('',#1066,.T.);
#727=FACE_OUTER_BOUND('',#1067,.T.);
#728=FACE_OUTER_BOUND('',#1068,.T.);
#729=FACE_OUTER_BOUND('',#1069,.T.);
#730=FACE_OUTER_BOUND('',#1070,.T.);
#731=FACE_OUTER_BOUND('',#1071,.T.);
#732=FACE_OUTER_BOUND('',#1072,.T.);
#733=FACE_OUTER_BOUND('',#1073,.T.);
#734=FACE_OUTER_BOUND('',#1074,.T.);
#735=FACE_OUTER_BOUND('',#1075,.T.);
#736=FACE_OUTER_BOUND('',#1076,.T.);
#737=FACE_OUTER_BOUND('',#1077,.T.);
#738=FACE_OUTER_BOUND('',#1078,.T.);
#739=FACE_OUTER_BOUND('',#1079,.T.);
#740=FACE_OUTER_BOUND('',#1080,.T.);
#741=FACE_OUTER_BOUND('',#1081,.T.);
#742=FACE_OUTER_BOUND('',#1082,.T.);
#743=FACE_OUTER_BOUND('',#1083,.T.);
#744=FACE_OUTER_BOUND('',#1084,.T.);
#745=FACE_OUTER_BOUND('',#1085,.T.);
#746=FACE_OUTER_BOUND('',#1086,.T.);
#747=FACE_OUTER_BOUND('',#1087,.T.);
#748=FACE_OUTER_BOUND('',#1088,.T.);
#749=FACE_OUTER_BOUND('',#1089,.T.);
#750=FACE_OUTER_BOUND('',#1090,.T.);
#751=FACE_OUTER_BOUND('',#1091,.T.);
#752=FACE_OUTER_BOUND('',#1092,.T.);
#753=FACE_OUTER_BOUND('',#1093,.T.);
#754=FACE_OUTER_BOUND('',#1094,.T.);
#755=FACE_OUTER_BOUND('',#1095,.T.);
#756=FACE_OUTER_BOUND('',#1096,.T.);
#757=FACE_OUTER_BOUND('',#1097,.T.);
#758=FACE_OUTER_BOUND('',#1098,.T.);
#759=FACE_OUTER_BOUND('',#1099,.T.);
#760=FACE_OUTER_BOUND('',#1100,.T.);
#761=FACE_OUTER_BOUND('',#1101,.T.);
#762=FACE_OUTER_BOUND('',#1102,.T.);
#763=FACE_OUTER_BOUND('',#1103,.T.);
#764=FACE_OUTER_BOUND('',#1104,.T.);
#765=FACE_OUTER_BOUND('',#1105,.T.);
#766=FACE_OUTER_BOUND('',#1106,.T.);
#767=FACE_OUTER_BOUND('',#1107,.T.);
#768=FACE_OUTER_BOUND('',#1108,.T.);
#769=FACE_OUTER_BOUND('',#1109,.T.);
#770=FACE_OUTER_BOUND('',#1110,.T.);
#771=FACE_OUTER_BOUND('',#1111,.T.);
#772=FACE_OUTER_BOUND('',#1112,.T.);
#773=FACE_OUTER_BOUND('',#1113,.T.);
#774=FACE_OUTER_BOUND('',#1114,.T.);
#775=FACE_OUTER_BOUND('',#1115,.T.);
#776=FACE_OUTER_BOUND('',#1116,.T.);
#777=FACE_OUTER_BOUND('',#1117,.T.);
#778=FACE_OUTER_BOUND('',#1118,.T.);
#779=FACE_OUTER_BOUND('',#1119,.T.);
#780=FACE_OUTER_BOUND('',#1120,.T.);
#781=FACE_OUTER_BOUND('',#1121,.T.);
#782=FACE_OUTER_BOUND('',#1122,.T.);
#783=FACE_OUTER_BOUND('',#1124,.T.);
#784=FACE_OUTER_BOUND('',#1125,.T.);
#785=FACE_OUTER_BOUND('',#1126,.T.);
#786=FACE_OUTER_BOUND('',#1127,.T.);
#787=FACE_OUTER_BOUND('',#1128,.T.);
#788=FACE_OUTER_BOUND('',#1129,.T.);
#789=FACE_OUTER_BOUND('',#1130,.T.);
#790=FACE_OUTER_BOUND('',#1131,.T.);
#791=FACE_OUTER_BOUND('',#1132,.T.);
#792=FACE_OUTER_BOUND('',#1133,.T.);
#793=FACE_OUTER_BOUND('',#1134,.T.);
#794=FACE_OUTER_BOUND('',#1135,.T.);
#795=FACE_OUTER_BOUND('',#1136,.T.);
#796=FACE_OUTER_BOUND('',#1137,.T.);
#797=FACE_OUTER_BOUND('',#1138,.T.);
#798=FACE_OUTER_BOUND('',#1139,.T.);
#799=FACE_OUTER_BOUND('',#1140,.T.);
#800=FACE_OUTER_BOUND('',#1141,.T.);
#801=FACE_OUTER_BOUND('',#1142,.T.);
#802=FACE_OUTER_BOUND('',#1143,.T.);
#803=FACE_OUTER_BOUND('',#1144,.T.);
#804=FACE_OUTER_BOUND('',#1145,.T.);
#805=FACE_OUTER_BOUND('',#1146,.T.);
#806=FACE_OUTER_BOUND('',#1147,.T.);
#807=FACE_OUTER_BOUND('',#1148,.T.);
#808=FACE_OUTER_BOUND('',#1149,.T.);
#809=FACE_OUTER_BOUND('',#1150,.T.);
#810=FACE_OUTER_BOUND('',#1151,.T.);
#811=FACE_OUTER_BOUND('',#1152,.T.);
#812=FACE_OUTER_BOUND('',#1153,.T.);
#813=FACE_OUTER_BOUND('',#1154,.T.);
#814=FACE_OUTER_BOUND('',#1155,.T.);
#815=FACE_OUTER_BOUND('',#1156,.T.);
#816=FACE_OUTER_BOUND('',#1157,.T.);
#817=FACE_OUTER_BOUND('',#1158,.T.);
#818=FACE_OUTER_BOUND('',#1159,.T.);
#819=FACE_OUTER_BOUND('',#1160,.T.);
#820=FACE_OUTER_BOUND('',#1161,.T.);
#821=FACE_OUTER_BOUND('',#1162,.T.);
#822=FACE_OUTER_BOUND('',#1163,.T.);
#823=FACE_OUTER_BOUND('',#1164,.T.);
#824=FACE_OUTER_BOUND('',#1165,.T.);
#825=FACE_OUTER_BOUND('',#1166,.T.);
#826=FACE_OUTER_BOUND('',#1167,.T.);
#827=FACE_OUTER_BOUND('',#1168,.T.);
#828=FACE_OUTER_BOUND('',#1169,.T.);
#829=FACE_OUTER_BOUND('',#1171,.T.);
#830=FACE_OUTER_BOUND('',#1172,.T.);
#831=FACE_OUTER_BOUND('',#1173,.T.);
#832=FACE_OUTER_BOUND('',#1174,.T.);
#833=FACE_OUTER_BOUND('',#1175,.T.);
#834=FACE_OUTER_BOUND('',#1176,.T.);
#835=FACE_OUTER_BOUND('',#1177,.T.);
#836=FACE_OUTER_BOUND('',#1178,.T.);
#837=FACE_OUTER_BOUND('',#1179,.T.);
#838=FACE_OUTER_BOUND('',#1180,.T.);
#839=FACE_OUTER_BOUND('',#1181,.T.);
#840=FACE_OUTER_BOUND('',#1182,.T.);
#841=FACE_OUTER_BOUND('',#1183,.T.);
#842=FACE_OUTER_BOUND('',#1184,.T.);
#843=FACE_OUTER_BOUND('',#1185,.T.);
#844=FACE_OUTER_BOUND('',#1186,.T.);
#845=FACE_OUTER_BOUND('',#1187,.T.);
#846=FACE_OUTER_BOUND('',#1188,.T.);
#847=FACE_OUTER_BOUND('',#1189,.T.);
#848=FACE_OUTER_BOUND('',#1191,.T.);
#849=FACE_OUTER_BOUND('',#1192,.T.);
#850=FACE_OUTER_BOUND('',#1193,.T.);
#851=FACE_OUTER_BOUND('',#1194,.T.);
#852=FACE_OUTER_BOUND('',#1195,.T.);
#853=FACE_OUTER_BOUND('',#1196,.T.);
#854=FACE_OUTER_BOUND('',#1197,.T.);
#855=FACE_OUTER_BOUND('',#1198,.T.);
#856=FACE_OUTER_BOUND('',#1199,.T.);
#857=FACE_OUTER_BOUND('',#1200,.T.);
#858=FACE_OUTER_BOUND('',#1201,.T.);
#859=FACE_OUTER_BOUND('',#1202,.T.);
#860=FACE_OUTER_BOUND('',#1203,.T.);
#861=FACE_OUTER_BOUND('',#1204,.T.);
#862=FACE_OUTER_BOUND('',#1205,.T.);
#863=FACE_OUTER_BOUND('',#1206,.T.);
#864=FACE_OUTER_BOUND('',#1207,.T.);
#865=FACE_OUTER_BOUND('',#1208,.T.);
#866=FACE_OUTER_BOUND('',#1209,.T.);
#867=FACE_OUTER_BOUND('',#1210,.T.);
#868=FACE_OUTER_BOUND('',#1211,.T.);
#869=FACE_OUTER_BOUND('',#1212,.T.);
#870=FACE_OUTER_BOUND('',#1213,.T.);
#871=FACE_OUTER_BOUND('',#1214,.T.);
#872=FACE_OUTER_BOUND('',#1215,.T.);
#873=FACE_OUTER_BOUND('',#1216,.T.);
#874=FACE_OUTER_BOUND('',#1217,.T.);
#875=FACE_OUTER_BOUND('',#1218,.T.);
#876=FACE_OUTER_BOUND('',#1219,.T.);
#877=FACE_OUTER_BOUND('',#1220,.T.);
#878=FACE_OUTER_BOUND('',#1221,.T.);
#879=FACE_OUTER_BOUND('',#1222,.T.);
#880=FACE_OUTER_BOUND('',#1223,.T.);
#881=FACE_OUTER_BOUND('',#1224,.T.);
#882=FACE_OUTER_BOUND('',#1225,.T.);
#883=FACE_OUTER_BOUND('',#1226,.T.);
#884=FACE_OUTER_BOUND('',#1227,.T.);
#885=FACE_OUTER_BOUND('',#1228,.T.);
#886=FACE_OUTER_BOUND('',#1229,.T.);
#887=FACE_OUTER_BOUND('',#1230,.T.);
#888=FACE_OUTER_BOUND('',#1231,.T.);
#889=FACE_OUTER_BOUND('',#1232,.T.);
#890=FACE_OUTER_BOUND('',#1233,.T.);
#891=FACE_OUTER_BOUND('',#1234,.T.);
#892=FACE_OUTER_BOUND('',#1235,.T.);
#893=FACE_OUTER_BOUND('',#1236,.T.);
#894=FACE_OUTER_BOUND('',#1237,.T.);
#895=FACE_OUTER_BOUND('',#1238,.T.);
#896=FACE_OUTER_BOUND('',#1239,.T.);
#897=FACE_OUTER_BOUND('',#1240,.T.);
#898=FACE_OUTER_BOUND('',#1241,.T.);
#899=FACE_OUTER_BOUND('',#1242,.T.);
#900=FACE_OUTER_BOUND('',#1243,.T.);
#901=FACE_OUTER_BOUND('',#1244,.T.);
#902=FACE_OUTER_BOUND('',#1245,.T.);
#903=FACE_OUTER_BOUND('',#1246,.T.);
#904=FACE_OUTER_BOUND('',#1247,.T.);
#905=FACE_OUTER_BOUND('',#1249,.T.);
#906=FACE_OUTER_BOUND('',#1250,.T.);
#907=FACE_OUTER_BOUND('',#1251,.T.);
#908=FACE_OUTER_BOUND('',#1252,.T.);
#909=FACE_OUTER_BOUND('',#1253,.T.);
#910=FACE_OUTER_BOUND('',#1254,.T.);
#911=FACE_OUTER_BOUND('',#1255,.T.);
#912=FACE_OUTER_BOUND('',#1256,.T.);
#913=FACE_OUTER_BOUND('',#1257,.T.);
#914=FACE_OUTER_BOUND('',#1258,.T.);
#915=FACE_OUTER_BOUND('',#1259,.T.);
#916=FACE_OUTER_BOUND('',#1260,.T.);
#917=FACE_OUTER_BOUND('',#1261,.T.);
#918=FACE_OUTER_BOUND('',#1262,.T.);
#919=FACE_OUTER_BOUND('',#1263,.T.);
#920=FACE_OUTER_BOUND('',#1264,.T.);
#921=FACE_OUTER_BOUND('',#1265,.T.);
#922=FACE_OUTER_BOUND('',#1266,.T.);
#923=FACE_OUTER_BOUND('',#1267,.T.);
#924=FACE_OUTER_BOUND('',#1271,.T.);
#925=FACE_OUTER_BOUND('',#1272,.T.);
#926=EDGE_LOOP('',(#3788,#3789,#3790,#3791));
#927=EDGE_LOOP('',(#3792,#3793,#3794,#3795));
#928=EDGE_LOOP('',(#3796,#3797,#3798,#3799));
#929=EDGE_LOOP('',(#3800,#3801,#3802,#3803));
#930=EDGE_LOOP('',(#3804,#3805,#3806,#3807));
#931=EDGE_LOOP('',(#3808,#3809,#3810,#3811));
#932=EDGE_LOOP('',(#3812,#3813,#3814,#3815));
#933=EDGE_LOOP('',(#3816,#3817,#3818,#3819));
#934=EDGE_LOOP('',(#3820,#3821,#3822,#3823));
#935=EDGE_LOOP('',(#3824,#3825,#3826,#3827));
#936=EDGE_LOOP('',(#3828,#3829,#3830,#3831));
#937=EDGE_LOOP('',(#3832,#3833,#3834,#3835));
#938=EDGE_LOOP('',(#3836,#3837,#3838,#3839));
#939=EDGE_LOOP('',(#3840,#3841,#3842,#3843));
#940=EDGE_LOOP('',(#3844,#3845,#3846,#3847));
#941=EDGE_LOOP('',(#3848,#3849,#3850,#3851));
#942=EDGE_LOOP('',(#3852,#3853,#3854,#3855));
#943=EDGE_LOOP('',(#3856,#3857,#3858,#3859));
#944=EDGE_LOOP('',(#3860,#3861,#3862,#3863));
#945=EDGE_LOOP('',(#3864,#3865,#3866,#3867));
#946=EDGE_LOOP('',(#3868,#3869,#3870,#3871));
#947=EDGE_LOOP('',(#3872,#3873,#3874,#3875));
#948=EDGE_LOOP('',(#3876,#3877,#3878,#3879));
#949=EDGE_LOOP('',(#3880,#3881,#3882,#3883));
#950=EDGE_LOOP('',(#3884,#3885,#3886,#3887));
#951=EDGE_LOOP('',(#3888,#3889,#3890,#3891));
#952=EDGE_LOOP('',(#3892,#3893,#3894,#3895));
#953=EDGE_LOOP('',(#3896,#3897,#3898,#3899,#3900,#3901,#3902,#3903,#3904,
#3905,#3906,#3907,#3908,#3909,#3910,#3911,#3912,#3913,#3914));
#954=EDGE_LOOP('',(#3915,#3916,#3917,#3918,#3919,#3920,#3921,#3922));
#955=EDGE_LOOP('',(#3923,#3924,#3925,#3926));
#956=EDGE_LOOP('',(#3927,#3928,#3929,#3930,#3931,#3932,#3933,#3934,#3935,
#3936,#3937,#3938,#3939,#3940,#3941,#3942,#3943,#3944,#3945,#3946,#3947));
#957=EDGE_LOOP('',(#3948,#3949,#3950,#3951,#3952,#3953,#3954,#3955,#3956,
#3957,#3958,#3959,#3960,#3961,#3962,#3963,#3964,#3965,#3966,#3967,#3968,
#3969));
#958=EDGE_LOOP('',(#3970,#3971,#3972,#3973,#3974,#3975,#3976,#3977,#3978,
#3979,#3980,#3981,#3982,#3983,#3984,#3985,#3986,#3987,#3988,#3989,#3990,
#3991,#3992,#3993,#3994,#3995,#3996,#3997));
#959=EDGE_LOOP('',(#3998,#3999,#4000,#4001,#4002,#4003,#4004,#4005,#4006,
#4007,#4008,#4009,#4010,#4011,#4012,#4013,#4014,#4015,#4016));
#960=EDGE_LOOP('',(#4017,#4018,#4019,#4020,#4021,#4022,#4023,#4024,#4025,
#4026,#4027,#4028,#4029,#4030,#4031));
#961=EDGE_LOOP('',(#4032,#4033,#4034,#4035,#4036,#4037,#4038,#4039,#4040));
#962=EDGE_LOOP('',(#4041,#4042,#4043,#4044,#4045,#4046,#4047,#4048));
#963=EDGE_LOOP('',(#4049));
#964=EDGE_LOOP('',(#4050));
#965=EDGE_LOOP('',(#4051,#4052,#4053,#4054));
#966=EDGE_LOOP('',(#4055,#4056,#4057,#4058,#4059,#4060,#4061,#4062,#4063,
#4064,#4065,#4066,#4067,#4068,#4069,#4070,#4071,#4072));
#967=EDGE_LOOP('',(#4073,#4074,#4075,#4076,#4077,#4078,#4079,#4080,#4081,
#4082,#4083,#4084,#4085));
#968=EDGE_LOOP('',(#4086,#4087,#4088,#4089,#4090,#4091,#4092,#4093,#4094));
#969=EDGE_LOOP('',(#4095,#4096,#4097,#4098,#4099,#4100,#4101,#4102,#4103,
#4104,#4105,#4106,#4107,#4108,#4109,#4110,#4111,#4112,#4113,#4114));
#970=EDGE_LOOP('',(#4115,#4116,#4117,#4118,#4119,#4120,#4121,#4122,#4123,
#4124,#4125,#4126,#4127,#4128,#4129));
#971=EDGE_LOOP('',(#4130,#4131,#4132,#4133));
#972=EDGE_LOOP('',(#4134,#4135,#4136,#4137,#4138,#4139,#4140,#4141,#4142,
#4143,#4144,#4145,#4146,#4147,#4148,#4149,#4150,#4151));
#973=EDGE_LOOP('',(#4152,#4153,#4154,#4155,#4156,#4157,#4158,#4159,#4160,
#4161,#4162,#4163,#4164,#4165,#4166,#4167,#4168,#4169,#4170));
#974=EDGE_LOOP('',(#4171,#4172,#4173,#4174));
#975=EDGE_LOOP('',(#4175,#4176,#4177,#4178));
#976=EDGE_LOOP('',(#4179,#4180,#4181,#4182));
#977=EDGE_LOOP('',(#4183,#4184,#4185,#4186));
#978=EDGE_LOOP('',(#4187,#4188,#4189,#4190));
#979=EDGE_LOOP('',(#4191,#4192,#4193,#4194));
#980=EDGE_LOOP('',(#4195,#4196,#4197,#4198));
#981=EDGE_LOOP('',(#4199,#4200,#4201,#4202));
#982=EDGE_LOOP('',(#4203,#4204,#4205,#4206));
#983=EDGE_LOOP('',(#4207,#4208,#4209,#4210));
#984=EDGE_LOOP('',(#4211,#4212,#4213,#4214));
#985=EDGE_LOOP('',(#4215,#4216,#4217,#4218));
#986=EDGE_LOOP('',(#4219,#4220,#4221,#4222));
#987=EDGE_LOOP('',(#4223,#4224,#4225,#4226));
#988=EDGE_LOOP('',(#4227,#4228,#4229,#4230));
#989=EDGE_LOOP('',(#4231,#4232,#4233,#4234));
#990=EDGE_LOOP('',(#4235,#4236,#4237,#4238));
#991=EDGE_LOOP('',(#4239,#4240,#4241,#4242));
#992=EDGE_LOOP('',(#4243,#4244,#4245,#4246,#4247,#4248,#4249,#4250,#4251,
#4252,#4253,#4254,#4255,#4256,#4257,#4258,#4259,#4260));
#993=EDGE_LOOP('',(#4261,#4262,#4263,#4264));
#994=EDGE_LOOP('',(#4265,#4266,#4267,#4268));
#995=EDGE_LOOP('',(#4269,#4270,#4271,#4272));
#996=EDGE_LOOP('',(#4273,#4274,#4275,#4276));
#997=EDGE_LOOP('',(#4277,#4278,#4279,#4280));
#998=EDGE_LOOP('',(#4281,#4282,#4283,#4284));
#999=EDGE_LOOP('',(#4285,#4286,#4287,#4288));
#1000=EDGE_LOOP('',(#4289,#4290,#4291,#4292));
#1001=EDGE_LOOP('',(#4293,#4294,#4295,#4296));
#1002=EDGE_LOOP('',(#4297,#4298,#4299,#4300));
#1003=EDGE_LOOP('',(#4301,#4302,#4303,#4304));
#1004=EDGE_LOOP('',(#4305,#4306,#4307,#4308));
#1005=EDGE_LOOP('',(#4309,#4310,#4311,#4312));
#1006=EDGE_LOOP('',(#4313,#4314,#4315,#4316));
#1007=EDGE_LOOP('',(#4317,#4318,#4319,#4320));
#1008=EDGE_LOOP('',(#4321,#4322,#4323,#4324));
#1009=EDGE_LOOP('',(#4325,#4326,#4327,#4328));
#1010=EDGE_LOOP('',(#4329,#4330,#4331,#4332));
#1011=EDGE_LOOP('',(#4333,#4334,#4335,#4336));
#1012=EDGE_LOOP('',(#4337,#4338,#4339,#4340));
#1013=EDGE_LOOP('',(#4341,#4342,#4343,#4344));
#1014=EDGE_LOOP('',(#4345,#4346,#4347,#4348));
#1015=EDGE_LOOP('',(#4349,#4350,#4351,#4352));
#1016=EDGE_LOOP('',(#4353,#4354,#4355,#4356));
#1017=EDGE_LOOP('',(#4357,#4358,#4359,#4360));
#1018=EDGE_LOOP('',(#4361,#4362,#4363,#4364));
#1019=EDGE_LOOP('',(#4365,#4366,#4367,#4368));
#1020=EDGE_LOOP('',(#4369,#4370,#4371,#4372));
#1021=EDGE_LOOP('',(#4373,#4374,#4375,#4376));
#1022=EDGE_LOOP('',(#4377,#4378,#4379,#4380));
#1023=EDGE_LOOP('',(#4381,#4382,#4383,#4384));
#1024=EDGE_LOOP('',(#4385,#4386,#4387,#4388));
#1025=EDGE_LOOP('',(#4389,#4390,#4391,#4392));
#1026=EDGE_LOOP('',(#4393,#4394,#4395,#4396));
#1027=EDGE_LOOP('',(#4397,#4398,#4399,#4400,#4401,#4402,#4403,#4404,#4405,
#4406,#4407,#4408,#4409,#4410,#4411,#4412,#4413,#4414,#4415,#4416,#4417));
#1028=EDGE_LOOP('',(#4418,#4419,#4420,#4421,#4422,#4423,#4424,#4425));
#1029=EDGE_LOOP('',(#4426,#4427,#4428,#4429,#4430,#4431,#4432,#4433));
#1030=EDGE_LOOP('',(#4434,#4435,#4436,#4437));
#1031=EDGE_LOOP('',(#4438,#4439,#4440,#4441));
#1032=EDGE_LOOP('',(#4442,#4443,#4444,#4445));
#1033=EDGE_LOOP('',(#4446,#4447,#4448,#4449));
#1034=EDGE_LOOP('',(#4450,#4451,#4452,#4453));
#1035=EDGE_LOOP('',(#4454,#4455,#4456,#4457));
#1036=EDGE_LOOP('',(#4458,#4459,#4460,#4461));
#1037=EDGE_LOOP('',(#4462,#4463,#4464,#4465));
#1038=EDGE_LOOP('',(#4466,#4467,#4468,#4469));
#1039=EDGE_LOOP('',(#4470,#4471,#4472,#4473));
#1040=EDGE_LOOP('',(#4474,#4475,#4476,#4477));
#1041=EDGE_LOOP('',(#4478,#4479,#4480,#4481));
#1042=EDGE_LOOP('',(#4482,#4483,#4484,#4485));
#1043=EDGE_LOOP('',(#4486,#4487,#4488,#4489));
#1044=EDGE_LOOP('',(#4490,#4491,#4492,#4493));
#1045=EDGE_LOOP('',(#4494,#4495,#4496,#4497));
#1046=EDGE_LOOP('',(#4498,#4499,#4500,#4501));
#1047=EDGE_LOOP('',(#4502,#4503,#4504,#4505));
#1048=EDGE_LOOP('',(#4506,#4507,#4508,#4509));
#1049=EDGE_LOOP('',(#4510,#4511,#4512,#4513));
#1050=EDGE_LOOP('',(#4514,#4515,#4516,#4517));
#1051=EDGE_LOOP('',(#4518,#4519,#4520,#4521));
#1052=EDGE_LOOP('',(#4522,#4523,#4524,#4525,#4526,#4527,#4528,#4529,#4530,
#4531,#4532,#4533,#4534,#4535,#4536,#4537,#4538,#4539,#4540,#4541,#4542,
#4543));
#1053=EDGE_LOOP('',(#4544,#4545,#4546,#4547));
#1054=EDGE_LOOP('',(#4548,#4549,#4550,#4551));
#1055=EDGE_LOOP('',(#4552,#4553,#4554,#4555));
#1056=EDGE_LOOP('',(#4556,#4557,#4558,#4559));
#1057=EDGE_LOOP('',(#4560,#4561,#4562,#4563));
#1058=EDGE_LOOP('',(#4564,#4565,#4566,#4567));
#1059=EDGE_LOOP('',(#4568,#4569,#4570,#4571));
#1060=EDGE_LOOP('',(#4572,#4573,#4574,#4575));
#1061=EDGE_LOOP('',(#4576,#4577,#4578,#4579));
#1062=EDGE_LOOP('',(#4580,#4581,#4582,#4583));
#1063=EDGE_LOOP('',(#4584,#4585,#4586,#4587));
#1064=EDGE_LOOP('',(#4588,#4589,#4590,#4591));
#1065=EDGE_LOOP('',(#4592,#4593,#4594,#4595));
#1066=EDGE_LOOP('',(#4596,#4597,#4598,#4599));
#1067=EDGE_LOOP('',(#4600,#4601,#4602,#4603));
#1068=EDGE_LOOP('',(#4604,#4605,#4606,#4607));
#1069=EDGE_LOOP('',(#4608,#4609,#4610,#4611));
#1070=EDGE_LOOP('',(#4612,#4613,#4614,#4615));
#1071=EDGE_LOOP('',(#4616,#4617,#4618,#4619));
#1072=EDGE_LOOP('',(#4620,#4621,#4622,#4623));
#1073=EDGE_LOOP('',(#4624,#4625,#4626,#4627));
#1074=EDGE_LOOP('',(#4628,#4629,#4630,#4631));
#1075=EDGE_LOOP('',(#4632,#4633,#4634,#4635));
#1076=EDGE_LOOP('',(#4636,#4637,#4638,#4639));
#1077=EDGE_LOOP('',(#4640,#4641,#4642,#4643));
#1078=EDGE_LOOP('',(#4644,#4645,#4646,#4647));
#1079=EDGE_LOOP('',(#4648,#4649,#4650,#4651));
#1080=EDGE_LOOP('',(#4652,#4653,#4654,#4655));
#1081=EDGE_LOOP('',(#4656,#4657,#4658,#4659,#4660,#4661,#4662,#4663,#4664,
#4665,#4666,#4667,#4668,#4669,#4670,#4671,#4672,#4673,#4674,#4675,#4676,
#4677,#4678,#4679,#4680,#4681,#4682,#4683));
#1082=EDGE_LOOP('',(#4684,#4685,#4686,#4687));
#1083=EDGE_LOOP('',(#4688,#4689,#4690,#4691));
#1084=EDGE_LOOP('',(#4692,#4693,#4694,#4695));
#1085=EDGE_LOOP('',(#4696,#4697,#4698,#4699));
#1086=EDGE_LOOP('',(#4700,#4701,#4702,#4703));
#1087=EDGE_LOOP('',(#4704,#4705,#4706,#4707));
#1088=EDGE_LOOP('',(#4708,#4709,#4710,#4711));
#1089=EDGE_LOOP('',(#4712,#4713,#4714,#4715));
#1090=EDGE_LOOP('',(#4716,#4717,#4718,#4719));
#1091=EDGE_LOOP('',(#4720,#4721,#4722,#4723));
#1092=EDGE_LOOP('',(#4724,#4725,#4726,#4727));
#1093=EDGE_LOOP('',(#4728,#4729,#4730,#4731));
#1094=EDGE_LOOP('',(#4732,#4733,#4734,#4735));
#1095=EDGE_LOOP('',(#4736,#4737,#4738,#4739));
#1096=EDGE_LOOP('',(#4740,#4741,#4742,#4743));
#1097=EDGE_LOOP('',(#4744,#4745,#4746,#4747));
#1098=EDGE_LOOP('',(#4748,#4749,#4750,#4751));
#1099=EDGE_LOOP('',(#4752,#4753,#4754,#4755));
#1100=EDGE_LOOP('',(#4756,#4757,#4758,#4759));
#1101=EDGE_LOOP('',(#4760,#4761,#4762,#4763,#4764,#4765,#4766,#4767,#4768,
#4769,#4770,#4771,#4772,#4773,#4774,#4775,#4776,#4777,#4778));
#1102=EDGE_LOOP('',(#4779,#4780,#4781,#4782));
#1103=EDGE_LOOP('',(#4783,#4784,#4785,#4786));
#1104=EDGE_LOOP('',(#4787,#4788,#4789,#4790));
#1105=EDGE_LOOP('',(#4791,#4792,#4793,#4794));
#1106=EDGE_LOOP('',(#4795,#4796,#4797,#4798));
#1107=EDGE_LOOP('',(#4799,#4800,#4801,#4802));
#1108=EDGE_LOOP('',(#4803,#4804,#4805,#4806));
#1109=EDGE_LOOP('',(#4807,#4808,#4809,#4810));
#1110=EDGE_LOOP('',(#4811,#4812,#4813,#4814));
#1111=EDGE_LOOP('',(#4815,#4816,#4817,#4818));
#1112=EDGE_LOOP('',(#4819,#4820,#4821,#4822));
#1113=EDGE_LOOP('',(#4823,#4824,#4825,#4826));
#1114=EDGE_LOOP('',(#4827,#4828,#4829,#4830));
#1115=EDGE_LOOP('',(#4831,#4832,#4833,#4834));
#1116=EDGE_LOOP('',(#4835,#4836,#4837,#4838));
#1117=EDGE_LOOP('',(#4839,#4840,#4841,#4842));
#1118=EDGE_LOOP('',(#4843,#4844,#4845,#4846));
#1119=EDGE_LOOP('',(#4847,#4848,#4849,#4850));
#1120=EDGE_LOOP('',(#4851,#4852,#4853,#4854));
#1121=EDGE_LOOP('',(#4855,#4856,#4857,#4858));
#1122=EDGE_LOOP('',(#4859,#4860,#4861,#4862,#4863,#4864,#4865,#4866,#4867,
#4868,#4869,#4870,#4871,#4872,#4873));
#1123=EDGE_LOOP('',(#4874,#4875,#4876,#4877,#4878));
#1124=EDGE_LOOP('',(#4879,#4880,#4881,#4882,#4883,#4884,#4885,#4886));
#1125=EDGE_LOOP('',(#4887,#4888,#4889,#4890));
#1126=EDGE_LOOP('',(#4891,#4892,#4893,#4894));
#1127=EDGE_LOOP('',(#4895,#4896,#4897,#4898));
#1128=EDGE_LOOP('',(#4899,#4900,#4901,#4902));
#1129=EDGE_LOOP('',(#4903,#4904,#4905,#4906));
#1130=EDGE_LOOP('',(#4907,#4908,#4909,#4910));
#1131=EDGE_LOOP('',(#4911,#4912,#4913,#4914));
#1132=EDGE_LOOP('',(#4915,#4916,#4917,#4918));
#1133=EDGE_LOOP('',(#4919,#4920,#4921,#4922));
#1134=EDGE_LOOP('',(#4923,#4924,#4925,#4926));
#1135=EDGE_LOOP('',(#4927,#4928,#4929,#4930));
#1136=EDGE_LOOP('',(#4931,#4932,#4933,#4934));
#1137=EDGE_LOOP('',(#4935,#4936,#4937,#4938));
#1138=EDGE_LOOP('',(#4939,#4940,#4941,#4942));
#1139=EDGE_LOOP('',(#4943,#4944,#4945,#4946));
#1140=EDGE_LOOP('',(#4947,#4948,#4949,#4950));
#1141=EDGE_LOOP('',(#4951,#4952,#4953,#4954));
#1142=EDGE_LOOP('',(#4955,#4956,#4957,#4958));
#1143=EDGE_LOOP('',(#4959,#4960,#4961,#4962));
#1144=EDGE_LOOP('',(#4963,#4964,#4965,#4966));
#1145=EDGE_LOOP('',(#4967,#4968,#4969,#4970,#4971,#4972,#4973,#4974,#4975,
#4976,#4977,#4978,#4979,#4980,#4981,#4982,#4983,#4984,#4985,#4986));
#1146=EDGE_LOOP('',(#4987,#4988,#4989,#4990));
#1147=EDGE_LOOP('',(#4991,#4992,#4993,#4994));
#1148=EDGE_LOOP('',(#4995,#4996,#4997,#4998));
#1149=EDGE_LOOP('',(#4999,#5000,#5001,#5002));
#1150=EDGE_LOOP('',(#5003,#5004,#5005,#5006));
#1151=EDGE_LOOP('',(#5007,#5008,#5009,#5010));
#1152=EDGE_LOOP('',(#5011,#5012,#5013,#5014));
#1153=EDGE_LOOP('',(#5015,#5016,#5017,#5018));
#1154=EDGE_LOOP('',(#5019,#5020,#5021,#5022));
#1155=EDGE_LOOP('',(#5023,#5024,#5025,#5026));
#1156=EDGE_LOOP('',(#5027,#5028,#5029,#5030));
#1157=EDGE_LOOP('',(#5031,#5032,#5033,#5034));
#1158=EDGE_LOOP('',(#5035,#5036,#5037,#5038));
#1159=EDGE_LOOP('',(#5039,#5040,#5041,#5042));
#1160=EDGE_LOOP('',(#5043,#5044,#5045,#5046));
#1161=EDGE_LOOP('',(#5047,#5048,#5049,#5050));
#1162=EDGE_LOOP('',(#5051,#5052,#5053,#5054));
#1163=EDGE_LOOP('',(#5055,#5056,#5057,#5058));
#1164=EDGE_LOOP('',(#5059,#5060,#5061,#5062));
#1165=EDGE_LOOP('',(#5063,#5064,#5065,#5066));
#1166=EDGE_LOOP('',(#5067,#5068,#5069,#5070));
#1167=EDGE_LOOP('',(#5071,#5072,#5073,#5074));
#1168=EDGE_LOOP('',(#5075,#5076,#5077,#5078));
#1169=EDGE_LOOP('',(#5079,#5080,#5081,#5082,#5083,#5084,#5085,#5086,#5087,
#5088,#5089,#5090,#5091,#5092,#5093));
#1170=EDGE_LOOP('',(#5094,#5095,#5096,#5097,#5098,#5099,#5100,#5101));
#1171=EDGE_LOOP('',(#5102,#5103,#5104,#5105,#5106));
#1172=EDGE_LOOP('',(#5107,#5108,#5109,#5110));
#1173=EDGE_LOOP('',(#5111,#5112,#5113,#5114));
#1174=EDGE_LOOP('',(#5115,#5116,#5117,#5118));
#1175=EDGE_LOOP('',(#5119,#5120,#5121,#5122));
#1176=EDGE_LOOP('',(#5123,#5124,#5125,#5126));
#1177=EDGE_LOOP('',(#5127,#5128,#5129,#5130));
#1178=EDGE_LOOP('',(#5131,#5132,#5133,#5134));
#1179=EDGE_LOOP('',(#5135,#5136,#5137,#5138));
#1180=EDGE_LOOP('',(#5139,#5140,#5141,#5142));
#1181=EDGE_LOOP('',(#5143,#5144,#5145,#5146));
#1182=EDGE_LOOP('',(#5147,#5148,#5149,#5150));
#1183=EDGE_LOOP('',(#5151,#5152,#5153,#5154));
#1184=EDGE_LOOP('',(#5155,#5156,#5157,#5158));
#1185=EDGE_LOOP('',(#5159,#5160,#5161,#5162));
#1186=EDGE_LOOP('',(#5163,#5164,#5165,#5166));
#1187=EDGE_LOOP('',(#5167,#5168,#5169,#5170));
#1188=EDGE_LOOP('',(#5171,#5172,#5173,#5174));
#1189=EDGE_LOOP('',(#5175,#5176,#5177,#5178,#5179,#5180,#5181,#5182,#5183));
#1190=EDGE_LOOP('',(#5184,#5185,#5186,#5187,#5188,#5189,#5190,#5191));
#1191=EDGE_LOOP('',(#5192,#5193,#5194,#5195,#5196,#5197,#5198,#5199));
#1192=EDGE_LOOP('',(#5200,#5201,#5202,#5203));
#1193=EDGE_LOOP('',(#5204,#5205,#5206,#5207));
#1194=EDGE_LOOP('',(#5208,#5209,#5210,#5211));
#1195=EDGE_LOOP('',(#5212,#5213,#5214,#5215));
#1196=EDGE_LOOP('',(#5216,#5217,#5218,#5219));
#1197=EDGE_LOOP('',(#5220,#5221,#5222,#5223));
#1198=EDGE_LOOP('',(#5224,#5225,#5226,#5227));
#1199=EDGE_LOOP('',(#5228,#5229,#5230,#5231));
#1200=EDGE_LOOP('',(#5232,#5233,#5234,#5235));
#1201=EDGE_LOOP('',(#5236,#5237,#5238,#5239));
#1202=EDGE_LOOP('',(#5240,#5241,#5242,#5243));
#1203=EDGE_LOOP('',(#5244,#5245,#5246,#5247));
#1204=EDGE_LOOP('',(#5248,#5249,#5250,#5251));
#1205=EDGE_LOOP('',(#5252,#5253,#5254,#5255,#5256,#5257,#5258,#5259,#5260,
#5261,#5262,#5263,#5264));
#1206=EDGE_LOOP('',(#5265,#5266,#5267,#5268));
#1207=EDGE_LOOP('',(#5269,#5270,#5271,#5272));
#1208=EDGE_LOOP('',(#5273,#5274,#5275,#5276));
#1209=EDGE_LOOP('',(#5277,#5278,#5279,#5280));
#1210=EDGE_LOOP('',(#5281,#5282,#5283,#5284));
#1211=EDGE_LOOP('',(#5285,#5286,#5287,#5288));
#1212=EDGE_LOOP('',(#5289,#5290,#5291,#5292));
#1213=EDGE_LOOP('',(#5293,#5294,#5295,#5296));
#1214=EDGE_LOOP('',(#5297,#5298,#5299,#5300));
#1215=EDGE_LOOP('',(#5301,#5302,#5303,#5304));
#1216=EDGE_LOOP('',(#5305,#5306,#5307,#5308));
#1217=EDGE_LOOP('',(#5309,#5310,#5311,#5312));
#1218=EDGE_LOOP('',(#5313,#5314,#5315,#5316));
#1219=EDGE_LOOP('',(#5317,#5318,#5319,#5320));
#1220=EDGE_LOOP('',(#5321,#5322,#5323,#5324));
#1221=EDGE_LOOP('',(#5325,#5326,#5327,#5328));
#1222=EDGE_LOOP('',(#5329,#5330,#5331,#5332));
#1223=EDGE_LOOP('',(#5333,#5334,#5335,#5336));
#1224=EDGE_LOOP('',(#5337,#5338,#5339,#5340,#5341,#5342,#5343,#5344,#5345,
#5346,#5347,#5348,#5349,#5350,#5351,#5352,#5353,#5354));
#1225=EDGE_LOOP('',(#5355,#5356,#5357,#5358));
#1226=EDGE_LOOP('',(#5359,#5360,#5361,#5362));
#1227=EDGE_LOOP('',(#5363,#5364,#5365,#5366));
#1228=EDGE_LOOP('',(#5367,#5368,#5369,#5370));
#1229=EDGE_LOOP('',(#5371,#5372,#5373,#5374));
#1230=EDGE_LOOP('',(#5375,#5376,#5377,#5378));
#1231=EDGE_LOOP('',(#5379,#5380,#5381,#5382));
#1232=EDGE_LOOP('',(#5383,#5384,#5385,#5386));
#1233=EDGE_LOOP('',(#5387,#5388,#5389,#5390));
#1234=EDGE_LOOP('',(#5391,#5392,#5393,#5394));
#1235=EDGE_LOOP('',(#5395,#5396,#5397,#5398));
#1236=EDGE_LOOP('',(#5399,#5400,#5401,#5402));
#1237=EDGE_LOOP('',(#5403,#5404,#5405,#5406));
#1238=EDGE_LOOP('',(#5407,#5408,#5409,#5410));
#1239=EDGE_LOOP('',(#5411,#5412,#5413,#5414));
#1240=EDGE_LOOP('',(#5415,#5416,#5417,#5418));
#1241=EDGE_LOOP('',(#5419,#5420,#5421,#5422));
#1242=EDGE_LOOP('',(#5423,#5424,#5425,#5426));
#1243=EDGE_LOOP('',(#5427,#5428,#5429,#5430));
#1244=EDGE_LOOP('',(#5431,#5432,#5433,#5434));
#1245=EDGE_LOOP('',(#5435,#5436,#5437,#5438));
#1246=EDGE_LOOP('',(#5439,#5440,#5441,#5442));
#1247=EDGE_LOOP('',(#5443,#5444,#5445,#5446,#5447,#5448,#5449,#5450,#5451));
#1248=EDGE_LOOP('',(#5452,#5453,#5454,#5455,#5456,#5457,#5458,#5459));
#1249=EDGE_LOOP('',(#5460,#5461,#5462,#5463,#5464,#5465,#5466,#5467));
#1250=EDGE_LOOP('',(#5468,#5469,#5470,#5471));
#1251=EDGE_LOOP('',(#5472,#5473,#5474,#5475));
#1252=EDGE_LOOP('',(#5476,#5477,#5478,#5479));
#1253=EDGE_LOOP('',(#5480,#5481,#5482,#5483,#5484,#5485,#5486,#5487));
#1254=EDGE_LOOP('',(#5488,#5489,#5490,#5491,#5492,#5493,#5494,#5495));
#1255=EDGE_LOOP('',(#5496,#5497,#5498,#5499));
#1256=EDGE_LOOP('',(#5500,#5501,#5502,#5503));
#1257=EDGE_LOOP('',(#5504,#5505,#5506,#5507));
#1258=EDGE_LOOP('',(#5508,#5509,#5510,#5511));
#1259=EDGE_LOOP('',(#5512,#5513,#5514,#5515));
#1260=EDGE_LOOP('',(#5516,#5517,#5518,#5519));
#1261=EDGE_LOOP('',(#5520,#5521,#5522,#5523));
#1262=EDGE_LOOP('',(#5524,#5525,#5526,#5527));
#1263=EDGE_LOOP('',(#5528,#5529,#5530,#5531,#5532,#5533,#5534,#5535));
#1264=EDGE_LOOP('',(#5536,#5537,#5538,#5539));
#1265=EDGE_LOOP('',(#5540,#5541,#5542,#5543));
#1266=EDGE_LOOP('',(#5544,#5545,#5546,#5547));
#1267=EDGE_LOOP('',(#5548,#5549,#5550,#5551));
#1268=EDGE_LOOP('',(#5552,#5553,#5554,#5555,#5556,#5557,#5558,#5559));
#1269=EDGE_LOOP('',(#5560));
#1270=EDGE_LOOP('',(#5561));
#1271=EDGE_LOOP('',(#5562,#5563,#5564,#5565));
#1272=EDGE_LOOP('',(#5566,#5567,#5568,#5569));
#1273=LINE('',#6989,#1788);
#1274=LINE('',#6991,#1789);
#1275=LINE('',#6993,#1790);
#1276=LINE('',#6994,#1791);
#1277=LINE('',#7017,#1792);
#1278=LINE('',#7040,#1793);
#1279=LINE('',#7063,#1794);
#1280=LINE('',#7086,#1795);
#1281=LINE('',#7109,#1796);
#1282=LINE('',#7112,#1797);
#1283=LINE('',#7114,#1798);
#1284=LINE('',#7115,#1799);
#1285=LINE('',#7117,#1800);
#1286=LINE('',#7118,#1801);
#1287=LINE('',#7122,#1802);
#1288=LINE('',#7124,#1803);
#1289=LINE('',#7126,#1804);
#1290=LINE('',#7127,#1805);
#1291=LINE('',#7130,#1806);
#1292=LINE('',#7132,#1807);
#1293=LINE('',#7133,#1808);
#1294=LINE('',#7156,#1809);
#1295=LINE('',#7179,#1810);
#1296=LINE('',#7202,#1811);
#1297=LINE('',#7225,#1812);
#1298=LINE('',#7248,#1813);
#1299=LINE('',#7271,#1814);
#1300=LINE('',#7294,#1815);
#1301=LINE('',#7297,#1816);
#1302=LINE('',#7299,#1817);
#1303=LINE('',#7300,#1818);
#1304=LINE('',#7303,#1819);
#1305=LINE('',#7305,#1820);
#1306=LINE('',#7306,#1821);
#1307=LINE('',#7309,#1822);
#1308=LINE('',#7311,#1823);
#1309=LINE('',#7312,#1824);
#1310=LINE('',#7335,#1825);
#1311=LINE('',#7358,#1826);
#1312=LINE('',#7381,#1827);
#1313=LINE('',#7404,#1828);
#1314=LINE('',#7407,#1829);
#1315=LINE('',#7409,#1830);
#1316=LINE('',#7410,#1831);
#1317=LINE('',#7413,#1832);
#1318=LINE('',#7415,#1833);
#1319=LINE('',#7416,#1834);
#1320=LINE('',#7418,#1835);
#1321=LINE('',#7419,#1836);
#1322=LINE('',#7424,#1837);
#1323=LINE('',#7426,#1838);
#1324=LINE('',#7428,#1839);
#1325=LINE('',#7429,#1840);
#1326=LINE('',#7432,#1841);
#1327=LINE('',#7506,#1842);
#1328=LINE('',#7508,#1843);
#1329=LINE('',#7510,#1844);
#1330=LINE('',#7542,#1845);
#1331=LINE('',#7604,#1846);
#1332=LINE('',#7666,#1847);
#1333=LINE('',#7668,#1848);
#1334=LINE('',#7670,#1849);
#1335=LINE('',#7714,#1850);
#1336=LINE('',#7716,#1851);
#1337=LINE('',#7718,#1852);
#1338=LINE('',#7750,#1853);
#1339=LINE('',#7752,#1854);
#1340=LINE('',#7754,#1855);
#1341=LINE('',#7786,#1856);
#1342=LINE('',#7787,#1857);
#1343=LINE('',#7790,#1858);
#1344=LINE('',#7822,#1859);
#1345=LINE('',#7824,#1860);
#1346=LINE('',#7826,#1861);
#1347=LINE('',#7864,#1862);
#1348=LINE('',#7866,#1863);
#1349=LINE('',#7868,#1864);
#1350=LINE('',#7869,#1865);
#1351=LINE('',#7872,#1866);
#1352=LINE('',#7874,#1867);
#1353=LINE('',#7876,#1868);
#1354=LINE('',#7938,#1869);
#1355=LINE('',#7939,#1870);
#1356=LINE('',#7998,#1871);
#1357=LINE('',#8000,#1872);
#1358=LINE('',#8002,#1873);
#1359=LINE('',#8004,#1874);
#1360=LINE('',#8006,#1875);
#1361=LINE('',#8009,#1876);
#1362=LINE('',#8016,#1877);
#1363=LINE('',#8018,#1878);
#1364=LINE('',#8020,#1879);
#1365=LINE('',#8021,#1880);
#1366=LINE('',#8024,#1881);
#1367=LINE('',#8026,#1882);
#1368=LINE('',#8028,#1883);
#1369=LINE('',#8060,#1884);
#1370=LINE('',#8062,#1885);
#1371=LINE('',#8064,#1886);
#1372=LINE('',#8096,#1887);
#1373=LINE('',#8097,#1888);
#1374=LINE('',#8100,#1889);
#1375=LINE('',#8102,#1890);
#1376=LINE('',#8104,#1891);
#1377=LINE('',#8124,#1892);
#1378=LINE('',#8150,#1893);
#1379=LINE('',#8151,#1894);
#1380=LINE('',#8208,#1895);
#1381=LINE('',#8234,#1896);
#1382=LINE('',#8236,#1897);
#1383=LINE('',#8238,#1898);
#1384=LINE('',#8240,#1899);
#1385=LINE('',#8242,#1900);
#1386=LINE('',#8244,#1901);
#1387=LINE('',#8246,#1902);
#1388=LINE('',#8248,#1903);
#1389=LINE('',#8250,#1904);
#1390=LINE('',#8252,#1905);
#1391=LINE('',#8254,#1906);
#1392=LINE('',#8280,#1907);
#1393=LINE('',#8336,#1908);
#1394=LINE('',#8362,#1909);
#1395=LINE('',#8364,#1910);
#1396=LINE('',#8366,#1911);
#1397=LINE('',#8367,#1912);
#1398=LINE('',#8370,#1913);
#1399=LINE('',#8372,#1914);
#1400=LINE('',#8374,#1915);
#1401=LINE('',#8376,#1916);
#1402=LINE('',#8384,#1917);
#1403=LINE('',#8386,#1918);
#1404=LINE('',#8388,#1919);
#1405=LINE('',#8390,#1920);
#1406=LINE('',#8392,#1921);
#1407=LINE('',#8394,#1922);
#1408=LINE('',#8396,#1923);
#1409=LINE('',#8398,#1924);
#1410=LINE('',#8400,#1925);
#1411=LINE('',#8402,#1926);
#1412=LINE('',#8404,#1927);
#1413=LINE('',#8406,#1928);
#1414=LINE('',#8407,#1929);
#1415=LINE('',#8410,#1930);
#1416=LINE('',#8412,#1931);
#1417=LINE('',#8413,#1932);
#1418=LINE('',#8416,#1933);
#1419=LINE('',#8417,#1934);
#1420=LINE('',#8420,#1935);
#1421=LINE('',#8421,#1936);
#1422=LINE('',#8424,#1937);
#1423=LINE('',#8425,#1938);
#1424=LINE('',#8442,#1939);
#1425=LINE('',#8445,#1940);
#1426=LINE('',#8446,#1941);
#1427=LINE('',#8449,#1942);
#1428=LINE('',#8450,#1943);
#1429=LINE('',#8453,#1944);
#1430=LINE('',#8454,#1945);
#1431=LINE('',#8457,#1946);
#1432=LINE('',#8458,#1947);
#1433=LINE('',#8461,#1948);
#1434=LINE('',#8462,#1949);
#1435=LINE('',#8465,#1950);
#1436=LINE('',#8466,#1951);
#1437=LINE('',#8469,#1952);
#1438=LINE('',#8470,#1953);
#1439=LINE('',#8473,#1954);
#1440=LINE('',#8474,#1955);
#1441=LINE('',#8477,#1956);
#1442=LINE('',#8478,#1957);
#1443=LINE('',#8481,#1958);
#1444=LINE('',#8482,#1959);
#1445=LINE('',#8485,#1960);
#1446=LINE('',#8486,#1961);
#1447=LINE('',#8489,#1962);
#1448=LINE('',#8490,#1963);
#1449=LINE('',#8492,#1964);
#1450=LINE('',#8496,#1965);
#1451=LINE('',#8498,#1966);
#1452=LINE('',#8499,#1967);
#1453=LINE('',#8502,#1968);
#1454=LINE('',#8503,#1969);
#1455=LINE('',#8506,#1970);
#1456=LINE('',#8507,#1971);
#1457=LINE('',#8509,#1972);
#1458=LINE('',#8529,#1973);
#1459=LINE('',#8536,#1974);
#1460=LINE('',#8559,#1975);
#1461=LINE('',#8582,#1976);
#1462=LINE('',#8605,#1977);
#1463=LINE('',#8628,#1978);
#1464=LINE('',#8651,#1979);
#1465=LINE('',#8674,#1980);
#1466=LINE('',#8697,#1981);
#1467=LINE('',#8699,#1982);
#1468=LINE('',#8700,#1983);
#1469=LINE('',#8717,#1984);
#1470=LINE('',#8734,#1985);
#1471=LINE('',#8751,#1986);
#1472=LINE('',#8768,#1987);
#1473=LINE('',#8785,#1988);
#1474=LINE('',#8802,#1989);
#1475=LINE('',#8819,#1990);
#1476=LINE('',#8836,#1991);
#1477=LINE('',#8853,#1992);
#1478=LINE('',#8870,#1993);
#1479=LINE('',#8887,#1994);
#1480=LINE('',#8904,#1995);
#1481=LINE('',#8907,#1996);
#1482=LINE('',#8908,#1997);
#1483=LINE('',#8911,#1998);
#1484=LINE('',#8912,#1999);
#1485=LINE('',#8915,#2000);
#1486=LINE('',#8916,#2001);
#1487=LINE('',#8933,#2002);
#1488=LINE('',#8950,#2003);
#1489=LINE('',#8967,#2004);
#1490=LINE('',#8984,#2005);
#1491=LINE('',#9004,#2006);
#1492=LINE('',#9006,#2007);
#1493=LINE('',#9007,#2008);
#1494=LINE('',#9024,#2009);
#1495=LINE('',#9041,#2010);
#1496=LINE('',#9058,#2011);
#1497=LINE('',#9075,#2012);
#1498=LINE('',#9092,#2013);
#1499=LINE('',#9109,#2014);
#1500=LINE('',#9126,#2015);
#1501=LINE('',#9143,#2016);
#1502=LINE('',#9160,#2017);
#1503=LINE('',#9177,#2018);
#1504=LINE('',#9180,#2019);
#1505=LINE('',#9181,#2020);
#1506=LINE('',#9198,#2021);
#1507=LINE('',#9215,#2022);
#1508=LINE('',#9232,#2023);
#1509=LINE('',#9249,#2024);
#1510=LINE('',#9266,#2025);
#1511=LINE('',#9283,#2026);
#1512=LINE('',#9300,#2027);
#1513=LINE('',#9317,#2028);
#1514=LINE('',#9334,#2029);
#1515=LINE('',#9353,#2030);
#1516=LINE('',#9355,#2031);
#1517=LINE('',#9356,#2032);
#1518=LINE('',#9359,#2033);
#1519=LINE('',#9360,#2034);
#1520=LINE('',#9363,#2035);
#1521=LINE('',#9364,#2036);
#1522=LINE('',#9381,#2037);
#1523=LINE('',#9398,#2038);
#1524=LINE('',#9415,#2039);
#1525=LINE('',#9432,#2040);
#1526=LINE('',#9449,#2041);
#1527=LINE('',#9466,#2042);
#1528=LINE('',#9483,#2043);
#1529=LINE('',#9486,#2044);
#1530=LINE('',#9487,#2045);
#1531=LINE('',#9490,#2046);
#1532=LINE('',#9491,#2047);
#1533=LINE('',#9494,#2048);
#1534=LINE('',#9495,#2049);
#1535=LINE('',#9512,#2050);
#1536=LINE('',#9529,#2051);
#1537=LINE('',#9546,#2052);
#1538=LINE('',#9563,#2053);
#1539=LINE('',#9580,#2054);
#1540=LINE('',#9583,#2055);
#1541=LINE('',#9584,#2056);
#1542=LINE('',#9587,#2057);
#1543=LINE('',#9588,#2058);
#1544=LINE('',#9591,#2059);
#1545=LINE('',#9592,#2060);
#1546=LINE('',#9609,#2061);
#1547=LINE('',#9626,#2062);
#1548=LINE('',#9643,#2063);
#1549=LINE('',#9660,#2064);
#1550=LINE('',#9677,#2065);
#1551=LINE('',#9680,#2066);
#1552=LINE('',#9681,#2067);
#1553=LINE('',#9683,#2068);
#1554=LINE('',#9687,#2069);
#1555=LINE('',#9689,#2070);
#1556=LINE('',#9690,#2071);
#1557=LINE('',#9707,#2072);
#1558=LINE('',#9724,#2073);
#1559=LINE('',#9741,#2074);
#1560=LINE('',#9758,#2075);
#1561=LINE('',#9775,#2076);
#1562=LINE('',#9778,#2077);
#1563=LINE('',#9779,#2078);
#1564=LINE('',#9782,#2079);
#1565=LINE('',#9783,#2080);
#1566=LINE('',#9786,#2081);
#1567=LINE('',#9787,#2082);
#1568=LINE('',#9804,#2083);
#1569=LINE('',#9821,#2084);
#1570=LINE('',#9838,#2085);
#1571=LINE('',#9855,#2086);
#1572=LINE('',#9872,#2087);
#1573=LINE('',#9889,#2088);
#1574=LINE('',#9892,#2089);
#1575=LINE('',#9893,#2090);
#1576=LINE('',#9896,#2091);
#1577=LINE('',#9897,#2092);
#1578=LINE('',#9900,#2093);
#1579=LINE('',#9901,#2094);
#1580=LINE('',#9903,#2095);
#1581=LINE('',#9908,#2096);
#1582=LINE('',#9910,#2097);
#1583=LINE('',#9912,#2098);
#1584=LINE('',#9913,#2099);
#1585=LINE('',#9936,#2100);
#1586=LINE('',#9959,#2101);
#1587=LINE('',#9982,#2102);
#1588=LINE('',#10005,#2103);
#1589=LINE('',#10007,#2104);
#1590=LINE('',#10008,#2105);
#1591=LINE('',#10025,#2106);
#1592=LINE('',#10042,#2107);
#1593=LINE('',#10059,#2108);
#1594=LINE('',#10076,#2109);
#1595=LINE('',#10093,#2110);
#1596=LINE('',#10110,#2111);
#1597=LINE('',#10127,#2112);
#1598=LINE('',#10144,#2113);
#1599=LINE('',#10161,#2114);
#1600=LINE('',#10164,#2115);
#1601=LINE('',#10165,#2116);
#1602=LINE('',#10182,#2117);
#1603=LINE('',#10199,#2118);
#1604=LINE('',#10216,#2119);
#1605=LINE('',#10236,#2120);
#1606=LINE('',#10238,#2121);
#1607=LINE('',#10239,#2122);
#1608=LINE('',#10256,#2123);
#1609=LINE('',#10273,#2124);
#1610=LINE('',#10290,#2125);
#1611=LINE('',#10307,#2126);
#1612=LINE('',#10310,#2127);
#1613=LINE('',#10311,#2128);
#1614=LINE('',#10314,#2129);
#1615=LINE('',#10315,#2130);
#1616=LINE('',#10318,#2131);
#1617=LINE('',#10319,#2132);
#1618=LINE('',#10322,#2133);
#1619=LINE('',#10323,#2134);
#1620=LINE('',#10326,#2135);
#1621=LINE('',#10327,#2136);
#1622=LINE('',#10330,#2137);
#1623=LINE('',#10331,#2138);
#1624=LINE('',#10334,#2139);
#1625=LINE('',#10335,#2140);
#1626=LINE('',#10338,#2141);
#1627=LINE('',#10339,#2142);
#1628=LINE('',#10342,#2143);
#1629=LINE('',#10343,#2144);
#1630=LINE('',#10346,#2145);
#1631=LINE('',#10347,#2146);
#1632=LINE('',#10350,#2147);
#1633=LINE('',#10351,#2148);
#1634=LINE('',#10368,#2149);
#1635=LINE('',#10385,#2150);
#1636=LINE('',#10402,#2151);
#1637=LINE('',#10437,#2152);
#1638=LINE('',#10444,#2153);
#1639=LINE('',#10467,#2154);
#1640=LINE('',#10490,#2155);
#1641=LINE('',#10513,#2156);
#1642=LINE('',#10536,#2157);
#1643=LINE('',#10559,#2158);
#1644=LINE('',#10582,#2159);
#1645=LINE('',#10605,#2160);
#1646=LINE('',#10607,#2161);
#1647=LINE('',#10608,#2162);
#1648=LINE('',#10611,#2163);
#1649=LINE('',#10612,#2164);
#1650=LINE('',#10615,#2165);
#1651=LINE('',#10616,#2166);
#1652=LINE('',#10633,#2167);
#1653=LINE('',#10650,#2168);
#1654=LINE('',#10667,#2169);
#1655=LINE('',#10684,#2170);
#1656=LINE('',#10701,#2171);
#1657=LINE('',#10718,#2172);
#1658=LINE('',#10735,#2173);
#1659=LINE('',#10752,#2174);
#1660=LINE('',#10769,#2175);
#1661=LINE('',#10786,#2176);
#1662=LINE('',#10789,#2177);
#1663=LINE('',#10790,#2178);
#1664=LINE('',#10792,#2179);
#1665=LINE('',#10813,#2180);
#1666=LINE('',#10820,#2181);
#1667=LINE('',#10843,#2182);
#1668=LINE('',#10866,#2183);
#1669=LINE('',#10889,#2184);
#1670=LINE('',#10912,#2185);
#1671=LINE('',#10935,#2186);
#1672=LINE('',#10958,#2187);
#1673=LINE('',#10990,#2188);
#1674=LINE('',#10997,#2189);
#1675=LINE('',#11014,#2190);
#1676=LINE('',#11031,#2191);
#1677=LINE('',#11048,#2192);
#1678=LINE('',#11065,#2193);
#1679=LINE('',#11082,#2194);
#1680=LINE('',#11099,#2195);
#1681=LINE('',#11116,#2196);
#1682=LINE('',#11136,#2197);
#1683=LINE('',#11138,#2198);
#1684=LINE('',#11139,#2199);
#1685=LINE('',#11142,#2200);
#1686=LINE('',#11143,#2201);
#1687=LINE('',#11146,#2202);
#1688=LINE('',#11147,#2203);
#1689=LINE('',#11164,#2204);
#1690=LINE('',#11181,#2205);
#1691=LINE('',#11198,#2206);
#1692=LINE('',#11201,#2207);
#1693=LINE('',#11202,#2208);
#1694=LINE('',#11219,#2209);
#1695=LINE('',#11236,#2210);
#1696=LINE('',#11253,#2211);
#1697=LINE('',#11270,#2212);
#1698=LINE('',#11273,#2213);
#1699=LINE('',#11274,#2214);
#1700=LINE('',#11276,#2215);
#1701=LINE('',#11280,#2216);
#1702=LINE('',#11282,#2217);
#1703=LINE('',#11283,#2218);
#1704=LINE('',#11286,#2219);
#1705=LINE('',#11287,#2220);
#1706=LINE('',#11290,#2221);
#1707=LINE('',#11291,#2222);
#1708=LINE('',#11308,#2223);
#1709=LINE('',#11325,#2224);
#1710=LINE('',#11342,#2225);
#1711=LINE('',#11359,#2226);
#1712=LINE('',#11376,#2227);
#1713=LINE('',#11379,#2228);
#1714=LINE('',#11380,#2229);
#1715=LINE('',#11383,#2230);
#1716=LINE('',#11384,#2231);
#1717=LINE('',#11387,#2232);
#1718=LINE('',#11388,#2233);
#1719=LINE('',#11405,#2234);
#1720=LINE('',#11422,#2235);
#1721=LINE('',#11439,#2236);
#1722=LINE('',#11456,#2237);
#1723=LINE('',#11473,#2238);
#1724=LINE('',#11476,#2239);
#1725=LINE('',#11477,#2240);
#1726=LINE('',#11479,#2241);
#1727=LINE('',#11483,#2242);
#1728=LINE('',#11485,#2243);
#1729=LINE('',#11486,#2244);
#1730=LINE('',#11489,#2245);
#1731=LINE('',#11490,#2246);
#1732=LINE('',#11493,#2247);
#1733=LINE('',#11494,#2248);
#1734=LINE('',#11496,#2249);
#1735=LINE('',#11516,#2250);
#1736=LINE('',#11523,#2251);
#1737=LINE('',#11546,#2252);
#1738=LINE('',#11569,#2253);
#1739=LINE('',#11592,#2254);
#1740=LINE('',#11615,#2255);
#1741=LINE('',#11638,#2256);
#1742=LINE('',#11661,#2257);
#1743=LINE('',#11693,#2258);
#1744=LINE('',#11700,#2259);
#1745=LINE('',#11717,#2260);
#1746=LINE('',#11734,#2261);
#1747=LINE('',#11751,#2262);
#1748=LINE('',#11768,#2263);
#1749=LINE('',#11785,#2264);
#1750=LINE('',#11802,#2265);
#1751=LINE('',#11819,#2266);
#1752=LINE('',#11840,#2267);
#1753=LINE('',#11842,#2268);
#1754=LINE('',#11844,#2269);
#1755=LINE('',#11845,#2270);
#1756=LINE('',#11849,#2271);
#1757=LINE('',#11851,#2272);
#1758=LINE('',#11853,#2273);
#1759=LINE('',#11854,#2274);
#1760=LINE('',#11857,#2275);
#1761=LINE('',#11859,#2276);
#1762=LINE('',#11860,#2277);
#1763=LINE('',#11862,#2278);
#1764=LINE('',#11864,#2279);
#1765=LINE('',#11866,#2280);
#1766=LINE('',#11867,#2281);
#1767=LINE('',#11868,#2282);
#1768=LINE('',#11872,#2283);
#1769=LINE('',#11876,#2284);
#1770=LINE('',#11880,#2285);
#1771=LINE('',#11882,#2286);
#1772=LINE('',#11883,#2287);
#1773=LINE('',#11886,#2288);
#1774=LINE('',#11888,#2289);
#1775=LINE('',#11889,#2290);
#1776=LINE('',#11892,#2291);
#1777=LINE('',#11894,#2292);
#1778=LINE('',#11895,#2293);
#1779=LINE('',#11897,#2294);
#1780=LINE('',#11899,#2295);
#1781=LINE('',#11902,#2296);
#1782=LINE('',#11903,#2297);
#1783=LINE('',#11906,#2298);
#1784=LINE('',#11907,#2299);
#1785=LINE('',#11908,#2300);
#1786=LINE('',#11909,#2301);
#1787=LINE('',#11916,#2302);
#1788=VECTOR('',#6184,10.);
#1789=VECTOR('',#6185,10.);
#1790=VECTOR('',#6186,10.);
#1791=VECTOR('',#6187,10.);
#1792=VECTOR('',#6188,10.);
#1793=VECTOR('',#6189,10.);
#1794=VECTOR('',#6190,10.);
#1795=VECTOR('',#6191,10.);
#1796=VECTOR('',#6192,10.);
#1797=VECTOR('',#6195,10.);
#1798=VECTOR('',#6196,10.);
#1799=VECTOR('',#6197,10.);
#1800=VECTOR('',#6200,10.);
#1801=VECTOR('',#6201,10.);
#1802=VECTOR('',#6204,10.);
#1803=VECTOR('',#6205,10.);
#1804=VECTOR('',#6206,10.);
#1805=VECTOR('',#6207,10.);
#1806=VECTOR('',#6210,10.);
#1807=VECTOR('',#6211,10.);
#1808=VECTOR('',#6212,10.);
#1809=VECTOR('',#6213,10.);
#1810=VECTOR('',#6214,10.);
#1811=VECTOR('',#6215,10.);
#1812=VECTOR('',#6216,10.);
#1813=VECTOR('',#6217,10.);
#1814=VECTOR('',#6218,10.);
#1815=VECTOR('',#6219,10.);
#1816=VECTOR('',#6222,10.);
#1817=VECTOR('',#6223,10.);
#1818=VECTOR('',#6224,10.);
#1819=VECTOR('',#6227,10.);
#1820=VECTOR('',#6228,10.);
#1821=VECTOR('',#6229,10.);
#1822=VECTOR('',#6232,10.);
#1823=VECTOR('',#6233,10.);
#1824=VECTOR('',#6234,10.);
#1825=VECTOR('',#6235,10.);
#1826=VECTOR('',#6236,10.);
#1827=VECTOR('',#6237,10.);
#1828=VECTOR('',#6238,10.);
#1829=VECTOR('',#6241,10.);
#1830=VECTOR('',#6242,10.);
#1831=VECTOR('',#6243,10.);
#1832=VECTOR('',#6246,10.);
#1833=VECTOR('',#6247,10.);
#1834=VECTOR('',#6248,10.);
#1835=VECTOR('',#6251,10.);
#1836=VECTOR('',#6252,10.);
#1837=VECTOR('',#6257,10.);
#1838=VECTOR('',#6258,10.);
#1839=VECTOR('',#6259,10.);
#1840=VECTOR('',#6260,10.);
#1841=VECTOR('',#6261,10.);
#1842=VECTOR('',#6262,10.);
#1843=VECTOR('',#6263,10.);
#1844=VECTOR('',#6264,10.);
#1845=VECTOR('',#6265,10.);
#1846=VECTOR('',#6266,10.);
#1847=VECTOR('',#6267,10.);
#1848=VECTOR('',#6268,10.);
#1849=VECTOR('',#6269,10.);
#1850=VECTOR('',#6270,10.);
#1851=VECTOR('',#6271,10.);
#1852=VECTOR('',#6272,10.);
#1853=VECTOR('',#6273,10.);
#1854=VECTOR('',#6274,10.);
#1855=VECTOR('',#6275,10.);
#1856=VECTOR('',#6276,10.);
#1857=VECTOR('',#6277,10.);
#1858=VECTOR('',#6278,10.);
#1859=VECTOR('',#6279,10.);
#1860=VECTOR('',#6280,10.);
#1861=VECTOR('',#6281,10.);
#1862=VECTOR('',#6282,10.);
#1863=VECTOR('',#6283,10.);
#1864=VECTOR('',#6284,10.);
#1865=VECTOR('',#6285,10.);
#1866=VECTOR('',#6286,10.);
#1867=VECTOR('',#6287,10.);
#1868=VECTOR('',#6288,10.);
#1869=VECTOR('',#6289,10.);
#1870=VECTOR('',#6290,10.);
#1871=VECTOR('',#6293,10.);
#1872=VECTOR('',#6294,10.);
#1873=VECTOR('',#6295,10.);
#1874=VECTOR('',#6296,10.);
#1875=VECTOR('',#6297,10.);
#1876=VECTOR('',#6300,10.);
#1877=VECTOR('',#6305,10.);
#1878=VECTOR('',#6306,10.);
#1879=VECTOR('',#6307,10.);
#1880=VECTOR('',#6308,10.);
#1881=VECTOR('',#6309,10.);
#1882=VECTOR('',#6310,10.);
#1883=VECTOR('',#6311,10.);
#1884=VECTOR('',#6312,10.);
#1885=VECTOR('',#6313,10.);
#1886=VECTOR('',#6314,10.);
#1887=VECTOR('',#6315,10.);
#1888=VECTOR('',#6316,10.);
#1889=VECTOR('',#6317,10.);
#1890=VECTOR('',#6318,10.);
#1891=VECTOR('',#6319,10.);
#1892=VECTOR('',#6320,10.);
#1893=VECTOR('',#6321,10.);
#1894=VECTOR('',#6322,10.);
#1895=VECTOR('',#6323,10.);
#1896=VECTOR('',#6324,10.);
#1897=VECTOR('',#6325,10.);
#1898=VECTOR('',#6326,10.);
#1899=VECTOR('',#6327,10.);
#1900=VECTOR('',#6328,10.);
#1901=VECTOR('',#6329,10.);
#1902=VECTOR('',#6330,10.);
#1903=VECTOR('',#6331,10.);
#1904=VECTOR('',#6332,10.);
#1905=VECTOR('',#6333,10.);
#1906=VECTOR('',#6334,10.);
#1907=VECTOR('',#6335,10.);
#1908=VECTOR('',#6336,10.);
#1909=VECTOR('',#6337,10.);
#1910=VECTOR('',#6338,10.);
#1911=VECTOR('',#6339,10.);
#1912=VECTOR('',#6340,10.);
#1913=VECTOR('',#6341,10.);
#1914=VECTOR('',#6342,10.);
#1915=VECTOR('',#6343,10.);
#1916=VECTOR('',#6344,10.);
#1917=VECTOR('',#6345,10.);
#1918=VECTOR('',#6346,10.);
#1919=VECTOR('',#6347,10.);
#1920=VECTOR('',#6348,10.);
#1921=VECTOR('',#6349,10.);
#1922=VECTOR('',#6350,10.);
#1923=VECTOR('',#6351,10.);
#1924=VECTOR('',#6352,10.);
#1925=VECTOR('',#6353,10.);
#1926=VECTOR('',#6354,10.);
#1927=VECTOR('',#6355,10.);
#1928=VECTOR('',#6356,10.);
#1929=VECTOR('',#6357,10.);
#1930=VECTOR('',#6360,10.);
#1931=VECTOR('',#6361,10.);
#1932=VECTOR('',#6362,10.);
#1933=VECTOR('',#6365,10.);
#1934=VECTOR('',#6366,10.);
#1935=VECTOR('',#6369,10.);
#1936=VECTOR('',#6370,10.);
#1937=VECTOR('',#6373,10.);
#1938=VECTOR('',#6374,10.);
#1939=VECTOR('',#6375,10.);
#1940=VECTOR('',#6378,10.);
#1941=VECTOR('',#6379,10.);
#1942=VECTOR('',#6382,10.);
#1943=VECTOR('',#6383,10.);
#1944=VECTOR('',#6386,10.);
#1945=VECTOR('',#6387,10.);
#1946=VECTOR('',#6390,10.);
#1947=VECTOR('',#6391,10.);
#1948=VECTOR('',#6394,10.);
#1949=VECTOR('',#6395,10.);
#1950=VECTOR('',#6398,10.);
#1951=VECTOR('',#6399,10.);
#1952=VECTOR('',#6402,10.);
#1953=VECTOR('',#6403,10.);
#1954=VECTOR('',#6406,10.);
#1955=VECTOR('',#6407,10.);
#1956=VECTOR('',#6410,10.);
#1957=VECTOR('',#6411,10.);
#1958=VECTOR('',#6414,10.);
#1959=VECTOR('',#6415,10.);
#1960=VECTOR('',#6418,10.);
#1961=VECTOR('',#6419,10.);
#1962=VECTOR('',#6422,10.);
#1963=VECTOR('',#6423,10.);
#1964=VECTOR('',#6426,10.);
#1965=VECTOR('',#6431,10.);
#1966=VECTOR('',#6432,10.);
#1967=VECTOR('',#6433,10.);
#1968=VECTOR('',#6436,10.);
#1969=VECTOR('',#6437,10.);
#1970=VECTOR('',#6440,10.);
#1971=VECTOR('',#6441,10.);
#1972=VECTOR('',#6444,10.);
#1973=VECTOR('',#6447,10.);
#1974=VECTOR('',#6448,10.);
#1975=VECTOR('',#6449,10.);
#1976=VECTOR('',#6450,10.);
#1977=VECTOR('',#6451,10.);
#1978=VECTOR('',#6452,10.);
#1979=VECTOR('',#6453,10.);
#1980=VECTOR('',#6454,10.);
#1981=VECTOR('',#6457,10.);
#1982=VECTOR('',#6458,10.);
#1983=VECTOR('',#6459,10.);
#1984=VECTOR('',#6460,10.);
#1985=VECTOR('',#6461,10.);
#1986=VECTOR('',#6462,10.);
#1987=VECTOR('',#6463,10.);
#1988=VECTOR('',#6464,10.);
#1989=VECTOR('',#6465,10.);
#1990=VECTOR('',#6466,10.);
#1991=VECTOR('',#6467,10.);
#1992=VECTOR('',#6468,10.);
#1993=VECTOR('',#6469,10.);
#1994=VECTOR('',#6470,10.);
#1995=VECTOR('',#6471,10.);
#1996=VECTOR('',#6474,10.);
#1997=VECTOR('',#6475,10.);
#1998=VECTOR('',#6478,10.);
#1999=VECTOR('',#6479,10.);
#2000=VECTOR('',#6482,10.);
#2001=VECTOR('',#6483,10.);
#2002=VECTOR('',#6484,10.);
#2003=VECTOR('',#6485,10.);
#2004=VECTOR('',#6486,10.);
#2005=VECTOR('',#6487,10.);
#2006=VECTOR('',#6494,10.);
#2007=VECTOR('',#6495,10.);
#2008=VECTOR('',#6496,10.);
#2009=VECTOR('',#6497,10.);
#2010=VECTOR('',#6498,10.);
#2011=VECTOR('',#6499,10.);
#2012=VECTOR('',#6500,10.);
#2013=VECTOR('',#6501,10.);
#2014=VECTOR('',#6502,10.);
#2015=VECTOR('',#6503,10.);
#2016=VECTOR('',#6504,10.);
#2017=VECTOR('',#6505,10.);
#2018=VECTOR('',#6506,10.);
#2019=VECTOR('',#6509,10.);
#2020=VECTOR('',#6510,10.);
#2021=VECTOR('',#6511,10.);
#2022=VECTOR('',#6512,10.);
#2023=VECTOR('',#6513,10.);
#2024=VECTOR('',#6514,10.);
#2025=VECTOR('',#6515,10.);
#2026=VECTOR('',#6516,10.);
#2027=VECTOR('',#6517,10.);
#2028=VECTOR('',#6518,10.);
#2029=VECTOR('',#6519,10.);
#2030=VECTOR('',#6524,10.);
#2031=VECTOR('',#6525,10.);
#2032=VECTOR('',#6526,10.);
#2033=VECTOR('',#6529,10.);
#2034=VECTOR('',#6530,10.);
#2035=VECTOR('',#6533,10.);
#2036=VECTOR('',#6534,10.);
#2037=VECTOR('',#6535,10.);
#2038=VECTOR('',#6536,10.);
#2039=VECTOR('',#6537,10.);
#2040=VECTOR('',#6538,10.);
#2041=VECTOR('',#6539,10.);
#2042=VECTOR('',#6540,10.);
#2043=VECTOR('',#6541,10.);
#2044=VECTOR('',#6544,10.);
#2045=VECTOR('',#6545,10.);
#2046=VECTOR('',#6548,10.);
#2047=VECTOR('',#6549,10.);
#2048=VECTOR('',#6552,10.);
#2049=VECTOR('',#6553,10.);
#2050=VECTOR('',#6554,10.);
#2051=VECTOR('',#6555,10.);
#2052=VECTOR('',#6556,10.);
#2053=VECTOR('',#6557,10.);
#2054=VECTOR('',#6558,10.);
#2055=VECTOR('',#6561,10.);
#2056=VECTOR('',#6562,10.);
#2057=VECTOR('',#6565,10.);
#2058=VECTOR('',#6566,10.);
#2059=VECTOR('',#6569,10.);
#2060=VECTOR('',#6570,10.);
#2061=VECTOR('',#6571,10.);
#2062=VECTOR('',#6572,10.);
#2063=VECTOR('',#6573,10.);
#2064=VECTOR('',#6574,10.);
#2065=VECTOR('',#6575,10.);
#2066=VECTOR('',#6578,10.);
#2067=VECTOR('',#6579,10.);
#2068=VECTOR('',#6582,10.);
#2069=VECTOR('',#6587,10.);
#2070=VECTOR('',#6588,10.);
#2071=VECTOR('',#6589,10.);
#2072=VECTOR('',#6590,10.);
#2073=VECTOR('',#6591,10.);
#2074=VECTOR('',#6592,10.);
#2075=VECTOR('',#6593,10.);
#2076=VECTOR('',#6594,10.);
#2077=VECTOR('',#6597,10.);
#2078=VECTOR('',#6598,10.);
#2079=VECTOR('',#6601,10.);
#2080=VECTOR('',#6602,10.);
#2081=VECTOR('',#6605,10.);
#2082=VECTOR('',#6606,10.);
#2083=VECTOR('',#6607,10.);
#2084=VECTOR('',#6608,10.);
#2085=VECTOR('',#6609,10.);
#2086=VECTOR('',#6610,10.);
#2087=VECTOR('',#6611,10.);
#2088=VECTOR('',#6612,10.);
#2089=VECTOR('',#6615,10.);
#2090=VECTOR('',#6616,10.);
#2091=VECTOR('',#6619,10.);
#2092=VECTOR('',#6620,10.);
#2093=VECTOR('',#6623,10.);
#2094=VECTOR('',#6624,10.);
#2095=VECTOR('',#6627,10.);
#2096=VECTOR('',#6632,10.);
#2097=VECTOR('',#6633,10.);
#2098=VECTOR('',#6634,10.);
#2099=VECTOR('',#6635,10.);
#2100=VECTOR('',#6636,10.);
#2101=VECTOR('',#6637,10.);
#2102=VECTOR('',#6638,10.);
#2103=VECTOR('',#6641,10.);
#2104=VECTOR('',#6642,10.);
#2105=VECTOR('',#6643,10.);
#2106=VECTOR('',#6644,10.);
#2107=VECTOR('',#6645,10.);
#2108=VECTOR('',#6646,10.);
#2109=VECTOR('',#6647,10.);
#2110=VECTOR('',#6648,10.);
#2111=VECTOR('',#6649,10.);
#2112=VECTOR('',#6650,10.);
#2113=VECTOR('',#6651,10.);
#2114=VECTOR('',#6652,10.);
#2115=VECTOR('',#6655,10.);
#2116=VECTOR('',#6656,10.);
#2117=VECTOR('',#6657,10.);
#2118=VECTOR('',#6658,10.);
#2119=VECTOR('',#6659,10.);
#2120=VECTOR('',#6666,10.);
#2121=VECTOR('',#6667,10.);
#2122=VECTOR('',#6668,10.);
#2123=VECTOR('',#6669,10.);
#2124=VECTOR('',#6670,10.);
#2125=VECTOR('',#6671,10.);
#2126=VECTOR('',#6672,10.);
#2127=VECTOR('',#6675,10.);
#2128=VECTOR('',#6676,10.);
#2129=VECTOR('',#6679,10.);
#2130=VECTOR('',#6680,10.);
#2131=VECTOR('',#6683,10.);
#2132=VECTOR('',#6684,10.);
#2133=VECTOR('',#6687,10.);
#2134=VECTOR('',#6688,10.);
#2135=VECTOR('',#6691,10.);
#2136=VECTOR('',#6692,10.);
#2137=VECTOR('',#6695,10.);
#2138=VECTOR('',#6696,10.);
#2139=VECTOR('',#6699,10.);
#2140=VECTOR('',#6700,10.);
#2141=VECTOR('',#6703,10.);
#2142=VECTOR('',#6704,10.);
#2143=VECTOR('',#6707,10.);
#2144=VECTOR('',#6708,10.);
#2145=VECTOR('',#6711,10.);
#2146=VECTOR('',#6712,10.);
#2147=VECTOR('',#6715,10.);
#2148=VECTOR('',#6716,10.);
#2149=VECTOR('',#6717,10.);
#2150=VECTOR('',#6718,10.);
#2151=VECTOR('',#6719,10.);
#2152=VECTOR('',#6722,10.);
#2153=VECTOR('',#6723,10.);
#2154=VECTOR('',#6724,10.);
#2155=VECTOR('',#6725,10.);
#2156=VECTOR('',#6726,10.);
#2157=VECTOR('',#6727,10.);
#2158=VECTOR('',#6728,10.);
#2159=VECTOR('',#6729,10.);
#2160=VECTOR('',#6732,10.);
#2161=VECTOR('',#6733,10.);
#2162=VECTOR('',#6734,10.);
#2163=VECTOR('',#6737,10.);
#2164=VECTOR('',#6738,10.);
#2165=VECTOR('',#6741,10.);
#2166=VECTOR('',#6742,10.);
#2167=VECTOR('',#6743,10.);
#2168=VECTOR('',#6744,10.);
#2169=VECTOR('',#6745,10.);
#2170=VECTOR('',#6746,10.);
#2171=VECTOR('',#6747,10.);
#2172=VECTOR('',#6748,10.);
#2173=VECTOR('',#6749,10.);
#2174=VECTOR('',#6750,10.);
#2175=VECTOR('',#6751,10.);
#2176=VECTOR('',#6752,10.);
#2177=VECTOR('',#6755,10.);
#2178=VECTOR('',#6756,10.);
#2179=VECTOR('',#6759,10.);
#2180=VECTOR('',#6764,10.);
#2181=VECTOR('',#6765,10.);
#2182=VECTOR('',#6766,10.);
#2183=VECTOR('',#6767,10.);
#2184=VECTOR('',#6768,10.);
#2185=VECTOR('',#6769,10.);
#2186=VECTOR('',#6770,10.);
#2187=VECTOR('',#6771,10.);
#2188=VECTOR('',#6772,10.);
#2189=VECTOR('',#6773,10.);
#2190=VECTOR('',#6774,10.);
#2191=VECTOR('',#6775,10.);
#2192=VECTOR('',#6776,10.);
#2193=VECTOR('',#6777,10.);
#2194=VECTOR('',#6778,10.);
#2195=VECTOR('',#6779,10.);
#2196=VECTOR('',#6780,10.);
#2197=VECTOR('',#6787,10.);
#2198=VECTOR('',#6788,10.);
#2199=VECTOR('',#6789,10.);
#2200=VECTOR('',#6792,10.);
#2201=VECTOR('',#6793,10.);
#2202=VECTOR('',#6796,10.);
#2203=VECTOR('',#6797,10.);
#2204=VECTOR('',#6798,10.);
#2205=VECTOR('',#6799,10.);
#2206=VECTOR('',#6800,10.);
#2207=VECTOR('',#6803,10.);
#2208=VECTOR('',#6804,10.);
#2209=VECTOR('',#6805,10.);
#2210=VECTOR('',#6806,10.);
#2211=VECTOR('',#6807,10.);
#2212=VECTOR('',#6808,10.);
#2213=VECTOR('',#6811,10.);
#2214=VECTOR('',#6812,10.);
#2215=VECTOR('',#6815,10.);
#2216=VECTOR('',#6820,10.);
#2217=VECTOR('',#6821,10.);
#2218=VECTOR('',#6822,10.);
#2219=VECTOR('',#6825,10.);
#2220=VECTOR('',#6826,10.);
#2221=VECTOR('',#6829,10.);
#2222=VECTOR('',#6830,10.);
#2223=VECTOR('',#6831,10.);
#2224=VECTOR('',#6832,10.);
#2225=VECTOR('',#6833,10.);
#2226=VECTOR('',#6834,10.);
#2227=VECTOR('',#6835,10.);
#2228=VECTOR('',#6838,10.);
#2229=VECTOR('',#6839,10.);
#2230=VECTOR('',#6842,10.);
#2231=VECTOR('',#6843,10.);
#2232=VECTOR('',#6846,10.);
#2233=VECTOR('',#6847,10.);
#2234=VECTOR('',#6848,10.);
#2235=VECTOR('',#6849,10.);
#2236=VECTOR('',#6850,10.);
#2237=VECTOR('',#6851,10.);
#2238=VECTOR('',#6852,10.);
#2239=VECTOR('',#6855,10.);
#2240=VECTOR('',#6856,10.);
#2241=VECTOR('',#6859,10.);
#2242=VECTOR('',#6864,10.);
#2243=VECTOR('',#6865,10.);
#2244=VECTOR('',#6866,10.);
#2245=VECTOR('',#6869,10.);
#2246=VECTOR('',#6870,10.);
#2247=VECTOR('',#6873,10.);
#2248=VECTOR('',#6874,10.);
#2249=VECTOR('',#6877,10.);
#2250=VECTOR('',#6880,10.);
#2251=VECTOR('',#6881,10.);
#2252=VECTOR('',#6882,10.);
#2253=VECTOR('',#6883,10.);
#2254=VECTOR('',#6884,10.);
#2255=VECTOR('',#6885,10.);
#2256=VECTOR('',#6886,10.);
#2257=VECTOR('',#6887,10.);
#2258=VECTOR('',#6888,10.);
#2259=VECTOR('',#6889,10.);
#2260=VECTOR('',#6890,10.);
#2261=VECTOR('',#6891,10.);
#2262=VECTOR('',#6892,10.);
#2263=VECTOR('',#6893,10.);
#2264=VECTOR('',#6894,10.);
#2265=VECTOR('',#6895,10.);
#2266=VECTOR('',#6896,10.);
#2267=VECTOR('',#6903,10.);
#2268=VECTOR('',#6904,10.);
#2269=VECTOR('',#6905,10.);
#2270=VECTOR('',#6906,10.);
#2271=VECTOR('',#6909,10.);
#2272=VECTOR('',#6910,10.);
#2273=VECTOR('',#6911,10.);
#2274=VECTOR('',#6912,10.);
#2275=VECTOR('',#6915,10.);
#2276=VECTOR('',#6916,10.);
#2277=VECTOR('',#6917,10.);
#2278=VECTOR('',#6920,10.);
#2279=VECTOR('',#6921,10.);
#2280=VECTOR('',#6922,10.);
#2281=VECTOR('',#6923,10.);
#2282=VECTOR('',#6924,10.);
#2283=VECTOR('',#6929,2.4);
#2284=VECTOR('',#6934,2.40000000000001);
#2285=VECTOR('',#6939,10.);
#2286=VECTOR('',#6940,10.);
#2287=VECTOR('',#6941,10.);
#2288=VECTOR('',#6944,10.);
#2289=VECTOR('',#6945,10.);
#2290=VECTOR('',#6946,10.);
#2291=VECTOR('',#6949,10.);
#2292=VECTOR('',#6950,10.);
#2293=VECTOR('',#6951,10.);
#2294=VECTOR('',#6954,10.);
#2295=VECTOR('',#6957,10.);
#2296=VECTOR('',#6960,10.);
#2297=VECTOR('',#6961,10.);
#2298=VECTOR('',#6964,10.);
#2299=VECTOR('',#6965,10.);
#2300=VECTOR('',#6966,10.);
#2301=VECTOR('',#6967,10.);
#2302=VECTOR('',#6980,10.);
#2303=VERTEX_POINT('',#6987);
#2304=VERTEX_POINT('',#6988);
#2305=VERTEX_POINT('',#6990);
#2306=VERTEX_POINT('',#6992);
#2307=VERTEX_POINT('',#7005);
#2308=VERTEX_POINT('',#7011);
#2309=VERTEX_POINT('',#7028);
#2310=VERTEX_POINT('',#7034);
#2311=VERTEX_POINT('',#7051);
#2312=VERTEX_POINT('',#7057);
#2313=VERTEX_POINT('',#7074);
#2314=VERTEX_POINT('',#7080);
#2315=VERTEX_POINT('',#7097);
#2316=VERTEX_POINT('',#7103);
#2317=VERTEX_POINT('',#7111);
#2318=VERTEX_POINT('',#7113);
#2319=VERTEX_POINT('',#7120);
#2320=VERTEX_POINT('',#7121);
#2321=VERTEX_POINT('',#7123);
#2322=VERTEX_POINT('',#7125);
#2323=VERTEX_POINT('',#7129);
#2324=VERTEX_POINT('',#7131);
#2325=VERTEX_POINT('',#7144);
#2326=VERTEX_POINT('',#7150);
#2327=VERTEX_POINT('',#7167);
#2328=VERTEX_POINT('',#7173);
#2329=VERTEX_POINT('',#7190);
#2330=VERTEX_POINT('',#7196);
#2331=VERTEX_POINT('',#7213);
#2332=VERTEX_POINT('',#7219);
#2333=VERTEX_POINT('',#7236);
#2334=VERTEX_POINT('',#7242);
#2335=VERTEX_POINT('',#7259);
#2336=VERTEX_POINT('',#7265);
#2337=VERTEX_POINT('',#7282);
#2338=VERTEX_POINT('',#7288);
#2339=VERTEX_POINT('',#7296);
#2340=VERTEX_POINT('',#7298);
#2341=VERTEX_POINT('',#7302);
#2342=VERTEX_POINT('',#7304);
#2343=VERTEX_POINT('',#7308);
#2344=VERTEX_POINT('',#7310);
#2345=VERTEX_POINT('',#7323);
#2346=VERTEX_POINT('',#7329);
#2347=VERTEX_POINT('',#7346);
#2348=VERTEX_POINT('',#7352);
#2349=VERTEX_POINT('',#7369);
#2350=VERTEX_POINT('',#7375);
#2351=VERTEX_POINT('',#7392);
#2352=VERTEX_POINT('',#7398);
#2353=VERTEX_POINT('',#7406);
#2354=VERTEX_POINT('',#7408);
#2355=VERTEX_POINT('',#7412);
#2356=VERTEX_POINT('',#7414);
#2357=VERTEX_POINT('',#7422);
#2358=VERTEX_POINT('',#7423);
#2359=VERTEX_POINT('',#7425);
#2360=VERTEX_POINT('',#7427);
#2361=VERTEX_POINT('',#7430);
#2362=VERTEX_POINT('',#7431);
#2363=VERTEX_POINT('',#7433);
#2364=VERTEX_POINT('',#7439);
#2365=VERTEX_POINT('',#7445);
#2366=VERTEX_POINT('',#7451);
#2367=VERTEX_POINT('',#7457);
#2368=VERTEX_POINT('',#7463);
#2369=VERTEX_POINT('',#7469);
#2370=VERTEX_POINT('',#7475);
#2371=VERTEX_POINT('',#7481);
#2372=VERTEX_POINT('',#7487);
#2373=VERTEX_POINT('',#7493);
#2374=VERTEX_POINT('',#7499);
#2375=VERTEX_POINT('',#7505);
#2376=VERTEX_POINT('',#7507);
#2377=VERTEX_POINT('',#7509);
#2378=VERTEX_POINT('',#7511);
#2379=VERTEX_POINT('',#7517);
#2380=VERTEX_POINT('',#7523);
#2381=VERTEX_POINT('',#7529);
#2382=VERTEX_POINT('',#7540);
#2383=VERTEX_POINT('',#7541);
#2384=VERTEX_POINT('',#7543);
#2385=VERTEX_POINT('',#7549);
#2386=VERTEX_POINT('',#7555);
#2387=VERTEX_POINT('',#7561);
#2388=VERTEX_POINT('',#7567);
#2389=VERTEX_POINT('',#7573);
#2390=VERTEX_POINT('',#7579);
#2391=VERTEX_POINT('',#7585);
#2392=VERTEX_POINT('',#7591);
#2393=VERTEX_POINT('',#7597);
#2394=VERTEX_POINT('',#7603);
#2395=VERTEX_POINT('',#7605);
#2396=VERTEX_POINT('',#7611);
#2397=VERTEX_POINT('',#7617);
#2398=VERTEX_POINT('',#7623);
#2399=VERTEX_POINT('',#7629);
#2400=VERTEX_POINT('',#7635);
#2401=VERTEX_POINT('',#7641);
#2402=VERTEX_POINT('',#7647);
#2403=VERTEX_POINT('',#7653);
#2404=VERTEX_POINT('',#7664);
#2405=VERTEX_POINT('',#7665);
#2406=VERTEX_POINT('',#7667);
#2407=VERTEX_POINT('',#7669);
#2408=VERTEX_POINT('',#7671);
#2409=VERTEX_POINT('',#7677);
#2410=VERTEX_POINT('',#7683);
#2411=VERTEX_POINT('',#7689);
#2412=VERTEX_POINT('',#7695);
#2413=VERTEX_POINT('',#7701);
#2414=VERTEX_POINT('',#7707);
#2415=VERTEX_POINT('',#7713);
#2416=VERTEX_POINT('',#7715);
#2417=VERTEX_POINT('',#7717);
#2418=VERTEX_POINT('',#7719);
#2419=VERTEX_POINT('',#7725);
#2420=VERTEX_POINT('',#7731);
#2421=VERTEX_POINT('',#7737);
#2422=VERTEX_POINT('',#7743);
#2423=VERTEX_POINT('',#7749);
#2424=VERTEX_POINT('',#7751);
#2425=VERTEX_POINT('',#7753);
#2426=VERTEX_POINT('',#7755);
#2427=VERTEX_POINT('',#7761);
#2428=VERTEX_POINT('',#7767);
#2429=VERTEX_POINT('',#7773);
#2430=VERTEX_POINT('',#7779);
#2431=VERTEX_POINT('',#7785);
#2432=VERTEX_POINT('',#7788);
#2433=VERTEX_POINT('',#7789);
#2434=VERTEX_POINT('',#7791);
#2435=VERTEX_POINT('',#7797);
#2436=VERTEX_POINT('',#7803);
#2437=VERTEX_POINT('',#7809);
#2438=VERTEX_POINT('',#7815);
#2439=VERTEX_POINT('',#7821);
#2440=VERTEX_POINT('',#7823);
#2441=VERTEX_POINT('',#7825);
#2442=VERTEX_POINT('',#7827);
#2443=VERTEX_POINT('',#7833);
#2444=VERTEX_POINT('',#7839);
#2445=VERTEX_POINT('',#7845);
#2446=VERTEX_POINT('',#7851);
#2447=VERTEX_POINT('',#7857);
#2448=VERTEX_POINT('',#7863);
#2449=VERTEX_POINT('',#7865);
#2450=VERTEX_POINT('',#7867);
#2451=VERTEX_POINT('',#7870);
#2452=VERTEX_POINT('',#7871);
#2453=VERTEX_POINT('',#7873);
#2454=VERTEX_POINT('',#7875);
#2455=VERTEX_POINT('',#7877);
#2456=VERTEX_POINT('',#7883);
#2457=VERTEX_POINT('',#7889);
#2458=VERTEX_POINT('',#7895);
#2459=VERTEX_POINT('',#7901);
#2460=VERTEX_POINT('',#7907);
#2461=VERTEX_POINT('',#7913);
#2462=VERTEX_POINT('',#7919);
#2463=VERTEX_POINT('',#7925);
#2464=VERTEX_POINT('',#7931);
#2465=VERTEX_POINT('',#7937);
#2466=VERTEX_POINT('',#7940);
#2467=VERTEX_POINT('',#7941);
#2468=VERTEX_POINT('',#7947);
#2469=VERTEX_POINT('',#7953);
#2470=VERTEX_POINT('',#7959);
#2471=VERTEX_POINT('',#7965);
#2472=VERTEX_POINT('',#7971);
#2473=VERTEX_POINT('',#7977);
#2474=VERTEX_POINT('',#7983);
#2475=VERTEX_POINT('',#7994);
#2476=VERTEX_POINT('',#7995);
#2477=VERTEX_POINT('',#7997);
#2478=VERTEX_POINT('',#7999);
#2479=VERTEX_POINT('',#8001);
#2480=VERTEX_POINT('',#8003);
#2481=VERTEX_POINT('',#8005);
#2482=VERTEX_POINT('',#8007);
#2483=VERTEX_POINT('',#8010);
#2484=VERTEX_POINT('',#8012);
#2485=VERTEX_POINT('',#8014);
#2486=VERTEX_POINT('',#8015);
#2487=VERTEX_POINT('',#8017);
#2488=VERTEX_POINT('',#8019);
#2489=VERTEX_POINT('',#8022);
#2490=VERTEX_POINT('',#8023);
#2491=VERTEX_POINT('',#8025);
#2492=VERTEX_POINT('',#8027);
#2493=VERTEX_POINT('',#8029);
#2494=VERTEX_POINT('',#8035);
#2495=VERTEX_POINT('',#8041);
#2496=VERTEX_POINT('',#8047);
#2497=VERTEX_POINT('',#8053);
#2498=VERTEX_POINT('',#8059);
#2499=VERTEX_POINT('',#8061);
#2500=VERTEX_POINT('',#8063);
#2501=VERTEX_POINT('',#8065);
#2502=VERTEX_POINT('',#8071);
#2503=VERTEX_POINT('',#8077);
#2504=VERTEX_POINT('',#8083);
#2505=VERTEX_POINT('',#8089);
#2506=VERTEX_POINT('',#8095);
#2507=VERTEX_POINT('',#8098);
#2508=VERTEX_POINT('',#8099);
#2509=VERTEX_POINT('',#8101);
#2510=VERTEX_POINT('',#8103);
#2511=VERTEX_POINT('',#8105);
#2512=VERTEX_POINT('',#8111);
#2513=VERTEX_POINT('',#8117);
#2514=VERTEX_POINT('',#8123);
#2515=VERTEX_POINT('',#8125);
#2516=VERTEX_POINT('',#8131);
#2517=VERTEX_POINT('',#8137);
#2518=VERTEX_POINT('',#8143);
#2519=VERTEX_POINT('',#8149);
#2520=VERTEX_POINT('',#8152);
#2521=VERTEX_POINT('',#8153);
#2522=VERTEX_POINT('',#8159);
#2523=VERTEX_POINT('',#8165);
#2524=VERTEX_POINT('',#8171);
#2525=VERTEX_POINT('',#8177);
#2526=VERTEX_POINT('',#8183);
#2527=VERTEX_POINT('',#8189);
#2528=VERTEX_POINT('',#8195);
#2529=VERTEX_POINT('',#8206);
#2530=VERTEX_POINT('',#8207);
#2531=VERTEX_POINT('',#8209);
#2532=VERTEX_POINT('',#8215);
#2533=VERTEX_POINT('',#8221);
#2534=VERTEX_POINT('',#8227);
#2535=VERTEX_POINT('',#8233);
#2536=VERTEX_POINT('',#8235);
#2537=VERTEX_POINT('',#8237);
#2538=VERTEX_POINT('',#8239);
#2539=VERTEX_POINT('',#8241);
#2540=VERTEX_POINT('',#8243);
#2541=VERTEX_POINT('',#8245);
#2542=VERTEX_POINT('',#8247);
#2543=VERTEX_POINT('',#8249);
#2544=VERTEX_POINT('',#8251);
#2545=VERTEX_POINT('',#8253);
#2546=VERTEX_POINT('',#8255);
#2547=VERTEX_POINT('',#8261);
#2548=VERTEX_POINT('',#8267);
#2549=VERTEX_POINT('',#8278);
#2550=VERTEX_POINT('',#8279);
#2551=VERTEX_POINT('',#8281);
#2552=VERTEX_POINT('',#8287);
#2553=VERTEX_POINT('',#8293);
#2554=VERTEX_POINT('',#8299);
#2555=VERTEX_POINT('',#8305);
#2556=VERTEX_POINT('',#8311);
#2557=VERTEX_POINT('',#8317);
#2558=VERTEX_POINT('',#8323);
#2559=VERTEX_POINT('',#8329);
#2560=VERTEX_POINT('',#8335);
#2561=VERTEX_POINT('',#8337);
#2562=VERTEX_POINT('',#8343);
#2563=VERTEX_POINT('',#8349);
#2564=VERTEX_POINT('',#8360);
#2565=VERTEX_POINT('',#8361);
#2566=VERTEX_POINT('',#8363);
#2567=VERTEX_POINT('',#8365);
#2568=VERTEX_POINT('',#8368);
#2569=VERTEX_POINT('',#8369);
#2570=VERTEX_POINT('',#8371);
#2571=VERTEX_POINT('',#8373);
#2572=VERTEX_POINT('',#8375);
#2573=VERTEX_POINT('',#8377);
#2574=VERTEX_POINT('',#8383);
#2575=VERTEX_POINT('',#8385);
#2576=VERTEX_POINT('',#8387);
#2577=VERTEX_POINT('',#8389);
#2578=VERTEX_POINT('',#8391);
#2579=VERTEX_POINT('',#8393);
#2580=VERTEX_POINT('',#8395);
#2581=VERTEX_POINT('',#8397);
#2582=VERTEX_POINT('',#8399);
#2583=VERTEX_POINT('',#8401);
#2584=VERTEX_POINT('',#8403);
#2585=VERTEX_POINT('',#8405);
#2586=VERTEX_POINT('',#8409);
#2587=VERTEX_POINT('',#8411);
#2588=VERTEX_POINT('',#8415);
#2589=VERTEX_POINT('',#8419);
#2590=VERTEX_POINT('',#8423);
#2591=VERTEX_POINT('',#8436);
#2592=VERTEX_POINT('',#8444);
#2593=VERTEX_POINT('',#8448);
#2594=VERTEX_POINT('',#8452);
#2595=VERTEX_POINT('',#8456);
#2596=VERTEX_POINT('',#8460);
#2597=VERTEX_POINT('',#8464);
#2598=VERTEX_POINT('',#8468);
#2599=VERTEX_POINT('',#8472);
#2600=VERTEX_POINT('',#8476);
#2601=VERTEX_POINT('',#8480);
#2602=VERTEX_POINT('',#8484);
#2603=VERTEX_POINT('',#8488);
#2604=VERTEX_POINT('',#8495);
#2605=VERTEX_POINT('',#8497);
#2606=VERTEX_POINT('',#8501);
#2607=VERTEX_POINT('',#8505);
#2608=VERTEX_POINT('',#8521);
#2609=VERTEX_POINT('',#8522);
#2610=VERTEX_POINT('',#8528);
#2611=VERTEX_POINT('',#8530);
#2612=VERTEX_POINT('',#8547);
#2613=VERTEX_POINT('',#8553);
#2614=VERTEX_POINT('',#8570);
#2615=VERTEX_POINT('',#8576);
#2616=VERTEX_POINT('',#8593);
#2617=VERTEX_POINT('',#8599);
#2618=VERTEX_POINT('',#8616);
#2619=VERTEX_POINT('',#8622);
#2620=VERTEX_POINT('',#8639);
#2621=VERTEX_POINT('',#8645);
#2622=VERTEX_POINT('',#8662);
#2623=VERTEX_POINT('',#8668);
#2624=VERTEX_POINT('',#8696);
#2625=VERTEX_POINT('',#8698);
#2626=VERTEX_POINT('',#8711);
#2627=VERTEX_POINT('',#8728);
#2628=VERTEX_POINT('',#8745);
#2629=VERTEX_POINT('',#8762);
#2630=VERTEX_POINT('',#8779);
#2631=VERTEX_POINT('',#8796);
#2632=VERTEX_POINT('',#8813);
#2633=VERTEX_POINT('',#8830);
#2634=VERTEX_POINT('',#8847);
#2635=VERTEX_POINT('',#8864);
#2636=VERTEX_POINT('',#8881);
#2637=VERTEX_POINT('',#8898);
#2638=VERTEX_POINT('',#8906);
#2639=VERTEX_POINT('',#8910);
#2640=VERTEX_POINT('',#8914);
#2641=VERTEX_POINT('',#8927);
#2642=VERTEX_POINT('',#8944);
#2643=VERTEX_POINT('',#8961);
#2644=VERTEX_POINT('',#8978);
#2645=VERTEX_POINT('',#9003);
#2646=VERTEX_POINT('',#9005);
#2647=VERTEX_POINT('',#9018);
#2648=VERTEX_POINT('',#9035);
#2649=VERTEX_POINT('',#9052);
#2650=VERTEX_POINT('',#9069);
#2651=VERTEX_POINT('',#9086);
#2652=VERTEX_POINT('',#9103);
#2653=VERTEX_POINT('',#9120);
#2654=VERTEX_POINT('',#9137);
#2655=VERTEX_POINT('',#9154);
#2656=VERTEX_POINT('',#9171);
#2657=VERTEX_POINT('',#9179);
#2658=VERTEX_POINT('',#9192);
#2659=VERTEX_POINT('',#9209);
#2660=VERTEX_POINT('',#9226);
#2661=VERTEX_POINT('',#9243);
#2662=VERTEX_POINT('',#9260);
#2663=VERTEX_POINT('',#9277);
#2664=VERTEX_POINT('',#9294);
#2665=VERTEX_POINT('',#9311);
#2666=VERTEX_POINT('',#9328);
#2667=VERTEX_POINT('',#9352);
#2668=VERTEX_POINT('',#9354);
#2669=VERTEX_POINT('',#9358);
#2670=VERTEX_POINT('',#9362);
#2671=VERTEX_POINT('',#9375);
#2672=VERTEX_POINT('',#9392);
#2673=VERTEX_POINT('',#9409);
#2674=VERTEX_POINT('',#9426);
#2675=VERTEX_POINT('',#9443);
#2676=VERTEX_POINT('',#9460);
#2677=VERTEX_POINT('',#9477);
#2678=VERTEX_POINT('',#9485);
#2679=VERTEX_POINT('',#9489);
#2680=VERTEX_POINT('',#9493);
#2681=VERTEX_POINT('',#9506);
#2682=VERTEX_POINT('',#9523);
#2683=VERTEX_POINT('',#9540);
#2684=VERTEX_POINT('',#9557);
#2685=VERTEX_POINT('',#9574);
#2686=VERTEX_POINT('',#9582);
#2687=VERTEX_POINT('',#9586);
#2688=VERTEX_POINT('',#9590);
#2689=VERTEX_POINT('',#9603);
#2690=VERTEX_POINT('',#9620);
#2691=VERTEX_POINT('',#9637);
#2692=VERTEX_POINT('',#9654);
#2693=VERTEX_POINT('',#9671);
#2694=VERTEX_POINT('',#9679);
#2695=VERTEX_POINT('',#9686);
#2696=VERTEX_POINT('',#9688);
#2697=VERTEX_POINT('',#9701);
#2698=VERTEX_POINT('',#9718);
#2699=VERTEX_POINT('',#9735);
#2700=VERTEX_POINT('',#9752);
#2701=VERTEX_POINT('',#9769);
#2702=VERTEX_POINT('',#9777);
#2703=VERTEX_POINT('',#9781);
#2704=VERTEX_POINT('',#9785);
#2705=VERTEX_POINT('',#9798);
#2706=VERTEX_POINT('',#9815);
#2707=VERTEX_POINT('',#9832);
#2708=VERTEX_POINT('',#9849);
#2709=VERTEX_POINT('',#9866);
#2710=VERTEX_POINT('',#9883);
#2711=VERTEX_POINT('',#9891);
#2712=VERTEX_POINT('',#9895);
#2713=VERTEX_POINT('',#9899);
#2714=VERTEX_POINT('',#9906);
#2715=VERTEX_POINT('',#9907);
#2716=VERTEX_POINT('',#9909);
#2717=VERTEX_POINT('',#9911);
#2718=VERTEX_POINT('',#9924);
#2719=VERTEX_POINT('',#9930);
#2720=VERTEX_POINT('',#9947);
#2721=VERTEX_POINT('',#9953);
#2722=VERTEX_POINT('',#9970);
#2723=VERTEX_POINT('',#9976);
#2724=VERTEX_POINT('',#10004);
#2725=VERTEX_POINT('',#10006);
#2726=VERTEX_POINT('',#10019);
#2727=VERTEX_POINT('',#10036);
#2728=VERTEX_POINT('',#10053);
#2729=VERTEX_POINT('',#10070);
#2730=VERTEX_POINT('',#10087);
#2731=VERTEX_POINT('',#10104);
#2732=VERTEX_POINT('',#10121);
#2733=VERTEX_POINT('',#10138);
#2734=VERTEX_POINT('',#10155);
#2735=VERTEX_POINT('',#10163);
#2736=VERTEX_POINT('',#10176);
#2737=VERTEX_POINT('',#10193);
#2738=VERTEX_POINT('',#10210);
#2739=VERTEX_POINT('',#10235);
#2740=VERTEX_POINT('',#10237);
#2741=VERTEX_POINT('',#10250);
#2742=VERTEX_POINT('',#10267);
#2743=VERTEX_POINT('',#10284);
#2744=VERTEX_POINT('',#10301);
#2745=VERTEX_POINT('',#10309);
#2746=VERTEX_POINT('',#10313);
#2747=VERTEX_POINT('',#10317);
#2748=VERTEX_POINT('',#10321);
#2749=VERTEX_POINT('',#10325);
#2750=VERTEX_POINT('',#10329);
#2751=VERTEX_POINT('',#10333);
#2752=VERTEX_POINT('',#10337);
#2753=VERTEX_POINT('',#10341);
#2754=VERTEX_POINT('',#10345);
#2755=VERTEX_POINT('',#10349);
#2756=VERTEX_POINT('',#10362);
#2757=VERTEX_POINT('',#10379);
#2758=VERTEX_POINT('',#10396);
#2759=VERTEX_POINT('',#10429);
#2760=VERTEX_POINT('',#10430);
#2761=VERTEX_POINT('',#10436);
#2762=VERTEX_POINT('',#10438);
#2763=VERTEX_POINT('',#10455);
#2764=VERTEX_POINT('',#10461);
#2765=VERTEX_POINT('',#10478);
#2766=VERTEX_POINT('',#10484);
#2767=VERTEX_POINT('',#10501);
#2768=VERTEX_POINT('',#10507);
#2769=VERTEX_POINT('',#10524);
#2770=VERTEX_POINT('',#10530);
#2771=VERTEX_POINT('',#10547);
#2772=VERTEX_POINT('',#10553);
#2773=VERTEX_POINT('',#10570);
#2774=VERTEX_POINT('',#10576);
#2775=VERTEX_POINT('',#10604);
#2776=VERTEX_POINT('',#10606);
#2777=VERTEX_POINT('',#10610);
#2778=VERTEX_POINT('',#10614);
#2779=VERTEX_POINT('',#10627);
#2780=VERTEX_POINT('',#10644);
#2781=VERTEX_POINT('',#10661);
#2782=VERTEX_POINT('',#10678);
#2783=VERTEX_POINT('',#10695);
#2784=VERTEX_POINT('',#10712);
#2785=VERTEX_POINT('',#10729);
#2786=VERTEX_POINT('',#10746);
#2787=VERTEX_POINT('',#10763);
#2788=VERTEX_POINT('',#10780);
#2789=VERTEX_POINT('',#10788);
#2790=VERTEX_POINT('',#10805);
#2791=VERTEX_POINT('',#10806);
#2792=VERTEX_POINT('',#10812);
#2793=VERTEX_POINT('',#10814);
#2794=VERTEX_POINT('',#10831);
#2795=VERTEX_POINT('',#10837);
#2796=VERTEX_POINT('',#10854);
#2797=VERTEX_POINT('',#10860);
#2798=VERTEX_POINT('',#10877);
#2799=VERTEX_POINT('',#10883);
#2800=VERTEX_POINT('',#10900);
#2801=VERTEX_POINT('',#10906);
#2802=VERTEX_POINT('',#10923);
#2803=VERTEX_POINT('',#10929);
#2804=VERTEX_POINT('',#10946);
#2805=VERTEX_POINT('',#10952);
#2806=VERTEX_POINT('',#10989);
#2807=VERTEX_POINT('',#10991);
#2808=VERTEX_POINT('',#11008);
#2809=VERTEX_POINT('',#11025);
#2810=VERTEX_POINT('',#11042);
#2811=VERTEX_POINT('',#11059);
#2812=VERTEX_POINT('',#11076);
#2813=VERTEX_POINT('',#11093);
#2814=VERTEX_POINT('',#11110);
#2815=VERTEX_POINT('',#11135);
#2816=VERTEX_POINT('',#11137);
#2817=VERTEX_POINT('',#11141);
#2818=VERTEX_POINT('',#11145);
#2819=VERTEX_POINT('',#11158);
#2820=VERTEX_POINT('',#11175);
#2821=VERTEX_POINT('',#11192);
#2822=VERTEX_POINT('',#11200);
#2823=VERTEX_POINT('',#11213);
#2824=VERTEX_POINT('',#11230);
#2825=VERTEX_POINT('',#11247);
#2826=VERTEX_POINT('',#11264);
#2827=VERTEX_POINT('',#11272);
#2828=VERTEX_POINT('',#11279);
#2829=VERTEX_POINT('',#11281);
#2830=VERTEX_POINT('',#11285);
#2831=VERTEX_POINT('',#11289);
#2832=VERTEX_POINT('',#11302);
#2833=VERTEX_POINT('',#11319);
#2834=VERTEX_POINT('',#11336);
#2835=VERTEX_POINT('',#11353);
#2836=VERTEX_POINT('',#11370);
#2837=VERTEX_POINT('',#11378);
#2838=VERTEX_POINT('',#11382);
#2839=VERTEX_POINT('',#11386);
#2840=VERTEX_POINT('',#11399);
#2841=VERTEX_POINT('',#11416);
#2842=VERTEX_POINT('',#11433);
#2843=VERTEX_POINT('',#11450);
#2844=VERTEX_POINT('',#11467);
#2845=VERTEX_POINT('',#11475);
#2846=VERTEX_POINT('',#11482);
#2847=VERTEX_POINT('',#11484);
#2848=VERTEX_POINT('',#11488);
#2849=VERTEX_POINT('',#11492);
#2850=VERTEX_POINT('',#11508);
#2851=VERTEX_POINT('',#11509);
#2852=VERTEX_POINT('',#11515);
#2853=VERTEX_POINT('',#11517);
#2854=VERTEX_POINT('',#11534);
#2855=VERTEX_POINT('',#11540);
#2856=VERTEX_POINT('',#11557);
#2857=VERTEX_POINT('',#11563);
#2858=VERTEX_POINT('',#11580);
#2859=VERTEX_POINT('',#11586);
#2860=VERTEX_POINT('',#11603);
#2861=VERTEX_POINT('',#11609);
#2862=VERTEX_POINT('',#11626);
#2863=VERTEX_POINT('',#11632);
#2864=VERTEX_POINT('',#11649);
#2865=VERTEX_POINT('',#11655);
#2866=VERTEX_POINT('',#11692);
#2867=VERTEX_POINT('',#11694);
#2868=VERTEX_POINT('',#11711);
#2869=VERTEX_POINT('',#11728);
#2870=VERTEX_POINT('',#11745);
#2871=VERTEX_POINT('',#11762);
#2872=VERTEX_POINT('',#11779);
#2873=VERTEX_POINT('',#11796);
#2874=VERTEX_POINT('',#11813);
#2875=VERTEX_POINT('',#11838);
#2876=VERTEX_POINT('',#11839);
#2877=VERTEX_POINT('',#11841);
#2878=VERTEX_POINT('',#11843);
#2879=VERTEX_POINT('',#11847);
#2880=VERTEX_POINT('',#11848);
#2881=VERTEX_POINT('',#11850);
#2882=VERTEX_POINT('',#11852);
#2883=VERTEX_POINT('',#11856);
#2884=VERTEX_POINT('',#11858);
#2885=VERTEX_POINT('',#11863);
#2886=VERTEX_POINT('',#11865);
#2887=VERTEX_POINT('',#11871);
#2888=VERTEX_POINT('',#11875);
#2889=VERTEX_POINT('',#11879);
#2890=VERTEX_POINT('',#11881);
#2891=VERTEX_POINT('',#11885);
#2892=VERTEX_POINT('',#11887);
#2893=VERTEX_POINT('',#11891);
#2894=VERTEX_POINT('',#11893);
#2895=VERTEX_POINT('',#11901);
#2896=VERTEX_POINT('',#11905);
#2897=EDGE_CURVE('',#2303,#2304,#1273,.T.);
#2898=EDGE_CURVE('',#2303,#2305,#1274,.T.);
#2899=EDGE_CURVE('',#2306,#2305,#1275,.T.);
#2900=EDGE_CURVE('',#2304,#2306,#1276,.T.);
#2901=EDGE_CURVE('',#2304,#2307,#54,.T.);
#2902=EDGE_CURVE('',#2308,#2306,#55,.T.);
#2903=EDGE_CURVE('',#2307,#2308,#1277,.T.);
#2904=EDGE_CURVE('',#2307,#2309,#56,.T.);
#2905=EDGE_CURVE('',#2310,#2308,#57,.T.);
#2906=EDGE_CURVE('',#2309,#2310,#1278,.T.);
#2907=EDGE_CURVE('',#2309,#2311,#58,.T.);
#2908=EDGE_CURVE('',#2312,#2310,#59,.T.);
#2909=EDGE_CURVE('',#2311,#2312,#1279,.T.);
#2910=EDGE_CURVE('',#2311,#2313,#60,.T.);
#2911=EDGE_CURVE('',#2314,#2312,#61,.T.);
#2912=EDGE_CURVE('',#2313,#2314,#1280,.T.);
#2913=EDGE_CURVE('',#2313,#2315,#62,.T.);
#2914=EDGE_CURVE('',#2316,#2314,#63,.T.);
#2915=EDGE_CURVE('',#2315,#2316,#1281,.T.);
#2916=EDGE_CURVE('',#2315,#2317,#1282,.T.);
#2917=EDGE_CURVE('',#2318,#2316,#1283,.T.);
#2918=EDGE_CURVE('',#2317,#2318,#1284,.T.);
#2919=EDGE_CURVE('',#2317,#2303,#1285,.T.);
#2920=EDGE_CURVE('',#2305,#2318,#1286,.T.);
#2921=EDGE_CURVE('',#2319,#2320,#1287,.T.);
#2922=EDGE_CURVE('',#2319,#2321,#1288,.T.);
#2923=EDGE_CURVE('',#2322,#2321,#1289,.T.);
#2924=EDGE_CURVE('',#2320,#2322,#1290,.T.);
#2925=EDGE_CURVE('',#2320,#2323,#1291,.T.);
#2926=EDGE_CURVE('',#2324,#2322,#1292,.T.);
#2927=EDGE_CURVE('',#2323,#2324,#1293,.T.);
#2928=EDGE_CURVE('',#2323,#2325,#64,.T.);
#2929=EDGE_CURVE('',#2326,#2324,#65,.T.);
#2930=EDGE_CURVE('',#2325,#2326,#1294,.T.);
#2931=EDGE_CURVE('',#2325,#2327,#66,.T.);
#2932=EDGE_CURVE('',#2328,#2326,#67,.T.);
#2933=EDGE_CURVE('',#2327,#2328,#1295,.T.);
#2934=EDGE_CURVE('',#2327,#2329,#68,.T.);
#2935=EDGE_CURVE('',#2330,#2328,#69,.T.);
#2936=EDGE_CURVE('',#2329,#2330,#1296,.T.);
#2937=EDGE_CURVE('',#2329,#2331,#70,.T.);
#2938=EDGE_CURVE('',#2332,#2330,#71,.T.);
#2939=EDGE_CURVE('',#2331,#2332,#1297,.T.);
#2940=EDGE_CURVE('',#2331,#2333,#72,.T.);
#2941=EDGE_CURVE('',#2334,#2332,#73,.T.);
#2942=EDGE_CURVE('',#2333,#2334,#1298,.T.);
#2943=EDGE_CURVE('',#2333,#2335,#74,.T.);
#2944=EDGE_CURVE('',#2336,#2334,#75,.T.);
#2945=EDGE_CURVE('',#2335,#2336,#1299,.T.);
#2946=EDGE_CURVE('',#2335,#2337,#76,.T.);
#2947=EDGE_CURVE('',#2338,#2336,#77,.T.);
#2948=EDGE_CURVE('',#2337,#2338,#1300,.T.);
#2949=EDGE_CURVE('',#2337,#2339,#1301,.T.);
#2950=EDGE_CURVE('',#2340,#2338,#1302,.T.);
#2951=EDGE_CURVE('',#2339,#2340,#1303,.T.);
#2952=EDGE_CURVE('',#2339,#2341,#1304,.T.);
#2953=EDGE_CURVE('',#2342,#2340,#1305,.T.);
#2954=EDGE_CURVE('',#2341,#2342,#1306,.T.);
#2955=EDGE_CURVE('',#2341,#2343,#1307,.T.);
#2956=EDGE_CURVE('',#2344,#2342,#1308,.T.);
#2957=EDGE_CURVE('',#2343,#2344,#1309,.T.);
#2958=EDGE_CURVE('',#2343,#2345,#78,.T.);
#2959=EDGE_CURVE('',#2346,#2344,#79,.T.);
#2960=EDGE_CURVE('',#2345,#2346,#1310,.T.);
#2961=EDGE_CURVE('',#2345,#2347,#80,.T.);
#2962=EDGE_CURVE('',#2348,#2346,#81,.T.);
#2963=EDGE_CURVE('',#2347,#2348,#1311,.T.);
#2964=EDGE_CURVE('',#2347,#2349,#82,.T.);
#2965=EDGE_CURVE('',#2350,#2348,#83,.T.);
#2966=EDGE_CURVE('',#2349,#2350,#1312,.T.);
#2967=EDGE_CURVE('',#2349,#2351,#84,.T.);
#2968=EDGE_CURVE('',#2352,#2350,#85,.T.);
#2969=EDGE_CURVE('',#2351,#2352,#1313,.T.);
#2970=EDGE_CURVE('',#2351,#2353,#1314,.T.);
#2971=EDGE_CURVE('',#2354,#2352,#1315,.T.);
#2972=EDGE_CURVE('',#2353,#2354,#1316,.T.);
#2973=EDGE_CURVE('',#2353,#2355,#1317,.T.);
#2974=EDGE_CURVE('',#2356,#2354,#1318,.T.);
#2975=EDGE_CURVE('',#2355,#2356,#1319,.T.);
#2976=EDGE_CURVE('',#2355,#2319,#1320,.T.);
#2977=EDGE_CURVE('',#2321,#2356,#1321,.T.);
#2978=EDGE_CURVE('',#2357,#2358,#1322,.T.);
#2979=EDGE_CURVE('',#2359,#2357,#1323,.T.);
#2980=EDGE_CURVE('',#2360,#2359,#1324,.T.);
#2981=EDGE_CURVE('',#2358,#2360,#1325,.T.);
#2982=EDGE_CURVE('',#2361,#2362,#1326,.T.);
#2983=EDGE_CURVE('',#2362,#2363,#86,.T.);
#2984=EDGE_CURVE('',#2363,#2364,#87,.T.);
#2985=EDGE_CURVE('',#2364,#2365,#88,.T.);
#2986=EDGE_CURVE('',#2365,#2366,#89,.T.);
#2987=EDGE_CURVE('',#2366,#2367,#90,.T.);
#2988=EDGE_CURVE('',#2367,#2368,#91,.T.);
#2989=EDGE_CURVE('',#2368,#2369,#92,.T.);
#2990=EDGE_CURVE('',#2369,#2370,#93,.T.);
#2991=EDGE_CURVE('',#2370,#2371,#94,.T.);
#2992=EDGE_CURVE('',#2371,#2372,#95,.T.);
#2993=EDGE_CURVE('',#2372,#2373,#96,.T.);
#2994=EDGE_CURVE('',#2373,#2374,#97,.T.);
#2995=EDGE_CURVE('',#2374,#2375,#1327,.T.);
#2996=EDGE_CURVE('',#2375,#2376,#1328,.T.);
#2997=EDGE_CURVE('',#2376,#2377,#1329,.T.);
#2998=EDGE_CURVE('',#2377,#2378,#98,.T.);
#2999=EDGE_CURVE('',#2378,#2379,#99,.T.);
#3000=EDGE_CURVE('',#2379,#2380,#100,.T.);
#3001=EDGE_CURVE('',#2380,#2381,#101,.T.);
#3002=EDGE_CURVE('',#2381,#2361,#102,.T.);
#3003=EDGE_CURVE('',#2382,#2383,#1330,.T.);
#3004=EDGE_CURVE('',#2383,#2384,#103,.T.);
#3005=EDGE_CURVE('',#2384,#2385,#104,.T.);
#3006=EDGE_CURVE('',#2385,#2386,#105,.T.);
#3007=EDGE_CURVE('',#2386,#2387,#106,.T.);
#3008=EDGE_CURVE('',#2387,#2388,#107,.T.);
#3009=EDGE_CURVE('',#2388,#2389,#108,.T.);
#3010=EDGE_CURVE('',#2389,#2390,#109,.T.);
#3011=EDGE_CURVE('',#2390,#2391,#110,.T.);
#3012=EDGE_CURVE('',#2391,#2392,#111,.T.);
#3013=EDGE_CURVE('',#2392,#2393,#112,.T.);
#3014=EDGE_CURVE('',#2393,#2394,#1331,.T.);
#3015=EDGE_CURVE('',#2394,#2395,#113,.T.);
#3016=EDGE_CURVE('',#2395,#2396,#114,.T.);
#3017=EDGE_CURVE('',#2396,#2397,#115,.T.);
#3018=EDGE_CURVE('',#2397,#2398,#116,.T.);
#3019=EDGE_CURVE('',#2398,#2399,#117,.T.);
#3020=EDGE_CURVE('',#2399,#2400,#118,.T.);
#3021=EDGE_CURVE('',#2400,#2401,#119,.T.);
#3022=EDGE_CURVE('',#2401,#2402,#120,.T.);
#3023=EDGE_CURVE('',#2402,#2403,#121,.T.);
#3024=EDGE_CURVE('',#2403,#2382,#122,.T.);
#3025=EDGE_CURVE('',#2404,#2405,#1332,.T.);
#3026=EDGE_CURVE('',#2405,#2406,#1333,.T.);
#3027=EDGE_CURVE('',#2406,#2407,#1334,.T.);
#3028=EDGE_CURVE('',#2407,#2408,#123,.T.);
#3029=EDGE_CURVE('',#2408,#2409,#124,.T.);
#3030=EDGE_CURVE('',#2409,#2410,#125,.T.);
#3031=EDGE_CURVE('',#2410,#2411,#126,.T.);
#3032=EDGE_CURVE('',#2411,#2412,#127,.T.);
#3033=EDGE_CURVE('',#2412,#2413,#128,.T.);
#3034=EDGE_CURVE('',#2413,#2414,#129,.T.);
#3035=EDGE_CURVE('',#2414,#2415,#1335,.T.);
#3036=EDGE_CURVE('',#2415,#2416,#1336,.T.);
#3037=EDGE_CURVE('',#2416,#2417,#1337,.T.);
#3038=EDGE_CURVE('',#2417,#2418,#130,.T.);
#3039=EDGE_CURVE('',#2418,#2419,#131,.T.);
#3040=EDGE_CURVE('',#2419,#2420,#132,.T.);
#3041=EDGE_CURVE('',#2420,#2421,#133,.T.);
#3042=EDGE_CURVE('',#2421,#2422,#134,.T.);
#3043=EDGE_CURVE('',#2422,#2423,#1338,.T.);
#3044=EDGE_CURVE('',#2423,#2424,#1339,.T.);
#3045=EDGE_CURVE('',#2424,#2425,#1340,.T.);
#3046=EDGE_CURVE('',#2425,#2426,#135,.T.);
#3047=EDGE_CURVE('',#2426,#2427,#136,.T.);
#3048=EDGE_CURVE('',#2427,#2428,#137,.T.);
#3049=EDGE_CURVE('',#2428,#2429,#138,.T.);
#3050=EDGE_CURVE('',#2429,#2430,#139,.T.);
#3051=EDGE_CURVE('',#2430,#2431,#1341,.T.);
#3052=EDGE_CURVE('',#2431,#2404,#1342,.T.);
#3053=EDGE_CURVE('',#2432,#2433,#1343,.T.);
#3054=EDGE_CURVE('',#2433,#2434,#140,.T.);
#3055=EDGE_CURVE('',#2434,#2435,#141,.T.);
#3056=EDGE_CURVE('',#2435,#2436,#142,.T.);
#3057=EDGE_CURVE('',#2436,#2437,#143,.T.);
#3058=EDGE_CURVE('',#2437,#2438,#144,.T.);
#3059=EDGE_CURVE('',#2438,#2439,#1344,.T.);
#3060=EDGE_CURVE('',#2439,#2440,#1345,.T.);
#3061=EDGE_CURVE('',#2440,#2441,#1346,.T.);
#3062=EDGE_CURVE('',#2441,#2442,#145,.T.);
#3063=EDGE_CURVE('',#2442,#2443,#146,.T.);
#3064=EDGE_CURVE('',#2443,#2444,#147,.T.);
#3065=EDGE_CURVE('',#2444,#2445,#148,.T.);
#3066=EDGE_CURVE('',#2445,#2446,#149,.T.);
#3067=EDGE_CURVE('',#2446,#2447,#150,.T.);
#3068=EDGE_CURVE('',#2447,#2448,#1347,.T.);
#3069=EDGE_CURVE('',#2448,#2449,#1348,.T.);
#3070=EDGE_CURVE('',#2449,#2450,#1349,.T.);
#3071=EDGE_CURVE('',#2450,#2432,#1350,.T.);
#3072=EDGE_CURVE('',#2451,#2452,#1351,.T.);
#3073=EDGE_CURVE('',#2452,#2453,#1352,.T.);
#3074=EDGE_CURVE('',#2453,#2454,#1353,.T.);
#3075=EDGE_CURVE('',#2454,#2455,#151,.T.);
#3076=EDGE_CURVE('',#2455,#2456,#152,.T.);
#3077=EDGE_CURVE('',#2456,#2457,#153,.T.);
#3078=EDGE_CURVE('',#2457,#2458,#154,.T.);
#3079=EDGE_CURVE('',#2458,#2459,#155,.T.);
#3080=EDGE_CURVE('',#2459,#2460,#156,.T.);
#3081=EDGE_CURVE('',#2460,#2461,#157,.T.);
#3082=EDGE_CURVE('',#2461,#2462,#158,.T.);
#3083=EDGE_CURVE('',#2462,#2463,#159,.T.);
#3084=EDGE_CURVE('',#2463,#2464,#160,.T.);
#3085=EDGE_CURVE('',#2464,#2465,#1354,.T.);
#3086=EDGE_CURVE('',#2465,#2451,#1355,.T.);
#3087=EDGE_CURVE('',#2466,#2467,#161,.T.);
#3088=EDGE_CURVE('',#2467,#2468,#162,.T.);
#3089=EDGE_CURVE('',#2468,#2469,#163,.T.);
#3090=EDGE_CURVE('',#2469,#2470,#164,.T.);
#3091=EDGE_CURVE('',#2470,#2471,#165,.T.);
#3092=EDGE_CURVE('',#2471,#2472,#166,.T.);
#3093=EDGE_CURVE('',#2472,#2473,#167,.T.);
#3094=EDGE_CURVE('',#2473,#2474,#168,.T.);
#3095=EDGE_CURVE('',#2474,#2466,#169,.T.);
#3096=EDGE_CURVE('',#2475,#2476,#19,.T.);
#3097=EDGE_CURVE('',#2476,#2477,#1356,.F.);
#3098=EDGE_CURVE('',#2477,#2478,#1357,.T.);
#3099=EDGE_CURVE('',#2478,#2479,#1358,.T.);
#3100=EDGE_CURVE('',#2479,#2480,#1359,.T.);
#3101=EDGE_CURVE('',#2480,#2481,#1360,.T.);
#3102=EDGE_CURVE('',#2481,#2482,#20,.T.);
#3103=EDGE_CURVE('',#2482,#2475,#1361,.T.);
#3104=EDGE_CURVE('',#2483,#2483,#21,.T.);
#3105=EDGE_CURVE('',#2484,#2484,#22,.T.);
#3106=EDGE_CURVE('',#2485,#2486,#1362,.T.);
#3107=EDGE_CURVE('',#2486,#2487,#1363,.T.);
#3108=EDGE_CURVE('',#2487,#2488,#1364,.T.);
#3109=EDGE_CURVE('',#2488,#2485,#1365,.T.);
#3110=EDGE_CURVE('',#2489,#2490,#1366,.T.);
#3111=EDGE_CURVE('',#2490,#2491,#1367,.T.);
#3112=EDGE_CURVE('',#2491,#2492,#1368,.T.);
#3113=EDGE_CURVE('',#2492,#2493,#170,.T.);
#3114=EDGE_CURVE('',#2493,#2494,#171,.T.);
#3115=EDGE_CURVE('',#2494,#2495,#172,.T.);
#3116=EDGE_CURVE('',#2495,#2496,#173,.T.);
#3117=EDGE_CURVE('',#2496,#2497,#174,.T.);
#3118=EDGE_CURVE('',#2497,#2498,#1369,.T.);
#3119=EDGE_CURVE('',#2498,#2499,#1370,.T.);
#3120=EDGE_CURVE('',#2499,#2500,#1371,.T.);
#3121=EDGE_CURVE('',#2500,#2501,#175,.T.);
#3122=EDGE_CURVE('',#2501,#2502,#176,.T.);
#3123=EDGE_CURVE('',#2502,#2503,#177,.T.);
#3124=EDGE_CURVE('',#2503,#2504,#178,.T.);
#3125=EDGE_CURVE('',#2504,#2505,#179,.T.);
#3126=EDGE_CURVE('',#2505,#2506,#1372,.T.);
#3127=EDGE_CURVE('',#2506,#2489,#1373,.T.);
#3128=EDGE_CURVE('',#2507,#2508,#1374,.T.);
#3129=EDGE_CURVE('',#2508,#2509,#1375,.T.);
#3130=EDGE_CURVE('',#2509,#2510,#1376,.T.);
#3131=EDGE_CURVE('',#2510,#2511,#180,.T.);
#3132=EDGE_CURVE('',#2511,#2512,#181,.T.);
#3133=EDGE_CURVE('',#2512,#2513,#182,.T.);
#3134=EDGE_CURVE('',#2513,#2514,#1377,.T.);
#3135=EDGE_CURVE('',#2514,#2515,#183,.T.);
#3136=EDGE_CURVE('',#2515,#2516,#184,.T.);
#3137=EDGE_CURVE('',#2516,#2517,#185,.T.);
#3138=EDGE_CURVE('',#2517,#2518,#186,.T.);
#3139=EDGE_CURVE('',#2518,#2519,#1378,.T.);
#3140=EDGE_CURVE('',#2519,#2507,#1379,.T.);
#3141=EDGE_CURVE('',#2520,#2521,#187,.T.);
#3142=EDGE_CURVE('',#2521,#2522,#188,.T.);
#3143=EDGE_CURVE('',#2522,#2523,#189,.T.);
#3144=EDGE_CURVE('',#2523,#2524,#190,.T.);
#3145=EDGE_CURVE('',#2524,#2525,#191,.T.);
#3146=EDGE_CURVE('',#2525,#2526,#192,.T.);
#3147=EDGE_CURVE('',#2526,#2527,#193,.T.);
#3148=EDGE_CURVE('',#2527,#2528,#194,.T.);
#3149=EDGE_CURVE('',#2528,#2520,#195,.T.);
#3150=EDGE_CURVE('',#2529,#2530,#1380,.T.);
#3151=EDGE_CURVE('',#2530,#2531,#196,.T.);
#3152=EDGE_CURVE('',#2531,#2532,#197,.T.);
#3153=EDGE_CURVE('',#2532,#2533,#198,.T.);
#3154=EDGE_CURVE('',#2533,#2534,#199,.T.);
#3155=EDGE_CURVE('',#2534,#2535,#1381,.T.);
#3156=EDGE_CURVE('',#2535,#2536,#1382,.T.);
#3157=EDGE_CURVE('',#2536,#2537,#1383,.T.);
#3158=EDGE_CURVE('',#2537,#2538,#1384,.T.);
#3159=EDGE_CURVE('',#2538,#2539,#1385,.T.);
#3160=EDGE_CURVE('',#2539,#2540,#1386,.T.);
#3161=EDGE_CURVE('',#2540,#2541,#1387,.T.);
#3162=EDGE_CURVE('',#2541,#2542,#1388,.T.);
#3163=EDGE_CURVE('',#2542,#2543,#1389,.T.);
#3164=EDGE_CURVE('',#2543,#2544,#1390,.T.);
#3165=EDGE_CURVE('',#2544,#2545,#1391,.T.);
#3166=EDGE_CURVE('',#2545,#2546,#200,.T.);
#3167=EDGE_CURVE('',#2546,#2547,#201,.T.);
#3168=EDGE_CURVE('',#2547,#2548,#202,.T.);
#3169=EDGE_CURVE('',#2548,#2529,#203,.T.);
#3170=EDGE_CURVE('',#2549,#2550,#1392,.T.);
#3171=EDGE_CURVE('',#2550,#2551,#204,.T.);
#3172=EDGE_CURVE('',#2551,#2552,#205,.T.);
#3173=EDGE_CURVE('',#2552,#2553,#206,.T.);
#3174=EDGE_CURVE('',#2553,#2554,#207,.T.);
#3175=EDGE_CURVE('',#2554,#2555,#208,.T.);
#3176=EDGE_CURVE('',#2555,#2556,#209,.T.);
#3177=EDGE_CURVE('',#2556,#2557,#210,.T.);
#3178=EDGE_CURVE('',#2557,#2558,#211,.T.);
#3179=EDGE_CURVE('',#2558,#2559,#212,.T.);
#3180=EDGE_CURVE('',#2559,#2560,#1393,.T.);
#3181=EDGE_CURVE('',#2560,#2561,#213,.T.);
#3182=EDGE_CURVE('',#2561,#2562,#214,.T.);
#3183=EDGE_CURVE('',#2562,#2563,#215,.T.);
#3184=EDGE_CURVE('',#2563,#2549,#216,.T.);
#3185=EDGE_CURVE('',#2564,#2565,#1394,.T.);
#3186=EDGE_CURVE('',#2565,#2566,#1395,.T.);
#3187=EDGE_CURVE('',#2566,#2567,#1396,.T.);
#3188=EDGE_CURVE('',#2567,#2564,#1397,.T.);
#3189=EDGE_CURVE('',#2568,#2569,#1398,.T.);
#3190=EDGE_CURVE('',#2569,#2570,#1399,.T.);
#3191=EDGE_CURVE('',#2570,#2571,#1400,.T.);
#3192=EDGE_CURVE('',#2571,#2572,#1401,.T.);
#3193=EDGE_CURVE('',#2572,#2573,#217,.T.);
#3194=EDGE_CURVE('',#2573,#2574,#1402,.T.);
#3195=EDGE_CURVE('',#2574,#2575,#1403,.T.);
#3196=EDGE_CURVE('',#2575,#2576,#1404,.T.);
#3197=EDGE_CURVE('',#2576,#2577,#1405,.T.);
#3198=EDGE_CURVE('',#2577,#2578,#1406,.T.);
#3199=EDGE_CURVE('',#2578,#2579,#1407,.T.);
#3200=EDGE_CURVE('',#2579,#2580,#1408,.T.);
#3201=EDGE_CURVE('',#2580,#2581,#1409,.T.);
#3202=EDGE_CURVE('',#2581,#2582,#1410,.T.);
#3203=EDGE_CURVE('',#2582,#2583,#1411,.T.);
#3204=EDGE_CURVE('',#2583,#2584,#1412,.T.);
#3205=EDGE_CURVE('',#2584,#2585,#1413,.T.);
#3206=EDGE_CURVE('',#2585,#2568,#1414,.T.);
#3207=EDGE_CURVE('',#2568,#2586,#1415,.T.);
#3208=EDGE_CURVE('',#2587,#2586,#1416,.T.);
#3209=EDGE_CURVE('',#2569,#2587,#1417,.T.);
#3210=EDGE_CURVE('',#2588,#2587,#1418,.T.);
#3211=EDGE_CURVE('',#2570,#2588,#1419,.T.);
#3212=EDGE_CURVE('',#2589,#2588,#1420,.T.);
#3213=EDGE_CURVE('',#2571,#2589,#1421,.T.);
#3214=EDGE_CURVE('',#2590,#2589,#1422,.T.);
#3215=EDGE_CURVE('',#2572,#2590,#1423,.T.);
#3216=EDGE_CURVE('',#2591,#2590,#218,.T.);
#3217=EDGE_CURVE('',#2573,#2591,#1424,.T.);
#3218=EDGE_CURVE('',#2592,#2591,#1425,.T.);
#3219=EDGE_CURVE('',#2574,#2592,#1426,.T.);
#3220=EDGE_CURVE('',#2593,#2592,#1427,.T.);
#3221=EDGE_CURVE('',#2575,#2593,#1428,.T.);
#3222=EDGE_CURVE('',#2594,#2593,#1429,.T.);
#3223=EDGE_CURVE('',#2576,#2594,#1430,.T.);
#3224=EDGE_CURVE('',#2595,#2594,#1431,.T.);
#3225=EDGE_CURVE('',#2577,#2595,#1432,.T.);
#3226=EDGE_CURVE('',#2596,#2595,#1433,.T.);
#3227=EDGE_CURVE('',#2578,#2596,#1434,.T.);
#3228=EDGE_CURVE('',#2597,#2596,#1435,.T.);
#3229=EDGE_CURVE('',#2579,#2597,#1436,.T.);
#3230=EDGE_CURVE('',#2598,#2597,#1437,.T.);
#3231=EDGE_CURVE('',#2580,#2598,#1438,.T.);
#3232=EDGE_CURVE('',#2599,#2598,#1439,.T.);
#3233=EDGE_CURVE('',#2581,#2599,#1440,.T.);
#3234=EDGE_CURVE('',#2600,#2599,#1441,.T.);
#3235=EDGE_CURVE('',#2582,#2600,#1442,.T.);
#3236=EDGE_CURVE('',#2601,#2600,#1443,.T.);
#3237=EDGE_CURVE('',#2583,#2601,#1444,.T.);
#3238=EDGE_CURVE('',#2602,#2601,#1445,.T.);
#3239=EDGE_CURVE('',#2584,#2602,#1446,.T.);
#3240=EDGE_CURVE('',#2603,#2602,#1447,.T.);
#3241=EDGE_CURVE('',#2585,#2603,#1448,.T.);
#3242=EDGE_CURVE('',#2586,#2603,#1449,.T.);
#3243=EDGE_CURVE('',#2564,#2604,#1450,.T.);
#3244=EDGE_CURVE('',#2605,#2604,#1451,.T.);
#3245=EDGE_CURVE('',#2565,#2605,#1452,.T.);
#3246=EDGE_CURVE('',#2606,#2605,#1453,.T.);
#3247=EDGE_CURVE('',#2566,#2606,#1454,.T.);
#3248=EDGE_CURVE('',#2607,#2606,#1455,.T.);
#3249=EDGE_CURVE('',#2567,#2607,#1456,.T.);
#3250=EDGE_CURVE('',#2604,#2607,#1457,.T.);
#3251=EDGE_CURVE('',#2608,#2609,#219,.T.);
#3252=EDGE_CURVE('',#2608,#2610,#1458,.T.);
#3253=EDGE_CURVE('',#2611,#2610,#220,.T.);
#3254=EDGE_CURVE('',#2609,#2611,#1459,.T.);
#3255=EDGE_CURVE('',#2609,#2612,#221,.T.);
#3256=EDGE_CURVE('',#2613,#2611,#222,.T.);
#3257=EDGE_CURVE('',#2612,#2613,#1460,.T.);
#3258=EDGE_CURVE('',#2612,#2614,#223,.T.);
#3259=EDGE_CURVE('',#2615,#2613,#224,.T.);
#3260=EDGE_CURVE('',#2614,#2615,#1461,.T.);
#3261=EDGE_CURVE('',#2614,#2616,#225,.T.);
#3262=EDGE_CURVE('',#2617,#2615,#226,.T.);
#3263=EDGE_CURVE('',#2616,#2617,#1462,.T.);
#3264=EDGE_CURVE('',#2616,#2618,#227,.T.);
#3265=EDGE_CURVE('',#2619,#2617,#228,.T.);
#3266=EDGE_CURVE('',#2618,#2619,#1463,.T.);
#3267=EDGE_CURVE('',#2618,#2620,#229,.T.);
#3268=EDGE_CURVE('',#2621,#2619,#230,.T.);
#3269=EDGE_CURVE('',#2620,#2621,#1464,.T.);
#3270=EDGE_CURVE('',#2620,#2622,#231,.T.);
#3271=EDGE_CURVE('',#2623,#2621,#232,.T.);
#3272=EDGE_CURVE('',#2622,#2623,#1465,.T.);
#3273=EDGE_CURVE('',#2622,#2608,#233,.T.);
#3274=EDGE_CURVE('',#2610,#2623,#234,.T.);
#3275=EDGE_CURVE('',#2361,#2624,#1466,.T.);
#3276=EDGE_CURVE('',#2625,#2624,#1467,.T.);
#3277=EDGE_CURVE('',#2362,#2625,#1468,.T.);
#3278=EDGE_CURVE('',#2626,#2625,#235,.T.);
#3279=EDGE_CURVE('',#2363,#2626,#1469,.T.);
#3280=EDGE_CURVE('',#2627,#2626,#236,.T.);
#3281=EDGE_CURVE('',#2364,#2627,#1470,.T.);
#3282=EDGE_CURVE('',#2628,#2627,#237,.T.);
#3283=EDGE_CURVE('',#2365,#2628,#1471,.T.);
#3284=EDGE_CURVE('',#2629,#2628,#238,.T.);
#3285=EDGE_CURVE('',#2366,#2629,#1472,.T.);
#3286=EDGE_CURVE('',#2630,#2629,#239,.T.);
#3287=EDGE_CURVE('',#2367,#2630,#1473,.T.);
#3288=EDGE_CURVE('',#2631,#2630,#240,.T.);
#3289=EDGE_CURVE('',#2368,#2631,#1474,.T.);
#3290=EDGE_CURVE('',#2632,#2631,#241,.T.);
#3291=EDGE_CURVE('',#2369,#2632,#1475,.T.);
#3292=EDGE_CURVE('',#2633,#2632,#242,.T.);
#3293=EDGE_CURVE('',#2370,#2633,#1476,.T.);
#3294=EDGE_CURVE('',#2634,#2633,#243,.T.);
#3295=EDGE_CURVE('',#2371,#2634,#1477,.T.);
#3296=EDGE_CURVE('',#2635,#2634,#244,.T.);
#3297=EDGE_CURVE('',#2372,#2635,#1478,.T.);
#3298=EDGE_CURVE('',#2636,#2635,#245,.T.);
#3299=EDGE_CURVE('',#2373,#2636,#1479,.T.);
#3300=EDGE_CURVE('',#2637,#2636,#246,.T.);
#3301=EDGE_CURVE('',#2374,#2637,#1480,.T.);
#3302=EDGE_CURVE('',#2638,#2637,#1481,.T.);
#3303=EDGE_CURVE('',#2375,#2638,#1482,.T.);
#3304=EDGE_CURVE('',#2639,#2638,#1483,.T.);
#3305=EDGE_CURVE('',#2376,#2639,#1484,.T.);
#3306=EDGE_CURVE('',#2640,#2639,#1485,.T.);
#3307=EDGE_CURVE('',#2377,#2640,#1486,.T.);
#3308=EDGE_CURVE('',#2641,#2640,#247,.T.);
#3309=EDGE_CURVE('',#2378,#2641,#1487,.T.);
#3310=EDGE_CURVE('',#2642,#2641,#248,.T.);
#3311=EDGE_CURVE('',#2379,#2642,#1488,.T.);
#3312=EDGE_CURVE('',#2643,#2642,#249,.T.);
#3313=EDGE_CURVE('',#2380,#2643,#1489,.T.);
#3314=EDGE_CURVE('',#2644,#2643,#250,.T.);
#3315=EDGE_CURVE('',#2381,#2644,#1490,.T.);
#3316=EDGE_CURVE('',#2624,#2644,#251,.T.);
#3317=EDGE_CURVE('',#2382,#2645,#1491,.T.);
#3318=EDGE_CURVE('',#2646,#2645,#1492,.T.);
#3319=EDGE_CURVE('',#2383,#2646,#1493,.T.);
#3320=EDGE_CURVE('',#2647,#2646,#252,.T.);
#3321=EDGE_CURVE('',#2384,#2647,#1494,.T.);
#3322=EDGE_CURVE('',#2648,#2647,#253,.T.);
#3323=EDGE_CURVE('',#2385,#2648,#1495,.T.);
#3324=EDGE_CURVE('',#2649,#2648,#254,.T.);
#3325=EDGE_CURVE('',#2386,#2649,#1496,.T.);
#3326=EDGE_CURVE('',#2650,#2649,#255,.T.);
#3327=EDGE_CURVE('',#2387,#2650,#1497,.T.);
#3328=EDGE_CURVE('',#2651,#2650,#256,.T.);
#3329=EDGE_CURVE('',#2388,#2651,#1498,.T.);
#3330=EDGE_CURVE('',#2652,#2651,#257,.T.);
#3331=EDGE_CURVE('',#2389,#2652,#1499,.T.);
#3332=EDGE_CURVE('',#2653,#2652,#258,.T.);
#3333=EDGE_CURVE('',#2390,#2653,#1500,.T.);
#3334=EDGE_CURVE('',#2654,#2653,#259,.T.);
#3335=EDGE_CURVE('',#2391,#2654,#1501,.T.);
#3336=EDGE_CURVE('',#2655,#2654,#260,.T.);
#3337=EDGE_CURVE('',#2392,#2655,#1502,.T.);
#3338=EDGE_CURVE('',#2656,#2655,#261,.T.);
#3339=EDGE_CURVE('',#2393,#2656,#1503,.T.);
#3340=EDGE_CURVE('',#2657,#2656,#1504,.T.);
#3341=EDGE_CURVE('',#2394,#2657,#1505,.T.);
#3342=EDGE_CURVE('',#2658,#2657,#262,.T.);
#3343=EDGE_CURVE('',#2395,#2658,#1506,.T.);
#3344=EDGE_CURVE('',#2659,#2658,#263,.T.);
#3345=EDGE_CURVE('',#2396,#2659,#1507,.T.);
#3346=EDGE_CURVE('',#2660,#2659,#264,.T.);
#3347=EDGE_CURVE('',#2397,#2660,#1508,.T.);
#3348=EDGE_CURVE('',#2661,#2660,#265,.T.);
#3349=EDGE_CURVE('',#2398,#2661,#1509,.T.);
#3350=EDGE_CURVE('',#2662,#2661,#266,.T.);
#3351=EDGE_CURVE('',#2399,#2662,#1510,.T.);
#3352=EDGE_CURVE('',#2663,#2662,#267,.T.);
#3353=EDGE_CURVE('',#2400,#2663,#1511,.T.);
#3354=EDGE_CURVE('',#2664,#2663,#268,.T.);
#3355=EDGE_CURVE('',#2401,#2664,#1512,.T.);
#3356=EDGE_CURVE('',#2665,#2664,#269,.T.);
#3357=EDGE_CURVE('',#2402,#2665,#1513,.T.);
#3358=EDGE_CURVE('',#2666,#2665,#270,.T.);
#3359=EDGE_CURVE('',#2403,#2666,#1514,.T.);
#3360=EDGE_CURVE('',#2645,#2666,#271,.T.);
#3361=EDGE_CURVE('',#2404,#2667,#1515,.T.);
#3362=EDGE_CURVE('',#2668,#2667,#1516,.T.);
#3363=EDGE_CURVE('',#2405,#2668,#1517,.T.);
#3364=EDGE_CURVE('',#2669,#2668,#1518,.T.);
#3365=EDGE_CURVE('',#2406,#2669,#1519,.T.);
#3366=EDGE_CURVE('',#2670,#2669,#1520,.T.);
#3367=EDGE_CURVE('',#2407,#2670,#1521,.T.);
#3368=EDGE_CURVE('',#2671,#2670,#272,.T.);
#3369=EDGE_CURVE('',#2408,#2671,#1522,.T.);
#3370=EDGE_CURVE('',#2672,#2671,#273,.T.);
#3371=EDGE_CURVE('',#2409,#2672,#1523,.T.);
#3372=EDGE_CURVE('',#2673,#2672,#274,.T.);
#3373=EDGE_CURVE('',#2410,#2673,#1524,.T.);
#3374=EDGE_CURVE('',#2674,#2673,#275,.T.);
#3375=EDGE_CURVE('',#2411,#2674,#1525,.T.);
#3376=EDGE_CURVE('',#2675,#2674,#276,.T.);
#3377=EDGE_CURVE('',#2412,#2675,#1526,.T.);
#3378=EDGE_CURVE('',#2676,#2675,#277,.T.);
#3379=EDGE_CURVE('',#2413,#2676,#1527,.T.);
#3380=EDGE_CURVE('',#2677,#2676,#278,.T.);
#3381=EDGE_CURVE('',#2414,#2677,#1528,.T.);
#3382=EDGE_CURVE('',#2678,#2677,#1529,.T.);
#3383=EDGE_CURVE('',#2415,#2678,#1530,.T.);
#3384=EDGE_CURVE('',#2679,#2678,#1531,.T.);
#3385=EDGE_CURVE('',#2416,#2679,#1532,.T.);
#3386=EDGE_CURVE('',#2680,#2679,#1533,.T.);
#3387=EDGE_CURVE('',#2417,#2680,#1534,.T.);
#3388=EDGE_CURVE('',#2681,#2680,#279,.T.);
#3389=EDGE_CURVE('',#2418,#2681,#1535,.T.);
#3390=EDGE_CURVE('',#2682,#2681,#280,.T.);
#3391=EDGE_CURVE('',#2419,#2682,#1536,.T.);
#3392=EDGE_CURVE('',#2683,#2682,#281,.T.);
#3393=EDGE_CURVE('',#2420,#2683,#1537,.T.);
#3394=EDGE_CURVE('',#2684,#2683,#282,.T.);
#3395=EDGE_CURVE('',#2421,#2684,#1538,.T.);
#3396=EDGE_CURVE('',#2685,#2684,#283,.T.);
#3397=EDGE_CURVE('',#2422,#2685,#1539,.T.);
#3398=EDGE_CURVE('',#2686,#2685,#1540,.T.);
#3399=EDGE_CURVE('',#2423,#2686,#1541,.T.);
#3400=EDGE_CURVE('',#2687,#2686,#1542,.T.);
#3401=EDGE_CURVE('',#2424,#2687,#1543,.T.);
#3402=EDGE_CURVE('',#2688,#2687,#1544,.T.);
#3403=EDGE_CURVE('',#2425,#2688,#1545,.T.);
#3404=EDGE_CURVE('',#2689,#2688,#284,.T.);
#3405=EDGE_CURVE('',#2426,#2689,#1546,.T.);
#3406=EDGE_CURVE('',#2690,#2689,#285,.T.);
#3407=EDGE_CURVE('',#2427,#2690,#1547,.T.);
#3408=EDGE_CURVE('',#2691,#2690,#286,.T.);
#3409=EDGE_CURVE('',#2428,#2691,#1548,.T.);
#3410=EDGE_CURVE('',#2692,#2691,#287,.T.);
#3411=EDGE_CURVE('',#2429,#2692,#1549,.T.);
#3412=EDGE_CURVE('',#2693,#2692,#288,.T.);
#3413=EDGE_CURVE('',#2430,#2693,#1550,.T.);
#3414=EDGE_CURVE('',#2694,#2693,#1551,.T.);
#3415=EDGE_CURVE('',#2431,#2694,#1552,.T.);
#3416=EDGE_CURVE('',#2667,#2694,#1553,.T.);
#3417=EDGE_CURVE('',#2432,#2695,#1554,.T.);
#3418=EDGE_CURVE('',#2696,#2695,#1555,.T.);
#3419=EDGE_CURVE('',#2433,#2696,#1556,.T.);
#3420=EDGE_CURVE('',#2697,#2696,#289,.T.);
#3421=EDGE_CURVE('',#2434,#2697,#1557,.T.);
#3422=EDGE_CURVE('',#2698,#2697,#290,.T.);
#3423=EDGE_CURVE('',#2435,#2698,#1558,.T.);
#3424=EDGE_CURVE('',#2699,#2698,#291,.T.);
#3425=EDGE_CURVE('',#2436,#2699,#1559,.T.);
#3426=EDGE_CURVE('',#2700,#2699,#292,.T.);
#3427=EDGE_CURVE('',#2437,#2700,#1560,.T.);
#3428=EDGE_CURVE('',#2701,#2700,#293,.T.);
#3429=EDGE_CURVE('',#2438,#2701,#1561,.T.);
#3430=EDGE_CURVE('',#2702,#2701,#1562,.T.);
#3431=EDGE_CURVE('',#2439,#2702,#1563,.T.);
#3432=EDGE_CURVE('',#2703,#2702,#1564,.T.);
#3433=EDGE_CURVE('',#2440,#2703,#1565,.T.);
#3434=EDGE_CURVE('',#2704,#2703,#1566,.T.);
#3435=EDGE_CURVE('',#2441,#2704,#1567,.T.);
#3436=EDGE_CURVE('',#2705,#2704,#294,.T.);
#3437=EDGE_CURVE('',#2442,#2705,#1568,.T.);
#3438=EDGE_CURVE('',#2706,#2705,#295,.T.);
#3439=EDGE_CURVE('',#2443,#2706,#1569,.T.);
#3440=EDGE_CURVE('',#2707,#2706,#296,.T.);
#3441=EDGE_CURVE('',#2444,#2707,#1570,.T.);
#3442=EDGE_CURVE('',#2708,#2707,#297,.T.);
#3443=EDGE_CURVE('',#2445,#2708,#1571,.T.);
#3444=EDGE_CURVE('',#2709,#2708,#298,.T.);
#3445=EDGE_CURVE('',#2446,#2709,#1572,.T.);
#3446=EDGE_CURVE('',#2710,#2709,#299,.T.);
#3447=EDGE_CURVE('',#2447,#2710,#1573,.T.);
#3448=EDGE_CURVE('',#2711,#2710,#1574,.T.);
#3449=EDGE_CURVE('',#2448,#2711,#1575,.T.);
#3450=EDGE_CURVE('',#2712,#2711,#1576,.T.);
#3451=EDGE_CURVE('',#2449,#2712,#1577,.T.);
#3452=EDGE_CURVE('',#2713,#2712,#1578,.T.);
#3453=EDGE_CURVE('',#2450,#2713,#1579,.T.);
#3454=EDGE_CURVE('',#2695,#2713,#1580,.T.);
#3455=EDGE_CURVE('',#2714,#2715,#1581,.T.);
#3456=EDGE_CURVE('',#2714,#2716,#1582,.T.);
#3457=EDGE_CURVE('',#2717,#2716,#1583,.T.);
#3458=EDGE_CURVE('',#2715,#2717,#1584,.T.);
#3459=EDGE_CURVE('',#2715,#2718,#300,.T.);
#3460=EDGE_CURVE('',#2719,#2717,#301,.T.);
#3461=EDGE_CURVE('',#2718,#2719,#1585,.T.);
#3462=EDGE_CURVE('',#2718,#2720,#302,.T.);
#3463=EDGE_CURVE('',#2721,#2719,#303,.T.);
#3464=EDGE_CURVE('',#2720,#2721,#1586,.T.);
#3465=EDGE_CURVE('',#2720,#2722,#304,.T.);
#3466=EDGE_CURVE('',#2723,#2721,#305,.T.);
#3467=EDGE_CURVE('',#2722,#2723,#1587,.T.);
#3468=EDGE_CURVE('',#2722,#2714,#306,.T.);
#3469=EDGE_CURVE('',#2716,#2723,#307,.T.);
#3470=EDGE_CURVE('',#2549,#2724,#1588,.T.);
#3471=EDGE_CURVE('',#2725,#2724,#1589,.T.);
#3472=EDGE_CURVE('',#2550,#2725,#1590,.T.);
#3473=EDGE_CURVE('',#2726,#2725,#308,.T.);
#3474=EDGE_CURVE('',#2551,#2726,#1591,.T.);
#3475=EDGE_CURVE('',#2727,#2726,#309,.T.);
#3476=EDGE_CURVE('',#2552,#2727,#1592,.T.);
#3477=EDGE_CURVE('',#2728,#2727,#310,.T.);
#3478=EDGE_CURVE('',#2553,#2728,#1593,.T.);
#3479=EDGE_CURVE('',#2729,#2728,#311,.T.);
#3480=EDGE_CURVE('',#2554,#2729,#1594,.T.);
#3481=EDGE_CURVE('',#2730,#2729,#312,.T.);
#3482=EDGE_CURVE('',#2555,#2730,#1595,.T.);
#3483=EDGE_CURVE('',#2731,#2730,#313,.T.);
#3484=EDGE_CURVE('',#2556,#2731,#1596,.T.);
#3485=EDGE_CURVE('',#2732,#2731,#314,.T.);
#3486=EDGE_CURVE('',#2557,#2732,#1597,.T.);
#3487=EDGE_CURVE('',#2733,#2732,#315,.T.);
#3488=EDGE_CURVE('',#2558,#2733,#1598,.T.);
#3489=EDGE_CURVE('',#2734,#2733,#316,.T.);
#3490=EDGE_CURVE('',#2559,#2734,#1599,.T.);
#3491=EDGE_CURVE('',#2735,#2734,#1600,.T.);
#3492=EDGE_CURVE('',#2560,#2735,#1601,.T.);
#3493=EDGE_CURVE('',#2736,#2735,#317,.T.);
#3494=EDGE_CURVE('',#2561,#2736,#1602,.T.);
#3495=EDGE_CURVE('',#2737,#2736,#318,.T.);
#3496=EDGE_CURVE('',#2562,#2737,#1603,.T.);
#3497=EDGE_CURVE('',#2738,#2737,#319,.T.);
#3498=EDGE_CURVE('',#2563,#2738,#1604,.T.);
#3499=EDGE_CURVE('',#2724,#2738,#320,.T.);
#3500=EDGE_CURVE('',#2529,#2739,#1605,.T.);
#3501=EDGE_CURVE('',#2740,#2739,#1606,.T.);
#3502=EDGE_CURVE('',#2530,#2740,#1607,.T.);
#3503=EDGE_CURVE('',#2741,#2740,#321,.T.);
#3504=EDGE_CURVE('',#2531,#2741,#1608,.T.);
#3505=EDGE_CURVE('',#2742,#2741,#322,.T.);
#3506=EDGE_CURVE('',#2532,#2742,#1609,.T.);
#3507=EDGE_CURVE('',#2743,#2742,#323,.T.);
#3508=EDGE_CURVE('',#2533,#2743,#1610,.T.);
#3509=EDGE_CURVE('',#2744,#2743,#324,.T.);
#3510=EDGE_CURVE('',#2534,#2744,#1611,.T.);
#3511=EDGE_CURVE('',#2745,#2744,#1612,.T.);
#3512=EDGE_CURVE('',#2535,#2745,#1613,.T.);
#3513=EDGE_CURVE('',#2746,#2745,#1614,.T.);
#3514=EDGE_CURVE('',#2536,#2746,#1615,.T.);
#3515=EDGE_CURVE('',#2747,#2746,#1616,.T.);
#3516=EDGE_CURVE('',#2537,#2747,#1617,.T.);
#3517=EDGE_CURVE('',#2748,#2747,#1618,.T.);
#3518=EDGE_CURVE('',#2538,#2748,#1619,.T.);
#3519=EDGE_CURVE('',#2749,#2748,#1620,.T.);
#3520=EDGE_CURVE('',#2539,#2749,#1621,.T.);
#3521=EDGE_CURVE('',#2750,#2749,#1622,.T.);
#3522=EDGE_CURVE('',#2540,#2750,#1623,.T.);
#3523=EDGE_CURVE('',#2751,#2750,#1624,.T.);
#3524=EDGE_CURVE('',#2541,#2751,#1625,.T.);
#3525=EDGE_CURVE('',#2752,#2751,#1626,.T.);
#3526=EDGE_CURVE('',#2542,#2752,#1627,.T.);
#3527=EDGE_CURVE('',#2753,#2752,#1628,.T.);
#3528=EDGE_CURVE('',#2543,#2753,#1629,.T.);
#3529=EDGE_CURVE('',#2754,#2753,#1630,.T.);
#3530=EDGE_CURVE('',#2544,#2754,#1631,.T.);
#3531=EDGE_CURVE('',#2755,#2754,#1632,.T.);
#3532=EDGE_CURVE('',#2545,#2755,#1633,.T.);
#3533=EDGE_CURVE('',#2756,#2755,#325,.T.);
#3534=EDGE_CURVE('',#2546,#2756,#1634,.T.);
#3535=EDGE_CURVE('',#2757,#2756,#326,.T.);
#3536=EDGE_CURVE('',#2547,#2757,#1635,.T.);
#3537=EDGE_CURVE('',#2758,#2757,#327,.T.);
#3538=EDGE_CURVE('',#2548,#2758,#1636,.T.);
#3539=EDGE_CURVE('',#2739,#2758,#328,.T.);
#3540=EDGE_CURVE('',#2759,#2760,#329,.T.);
#3541=EDGE_CURVE('',#2759,#2761,#1637,.T.);
#3542=EDGE_CURVE('',#2762,#2761,#330,.T.);
#3543=EDGE_CURVE('',#2760,#2762,#1638,.T.);
#3544=EDGE_CURVE('',#2760,#2763,#331,.T.);
#3545=EDGE_CURVE('',#2764,#2762,#332,.T.);
#3546=EDGE_CURVE('',#2763,#2764,#1639,.T.);
#3547=EDGE_CURVE('',#2763,#2765,#333,.T.);
#3548=EDGE_CURVE('',#2766,#2764,#334,.T.);
#3549=EDGE_CURVE('',#2765,#2766,#1640,.T.);
#3550=EDGE_CURVE('',#2765,#2767,#335,.T.);
#3551=EDGE_CURVE('',#2768,#2766,#336,.T.);
#3552=EDGE_CURVE('',#2767,#2768,#1641,.T.);
#3553=EDGE_CURVE('',#2767,#2769,#337,.T.);
#3554=EDGE_CURVE('',#2770,#2768,#338,.T.);
#3555=EDGE_CURVE('',#2769,#2770,#1642,.T.);
#3556=EDGE_CURVE('',#2769,#2771,#339,.T.);
#3557=EDGE_CURVE('',#2772,#2770,#340,.T.);
#3558=EDGE_CURVE('',#2771,#2772,#1643,.T.);
#3559=EDGE_CURVE('',#2771,#2773,#341,.T.);
#3560=EDGE_CURVE('',#2774,#2772,#342,.T.);
#3561=EDGE_CURVE('',#2773,#2774,#1644,.T.);
#3562=EDGE_CURVE('',#2773,#2759,#343,.T.);
#3563=EDGE_CURVE('',#2761,#2774,#344,.T.);
#3564=EDGE_CURVE('',#2451,#2775,#1645,.T.);
#3565=EDGE_CURVE('',#2776,#2775,#1646,.T.);
#3566=EDGE_CURVE('',#2452,#2776,#1647,.T.);
#3567=EDGE_CURVE('',#2777,#2776,#1648,.T.);
#3568=EDGE_CURVE('',#2453,#2777,#1649,.T.);
#3569=EDGE_CURVE('',#2778,#2777,#1650,.T.);
#3570=EDGE_CURVE('',#2454,#2778,#1651,.T.);
#3571=EDGE_CURVE('',#2779,#2778,#345,.T.);
#3572=EDGE_CURVE('',#2455,#2779,#1652,.T.);
#3573=EDGE_CURVE('',#2780,#2779,#346,.T.);
#3574=EDGE_CURVE('',#2456,#2780,#1653,.T.);
#3575=EDGE_CURVE('',#2781,#2780,#347,.T.);
#3576=EDGE_CURVE('',#2457,#2781,#1654,.T.);
#3577=EDGE_CURVE('',#2782,#2781,#348,.T.);
#3578=EDGE_CURVE('',#2458,#2782,#1655,.T.);
#3579=EDGE_CURVE('',#2783,#2782,#349,.T.);
#3580=EDGE_CURVE('',#2459,#2783,#1656,.T.);
#3581=EDGE_CURVE('',#2784,#2783,#350,.T.);
#3582=EDGE_CURVE('',#2460,#2784,#1657,.T.);
#3583=EDGE_CURVE('',#2785,#2784,#351,.T.);
#3584=EDGE_CURVE('',#2461,#2785,#1658,.T.);
#3585=EDGE_CURVE('',#2786,#2785,#352,.T.);
#3586=EDGE_CURVE('',#2462,#2786,#1659,.T.);
#3587=EDGE_CURVE('',#2787,#2786,#353,.T.);
#3588=EDGE_CURVE('',#2463,#2787,#1660,.T.);
#3589=EDGE_CURVE('',#2788,#2787,#354,.T.);
#3590=EDGE_CURVE('',#2464,#2788,#1661,.T.);
#3591=EDGE_CURVE('',#2789,#2788,#1662,.T.);
#3592=EDGE_CURVE('',#2465,#2789,#1663,.T.);
#3593=EDGE_CURVE('',#2775,#2789,#1664,.T.);
#3594=EDGE_CURVE('',#2790,#2791,#355,.T.);
#3595=EDGE_CURVE('',#2790,#2792,#1665,.T.);
#3596=EDGE_CURVE('',#2793,#2792,#356,.T.);
#3597=EDGE_CURVE('',#2791,#2793,#1666,.T.);
#3598=EDGE_CURVE('',#2791,#2794,#357,.T.);
#3599=EDGE_CURVE('',#2795,#2793,#358,.T.);
#3600=EDGE_CURVE('',#2794,#2795,#1667,.T.);
#3601=EDGE_CURVE('',#2794,#2796,#359,.T.);
#3602=EDGE_CURVE('',#2797,#2795,#360,.T.);
#3603=EDGE_CURVE('',#2796,#2797,#1668,.T.);
#3604=EDGE_CURVE('',#2796,#2798,#361,.T.);
#3605=EDGE_CURVE('',#2799,#2797,#362,.T.);
#3606=EDGE_CURVE('',#2798,#2799,#1669,.T.);
#3607=EDGE_CURVE('',#2798,#2800,#363,.T.);
#3608=EDGE_CURVE('',#2801,#2799,#364,.T.);
#3609=EDGE_CURVE('',#2800,#2801,#1670,.T.);
#3610=EDGE_CURVE('',#2800,#2802,#365,.T.);
#3611=EDGE_CURVE('',#2803,#2801,#366,.T.);
#3612=EDGE_CURVE('',#2802,#2803,#1671,.T.);
#3613=EDGE_CURVE('',#2802,#2804,#367,.T.);
#3614=EDGE_CURVE('',#2805,#2803,#368,.T.);
#3615=EDGE_CURVE('',#2804,#2805,#1672,.T.);
#3616=EDGE_CURVE('',#2804,#2790,#369,.T.);
#3617=EDGE_CURVE('',#2792,#2805,#370,.T.);
#3618=EDGE_CURVE('',#2520,#2806,#1673,.T.);
#3619=EDGE_CURVE('',#2807,#2806,#371,.T.);
#3620=EDGE_CURVE('',#2521,#2807,#1674,.T.);
#3621=EDGE_CURVE('',#2808,#2807,#372,.T.);
#3622=EDGE_CURVE('',#2522,#2808,#1675,.T.);
#3623=EDGE_CURVE('',#2809,#2808,#373,.T.);
#3624=EDGE_CURVE('',#2523,#2809,#1676,.T.);
#3625=EDGE_CURVE('',#2810,#2809,#374,.T.);
#3626=EDGE_CURVE('',#2524,#2810,#1677,.T.);
#3627=EDGE_CURVE('',#2811,#2810,#375,.T.);
#3628=EDGE_CURVE('',#2525,#2811,#1678,.T.);
#3629=EDGE_CURVE('',#2812,#2811,#376,.T.);
#3630=EDGE_CURVE('',#2526,#2812,#1679,.T.);
#3631=EDGE_CURVE('',#2813,#2812,#377,.T.);
#3632=EDGE_CURVE('',#2527,#2813,#1680,.T.);
#3633=EDGE_CURVE('',#2814,#2813,#378,.T.);
#3634=EDGE_CURVE('',#2528,#2814,#1681,.T.);
#3635=EDGE_CURVE('',#2806,#2814,#379,.T.);
#3636=EDGE_CURVE('',#2507,#2815,#1682,.T.);
#3637=EDGE_CURVE('',#2816,#2815,#1683,.T.);
#3638=EDGE_CURVE('',#2508,#2816,#1684,.T.);
#3639=EDGE_CURVE('',#2817,#2816,#1685,.T.);
#3640=EDGE_CURVE('',#2509,#2817,#1686,.T.);
#3641=EDGE_CURVE('',#2818,#2817,#1687,.T.);
#3642=EDGE_CURVE('',#2510,#2818,#1688,.T.);
#3643=EDGE_CURVE('',#2819,#2818,#380,.T.);
#3644=EDGE_CURVE('',#2511,#2819,#1689,.T.);
#3645=EDGE_CURVE('',#2820,#2819,#381,.T.);
#3646=EDGE_CURVE('',#2512,#2820,#1690,.T.);
#3647=EDGE_CURVE('',#2821,#2820,#382,.T.);
#3648=EDGE_CURVE('',#2513,#2821,#1691,.T.);
#3649=EDGE_CURVE('',#2822,#2821,#1692,.T.);
#3650=EDGE_CURVE('',#2514,#2822,#1693,.T.);
#3651=EDGE_CURVE('',#2823,#2822,#383,.T.);
#3652=EDGE_CURVE('',#2515,#2823,#1694,.T.);
#3653=EDGE_CURVE('',#2824,#2823,#384,.T.);
#3654=EDGE_CURVE('',#2516,#2824,#1695,.T.);
#3655=EDGE_CURVE('',#2825,#2824,#385,.T.);
#3656=EDGE_CURVE('',#2517,#2825,#1696,.T.);
#3657=EDGE_CURVE('',#2826,#2825,#386,.T.);
#3658=EDGE_CURVE('',#2518,#2826,#1697,.T.);
#3659=EDGE_CURVE('',#2827,#2826,#1698,.T.);
#3660=EDGE_CURVE('',#2519,#2827,#1699,.T.);
#3661=EDGE_CURVE('',#2815,#2827,#1700,.T.);
#3662=EDGE_CURVE('',#2489,#2828,#1701,.T.);
#3663=EDGE_CURVE('',#2829,#2828,#1702,.T.);
#3664=EDGE_CURVE('',#2490,#2829,#1703,.T.);
#3665=EDGE_CURVE('',#2830,#2829,#1704,.T.);
#3666=EDGE_CURVE('',#2491,#2830,#1705,.T.);
#3667=EDGE_CURVE('',#2831,#2830,#1706,.T.);
#3668=EDGE_CURVE('',#2492,#2831,#1707,.T.);
#3669=EDGE_CURVE('',#2832,#2831,#387,.T.);
#3670=EDGE_CURVE('',#2493,#2832,#1708,.T.);
#3671=EDGE_CURVE('',#2833,#2832,#388,.T.);
#3672=EDGE_CURVE('',#2494,#2833,#1709,.T.);
#3673=EDGE_CURVE('',#2834,#2833,#389,.T.);
#3674=EDGE_CURVE('',#2495,#2834,#1710,.T.);
#3675=EDGE_CURVE('',#2835,#2834,#390,.T.);
#3676=EDGE_CURVE('',#2496,#2835,#1711,.T.);
#3677=EDGE_CURVE('',#2836,#2835,#391,.T.);
#3678=EDGE_CURVE('',#2497,#2836,#1712,.T.);
#3679=EDGE_CURVE('',#2837,#2836,#1713,.T.);
#3680=EDGE_CURVE('',#2498,#2837,#1714,.T.);
#3681=EDGE_CURVE('',#2838,#2837,#1715,.T.);
#3682=EDGE_CURVE('',#2499,#2838,#1716,.T.);
#3683=EDGE_CURVE('',#2839,#2838,#1717,.T.);
#3684=EDGE_CURVE('',#2500,#2839,#1718,.T.);
#3685=EDGE_CURVE('',#2840,#2839,#392,.T.);
#3686=EDGE_CURVE('',#2501,#2840,#1719,.T.);
#3687=EDGE_CURVE('',#2841,#2840,#393,.T.);
#3688=EDGE_CURVE('',#2502,#2841,#1720,.T.);
#3689=EDGE_CURVE('',#2842,#2841,#394,.T.);
#3690=EDGE_CURVE('',#2503,#2842,#1721,.T.);
#3691=EDGE_CURVE('',#2843,#2842,#395,.T.);
#3692=EDGE_CURVE('',#2504,#2843,#1722,.T.);
#3693=EDGE_CURVE('',#2844,#2843,#396,.T.);
#3694=EDGE_CURVE('',#2505,#2844,#1723,.T.);
#3695=EDGE_CURVE('',#2845,#2844,#1724,.T.);
#3696=EDGE_CURVE('',#2506,#2845,#1725,.T.);
#3697=EDGE_CURVE('',#2828,#2845,#1726,.T.);
#3698=EDGE_CURVE('',#2485,#2846,#1727,.T.);
#3699=EDGE_CURVE('',#2847,#2846,#1728,.T.);
#3700=EDGE_CURVE('',#2486,#2847,#1729,.T.);
#3701=EDGE_CURVE('',#2848,#2847,#1730,.T.);
#3702=EDGE_CURVE('',#2487,#2848,#1731,.T.);
#3703=EDGE_CURVE('',#2849,#2848,#1732,.T.);
#3704=EDGE_CURVE('',#2488,#2849,#1733,.T.);
#3705=EDGE_CURVE('',#2846,#2849,#1734,.T.);
#3706=EDGE_CURVE('',#2850,#2851,#397,.T.);
#3707=EDGE_CURVE('',#2850,#2852,#1735,.T.);
#3708=EDGE_CURVE('',#2853,#2852,#398,.T.);
#3709=EDGE_CURVE('',#2851,#2853,#1736,.T.);
#3710=EDGE_CURVE('',#2851,#2854,#399,.T.);
#3711=EDGE_CURVE('',#2855,#2853,#400,.T.);
#3712=EDGE_CURVE('',#2854,#2855,#1737,.T.);
#3713=EDGE_CURVE('',#2854,#2856,#401,.T.);
#3714=EDGE_CURVE('',#2857,#2855,#402,.T.);
#3715=EDGE_CURVE('',#2856,#2857,#1738,.T.);
#3716=EDGE_CURVE('',#2856,#2858,#403,.T.);
#3717=EDGE_CURVE('',#2859,#2857,#404,.T.);
#3718=EDGE_CURVE('',#2858,#2859,#1739,.T.);
#3719=EDGE_CURVE('',#2858,#2860,#405,.T.);
#3720=EDGE_CURVE('',#2861,#2859,#406,.T.);
#3721=EDGE_CURVE('',#2860,#2861,#1740,.T.);
#3722=EDGE_CURVE('',#2860,#2862,#407,.T.);
#3723=EDGE_CURVE('',#2863,#2861,#408,.T.);
#3724=EDGE_CURVE('',#2862,#2863,#1741,.T.);
#3725=EDGE_CURVE('',#2862,#2864,#409,.T.);
#3726=EDGE_CURVE('',#2865,#2863,#410,.T.);
#3727=EDGE_CURVE('',#2864,#2865,#1742,.T.);
#3728=EDGE_CURVE('',#2864,#2850,#411,.T.);
#3729=EDGE_CURVE('',#2852,#2865,#412,.T.);
#3730=EDGE_CURVE('',#2466,#2866,#1743,.T.);
#3731=EDGE_CURVE('',#2867,#2866,#413,.T.);
#3732=EDGE_CURVE('',#2467,#2867,#1744,.T.);
#3733=EDGE_CURVE('',#2868,#2867,#414,.T.);
#3734=EDGE_CURVE('',#2468,#2868,#1745,.T.);
#3735=EDGE_CURVE('',#2869,#2868,#415,.T.);
#3736=EDGE_CURVE('',#2469,#2869,#1746,.T.);
#3737=EDGE_CURVE('',#2870,#2869,#416,.T.);
#3738=EDGE_CURVE('',#2470,#2870,#1747,.T.);
#3739=EDGE_CURVE('',#2871,#2870,#417,.T.);
#3740=EDGE_CURVE('',#2471,#2871,#1748,.T.);
#3741=EDGE_CURVE('',#2872,#2871,#418,.T.);
#3742=EDGE_CURVE('',#2472,#2872,#1749,.T.);
#3743=EDGE_CURVE('',#2873,#2872,#419,.T.);
#3744=EDGE_CURVE('',#2473,#2873,#1750,.T.);
#3745=EDGE_CURVE('',#2874,#2873,#420,.T.);
#3746=EDGE_CURVE('',#2474,#2874,#1751,.T.);
#3747=EDGE_CURVE('',#2866,#2874,#421,.T.);
#3748=EDGE_CURVE('',#2875,#2876,#1752,.T.);
#3749=EDGE_CURVE('',#2876,#2877,#1753,.T.);
#3750=EDGE_CURVE('',#2877,#2878,#1754,.T.);
#3751=EDGE_CURVE('',#2878,#2875,#1755,.T.);
#3752=EDGE_CURVE('',#2879,#2880,#1756,.T.);
#3753=EDGE_CURVE('',#2880,#2881,#1757,.T.);
#3754=EDGE_CURVE('',#2881,#2882,#1758,.T.);
#3755=EDGE_CURVE('',#2882,#2879,#1759,.T.);
#3756=EDGE_CURVE('',#2475,#2883,#1760,.T.);
#3757=EDGE_CURVE('',#2884,#2482,#1761,.T.);
#3758=EDGE_CURVE('',#2884,#2883,#1762,.T.);
#3759=EDGE_CURVE('',#2358,#2875,#1763,.T.);
#3760=EDGE_CURVE('',#2885,#2878,#1764,.T.);
#3761=EDGE_CURVE('',#2885,#2886,#1765,.T.);
#3762=EDGE_CURVE('',#2886,#2881,#1766,.T.);
#3763=EDGE_CURVE('',#2357,#2880,#1767,.T.);
#3764=EDGE_CURVE('',#2483,#2887,#1768,.T.);
#3765=EDGE_CURVE('',#2887,#2887,#23,.T.);
#3766=EDGE_CURVE('',#2484,#2888,#1769,.T.);
#3767=EDGE_CURVE('',#2888,#2888,#24,.T.);
#3768=EDGE_CURVE('',#2476,#2889,#1770,.T.);
#3769=EDGE_CURVE('',#2890,#2889,#1771,.T.);
#3770=EDGE_CURVE('',#2477,#2890,#1772,.F.);
#3771=EDGE_CURVE('',#2478,#2891,#1773,.F.);
#3772=EDGE_CURVE('',#2892,#2891,#1774,.F.);
#3773=EDGE_CURVE('',#2479,#2892,#1775,.T.);
#3774=EDGE_CURVE('',#2893,#2481,#1776,.T.);
#3775=EDGE_CURVE('',#2480,#2894,#1777,.T.);
#3776=EDGE_CURVE('',#2893,#2894,#1778,.F.);
#3777=EDGE_CURVE('',#2894,#2892,#1779,.F.);
#3778=EDGE_CURVE('',#2891,#2890,#1780,.F.);
#3779=EDGE_CURVE('',#2895,#2877,#1781,.T.);
#3780=EDGE_CURVE('',#2885,#2895,#1782,.T.);
#3781=EDGE_CURVE('',#2896,#2882,#1783,.T.);
#3782=EDGE_CURVE('',#2896,#2895,#1784,.T.);
#3783=EDGE_CURVE('',#2360,#2876,#1785,.T.);
#3784=EDGE_CURVE('',#2359,#2879,#1786,.T.);
#3785=EDGE_CURVE('',#2883,#2889,#25,.T.);
#3786=EDGE_CURVE('',#2893,#2884,#26,.T.);
#3787=EDGE_CURVE('',#2896,#2886,#1787,.T.);
#3788=ORIENTED_EDGE('',*,*,#2897,.F.);
#3789=ORIENTED_EDGE('',*,*,#2898,.T.);
#3790=ORIENTED_EDGE('',*,*,#2899,.F.);
#3791=ORIENTED_EDGE('',*,*,#2900,.F.);
#3792=ORIENTED_EDGE('',*,*,#2901,.F.);
#3793=ORIENTED_EDGE('',*,*,#2900,.T.);
#3794=ORIENTED_EDGE('',*,*,#2902,.F.);
#3795=ORIENTED_EDGE('',*,*,#2903,.F.);
#3796=ORIENTED_EDGE('',*,*,#2904,.F.);
#3797=ORIENTED_EDGE('',*,*,#2903,.T.);
#3798=ORIENTED_EDGE('',*,*,#2905,.F.);
#3799=ORIENTED_EDGE('',*,*,#2906,.F.);
#3800=ORIENTED_EDGE('',*,*,#2907,.F.);
#3801=ORIENTED_EDGE('',*,*,#2906,.T.);
#3802=ORIENTED_EDGE('',*,*,#2908,.F.);
#3803=ORIENTED_EDGE('',*,*,#2909,.F.);
#3804=ORIENTED_EDGE('',*,*,#2910,.F.);
#3805=ORIENTED_EDGE('',*,*,#2909,.T.);
#3806=ORIENTED_EDGE('',*,*,#2911,.F.);
#3807=ORIENTED_EDGE('',*,*,#2912,.F.);
#3808=ORIENTED_EDGE('',*,*,#2913,.F.);
#3809=ORIENTED_EDGE('',*,*,#2912,.T.);
#3810=ORIENTED_EDGE('',*,*,#2914,.F.);
#3811=ORIENTED_EDGE('',*,*,#2915,.F.);
#3812=ORIENTED_EDGE('',*,*,#2916,.F.);
#3813=ORIENTED_EDGE('',*,*,#2915,.T.);
#3814=ORIENTED_EDGE('',*,*,#2917,.F.);
#3815=ORIENTED_EDGE('',*,*,#2918,.F.);
#3816=ORIENTED_EDGE('',*,*,#2919,.F.);
#3817=ORIENTED_EDGE('',*,*,#2918,.T.);
#3818=ORIENTED_EDGE('',*,*,#2920,.F.);
#3819=ORIENTED_EDGE('',*,*,#2898,.F.);
#3820=ORIENTED_EDGE('',*,*,#2921,.F.);
#3821=ORIENTED_EDGE('',*,*,#2922,.T.);
#3822=ORIENTED_EDGE('',*,*,#2923,.F.);
#3823=ORIENTED_EDGE('',*,*,#2924,.F.);
#3824=ORIENTED_EDGE('',*,*,#2925,.F.);
#3825=ORIENTED_EDGE('',*,*,#2924,.T.);
#3826=ORIENTED_EDGE('',*,*,#2926,.F.);
#3827=ORIENTED_EDGE('',*,*,#2927,.F.);
#3828=ORIENTED_EDGE('',*,*,#2928,.F.);
#3829=ORIENTED_EDGE('',*,*,#2927,.T.);
#3830=ORIENTED_EDGE('',*,*,#2929,.F.);
#3831=ORIENTED_EDGE('',*,*,#2930,.F.);
#3832=ORIENTED_EDGE('',*,*,#2931,.F.);
#3833=ORIENTED_EDGE('',*,*,#2930,.T.);
#3834=ORIENTED_EDGE('',*,*,#2932,.F.);
#3835=ORIENTED_EDGE('',*,*,#2933,.F.);
#3836=ORIENTED_EDGE('',*,*,#2934,.F.);
#3837=ORIENTED_EDGE('',*,*,#2933,.T.);
#3838=ORIENTED_EDGE('',*,*,#2935,.F.);
#3839=ORIENTED_EDGE('',*,*,#2936,.F.);
#3840=ORIENTED_EDGE('',*,*,#2937,.F.);
#3841=ORIENTED_EDGE('',*,*,#2936,.T.);
#3842=ORIENTED_EDGE('',*,*,#2938,.F.);
#3843=ORIENTED_EDGE('',*,*,#2939,.F.);
#3844=ORIENTED_EDGE('',*,*,#2940,.F.);
#3845=ORIENTED_EDGE('',*,*,#2939,.T.);
#3846=ORIENTED_EDGE('',*,*,#2941,.F.);
#3847=ORIENTED_EDGE('',*,*,#2942,.F.);
#3848=ORIENTED_EDGE('',*,*,#2943,.F.);
#3849=ORIENTED_EDGE('',*,*,#2942,.T.);
#3850=ORIENTED_EDGE('',*,*,#2944,.F.);
#3851=ORIENTED_EDGE('',*,*,#2945,.F.);
#3852=ORIENTED_EDGE('',*,*,#2946,.F.);
#3853=ORIENTED_EDGE('',*,*,#2945,.T.);
#3854=ORIENTED_EDGE('',*,*,#2947,.F.);
#3855=ORIENTED_EDGE('',*,*,#2948,.F.);
#3856=ORIENTED_EDGE('',*,*,#2949,.F.);
#3857=ORIENTED_EDGE('',*,*,#2948,.T.);
#3858=ORIENTED_EDGE('',*,*,#2950,.F.);
#3859=ORIENTED_EDGE('',*,*,#2951,.F.);
#3860=ORIENTED_EDGE('',*,*,#2952,.F.);
#3861=ORIENTED_EDGE('',*,*,#2951,.T.);
#3862=ORIENTED_EDGE('',*,*,#2953,.F.);
#3863=ORIENTED_EDGE('',*,*,#2954,.F.);
#3864=ORIENTED_EDGE('',*,*,#2955,.F.);
#3865=ORIENTED_EDGE('',*,*,#2954,.T.);
#3866=ORIENTED_EDGE('',*,*,#2956,.F.);
#3867=ORIENTED_EDGE('',*,*,#2957,.F.);
#3868=ORIENTED_EDGE('',*,*,#2958,.F.);
#3869=ORIENTED_EDGE('',*,*,#2957,.T.);
#3870=ORIENTED_EDGE('',*,*,#2959,.F.);
#3871=ORIENTED_EDGE('',*,*,#2960,.F.);
#3872=ORIENTED_EDGE('',*,*,#2961,.F.);
#3873=ORIENTED_EDGE('',*,*,#2960,.T.);
#3874=ORIENTED_EDGE('',*,*,#2962,.F.);
#3875=ORIENTED_EDGE('',*,*,#2963,.F.);
#3876=ORIENTED_EDGE('',*,*,#2964,.F.);
#3877=ORIENTED_EDGE('',*,*,#2963,.T.);
#3878=ORIENTED_EDGE('',*,*,#2965,.F.);
#3879=ORIENTED_EDGE('',*,*,#2966,.F.);
#3880=ORIENTED_EDGE('',*,*,#2967,.F.);
#3881=ORIENTED_EDGE('',*,*,#2966,.T.);
#3882=ORIENTED_EDGE('',*,*,#2968,.F.);
#3883=ORIENTED_EDGE('',*,*,#2969,.F.);
#3884=ORIENTED_EDGE('',*,*,#2970,.F.);
#3885=ORIENTED_EDGE('',*,*,#2969,.T.);
#3886=ORIENTED_EDGE('',*,*,#2971,.F.);
#3887=ORIENTED_EDGE('',*,*,#2972,.F.);
#3888=ORIENTED_EDGE('',*,*,#2973,.F.);
#3889=ORIENTED_EDGE('',*,*,#2972,.T.);
#3890=ORIENTED_EDGE('',*,*,#2974,.F.);
#3891=ORIENTED_EDGE('',*,*,#2975,.F.);
#3892=ORIENTED_EDGE('',*,*,#2976,.F.);
#3893=ORIENTED_EDGE('',*,*,#2975,.T.);
#3894=ORIENTED_EDGE('',*,*,#2977,.F.);
#3895=ORIENTED_EDGE('',*,*,#2922,.F.);
#3896=ORIENTED_EDGE('',*,*,#2977,.T.);
#3897=ORIENTED_EDGE('',*,*,#2974,.T.);
#3898=ORIENTED_EDGE('',*,*,#2971,.T.);
#3899=ORIENTED_EDGE('',*,*,#2968,.T.);
#3900=ORIENTED_EDGE('',*,*,#2965,.T.);
#3901=ORIENTED_EDGE('',*,*,#2962,.T.);
#3902=ORIENTED_EDGE('',*,*,#2959,.T.);
#3903=ORIENTED_EDGE('',*,*,#2956,.T.);
#3904=ORIENTED_EDGE('',*,*,#2953,.T.);
#3905=ORIENTED_EDGE('',*,*,#2950,.T.);
#3906=ORIENTED_EDGE('',*,*,#2947,.T.);
#3907=ORIENTED_EDGE('',*,*,#2944,.T.);
#3908=ORIENTED_EDGE('',*,*,#2941,.T.);
#3909=ORIENTED_EDGE('',*,*,#2938,.T.);
#3910=ORIENTED_EDGE('',*,*,#2935,.T.);
#3911=ORIENTED_EDGE('',*,*,#2932,.T.);
#3912=ORIENTED_EDGE('',*,*,#2929,.T.);
#3913=ORIENTED_EDGE('',*,*,#2926,.T.);
#3914=ORIENTED_EDGE('',*,*,#2923,.T.);
#3915=ORIENTED_EDGE('',*,*,#2920,.T.);
#3916=ORIENTED_EDGE('',*,*,#2917,.T.);
#3917=ORIENTED_EDGE('',*,*,#2914,.T.);
#3918=ORIENTED_EDGE('',*,*,#2911,.T.);
#3919=ORIENTED_EDGE('',*,*,#2908,.T.);
#3920=ORIENTED_EDGE('',*,*,#2905,.T.);
#3921=ORIENTED_EDGE('',*,*,#2902,.T.);
#3922=ORIENTED_EDGE('',*,*,#2899,.T.);
#3923=ORIENTED_EDGE('',*,*,#2978,.F.);
#3924=ORIENTED_EDGE('',*,*,#2979,.F.);
#3925=ORIENTED_EDGE('',*,*,#2980,.F.);
#3926=ORIENTED_EDGE('',*,*,#2981,.F.);
#3927=ORIENTED_EDGE('',*,*,#2982,.T.);
#3928=ORIENTED_EDGE('',*,*,#2983,.T.);
#3929=ORIENTED_EDGE('',*,*,#2984,.T.);
#3930=ORIENTED_EDGE('',*,*,#2985,.T.);
#3931=ORIENTED_EDGE('',*,*,#2986,.T.);
#3932=ORIENTED_EDGE('',*,*,#2987,.T.);
#3933=ORIENTED_EDGE('',*,*,#2988,.T.);
#3934=ORIENTED_EDGE('',*,*,#2989,.T.);
#3935=ORIENTED_EDGE('',*,*,#2990,.T.);
#3936=ORIENTED_EDGE('',*,*,#2991,.T.);
#3937=ORIENTED_EDGE('',*,*,#2992,.T.);
#3938=ORIENTED_EDGE('',*,*,#2993,.T.);
#3939=ORIENTED_EDGE('',*,*,#2994,.T.);
#3940=ORIENTED_EDGE('',*,*,#2995,.T.);
#3941=ORIENTED_EDGE('',*,*,#2996,.T.);
#3942=ORIENTED_EDGE('',*,*,#2997,.T.);
#3943=ORIENTED_EDGE('',*,*,#2998,.T.);
#3944=ORIENTED_EDGE('',*,*,#2999,.T.);
#3945=ORIENTED_EDGE('',*,*,#3000,.T.);
#3946=ORIENTED_EDGE('',*,*,#3001,.T.);
#3947=ORIENTED_EDGE('',*,*,#3002,.T.);
#3948=ORIENTED_EDGE('',*,*,#3003,.T.);
#3949=ORIENTED_EDGE('',*,*,#3004,.T.);
#3950=ORIENTED_EDGE('',*,*,#3005,.T.);
#3951=ORIENTED_EDGE('',*,*,#3006,.T.);
#3952=ORIENTED_EDGE('',*,*,#3007,.T.);
#3953=ORIENTED_EDGE('',*,*,#3008,.T.);
#3954=ORIENTED_EDGE('',*,*,#3009,.T.);
#3955=ORIENTED_EDGE('',*,*,#3010,.T.);
#3956=ORIENTED_EDGE('',*,*,#3011,.T.);
#3957=ORIENTED_EDGE('',*,*,#3012,.T.);
#3958=ORIENTED_EDGE('',*,*,#3013,.T.);
#3959=ORIENTED_EDGE('',*,*,#3014,.T.);
#3960=ORIENTED_EDGE('',*,*,#3015,.T.);
#3961=ORIENTED_EDGE('',*,*,#3016,.T.);
#3962=ORIENTED_EDGE('',*,*,#3017,.T.);
#3963=ORIENTED_EDGE('',*,*,#3018,.T.);
#3964=ORIENTED_EDGE('',*,*,#3019,.T.);
#3965=ORIENTED_EDGE('',*,*,#3020,.T.);
#3966=ORIENTED_EDGE('',*,*,#3021,.T.);
#3967=ORIENTED_EDGE('',*,*,#3022,.T.);
#3968=ORIENTED_EDGE('',*,*,#3023,.T.);
#3969=ORIENTED_EDGE('',*,*,#3024,.T.);
#3970=ORIENTED_EDGE('',*,*,#3025,.T.);
#3971=ORIENTED_EDGE('',*,*,#3026,.T.);
#3972=ORIENTED_EDGE('',*,*,#3027,.T.);
#3973=ORIENTED_EDGE('',*,*,#3028,.T.);
#3974=ORIENTED_EDGE('',*,*,#3029,.T.);
#3975=ORIENTED_EDGE('',*,*,#3030,.T.);
#3976=ORIENTED_EDGE('',*,*,#3031,.T.);
#3977=ORIENTED_EDGE('',*,*,#3032,.T.);
#3978=ORIENTED_EDGE('',*,*,#3033,.T.);
#3979=ORIENTED_EDGE('',*,*,#3034,.T.);
#3980=ORIENTED_EDGE('',*,*,#3035,.T.);
#3981=ORIENTED_EDGE('',*,*,#3036,.T.);
#3982=ORIENTED_EDGE('',*,*,#3037,.T.);
#3983=ORIENTED_EDGE('',*,*,#3038,.T.);
#3984=ORIENTED_EDGE('',*,*,#3039,.T.);
#3985=ORIENTED_EDGE('',*,*,#3040,.T.);
#3986=ORIENTED_EDGE('',*,*,#3041,.T.);
#3987=ORIENTED_EDGE('',*,*,#3042,.T.);
#3988=ORIENTED_EDGE('',*,*,#3043,.T.);
#3989=ORIENTED_EDGE('',*,*,#3044,.T.);
#3990=ORIENTED_EDGE('',*,*,#3045,.T.);
#3991=ORIENTED_EDGE('',*,*,#3046,.T.);
#3992=ORIENTED_EDGE('',*,*,#3047,.T.);
#3993=ORIENTED_EDGE('',*,*,#3048,.T.);
#3994=ORIENTED_EDGE('',*,*,#3049,.T.);
#3995=ORIENTED_EDGE('',*,*,#3050,.T.);
#3996=ORIENTED_EDGE('',*,*,#3051,.T.);
#3997=ORIENTED_EDGE('',*,*,#3052,.T.);
#3998=ORIENTED_EDGE('',*,*,#3053,.T.);
#3999=ORIENTED_EDGE('',*,*,#3054,.T.);
#4000=ORIENTED_EDGE('',*,*,#3055,.T.);
#4001=ORIENTED_EDGE('',*,*,#3056,.T.);
#4002=ORIENTED_EDGE('',*,*,#3057,.T.);
#4003=ORIENTED_EDGE('',*,*,#3058,.T.);
#4004=ORIENTED_EDGE('',*,*,#3059,.T.);
#4005=ORIENTED_EDGE('',*,*,#3060,.T.);
#4006=ORIENTED_EDGE('',*,*,#3061,.T.);
#4007=ORIENTED_EDGE('',*,*,#3062,.T.);
#4008=ORIENTED_EDGE('',*,*,#3063,.T.);
#4009=ORIENTED_EDGE('',*,*,#3064,.T.);
#4010=ORIENTED_EDGE('',*,*,#3065,.T.);
#4011=ORIENTED_EDGE('',*,*,#3066,.T.);
#4012=ORIENTED_EDGE('',*,*,#3067,.T.);
#4013=ORIENTED_EDGE('',*,*,#3068,.T.);
#4014=ORIENTED_EDGE('',*,*,#3069,.T.);
#4015=ORIENTED_EDGE('',*,*,#3070,.T.);
#4016=ORIENTED_EDGE('',*,*,#3071,.T.);
#4017=ORIENTED_EDGE('',*,*,#3072,.T.);
#4018=ORIENTED_EDGE('',*,*,#3073,.T.);
#4019=ORIENTED_EDGE('',*,*,#3074,.T.);
#4020=ORIENTED_EDGE('',*,*,#3075,.T.);
#4021=ORIENTED_EDGE('',*,*,#3076,.T.);
#4022=ORIENTED_EDGE('',*,*,#3077,.T.);
#4023=ORIENTED_EDGE('',*,*,#3078,.T.);
#4024=ORIENTED_EDGE('',*,*,#3079,.T.);
#4025=ORIENTED_EDGE('',*,*,#3080,.T.);
#4026=ORIENTED_EDGE('',*,*,#3081,.T.);
#4027=ORIENTED_EDGE('',*,*,#3082,.T.);
#4028=ORIENTED_EDGE('',*,*,#3083,.T.);
#4029=ORIENTED_EDGE('',*,*,#3084,.T.);
#4030=ORIENTED_EDGE('',*,*,#3085,.T.);
#4031=ORIENTED_EDGE('',*,*,#3086,.T.);
#4032=ORIENTED_EDGE('',*,*,#3087,.T.);
#4033=ORIENTED_EDGE('',*,*,#3088,.T.);
#4034=ORIENTED_EDGE('',*,*,#3089,.T.);
#4035=ORIENTED_EDGE('',*,*,#3090,.T.);
#4036=ORIENTED_EDGE('',*,*,#3091,.T.);
#4037=ORIENTED_EDGE('',*,*,#3092,.T.);
#4038=ORIENTED_EDGE('',*,*,#3093,.T.);
#4039=ORIENTED_EDGE('',*,*,#3094,.T.);
#4040=ORIENTED_EDGE('',*,*,#3095,.T.);
#4041=ORIENTED_EDGE('',*,*,#3096,.T.);
#4042=ORIENTED_EDGE('',*,*,#3097,.T.);
#4043=ORIENTED_EDGE('',*,*,#3098,.T.);
#4044=ORIENTED_EDGE('',*,*,#3099,.T.);
#4045=ORIENTED_EDGE('',*,*,#3100,.T.);
#4046=ORIENTED_EDGE('',*,*,#3101,.T.);
#4047=ORIENTED_EDGE('',*,*,#3102,.T.);
#4048=ORIENTED_EDGE('',*,*,#3103,.T.);
#4049=ORIENTED_EDGE('',*,*,#3104,.T.);
#4050=ORIENTED_EDGE('',*,*,#3105,.T.);
#4051=ORIENTED_EDGE('',*,*,#3106,.T.);
#4052=ORIENTED_EDGE('',*,*,#3107,.T.);
#4053=ORIENTED_EDGE('',*,*,#3108,.T.);
#4054=ORIENTED_EDGE('',*,*,#3109,.T.);
#4055=ORIENTED_EDGE('',*,*,#3110,.T.);
#4056=ORIENTED_EDGE('',*,*,#3111,.T.);
#4057=ORIENTED_EDGE('',*,*,#3112,.T.);
#4058=ORIENTED_EDGE('',*,*,#3113,.T.);
#4059=ORIENTED_EDGE('',*,*,#3114,.T.);
#4060=ORIENTED_EDGE('',*,*,#3115,.T.);
#4061=ORIENTED_EDGE('',*,*,#3116,.T.);
#4062=ORIENTED_EDGE('',*,*,#3117,.T.);
#4063=ORIENTED_EDGE('',*,*,#3118,.T.);
#4064=ORIENTED_EDGE('',*,*,#3119,.T.);
#4065=ORIENTED_EDGE('',*,*,#3120,.T.);
#4066=ORIENTED_EDGE('',*,*,#3121,.T.);
#4067=ORIENTED_EDGE('',*,*,#3122,.T.);
#4068=ORIENTED_EDGE('',*,*,#3123,.T.);
#4069=ORIENTED_EDGE('',*,*,#3124,.T.);
#4070=ORIENTED_EDGE('',*,*,#3125,.T.);
#4071=ORIENTED_EDGE('',*,*,#3126,.T.);
#4072=ORIENTED_EDGE('',*,*,#3127,.T.);
#4073=ORIENTED_EDGE('',*,*,#3128,.T.);
#4074=ORIENTED_EDGE('',*,*,#3129,.T.);
#4075=ORIENTED_EDGE('',*,*,#3130,.T.);
#4076=ORIENTED_EDGE('',*,*,#3131,.T.);
#4077=ORIENTED_EDGE('',*,*,#3132,.T.);
#4078=ORIENTED_EDGE('',*,*,#3133,.T.);
#4079=ORIENTED_EDGE('',*,*,#3134,.T.);
#4080=ORIENTED_EDGE('',*,*,#3135,.T.);
#4081=ORIENTED_EDGE('',*,*,#3136,.T.);
#4082=ORIENTED_EDGE('',*,*,#3137,.T.);
#4083=ORIENTED_EDGE('',*,*,#3138,.T.);
#4084=ORIENTED_EDGE('',*,*,#3139,.T.);
#4085=ORIENTED_EDGE('',*,*,#3140,.T.);
#4086=ORIENTED_EDGE('',*,*,#3141,.T.);
#4087=ORIENTED_EDGE('',*,*,#3142,.T.);
#4088=ORIENTED_EDGE('',*,*,#3143,.T.);
#4089=ORIENTED_EDGE('',*,*,#3144,.T.);
#4090=ORIENTED_EDGE('',*,*,#3145,.T.);
#4091=ORIENTED_EDGE('',*,*,#3146,.T.);
#4092=ORIENTED_EDGE('',*,*,#3147,.T.);
#4093=ORIENTED_EDGE('',*,*,#3148,.T.);
#4094=ORIENTED_EDGE('',*,*,#3149,.T.);
#4095=ORIENTED_EDGE('',*,*,#3150,.T.);
#4096=ORIENTED_EDGE('',*,*,#3151,.T.);
#4097=ORIENTED_EDGE('',*,*,#3152,.T.);
#4098=ORIENTED_EDGE('',*,*,#3153,.T.);
#4099=ORIENTED_EDGE('',*,*,#3154,.T.);
#4100=ORIENTED_EDGE('',*,*,#3155,.T.);
#4101=ORIENTED_EDGE('',*,*,#3156,.T.);
#4102=ORIENTED_EDGE('',*,*,#3157,.T.);
#4103=ORIENTED_EDGE('',*,*,#3158,.T.);
#4104=ORIENTED_EDGE('',*,*,#3159,.T.);
#4105=ORIENTED_EDGE('',*,*,#3160,.T.);
#4106=ORIENTED_EDGE('',*,*,#3161,.T.);
#4107=ORIENTED_EDGE('',*,*,#3162,.T.);
#4108=ORIENTED_EDGE('',*,*,#3163,.T.);
#4109=ORIENTED_EDGE('',*,*,#3164,.T.);
#4110=ORIENTED_EDGE('',*,*,#3165,.T.);
#4111=ORIENTED_EDGE('',*,*,#3166,.T.);
#4112=ORIENTED_EDGE('',*,*,#3167,.T.);
#4113=ORIENTED_EDGE('',*,*,#3168,.T.);
#4114=ORIENTED_EDGE('',*,*,#3169,.T.);
#4115=ORIENTED_EDGE('',*,*,#3170,.T.);
#4116=ORIENTED_EDGE('',*,*,#3171,.T.);
#4117=ORIENTED_EDGE('',*,*,#3172,.T.);
#4118=ORIENTED_EDGE('',*,*,#3173,.T.);
#4119=ORIENTED_EDGE('',*,*,#3174,.T.);
#4120=ORIENTED_EDGE('',*,*,#3175,.T.);
#4121=ORIENTED_EDGE('',*,*,#3176,.T.);
#4122=ORIENTED_EDGE('',*,*,#3177,.T.);
#4123=ORIENTED_EDGE('',*,*,#3178,.T.);
#4124=ORIENTED_EDGE('',*,*,#3179,.T.);
#4125=ORIENTED_EDGE('',*,*,#3180,.T.);
#4126=ORIENTED_EDGE('',*,*,#3181,.T.);
#4127=ORIENTED_EDGE('',*,*,#3182,.T.);
#4128=ORIENTED_EDGE('',*,*,#3183,.T.);
#4129=ORIENTED_EDGE('',*,*,#3184,.T.);
#4130=ORIENTED_EDGE('',*,*,#3185,.T.);
#4131=ORIENTED_EDGE('',*,*,#3186,.T.);
#4132=ORIENTED_EDGE('',*,*,#3187,.T.);
#4133=ORIENTED_EDGE('',*,*,#3188,.T.);
#4134=ORIENTED_EDGE('',*,*,#3189,.T.);
#4135=ORIENTED_EDGE('',*,*,#3190,.T.);
#4136=ORIENTED_EDGE('',*,*,#3191,.T.);
#4137=ORIENTED_EDGE('',*,*,#3192,.T.);
#4138=ORIENTED_EDGE('',*,*,#3193,.T.);
#4139=ORIENTED_EDGE('',*,*,#3194,.T.);
#4140=ORIENTED_EDGE('',*,*,#3195,.T.);
#4141=ORIENTED_EDGE('',*,*,#3196,.T.);
#4142=ORIENTED_EDGE('',*,*,#3197,.T.);
#4143=ORIENTED_EDGE('',*,*,#3198,.T.);
#4144=ORIENTED_EDGE('',*,*,#3199,.T.);
#4145=ORIENTED_EDGE('',*,*,#3200,.T.);
#4146=ORIENTED_EDGE('',*,*,#3201,.T.);
#4147=ORIENTED_EDGE('',*,*,#3202,.T.);
#4148=ORIENTED_EDGE('',*,*,#3203,.T.);
#4149=ORIENTED_EDGE('',*,*,#3204,.T.);
#4150=ORIENTED_EDGE('',*,*,#3205,.T.);
#4151=ORIENTED_EDGE('',*,*,#3206,.T.);
#4152=ORIENTED_EDGE('',*,*,#2921,.T.);
#4153=ORIENTED_EDGE('',*,*,#2925,.T.);
#4154=ORIENTED_EDGE('',*,*,#2928,.T.);
#4155=ORIENTED_EDGE('',*,*,#2931,.T.);
#4156=ORIENTED_EDGE('',*,*,#2934,.T.);
#4157=ORIENTED_EDGE('',*,*,#2937,.T.);
#4158=ORIENTED_EDGE('',*,*,#2940,.T.);
#4159=ORIENTED_EDGE('',*,*,#2943,.T.);
#4160=ORIENTED_EDGE('',*,*,#2946,.T.);
#4161=ORIENTED_EDGE('',*,*,#2949,.T.);
#4162=ORIENTED_EDGE('',*,*,#2952,.T.);
#4163=ORIENTED_EDGE('',*,*,#2955,.T.);
#4164=ORIENTED_EDGE('',*,*,#2958,.T.);
#4165=ORIENTED_EDGE('',*,*,#2961,.T.);
#4166=ORIENTED_EDGE('',*,*,#2964,.T.);
#4167=ORIENTED_EDGE('',*,*,#2967,.T.);
#4168=ORIENTED_EDGE('',*,*,#2970,.T.);
#4169=ORIENTED_EDGE('',*,*,#2973,.T.);
#4170=ORIENTED_EDGE('',*,*,#2976,.T.);
#4171=ORIENTED_EDGE('',*,*,#3189,.F.);
#4172=ORIENTED_EDGE('',*,*,#3207,.T.);
#4173=ORIENTED_EDGE('',*,*,#3208,.F.);
#4174=ORIENTED_EDGE('',*,*,#3209,.F.);
#4175=ORIENTED_EDGE('',*,*,#3190,.F.);
#4176=ORIENTED_EDGE('',*,*,#3209,.T.);
#4177=ORIENTED_EDGE('',*,*,#3210,.F.);
#4178=ORIENTED_EDGE('',*,*,#3211,.F.);
#4179=ORIENTED_EDGE('',*,*,#3191,.F.);
#4180=ORIENTED_EDGE('',*,*,#3211,.T.);
#4181=ORIENTED_EDGE('',*,*,#3212,.F.);
#4182=ORIENTED_EDGE('',*,*,#3213,.F.);
#4183=ORIENTED_EDGE('',*,*,#3192,.F.);
#4184=ORIENTED_EDGE('',*,*,#3213,.T.);
#4185=ORIENTED_EDGE('',*,*,#3214,.F.);
#4186=ORIENTED_EDGE('',*,*,#3215,.F.);
#4187=ORIENTED_EDGE('',*,*,#3193,.F.);
#4188=ORIENTED_EDGE('',*,*,#3215,.T.);
#4189=ORIENTED_EDGE('',*,*,#3216,.F.);
#4190=ORIENTED_EDGE('',*,*,#3217,.F.);
#4191=ORIENTED_EDGE('',*,*,#3194,.F.);
#4192=ORIENTED_EDGE('',*,*,#3217,.T.);
#4193=ORIENTED_EDGE('',*,*,#3218,.F.);
#4194=ORIENTED_EDGE('',*,*,#3219,.F.);
#4195=ORIENTED_EDGE('',*,*,#3195,.F.);
#4196=ORIENTED_EDGE('',*,*,#3219,.T.);
#4197=ORIENTED_EDGE('',*,*,#3220,.F.);
#4198=ORIENTED_EDGE('',*,*,#3221,.F.);
#4199=ORIENTED_EDGE('',*,*,#3196,.F.);
#4200=ORIENTED_EDGE('',*,*,#3221,.T.);
#4201=ORIENTED_EDGE('',*,*,#3222,.F.);
#4202=ORIENTED_EDGE('',*,*,#3223,.F.);
#4203=ORIENTED_EDGE('',*,*,#3197,.F.);
#4204=ORIENTED_EDGE('',*,*,#3223,.T.);
#4205=ORIENTED_EDGE('',*,*,#3224,.F.);
#4206=ORIENTED_EDGE('',*,*,#3225,.F.);
#4207=ORIENTED_EDGE('',*,*,#3198,.F.);
#4208=ORIENTED_EDGE('',*,*,#3225,.T.);
#4209=ORIENTED_EDGE('',*,*,#3226,.F.);
#4210=ORIENTED_EDGE('',*,*,#3227,.F.);
#4211=ORIENTED_EDGE('',*,*,#3199,.F.);
#4212=ORIENTED_EDGE('',*,*,#3227,.T.);
#4213=ORIENTED_EDGE('',*,*,#3228,.F.);
#4214=ORIENTED_EDGE('',*,*,#3229,.F.);
#4215=ORIENTED_EDGE('',*,*,#3200,.F.);
#4216=ORIENTED_EDGE('',*,*,#3229,.T.);
#4217=ORIENTED_EDGE('',*,*,#3230,.F.);
#4218=ORIENTED_EDGE('',*,*,#3231,.F.);
#4219=ORIENTED_EDGE('',*,*,#3201,.F.);
#4220=ORIENTED_EDGE('',*,*,#3231,.T.);
#4221=ORIENTED_EDGE('',*,*,#3232,.F.);
#4222=ORIENTED_EDGE('',*,*,#3233,.F.);
#4223=ORIENTED_EDGE('',*,*,#3202,.F.);
#4224=ORIENTED_EDGE('',*,*,#3233,.T.);
#4225=ORIENTED_EDGE('',*,*,#3234,.F.);
#4226=ORIENTED_EDGE('',*,*,#3235,.F.);
#4227=ORIENTED_EDGE('',*,*,#3203,.F.);
#4228=ORIENTED_EDGE('',*,*,#3235,.T.);
#4229=ORIENTED_EDGE('',*,*,#3236,.F.);
#4230=ORIENTED_EDGE('',*,*,#3237,.F.);
#4231=ORIENTED_EDGE('',*,*,#3204,.F.);
#4232=ORIENTED_EDGE('',*,*,#3237,.T.);
#4233=ORIENTED_EDGE('',*,*,#3238,.F.);
#4234=ORIENTED_EDGE('',*,*,#3239,.F.);
#4235=ORIENTED_EDGE('',*,*,#3205,.F.);
#4236=ORIENTED_EDGE('',*,*,#3239,.T.);
#4237=ORIENTED_EDGE('',*,*,#3240,.F.);
#4238=ORIENTED_EDGE('',*,*,#3241,.F.);
#4239=ORIENTED_EDGE('',*,*,#3206,.F.);
#4240=ORIENTED_EDGE('',*,*,#3241,.T.);
#4241=ORIENTED_EDGE('',*,*,#3242,.F.);
#4242=ORIENTED_EDGE('',*,*,#3207,.F.);
#4243=ORIENTED_EDGE('',*,*,#3242,.T.);
#4244=ORIENTED_EDGE('',*,*,#3240,.T.);
#4245=ORIENTED_EDGE('',*,*,#3238,.T.);
#4246=ORIENTED_EDGE('',*,*,#3236,.T.);
#4247=ORIENTED_EDGE('',*,*,#3234,.T.);
#4248=ORIENTED_EDGE('',*,*,#3232,.T.);
#4249=ORIENTED_EDGE('',*,*,#3230,.T.);
#4250=ORIENTED_EDGE('',*,*,#3228,.T.);
#4251=ORIENTED_EDGE('',*,*,#3226,.T.);
#4252=ORIENTED_EDGE('',*,*,#3224,.T.);
#4253=ORIENTED_EDGE('',*,*,#3222,.T.);
#4254=ORIENTED_EDGE('',*,*,#3220,.T.);
#4255=ORIENTED_EDGE('',*,*,#3218,.T.);
#4256=ORIENTED_EDGE('',*,*,#3216,.T.);
#4257=ORIENTED_EDGE('',*,*,#3214,.T.);
#4258=ORIENTED_EDGE('',*,*,#3212,.T.);
#4259=ORIENTED_EDGE('',*,*,#3210,.T.);
#4260=ORIENTED_EDGE('',*,*,#3208,.T.);
#4261=ORIENTED_EDGE('',*,*,#3185,.F.);
#4262=ORIENTED_EDGE('',*,*,#3243,.T.);
#4263=ORIENTED_EDGE('',*,*,#3244,.F.);
#4264=ORIENTED_EDGE('',*,*,#3245,.F.);
#4265=ORIENTED_EDGE('',*,*,#3186,.F.);
#4266=ORIENTED_EDGE('',*,*,#3245,.T.);
#4267=ORIENTED_EDGE('',*,*,#3246,.F.);
#4268=ORIENTED_EDGE('',*,*,#3247,.F.);
#4269=ORIENTED_EDGE('',*,*,#3187,.F.);
#4270=ORIENTED_EDGE('',*,*,#3247,.T.);
#4271=ORIENTED_EDGE('',*,*,#3248,.F.);
#4272=ORIENTED_EDGE('',*,*,#3249,.F.);
#4273=ORIENTED_EDGE('',*,*,#3188,.F.);
#4274=ORIENTED_EDGE('',*,*,#3249,.T.);
#4275=ORIENTED_EDGE('',*,*,#3250,.F.);
#4276=ORIENTED_EDGE('',*,*,#3243,.F.);
#4277=ORIENTED_EDGE('',*,*,#3250,.T.);
#4278=ORIENTED_EDGE('',*,*,#3248,.T.);
#4279=ORIENTED_EDGE('',*,*,#3246,.T.);
#4280=ORIENTED_EDGE('',*,*,#3244,.T.);
#4281=ORIENTED_EDGE('',*,*,#3251,.F.);
#4282=ORIENTED_EDGE('',*,*,#3252,.T.);
#4283=ORIENTED_EDGE('',*,*,#3253,.F.);
#4284=ORIENTED_EDGE('',*,*,#3254,.F.);
#4285=ORIENTED_EDGE('',*,*,#3255,.F.);
#4286=ORIENTED_EDGE('',*,*,#3254,.T.);
#4287=ORIENTED_EDGE('',*,*,#3256,.F.);
#4288=ORIENTED_EDGE('',*,*,#3257,.F.);
#4289=ORIENTED_EDGE('',*,*,#3258,.F.);
#4290=ORIENTED_EDGE('',*,*,#3257,.T.);
#4291=ORIENTED_EDGE('',*,*,#3259,.F.);
#4292=ORIENTED_EDGE('',*,*,#3260,.F.);
#4293=ORIENTED_EDGE('',*,*,#3261,.F.);
#4294=ORIENTED_EDGE('',*,*,#3260,.T.);
#4295=ORIENTED_EDGE('',*,*,#3262,.F.);
#4296=ORIENTED_EDGE('',*,*,#3263,.F.);
#4297=ORIENTED_EDGE('',*,*,#3264,.F.);
#4298=ORIENTED_EDGE('',*,*,#3263,.T.);
#4299=ORIENTED_EDGE('',*,*,#3265,.F.);
#4300=ORIENTED_EDGE('',*,*,#3266,.F.);
#4301=ORIENTED_EDGE('',*,*,#3267,.F.);
#4302=ORIENTED_EDGE('',*,*,#3266,.T.);
#4303=ORIENTED_EDGE('',*,*,#3268,.F.);
#4304=ORIENTED_EDGE('',*,*,#3269,.F.);
#4305=ORIENTED_EDGE('',*,*,#3270,.F.);
#4306=ORIENTED_EDGE('',*,*,#3269,.T.);
#4307=ORIENTED_EDGE('',*,*,#3271,.F.);
#4308=ORIENTED_EDGE('',*,*,#3272,.F.);
#4309=ORIENTED_EDGE('',*,*,#3273,.F.);
#4310=ORIENTED_EDGE('',*,*,#3272,.T.);
#4311=ORIENTED_EDGE('',*,*,#3274,.F.);
#4312=ORIENTED_EDGE('',*,*,#3252,.F.);
#4313=ORIENTED_EDGE('',*,*,#2982,.F.);
#4314=ORIENTED_EDGE('',*,*,#3275,.T.);
#4315=ORIENTED_EDGE('',*,*,#3276,.F.);
#4316=ORIENTED_EDGE('',*,*,#3277,.F.);
#4317=ORIENTED_EDGE('',*,*,#2983,.F.);
#4318=ORIENTED_EDGE('',*,*,#3277,.T.);
#4319=ORIENTED_EDGE('',*,*,#3278,.F.);
#4320=ORIENTED_EDGE('',*,*,#3279,.F.);
#4321=ORIENTED_EDGE('',*,*,#2984,.F.);
#4322=ORIENTED_EDGE('',*,*,#3279,.T.);
#4323=ORIENTED_EDGE('',*,*,#3280,.F.);
#4324=ORIENTED_EDGE('',*,*,#3281,.F.);
#4325=ORIENTED_EDGE('',*,*,#2985,.F.);
#4326=ORIENTED_EDGE('',*,*,#3281,.T.);
#4327=ORIENTED_EDGE('',*,*,#3282,.F.);
#4328=ORIENTED_EDGE('',*,*,#3283,.F.);
#4329=ORIENTED_EDGE('',*,*,#2986,.F.);
#4330=ORIENTED_EDGE('',*,*,#3283,.T.);
#4331=ORIENTED_EDGE('',*,*,#3284,.F.);
#4332=ORIENTED_EDGE('',*,*,#3285,.F.);
#4333=ORIENTED_EDGE('',*,*,#2987,.F.);
#4334=ORIENTED_EDGE('',*,*,#3285,.T.);
#4335=ORIENTED_EDGE('',*,*,#3286,.F.);
#4336=ORIENTED_EDGE('',*,*,#3287,.F.);
#4337=ORIENTED_EDGE('',*,*,#2988,.F.);
#4338=ORIENTED_EDGE('',*,*,#3287,.T.);
#4339=ORIENTED_EDGE('',*,*,#3288,.F.);
#4340=ORIENTED_EDGE('',*,*,#3289,.F.);
#4341=ORIENTED_EDGE('',*,*,#2989,.F.);
#4342=ORIENTED_EDGE('',*,*,#3289,.T.);
#4343=ORIENTED_EDGE('',*,*,#3290,.F.);
#4344=ORIENTED_EDGE('',*,*,#3291,.F.);
#4345=ORIENTED_EDGE('',*,*,#2990,.F.);
#4346=ORIENTED_EDGE('',*,*,#3291,.T.);
#4347=ORIENTED_EDGE('',*,*,#3292,.F.);
#4348=ORIENTED_EDGE('',*,*,#3293,.F.);
#4349=ORIENTED_EDGE('',*,*,#2991,.F.);
#4350=ORIENTED_EDGE('',*,*,#3293,.T.);
#4351=ORIENTED_EDGE('',*,*,#3294,.F.);
#4352=ORIENTED_EDGE('',*,*,#3295,.F.);
#4353=ORIENTED_EDGE('',*,*,#2992,.F.);
#4354=ORIENTED_EDGE('',*,*,#3295,.T.);
#4355=ORIENTED_EDGE('',*,*,#3296,.F.);
#4356=ORIENTED_EDGE('',*,*,#3297,.F.);
#4357=ORIENTED_EDGE('',*,*,#2993,.F.);
#4358=ORIENTED_EDGE('',*,*,#3297,.T.);
#4359=ORIENTED_EDGE('',*,*,#3298,.F.);
#4360=ORIENTED_EDGE('',*,*,#3299,.F.);
#4361=ORIENTED_EDGE('',*,*,#2994,.F.);
#4362=ORIENTED_EDGE('',*,*,#3299,.T.);
#4363=ORIENTED_EDGE('',*,*,#3300,.F.);
#4364=ORIENTED_EDGE('',*,*,#3301,.F.);
#4365=ORIENTED_EDGE('',*,*,#2995,.F.);
#4366=ORIENTED_EDGE('',*,*,#3301,.T.);
#4367=ORIENTED_EDGE('',*,*,#3302,.F.);
#4368=ORIENTED_EDGE('',*,*,#3303,.F.);
#4369=ORIENTED_EDGE('',*,*,#2996,.F.);
#4370=ORIENTED_EDGE('',*,*,#3303,.T.);
#4371=ORIENTED_EDGE('',*,*,#3304,.F.);
#4372=ORIENTED_EDGE('',*,*,#3305,.F.);
#4373=ORIENTED_EDGE('',*,*,#2997,.F.);
#4374=ORIENTED_EDGE('',*,*,#3305,.T.);
#4375=ORIENTED_EDGE('',*,*,#3306,.F.);
#4376=ORIENTED_EDGE('',*,*,#3307,.F.);
#4377=ORIENTED_EDGE('',*,*,#2998,.F.);
#4378=ORIENTED_EDGE('',*,*,#3307,.T.);
#4379=ORIENTED_EDGE('',*,*,#3308,.F.);
#4380=ORIENTED_EDGE('',*,*,#3309,.F.);
#4381=ORIENTED_EDGE('',*,*,#2999,.F.);
#4382=ORIENTED_EDGE('',*,*,#3309,.T.);
#4383=ORIENTED_EDGE('',*,*,#3310,.F.);
#4384=ORIENTED_EDGE('',*,*,#3311,.F.);
#4385=ORIENTED_EDGE('',*,*,#3000,.F.);
#4386=ORIENTED_EDGE('',*,*,#3311,.T.);
#4387=ORIENTED_EDGE('',*,*,#3312,.F.);
#4388=ORIENTED_EDGE('',*,*,#3313,.F.);
#4389=ORIENTED_EDGE('',*,*,#3001,.F.);
#4390=ORIENTED_EDGE('',*,*,#3313,.T.);
#4391=ORIENTED_EDGE('',*,*,#3314,.F.);
#4392=ORIENTED_EDGE('',*,*,#3315,.F.);
#4393=ORIENTED_EDGE('',*,*,#3002,.F.);
#4394=ORIENTED_EDGE('',*,*,#3315,.T.);
#4395=ORIENTED_EDGE('',*,*,#3316,.F.);
#4396=ORIENTED_EDGE('',*,*,#3275,.F.);
#4397=ORIENTED_EDGE('',*,*,#3316,.T.);
#4398=ORIENTED_EDGE('',*,*,#3314,.T.);
#4399=ORIENTED_EDGE('',*,*,#3312,.T.);
#4400=ORIENTED_EDGE('',*,*,#3310,.T.);
#4401=ORIENTED_EDGE('',*,*,#3308,.T.);
#4402=ORIENTED_EDGE('',*,*,#3306,.T.);
#4403=ORIENTED_EDGE('',*,*,#3304,.T.);
#4404=ORIENTED_EDGE('',*,*,#3302,.T.);
#4405=ORIENTED_EDGE('',*,*,#3300,.T.);
#4406=ORIENTED_EDGE('',*,*,#3298,.T.);
#4407=ORIENTED_EDGE('',*,*,#3296,.T.);
#4408=ORIENTED_EDGE('',*,*,#3294,.T.);
#4409=ORIENTED_EDGE('',*,*,#3292,.T.);
#4410=ORIENTED_EDGE('',*,*,#3290,.T.);
#4411=ORIENTED_EDGE('',*,*,#3288,.T.);
#4412=ORIENTED_EDGE('',*,*,#3286,.T.);
#4413=ORIENTED_EDGE('',*,*,#3284,.T.);
#4414=ORIENTED_EDGE('',*,*,#3282,.T.);
#4415=ORIENTED_EDGE('',*,*,#3280,.T.);
#4416=ORIENTED_EDGE('',*,*,#3278,.T.);
#4417=ORIENTED_EDGE('',*,*,#3276,.T.);
#4418=ORIENTED_EDGE('',*,*,#3274,.T.);
#4419=ORIENTED_EDGE('',*,*,#3271,.T.);
#4420=ORIENTED_EDGE('',*,*,#3268,.T.);
#4421=ORIENTED_EDGE('',*,*,#3265,.T.);
#4422=ORIENTED_EDGE('',*,*,#3262,.T.);
#4423=ORIENTED_EDGE('',*,*,#3259,.T.);
#4424=ORIENTED_EDGE('',*,*,#3256,.T.);
#4425=ORIENTED_EDGE('',*,*,#3253,.T.);
#4426=ORIENTED_EDGE('',*,*,#2897,.T.);
#4427=ORIENTED_EDGE('',*,*,#2901,.T.);
#4428=ORIENTED_EDGE('',*,*,#2904,.T.);
#4429=ORIENTED_EDGE('',*,*,#2907,.T.);
#4430=ORIENTED_EDGE('',*,*,#2910,.T.);
#4431=ORIENTED_EDGE('',*,*,#2913,.T.);
#4432=ORIENTED_EDGE('',*,*,#2916,.T.);
#4433=ORIENTED_EDGE('',*,*,#2919,.T.);
#4434=ORIENTED_EDGE('',*,*,#3003,.F.);
#4435=ORIENTED_EDGE('',*,*,#3317,.T.);
#4436=ORIENTED_EDGE('',*,*,#3318,.F.);
#4437=ORIENTED_EDGE('',*,*,#3319,.F.);
#4438=ORIENTED_EDGE('',*,*,#3004,.F.);
#4439=ORIENTED_EDGE('',*,*,#3319,.T.);
#4440=ORIENTED_EDGE('',*,*,#3320,.F.);
#4441=ORIENTED_EDGE('',*,*,#3321,.F.);
#4442=ORIENTED_EDGE('',*,*,#3005,.F.);
#4443=ORIENTED_EDGE('',*,*,#3321,.T.);
#4444=ORIENTED_EDGE('',*,*,#3322,.F.);
#4445=ORIENTED_EDGE('',*,*,#3323,.F.);
#4446=ORIENTED_EDGE('',*,*,#3006,.F.);
#4447=ORIENTED_EDGE('',*,*,#3323,.T.);
#4448=ORIENTED_EDGE('',*,*,#3324,.F.);
#4449=ORIENTED_EDGE('',*,*,#3325,.F.);
#4450=ORIENTED_EDGE('',*,*,#3007,.F.);
#4451=ORIENTED_EDGE('',*,*,#3325,.T.);
#4452=ORIENTED_EDGE('',*,*,#3326,.F.);
#4453=ORIENTED_EDGE('',*,*,#3327,.F.);
#4454=ORIENTED_EDGE('',*,*,#3008,.F.);
#4455=ORIENTED_EDGE('',*,*,#3327,.T.);
#4456=ORIENTED_EDGE('',*,*,#3328,.F.);
#4457=ORIENTED_EDGE('',*,*,#3329,.F.);
#4458=ORIENTED_EDGE('',*,*,#3009,.F.);
#4459=ORIENTED_EDGE('',*,*,#3329,.T.);
#4460=ORIENTED_EDGE('',*,*,#3330,.F.);
#4461=ORIENTED_EDGE('',*,*,#3331,.F.);
#4462=ORIENTED_EDGE('',*,*,#3010,.F.);
#4463=ORIENTED_EDGE('',*,*,#3331,.T.);
#4464=ORIENTED_EDGE('',*,*,#3332,.F.);
#4465=ORIENTED_EDGE('',*,*,#3333,.F.);
#4466=ORIENTED_EDGE('',*,*,#3011,.F.);
#4467=ORIENTED_EDGE('',*,*,#3333,.T.);
#4468=ORIENTED_EDGE('',*,*,#3334,.F.);
#4469=ORIENTED_EDGE('',*,*,#3335,.F.);
#4470=ORIENTED_EDGE('',*,*,#3012,.F.);
#4471=ORIENTED_EDGE('',*,*,#3335,.T.);
#4472=ORIENTED_EDGE('',*,*,#3336,.F.);
#4473=ORIENTED_EDGE('',*,*,#3337,.F.);
#4474=ORIENTED_EDGE('',*,*,#3013,.F.);
#4475=ORIENTED_EDGE('',*,*,#3337,.T.);
#4476=ORIENTED_EDGE('',*,*,#3338,.F.);
#4477=ORIENTED_EDGE('',*,*,#3339,.F.);
#4478=ORIENTED_EDGE('',*,*,#3014,.F.);
#4479=ORIENTED_EDGE('',*,*,#3339,.T.);
#4480=ORIENTED_EDGE('',*,*,#3340,.F.);
#4481=ORIENTED_EDGE('',*,*,#3341,.F.);
#4482=ORIENTED_EDGE('',*,*,#3015,.F.);
#4483=ORIENTED_EDGE('',*,*,#3341,.T.);
#4484=ORIENTED_EDGE('',*,*,#3342,.F.);
#4485=ORIENTED_EDGE('',*,*,#3343,.F.);
#4486=ORIENTED_EDGE('',*,*,#3016,.F.);
#4487=ORIENTED_EDGE('',*,*,#3343,.T.);
#4488=ORIENTED_EDGE('',*,*,#3344,.F.);
#4489=ORIENTED_EDGE('',*,*,#3345,.F.);
#4490=ORIENTED_EDGE('',*,*,#3017,.F.);
#4491=ORIENTED_EDGE('',*,*,#3345,.T.);
#4492=ORIENTED_EDGE('',*,*,#3346,.F.);
#4493=ORIENTED_EDGE('',*,*,#3347,.F.);
#4494=ORIENTED_EDGE('',*,*,#3018,.F.);
#4495=ORIENTED_EDGE('',*,*,#3347,.T.);
#4496=ORIENTED_EDGE('',*,*,#3348,.F.);
#4497=ORIENTED_EDGE('',*,*,#3349,.F.);
#4498=ORIENTED_EDGE('',*,*,#3019,.F.);
#4499=ORIENTED_EDGE('',*,*,#3349,.T.);
#4500=ORIENTED_EDGE('',*,*,#3350,.F.);
#4501=ORIENTED_EDGE('',*,*,#3351,.F.);
#4502=ORIENTED_EDGE('',*,*,#3020,.F.);
#4503=ORIENTED_EDGE('',*,*,#3351,.T.);
#4504=ORIENTED_EDGE('',*,*,#3352,.F.);
#4505=ORIENTED_EDGE('',*,*,#3353,.F.);
#4506=ORIENTED_EDGE('',*,*,#3021,.F.);
#4507=ORIENTED_EDGE('',*,*,#3353,.T.);
#4508=ORIENTED_EDGE('',*,*,#3354,.F.);
#4509=ORIENTED_EDGE('',*,*,#3355,.F.);
#4510=ORIENTED_EDGE('',*,*,#3022,.F.);
#4511=ORIENTED_EDGE('',*,*,#3355,.T.);
#4512=ORIENTED_EDGE('',*,*,#3356,.F.);
#4513=ORIENTED_EDGE('',*,*,#3357,.F.);
#4514=ORIENTED_EDGE('',*,*,#3023,.F.);
#4515=ORIENTED_EDGE('',*,*,#3357,.T.);
#4516=ORIENTED_EDGE('',*,*,#3358,.F.);
#4517=ORIENTED_EDGE('',*,*,#3359,.F.);
#4518=ORIENTED_EDGE('',*,*,#3024,.F.);
#4519=ORIENTED_EDGE('',*,*,#3359,.T.);
#4520=ORIENTED_EDGE('',*,*,#3360,.F.);
#4521=ORIENTED_EDGE('',*,*,#3317,.F.);
#4522=ORIENTED_EDGE('',*,*,#3360,.T.);
#4523=ORIENTED_EDGE('',*,*,#3358,.T.);
#4524=ORIENTED_EDGE('',*,*,#3356,.T.);
#4525=ORIENTED_EDGE('',*,*,#3354,.T.);
#4526=ORIENTED_EDGE('',*,*,#3352,.T.);
#4527=ORIENTED_EDGE('',*,*,#3350,.T.);
#4528=ORIENTED_EDGE('',*,*,#3348,.T.);
#4529=ORIENTED_EDGE('',*,*,#3346,.T.);
#4530=ORIENTED_EDGE('',*,*,#3344,.T.);
#4531=ORIENTED_EDGE('',*,*,#3342,.T.);
#4532=ORIENTED_EDGE('',*,*,#3340,.T.);
#4533=ORIENTED_EDGE('',*,*,#3338,.T.);
#4534=ORIENTED_EDGE('',*,*,#3336,.T.);
#4535=ORIENTED_EDGE('',*,*,#3334,.T.);
#4536=ORIENTED_EDGE('',*,*,#3332,.T.);
#4537=ORIENTED_EDGE('',*,*,#3330,.T.);
#4538=ORIENTED_EDGE('',*,*,#3328,.T.);
#4539=ORIENTED_EDGE('',*,*,#3326,.T.);
#4540=ORIENTED_EDGE('',*,*,#3324,.T.);
#4541=ORIENTED_EDGE('',*,*,#3322,.T.);
#4542=ORIENTED_EDGE('',*,*,#3320,.T.);
#4543=ORIENTED_EDGE('',*,*,#3318,.T.);
#4544=ORIENTED_EDGE('',*,*,#3025,.F.);
#4545=ORIENTED_EDGE('',*,*,#3361,.T.);
#4546=ORIENTED_EDGE('',*,*,#3362,.F.);
#4547=ORIENTED_EDGE('',*,*,#3363,.F.);
#4548=ORIENTED_EDGE('',*,*,#3026,.F.);
#4549=ORIENTED_EDGE('',*,*,#3363,.T.);
#4550=ORIENTED_EDGE('',*,*,#3364,.F.);
#4551=ORIENTED_EDGE('',*,*,#3365,.F.);
#4552=ORIENTED_EDGE('',*,*,#3027,.F.);
#4553=ORIENTED_EDGE('',*,*,#3365,.T.);
#4554=ORIENTED_EDGE('',*,*,#3366,.F.);
#4555=ORIENTED_EDGE('',*,*,#3367,.F.);
#4556=ORIENTED_EDGE('',*,*,#3028,.F.);
#4557=ORIENTED_EDGE('',*,*,#3367,.T.);
#4558=ORIENTED_EDGE('',*,*,#3368,.F.);
#4559=ORIENTED_EDGE('',*,*,#3369,.F.);
#4560=ORIENTED_EDGE('',*,*,#3029,.F.);
#4561=ORIENTED_EDGE('',*,*,#3369,.T.);
#4562=ORIENTED_EDGE('',*,*,#3370,.F.);
#4563=ORIENTED_EDGE('',*,*,#3371,.F.);
#4564=ORIENTED_EDGE('',*,*,#3030,.F.);
#4565=ORIENTED_EDGE('',*,*,#3371,.T.);
#4566=ORIENTED_EDGE('',*,*,#3372,.F.);
#4567=ORIENTED_EDGE('',*,*,#3373,.F.);
#4568=ORIENTED_EDGE('',*,*,#3031,.F.);
#4569=ORIENTED_EDGE('',*,*,#3373,.T.);
#4570=ORIENTED_EDGE('',*,*,#3374,.F.);
#4571=ORIENTED_EDGE('',*,*,#3375,.F.);
#4572=ORIENTED_EDGE('',*,*,#3032,.F.);
#4573=ORIENTED_EDGE('',*,*,#3375,.T.);
#4574=ORIENTED_EDGE('',*,*,#3376,.F.);
#4575=ORIENTED_EDGE('',*,*,#3377,.F.);
#4576=ORIENTED_EDGE('',*,*,#3033,.F.);
#4577=ORIENTED_EDGE('',*,*,#3377,.T.);
#4578=ORIENTED_EDGE('',*,*,#3378,.F.);
#4579=ORIENTED_EDGE('',*,*,#3379,.F.);
#4580=ORIENTED_EDGE('',*,*,#3034,.F.);
#4581=ORIENTED_EDGE('',*,*,#3379,.T.);
#4582=ORIENTED_EDGE('',*,*,#3380,.F.);
#4583=ORIENTED_EDGE('',*,*,#3381,.F.);
#4584=ORIENTED_EDGE('',*,*,#3035,.F.);
#4585=ORIENTED_EDGE('',*,*,#3381,.T.);
#4586=ORIENTED_EDGE('',*,*,#3382,.F.);
#4587=ORIENTED_EDGE('',*,*,#3383,.F.);
#4588=ORIENTED_EDGE('',*,*,#3036,.F.);
#4589=ORIENTED_EDGE('',*,*,#3383,.T.);
#4590=ORIENTED_EDGE('',*,*,#3384,.F.);
#4591=ORIENTED_EDGE('',*,*,#3385,.F.);
#4592=ORIENTED_EDGE('',*,*,#3037,.F.);
#4593=ORIENTED_EDGE('',*,*,#3385,.T.);
#4594=ORIENTED_EDGE('',*,*,#3386,.F.);
#4595=ORIENTED_EDGE('',*,*,#3387,.F.);
#4596=ORIENTED_EDGE('',*,*,#3038,.F.);
#4597=ORIENTED_EDGE('',*,*,#3387,.T.);
#4598=ORIENTED_EDGE('',*,*,#3388,.F.);
#4599=ORIENTED_EDGE('',*,*,#3389,.F.);
#4600=ORIENTED_EDGE('',*,*,#3039,.F.);
#4601=ORIENTED_EDGE('',*,*,#3389,.T.);
#4602=ORIENTED_EDGE('',*,*,#3390,.F.);
#4603=ORIENTED_EDGE('',*,*,#3391,.F.);
#4604=ORIENTED_EDGE('',*,*,#3040,.F.);
#4605=ORIENTED_EDGE('',*,*,#3391,.T.);
#4606=ORIENTED_EDGE('',*,*,#3392,.F.);
#4607=ORIENTED_EDGE('',*,*,#3393,.F.);
#4608=ORIENTED_EDGE('',*,*,#3041,.F.);
#4609=ORIENTED_EDGE('',*,*,#3393,.T.);
#4610=ORIENTED_EDGE('',*,*,#3394,.F.);
#4611=ORIENTED_EDGE('',*,*,#3395,.F.);
#4612=ORIENTED_EDGE('',*,*,#3042,.F.);
#4613=ORIENTED_EDGE('',*,*,#3395,.T.);
#4614=ORIENTED_EDGE('',*,*,#3396,.F.);
#4615=ORIENTED_EDGE('',*,*,#3397,.F.);
#4616=ORIENTED_EDGE('',*,*,#3043,.F.);
#4617=ORIENTED_EDGE('',*,*,#3397,.T.);
#4618=ORIENTED_EDGE('',*,*,#3398,.F.);
#4619=ORIENTED_EDGE('',*,*,#3399,.F.);
#4620=ORIENTED_EDGE('',*,*,#3044,.F.);
#4621=ORIENTED_EDGE('',*,*,#3399,.T.);
#4622=ORIENTED_EDGE('',*,*,#3400,.F.);
#4623=ORIENTED_EDGE('',*,*,#3401,.F.);
#4624=ORIENTED_EDGE('',*,*,#3045,.F.);
#4625=ORIENTED_EDGE('',*,*,#3401,.T.);
#4626=ORIENTED_EDGE('',*,*,#3402,.F.);
#4627=ORIENTED_EDGE('',*,*,#3403,.F.);
#4628=ORIENTED_EDGE('',*,*,#3046,.F.);
#4629=ORIENTED_EDGE('',*,*,#3403,.T.);
#4630=ORIENTED_EDGE('',*,*,#3404,.F.);
#4631=ORIENTED_EDGE('',*,*,#3405,.F.);
#4632=ORIENTED_EDGE('',*,*,#3047,.F.);
#4633=ORIENTED_EDGE('',*,*,#3405,.T.);
#4634=ORIENTED_EDGE('',*,*,#3406,.F.);
#4635=ORIENTED_EDGE('',*,*,#3407,.F.);
#4636=ORIENTED_EDGE('',*,*,#3048,.F.);
#4637=ORIENTED_EDGE('',*,*,#3407,.T.);
#4638=ORIENTED_EDGE('',*,*,#3408,.F.);
#4639=ORIENTED_EDGE('',*,*,#3409,.F.);
#4640=ORIENTED_EDGE('',*,*,#3049,.F.);
#4641=ORIENTED_EDGE('',*,*,#3409,.T.);
#4642=ORIENTED_EDGE('',*,*,#3410,.F.);
#4643=ORIENTED_EDGE('',*,*,#3411,.F.);
#4644=ORIENTED_EDGE('',*,*,#3050,.F.);
#4645=ORIENTED_EDGE('',*,*,#3411,.T.);
#4646=ORIENTED_EDGE('',*,*,#3412,.F.);
#4647=ORIENTED_EDGE('',*,*,#3413,.F.);
#4648=ORIENTED_EDGE('',*,*,#3051,.F.);
#4649=ORIENTED_EDGE('',*,*,#3413,.T.);
#4650=ORIENTED_EDGE('',*,*,#3414,.F.);
#4651=ORIENTED_EDGE('',*,*,#3415,.F.);
#4652=ORIENTED_EDGE('',*,*,#3052,.F.);
#4653=ORIENTED_EDGE('',*,*,#3415,.T.);
#4654=ORIENTED_EDGE('',*,*,#3416,.F.);
#4655=ORIENTED_EDGE('',*,*,#3361,.F.);
#4656=ORIENTED_EDGE('',*,*,#3416,.T.);
#4657=ORIENTED_EDGE('',*,*,#3414,.T.);
#4658=ORIENTED_EDGE('',*,*,#3412,.T.);
#4659=ORIENTED_EDGE('',*,*,#3410,.T.);
#4660=ORIENTED_EDGE('',*,*,#3408,.T.);
#4661=ORIENTED_EDGE('',*,*,#3406,.T.);
#4662=ORIENTED_EDGE('',*,*,#3404,.T.);
#4663=ORIENTED_EDGE('',*,*,#3402,.T.);
#4664=ORIENTED_EDGE('',*,*,#3400,.T.);
#4665=ORIENTED_EDGE('',*,*,#3398,.T.);
#4666=ORIENTED_EDGE('',*,*,#3396,.T.);
#4667=ORIENTED_EDGE('',*,*,#3394,.T.);
#4668=ORIENTED_EDGE('',*,*,#3392,.T.);
#4669=ORIENTED_EDGE('',*,*,#3390,.T.);
#4670=ORIENTED_EDGE('',*,*,#3388,.T.);
#4671=ORIENTED_EDGE('',*,*,#3386,.T.);
#4672=ORIENTED_EDGE('',*,*,#3384,.T.);
#4673=ORIENTED_EDGE('',*,*,#3382,.T.);
#4674=ORIENTED_EDGE('',*,*,#3380,.T.);
#4675=ORIENTED_EDGE('',*,*,#3378,.T.);
#4676=ORIENTED_EDGE('',*,*,#3376,.T.);
#4677=ORIENTED_EDGE('',*,*,#3374,.T.);
#4678=ORIENTED_EDGE('',*,*,#3372,.T.);
#4679=ORIENTED_EDGE('',*,*,#3370,.T.);
#4680=ORIENTED_EDGE('',*,*,#3368,.T.);
#4681=ORIENTED_EDGE('',*,*,#3366,.T.);
#4682=ORIENTED_EDGE('',*,*,#3364,.T.);
#4683=ORIENTED_EDGE('',*,*,#3362,.T.);
#4684=ORIENTED_EDGE('',*,*,#3053,.F.);
#4685=ORIENTED_EDGE('',*,*,#3417,.T.);
#4686=ORIENTED_EDGE('',*,*,#3418,.F.);
#4687=ORIENTED_EDGE('',*,*,#3419,.F.);
#4688=ORIENTED_EDGE('',*,*,#3054,.F.);
#4689=ORIENTED_EDGE('',*,*,#3419,.T.);
#4690=ORIENTED_EDGE('',*,*,#3420,.F.);
#4691=ORIENTED_EDGE('',*,*,#3421,.F.);
#4692=ORIENTED_EDGE('',*,*,#3055,.F.);
#4693=ORIENTED_EDGE('',*,*,#3421,.T.);
#4694=ORIENTED_EDGE('',*,*,#3422,.F.);
#4695=ORIENTED_EDGE('',*,*,#3423,.F.);
#4696=ORIENTED_EDGE('',*,*,#3056,.F.);
#4697=ORIENTED_EDGE('',*,*,#3423,.T.);
#4698=ORIENTED_EDGE('',*,*,#3424,.F.);
#4699=ORIENTED_EDGE('',*,*,#3425,.F.);
#4700=ORIENTED_EDGE('',*,*,#3057,.F.);
#4701=ORIENTED_EDGE('',*,*,#3425,.T.);
#4702=ORIENTED_EDGE('',*,*,#3426,.F.);
#4703=ORIENTED_EDGE('',*,*,#3427,.F.);
#4704=ORIENTED_EDGE('',*,*,#3058,.F.);
#4705=ORIENTED_EDGE('',*,*,#3427,.T.);
#4706=ORIENTED_EDGE('',*,*,#3428,.F.);
#4707=ORIENTED_EDGE('',*,*,#3429,.F.);
#4708=ORIENTED_EDGE('',*,*,#3059,.F.);
#4709=ORIENTED_EDGE('',*,*,#3429,.T.);
#4710=ORIENTED_EDGE('',*,*,#3430,.F.);
#4711=ORIENTED_EDGE('',*,*,#3431,.F.);
#4712=ORIENTED_EDGE('',*,*,#3060,.F.);
#4713=ORIENTED_EDGE('',*,*,#3431,.T.);
#4714=ORIENTED_EDGE('',*,*,#3432,.F.);
#4715=ORIENTED_EDGE('',*,*,#3433,.F.);
#4716=ORIENTED_EDGE('',*,*,#3061,.F.);
#4717=ORIENTED_EDGE('',*,*,#3433,.T.);
#4718=ORIENTED_EDGE('',*,*,#3434,.F.);
#4719=ORIENTED_EDGE('',*,*,#3435,.F.);
#4720=ORIENTED_EDGE('',*,*,#3062,.F.);
#4721=ORIENTED_EDGE('',*,*,#3435,.T.);
#4722=ORIENTED_EDGE('',*,*,#3436,.F.);
#4723=ORIENTED_EDGE('',*,*,#3437,.F.);
#4724=ORIENTED_EDGE('',*,*,#3063,.F.);
#4725=ORIENTED_EDGE('',*,*,#3437,.T.);
#4726=ORIENTED_EDGE('',*,*,#3438,.F.);
#4727=ORIENTED_EDGE('',*,*,#3439,.F.);
#4728=ORIENTED_EDGE('',*,*,#3064,.F.);
#4729=ORIENTED_EDGE('',*,*,#3439,.T.);
#4730=ORIENTED_EDGE('',*,*,#3440,.F.);
#4731=ORIENTED_EDGE('',*,*,#3441,.F.);
#4732=ORIENTED_EDGE('',*,*,#3065,.F.);
#4733=ORIENTED_EDGE('',*,*,#3441,.T.);
#4734=ORIENTED_EDGE('',*,*,#3442,.F.);
#4735=ORIENTED_EDGE('',*,*,#3443,.F.);
#4736=ORIENTED_EDGE('',*,*,#3066,.F.);
#4737=ORIENTED_EDGE('',*,*,#3443,.T.);
#4738=ORIENTED_EDGE('',*,*,#3444,.F.);
#4739=ORIENTED_EDGE('',*,*,#3445,.F.);
#4740=ORIENTED_EDGE('',*,*,#3067,.F.);
#4741=ORIENTED_EDGE('',*,*,#3445,.T.);
#4742=ORIENTED_EDGE('',*,*,#3446,.F.);
#4743=ORIENTED_EDGE('',*,*,#3447,.F.);
#4744=ORIENTED_EDGE('',*,*,#3068,.F.);
#4745=ORIENTED_EDGE('',*,*,#3447,.T.);
#4746=ORIENTED_EDGE('',*,*,#3448,.F.);
#4747=ORIENTED_EDGE('',*,*,#3449,.F.);
#4748=ORIENTED_EDGE('',*,*,#3069,.F.);
#4749=ORIENTED_EDGE('',*,*,#3449,.T.);
#4750=ORIENTED_EDGE('',*,*,#3450,.F.);
#4751=ORIENTED_EDGE('',*,*,#3451,.F.);
#4752=ORIENTED_EDGE('',*,*,#3070,.F.);
#4753=ORIENTED_EDGE('',*,*,#3451,.T.);
#4754=ORIENTED_EDGE('',*,*,#3452,.F.);
#4755=ORIENTED_EDGE('',*,*,#3453,.F.);
#4756=ORIENTED_EDGE('',*,*,#3071,.F.);
#4757=ORIENTED_EDGE('',*,*,#3453,.T.);
#4758=ORIENTED_EDGE('',*,*,#3454,.F.);
#4759=ORIENTED_EDGE('',*,*,#3417,.F.);
#4760=ORIENTED_EDGE('',*,*,#3454,.T.);
#4761=ORIENTED_EDGE('',*,*,#3452,.T.);
#4762=ORIENTED_EDGE('',*,*,#3450,.T.);
#4763=ORIENTED_EDGE('',*,*,#3448,.T.);
#4764=ORIENTED_EDGE('',*,*,#3446,.T.);
#4765=ORIENTED_EDGE('',*,*,#3444,.T.);
#4766=ORIENTED_EDGE('',*,*,#3442,.T.);
#4767=ORIENTED_EDGE('',*,*,#3440,.T.);
#4768=ORIENTED_EDGE('',*,*,#3438,.T.);
#4769=ORIENTED_EDGE('',*,*,#3436,.T.);
#4770=ORIENTED_EDGE('',*,*,#3434,.T.);
#4771=ORIENTED_EDGE('',*,*,#3432,.T.);
#4772=ORIENTED_EDGE('',*,*,#3430,.T.);
#4773=ORIENTED_EDGE('',*,*,#3428,.T.);
#4774=ORIENTED_EDGE('',*,*,#3426,.T.);
#4775=ORIENTED_EDGE('',*,*,#3424,.T.);
#4776=ORIENTED_EDGE('',*,*,#3422,.T.);
#4777=ORIENTED_EDGE('',*,*,#3420,.T.);
#4778=ORIENTED_EDGE('',*,*,#3418,.T.);
#4779=ORIENTED_EDGE('',*,*,#3455,.F.);
#4780=ORIENTED_EDGE('',*,*,#3456,.T.);
#4781=ORIENTED_EDGE('',*,*,#3457,.F.);
#4782=ORIENTED_EDGE('',*,*,#3458,.F.);
#4783=ORIENTED_EDGE('',*,*,#3459,.F.);
#4784=ORIENTED_EDGE('',*,*,#3458,.T.);
#4785=ORIENTED_EDGE('',*,*,#3460,.F.);
#4786=ORIENTED_EDGE('',*,*,#3461,.F.);
#4787=ORIENTED_EDGE('',*,*,#3462,.F.);
#4788=ORIENTED_EDGE('',*,*,#3461,.T.);
#4789=ORIENTED_EDGE('',*,*,#3463,.F.);
#4790=ORIENTED_EDGE('',*,*,#3464,.F.);
#4791=ORIENTED_EDGE('',*,*,#3465,.F.);
#4792=ORIENTED_EDGE('',*,*,#3464,.T.);
#4793=ORIENTED_EDGE('',*,*,#3466,.F.);
#4794=ORIENTED_EDGE('',*,*,#3467,.F.);
#4795=ORIENTED_EDGE('',*,*,#3468,.F.);
#4796=ORIENTED_EDGE('',*,*,#3467,.T.);
#4797=ORIENTED_EDGE('',*,*,#3469,.F.);
#4798=ORIENTED_EDGE('',*,*,#3456,.F.);
#4799=ORIENTED_EDGE('',*,*,#3170,.F.);
#4800=ORIENTED_EDGE('',*,*,#3470,.T.);
#4801=ORIENTED_EDGE('',*,*,#3471,.F.);
#4802=ORIENTED_EDGE('',*,*,#3472,.F.);
#4803=ORIENTED_EDGE('',*,*,#3171,.F.);
#4804=ORIENTED_EDGE('',*,*,#3472,.T.);
#4805=ORIENTED_EDGE('',*,*,#3473,.F.);
#4806=ORIENTED_EDGE('',*,*,#3474,.F.);
#4807=ORIENTED_EDGE('',*,*,#3172,.F.);
#4808=ORIENTED_EDGE('',*,*,#3474,.T.);
#4809=ORIENTED_EDGE('',*,*,#3475,.F.);
#4810=ORIENTED_EDGE('',*,*,#3476,.F.);
#4811=ORIENTED_EDGE('',*,*,#3173,.F.);
#4812=ORIENTED_EDGE('',*,*,#3476,.T.);
#4813=ORIENTED_EDGE('',*,*,#3477,.F.);
#4814=ORIENTED_EDGE('',*,*,#3478,.F.);
#4815=ORIENTED_EDGE('',*,*,#3174,.F.);
#4816=ORIENTED_EDGE('',*,*,#3478,.T.);
#4817=ORIENTED_EDGE('',*,*,#3479,.F.);
#4818=ORIENTED_EDGE('',*,*,#3480,.F.);
#4819=ORIENTED_EDGE('',*,*,#3175,.F.);
#4820=ORIENTED_EDGE('',*,*,#3480,.T.);
#4821=ORIENTED_EDGE('',*,*,#3481,.F.);
#4822=ORIENTED_EDGE('',*,*,#3482,.F.);
#4823=ORIENTED_EDGE('',*,*,#3176,.F.);
#4824=ORIENTED_EDGE('',*,*,#3482,.T.);
#4825=ORIENTED_EDGE('',*,*,#3483,.F.);
#4826=ORIENTED_EDGE('',*,*,#3484,.F.);
#4827=ORIENTED_EDGE('',*,*,#3177,.F.);
#4828=ORIENTED_EDGE('',*,*,#3484,.T.);
#4829=ORIENTED_EDGE('',*,*,#3485,.F.);
#4830=ORIENTED_EDGE('',*,*,#3486,.F.);
#4831=ORIENTED_EDGE('',*,*,#3178,.F.);
#4832=ORIENTED_EDGE('',*,*,#3486,.T.);
#4833=ORIENTED_EDGE('',*,*,#3487,.F.);
#4834=ORIENTED_EDGE('',*,*,#3488,.F.);
#4835=ORIENTED_EDGE('',*,*,#3179,.F.);
#4836=ORIENTED_EDGE('',*,*,#3488,.T.);
#4837=ORIENTED_EDGE('',*,*,#3489,.F.);
#4838=ORIENTED_EDGE('',*,*,#3490,.F.);
#4839=ORIENTED_EDGE('',*,*,#3180,.F.);
#4840=ORIENTED_EDGE('',*,*,#3490,.T.);
#4841=ORIENTED_EDGE('',*,*,#3491,.F.);
#4842=ORIENTED_EDGE('',*,*,#3492,.F.);
#4843=ORIENTED_EDGE('',*,*,#3181,.F.);
#4844=ORIENTED_EDGE('',*,*,#3492,.T.);
#4845=ORIENTED_EDGE('',*,*,#3493,.F.);
#4846=ORIENTED_EDGE('',*,*,#3494,.F.);
#4847=ORIENTED_EDGE('',*,*,#3182,.F.);
#4848=ORIENTED_EDGE('',*,*,#3494,.T.);
#4849=ORIENTED_EDGE('',*,*,#3495,.F.);
#4850=ORIENTED_EDGE('',*,*,#3496,.F.);
#4851=ORIENTED_EDGE('',*,*,#3183,.F.);
#4852=ORIENTED_EDGE('',*,*,#3496,.T.);
#4853=ORIENTED_EDGE('',*,*,#3497,.F.);
#4854=ORIENTED_EDGE('',*,*,#3498,.F.);
#4855=ORIENTED_EDGE('',*,*,#3184,.F.);
#4856=ORIENTED_EDGE('',*,*,#3498,.T.);
#4857=ORIENTED_EDGE('',*,*,#3499,.F.);
#4858=ORIENTED_EDGE('',*,*,#3470,.F.);
#4859=ORIENTED_EDGE('',*,*,#3499,.T.);
#4860=ORIENTED_EDGE('',*,*,#3497,.T.);
#4861=ORIENTED_EDGE('',*,*,#3495,.T.);
#4862=ORIENTED_EDGE('',*,*,#3493,.T.);
#4863=ORIENTED_EDGE('',*,*,#3491,.T.);
#4864=ORIENTED_EDGE('',*,*,#3489,.T.);
#4865=ORIENTED_EDGE('',*,*,#3487,.T.);
#4866=ORIENTED_EDGE('',*,*,#3485,.T.);
#4867=ORIENTED_EDGE('',*,*,#3483,.T.);
#4868=ORIENTED_EDGE('',*,*,#3481,.T.);
#4869=ORIENTED_EDGE('',*,*,#3479,.T.);
#4870=ORIENTED_EDGE('',*,*,#3477,.T.);
#4871=ORIENTED_EDGE('',*,*,#3475,.T.);
#4872=ORIENTED_EDGE('',*,*,#3473,.T.);
#4873=ORIENTED_EDGE('',*,*,#3471,.T.);
#4874=ORIENTED_EDGE('',*,*,#3469,.T.);
#4875=ORIENTED_EDGE('',*,*,#3466,.T.);
#4876=ORIENTED_EDGE('',*,*,#3463,.T.);
#4877=ORIENTED_EDGE('',*,*,#3460,.T.);
#4878=ORIENTED_EDGE('',*,*,#3457,.T.);
#4879=ORIENTED_EDGE('',*,*,#3251,.T.);
#4880=ORIENTED_EDGE('',*,*,#3255,.T.);
#4881=ORIENTED_EDGE('',*,*,#3258,.T.);
#4882=ORIENTED_EDGE('',*,*,#3261,.T.);
#4883=ORIENTED_EDGE('',*,*,#3264,.T.);
#4884=ORIENTED_EDGE('',*,*,#3267,.T.);
#4885=ORIENTED_EDGE('',*,*,#3270,.T.);
#4886=ORIENTED_EDGE('',*,*,#3273,.T.);
#4887=ORIENTED_EDGE('',*,*,#3150,.F.);
#4888=ORIENTED_EDGE('',*,*,#3500,.T.);
#4889=ORIENTED_EDGE('',*,*,#3501,.F.);
#4890=ORIENTED_EDGE('',*,*,#3502,.F.);
#4891=ORIENTED_EDGE('',*,*,#3151,.F.);
#4892=ORIENTED_EDGE('',*,*,#3502,.T.);
#4893=ORIENTED_EDGE('',*,*,#3503,.F.);
#4894=ORIENTED_EDGE('',*,*,#3504,.F.);
#4895=ORIENTED_EDGE('',*,*,#3152,.F.);
#4896=ORIENTED_EDGE('',*,*,#3504,.T.);
#4897=ORIENTED_EDGE('',*,*,#3505,.F.);
#4898=ORIENTED_EDGE('',*,*,#3506,.F.);
#4899=ORIENTED_EDGE('',*,*,#3153,.F.);
#4900=ORIENTED_EDGE('',*,*,#3506,.T.);
#4901=ORIENTED_EDGE('',*,*,#3507,.F.);
#4902=ORIENTED_EDGE('',*,*,#3508,.F.);
#4903=ORIENTED_EDGE('',*,*,#3154,.F.);
#4904=ORIENTED_EDGE('',*,*,#3508,.T.);
#4905=ORIENTED_EDGE('',*,*,#3509,.F.);
#4906=ORIENTED_EDGE('',*,*,#3510,.F.);
#4907=ORIENTED_EDGE('',*,*,#3155,.F.);
#4908=ORIENTED_EDGE('',*,*,#3510,.T.);
#4909=ORIENTED_EDGE('',*,*,#3511,.F.);
#4910=ORIENTED_EDGE('',*,*,#3512,.F.);
#4911=ORIENTED_EDGE('',*,*,#3156,.F.);
#4912=ORIENTED_EDGE('',*,*,#3512,.T.);
#4913=ORIENTED_EDGE('',*,*,#3513,.F.);
#4914=ORIENTED_EDGE('',*,*,#3514,.F.);
#4915=ORIENTED_EDGE('',*,*,#3157,.F.);
#4916=ORIENTED_EDGE('',*,*,#3514,.T.);
#4917=ORIENTED_EDGE('',*,*,#3515,.F.);
#4918=ORIENTED_EDGE('',*,*,#3516,.F.);
#4919=ORIENTED_EDGE('',*,*,#3158,.F.);
#4920=ORIENTED_EDGE('',*,*,#3516,.T.);
#4921=ORIENTED_EDGE('',*,*,#3517,.F.);
#4922=ORIENTED_EDGE('',*,*,#3518,.F.);
#4923=ORIENTED_EDGE('',*,*,#3159,.F.);
#4924=ORIENTED_EDGE('',*,*,#3518,.T.);
#4925=ORIENTED_EDGE('',*,*,#3519,.F.);
#4926=ORIENTED_EDGE('',*,*,#3520,.F.);
#4927=ORIENTED_EDGE('',*,*,#3160,.F.);
#4928=ORIENTED_EDGE('',*,*,#3520,.T.);
#4929=ORIENTED_EDGE('',*,*,#3521,.F.);
#4930=ORIENTED_EDGE('',*,*,#3522,.F.);
#4931=ORIENTED_EDGE('',*,*,#3161,.F.);
#4932=ORIENTED_EDGE('',*,*,#3522,.T.);
#4933=ORIENTED_EDGE('',*,*,#3523,.F.);
#4934=ORIENTED_EDGE('',*,*,#3524,.F.);
#4935=ORIENTED_EDGE('',*,*,#3162,.F.);
#4936=ORIENTED_EDGE('',*,*,#3524,.T.);
#4937=ORIENTED_EDGE('',*,*,#3525,.F.);
#4938=ORIENTED_EDGE('',*,*,#3526,.F.);
#4939=ORIENTED_EDGE('',*,*,#3163,.F.);
#4940=ORIENTED_EDGE('',*,*,#3526,.T.);
#4941=ORIENTED_EDGE('',*,*,#3527,.F.);
#4942=ORIENTED_EDGE('',*,*,#3528,.F.);
#4943=ORIENTED_EDGE('',*,*,#3164,.F.);
#4944=ORIENTED_EDGE('',*,*,#3528,.T.);
#4945=ORIENTED_EDGE('',*,*,#3529,.F.);
#4946=ORIENTED_EDGE('',*,*,#3530,.F.);
#4947=ORIENTED_EDGE('',*,*,#3165,.F.);
#4948=ORIENTED_EDGE('',*,*,#3530,.T.);
#4949=ORIENTED_EDGE('',*,*,#3531,.F.);
#4950=ORIENTED_EDGE('',*,*,#3532,.F.);
#4951=ORIENTED_EDGE('',*,*,#3166,.F.);
#4952=ORIENTED_EDGE('',*,*,#3532,.T.);
#4953=ORIENTED_EDGE('',*,*,#3533,.F.);
#4954=ORIENTED_EDGE('',*,*,#3534,.F.);
#4955=ORIENTED_EDGE('',*,*,#3167,.F.);
#4956=ORIENTED_EDGE('',*,*,#3534,.T.);
#4957=ORIENTED_EDGE('',*,*,#3535,.F.);
#4958=ORIENTED_EDGE('',*,*,#3536,.F.);
#4959=ORIENTED_EDGE('',*,*,#3168,.F.);
#4960=ORIENTED_EDGE('',*,*,#3536,.T.);
#4961=ORIENTED_EDGE('',*,*,#3537,.F.);
#4962=ORIENTED_EDGE('',*,*,#3538,.F.);
#4963=ORIENTED_EDGE('',*,*,#3169,.F.);
#4964=ORIENTED_EDGE('',*,*,#3538,.T.);
#4965=ORIENTED_EDGE('',*,*,#3539,.F.);
#4966=ORIENTED_EDGE('',*,*,#3500,.F.);
#4967=ORIENTED_EDGE('',*,*,#3539,.T.);
#4968=ORIENTED_EDGE('',*,*,#3537,.T.);
#4969=ORIENTED_EDGE('',*,*,#3535,.T.);
#4970=ORIENTED_EDGE('',*,*,#3533,.T.);
#4971=ORIENTED_EDGE('',*,*,#3531,.T.);
#4972=ORIENTED_EDGE('',*,*,#3529,.T.);
#4973=ORIENTED_EDGE('',*,*,#3527,.T.);
#4974=ORIENTED_EDGE('',*,*,#3525,.T.);
#4975=ORIENTED_EDGE('',*,*,#3523,.T.);
#4976=ORIENTED_EDGE('',*,*,#3521,.T.);
#4977=ORIENTED_EDGE('',*,*,#3519,.T.);
#4978=ORIENTED_EDGE('',*,*,#3517,.T.);
#4979=ORIENTED_EDGE('',*,*,#3515,.T.);
#4980=ORIENTED_EDGE('',*,*,#3513,.T.);
#4981=ORIENTED_EDGE('',*,*,#3511,.T.);
#4982=ORIENTED_EDGE('',*,*,#3509,.T.);
#4983=ORIENTED_EDGE('',*,*,#3507,.T.);
#4984=ORIENTED_EDGE('',*,*,#3505,.T.);
#4985=ORIENTED_EDGE('',*,*,#3503,.T.);
#4986=ORIENTED_EDGE('',*,*,#3501,.T.);
#4987=ORIENTED_EDGE('',*,*,#3540,.F.);
#4988=ORIENTED_EDGE('',*,*,#3541,.T.);
#4989=ORIENTED_EDGE('',*,*,#3542,.F.);
#4990=ORIENTED_EDGE('',*,*,#3543,.F.);
#4991=ORIENTED_EDGE('',*,*,#3544,.F.);
#4992=ORIENTED_EDGE('',*,*,#3543,.T.);
#4993=ORIENTED_EDGE('',*,*,#3545,.F.);
#4994=ORIENTED_EDGE('',*,*,#3546,.F.);
#4995=ORIENTED_EDGE('',*,*,#3547,.F.);
#4996=ORIENTED_EDGE('',*,*,#3546,.T.);
#4997=ORIENTED_EDGE('',*,*,#3548,.F.);
#4998=ORIENTED_EDGE('',*,*,#3549,.F.);
#4999=ORIENTED_EDGE('',*,*,#3550,.F.);
#5000=ORIENTED_EDGE('',*,*,#3549,.T.);
#5001=ORIENTED_EDGE('',*,*,#3551,.F.);
#5002=ORIENTED_EDGE('',*,*,#3552,.F.);
#5003=ORIENTED_EDGE('',*,*,#3553,.F.);
#5004=ORIENTED_EDGE('',*,*,#3552,.T.);
#5005=ORIENTED_EDGE('',*,*,#3554,.F.);
#5006=ORIENTED_EDGE('',*,*,#3555,.F.);
#5007=ORIENTED_EDGE('',*,*,#3556,.F.);
#5008=ORIENTED_EDGE('',*,*,#3555,.T.);
#5009=ORIENTED_EDGE('',*,*,#3557,.F.);
#5010=ORIENTED_EDGE('',*,*,#3558,.F.);
#5011=ORIENTED_EDGE('',*,*,#3559,.F.);
#5012=ORIENTED_EDGE('',*,*,#3558,.T.);
#5013=ORIENTED_EDGE('',*,*,#3560,.F.);
#5014=ORIENTED_EDGE('',*,*,#3561,.F.);
#5015=ORIENTED_EDGE('',*,*,#3562,.F.);
#5016=ORIENTED_EDGE('',*,*,#3561,.T.);
#5017=ORIENTED_EDGE('',*,*,#3563,.F.);
#5018=ORIENTED_EDGE('',*,*,#3541,.F.);
#5019=ORIENTED_EDGE('',*,*,#3072,.F.);
#5020=ORIENTED_EDGE('',*,*,#3564,.T.);
#5021=ORIENTED_EDGE('',*,*,#3565,.F.);
#5022=ORIENTED_EDGE('',*,*,#3566,.F.);
#5023=ORIENTED_EDGE('',*,*,#3073,.F.);
#5024=ORIENTED_EDGE('',*,*,#3566,.T.);
#5025=ORIENTED_EDGE('',*,*,#3567,.F.);
#5026=ORIENTED_EDGE('',*,*,#3568,.F.);
#5027=ORIENTED_EDGE('',*,*,#3074,.F.);
#5028=ORIENTED_EDGE('',*,*,#3568,.T.);
#5029=ORIENTED_EDGE('',*,*,#3569,.F.);
#5030=ORIENTED_EDGE('',*,*,#3570,.F.);
#5031=ORIENTED_EDGE('',*,*,#3075,.F.);
#5032=ORIENTED_EDGE('',*,*,#3570,.T.);
#5033=ORIENTED_EDGE('',*,*,#3571,.F.);
#5034=ORIENTED_EDGE('',*,*,#3572,.F.);
#5035=ORIENTED_EDGE('',*,*,#3076,.F.);
#5036=ORIENTED_EDGE('',*,*,#3572,.T.);
#5037=ORIENTED_EDGE('',*,*,#3573,.F.);
#5038=ORIENTED_EDGE('',*,*,#3574,.F.);
#5039=ORIENTED_EDGE('',*,*,#3077,.F.);
#5040=ORIENTED_EDGE('',*,*,#3574,.T.);
#5041=ORIENTED_EDGE('',*,*,#3575,.F.);
#5042=ORIENTED_EDGE('',*,*,#3576,.F.);
#5043=ORIENTED_EDGE('',*,*,#3078,.F.);
#5044=ORIENTED_EDGE('',*,*,#3576,.T.);
#5045=ORIENTED_EDGE('',*,*,#3577,.F.);
#5046=ORIENTED_EDGE('',*,*,#3578,.F.);
#5047=ORIENTED_EDGE('',*,*,#3079,.F.);
#5048=ORIENTED_EDGE('',*,*,#3578,.T.);
#5049=ORIENTED_EDGE('',*,*,#3579,.F.);
#5050=ORIENTED_EDGE('',*,*,#3580,.F.);
#5051=ORIENTED_EDGE('',*,*,#3080,.F.);
#5052=ORIENTED_EDGE('',*,*,#3580,.T.);
#5053=ORIENTED_EDGE('',*,*,#3581,.F.);
#5054=ORIENTED_EDGE('',*,*,#3582,.F.);
#5055=ORIENTED_EDGE('',*,*,#3081,.F.);
#5056=ORIENTED_EDGE('',*,*,#3582,.T.);
#5057=ORIENTED_EDGE('',*,*,#3583,.F.);
#5058=ORIENTED_EDGE('',*,*,#3584,.F.);
#5059=ORIENTED_EDGE('',*,*,#3082,.F.);
#5060=ORIENTED_EDGE('',*,*,#3584,.T.);
#5061=ORIENTED_EDGE('',*,*,#3585,.F.);
#5062=ORIENTED_EDGE('',*,*,#3586,.F.);
#5063=ORIENTED_EDGE('',*,*,#3083,.F.);
#5064=ORIENTED_EDGE('',*,*,#3586,.T.);
#5065=ORIENTED_EDGE('',*,*,#3587,.F.);
#5066=ORIENTED_EDGE('',*,*,#3588,.F.);
#5067=ORIENTED_EDGE('',*,*,#3084,.F.);
#5068=ORIENTED_EDGE('',*,*,#3588,.T.);
#5069=ORIENTED_EDGE('',*,*,#3589,.F.);
#5070=ORIENTED_EDGE('',*,*,#3590,.F.);
#5071=ORIENTED_EDGE('',*,*,#3085,.F.);
#5072=ORIENTED_EDGE('',*,*,#3590,.T.);
#5073=ORIENTED_EDGE('',*,*,#3591,.F.);
#5074=ORIENTED_EDGE('',*,*,#3592,.F.);
#5075=ORIENTED_EDGE('',*,*,#3086,.F.);
#5076=ORIENTED_EDGE('',*,*,#3592,.T.);
#5077=ORIENTED_EDGE('',*,*,#3593,.F.);
#5078=ORIENTED_EDGE('',*,*,#3564,.F.);
#5079=ORIENTED_EDGE('',*,*,#3593,.T.);
#5080=ORIENTED_EDGE('',*,*,#3591,.T.);
#5081=ORIENTED_EDGE('',*,*,#3589,.T.);
#5082=ORIENTED_EDGE('',*,*,#3587,.T.);
#5083=ORIENTED_EDGE('',*,*,#3585,.T.);
#5084=ORIENTED_EDGE('',*,*,#3583,.T.);
#5085=ORIENTED_EDGE('',*,*,#3581,.T.);
#5086=ORIENTED_EDGE('',*,*,#3579,.T.);
#5087=ORIENTED_EDGE('',*,*,#3577,.T.);
#5088=ORIENTED_EDGE('',*,*,#3575,.T.);
#5089=ORIENTED_EDGE('',*,*,#3573,.T.);
#5090=ORIENTED_EDGE('',*,*,#3571,.T.);
#5091=ORIENTED_EDGE('',*,*,#3569,.T.);
#5092=ORIENTED_EDGE('',*,*,#3567,.T.);
#5093=ORIENTED_EDGE('',*,*,#3565,.T.);
#5094=ORIENTED_EDGE('',*,*,#3563,.T.);
#5095=ORIENTED_EDGE('',*,*,#3560,.T.);
#5096=ORIENTED_EDGE('',*,*,#3557,.T.);
#5097=ORIENTED_EDGE('',*,*,#3554,.T.);
#5098=ORIENTED_EDGE('',*,*,#3551,.T.);
#5099=ORIENTED_EDGE('',*,*,#3548,.T.);
#5100=ORIENTED_EDGE('',*,*,#3545,.T.);
#5101=ORIENTED_EDGE('',*,*,#3542,.T.);
#5102=ORIENTED_EDGE('',*,*,#3455,.T.);
#5103=ORIENTED_EDGE('',*,*,#3459,.T.);
#5104=ORIENTED_EDGE('',*,*,#3462,.T.);
#5105=ORIENTED_EDGE('',*,*,#3465,.T.);
#5106=ORIENTED_EDGE('',*,*,#3468,.T.);
#5107=ORIENTED_EDGE('',*,*,#3594,.F.);
#5108=ORIENTED_EDGE('',*,*,#3595,.T.);
#5109=ORIENTED_EDGE('',*,*,#3596,.F.);
#5110=ORIENTED_EDGE('',*,*,#3597,.F.);
#5111=ORIENTED_EDGE('',*,*,#3598,.F.);
#5112=ORIENTED_EDGE('',*,*,#3597,.T.);
#5113=ORIENTED_EDGE('',*,*,#3599,.F.);
#5114=ORIENTED_EDGE('',*,*,#3600,.F.);
#5115=ORIENTED_EDGE('',*,*,#3601,.F.);
#5116=ORIENTED_EDGE('',*,*,#3600,.T.);
#5117=ORIENTED_EDGE('',*,*,#3602,.F.);
#5118=ORIENTED_EDGE('',*,*,#3603,.F.);
#5119=ORIENTED_EDGE('',*,*,#3604,.F.);
#5120=ORIENTED_EDGE('',*,*,#3603,.T.);
#5121=ORIENTED_EDGE('',*,*,#3605,.F.);
#5122=ORIENTED_EDGE('',*,*,#3606,.F.);
#5123=ORIENTED_EDGE('',*,*,#3607,.F.);
#5124=ORIENTED_EDGE('',*,*,#3606,.T.);
#5125=ORIENTED_EDGE('',*,*,#3608,.F.);
#5126=ORIENTED_EDGE('',*,*,#3609,.F.);
#5127=ORIENTED_EDGE('',*,*,#3610,.F.);
#5128=ORIENTED_EDGE('',*,*,#3609,.T.);
#5129=ORIENTED_EDGE('',*,*,#3611,.F.);
#5130=ORIENTED_EDGE('',*,*,#3612,.F.);
#5131=ORIENTED_EDGE('',*,*,#3613,.F.);
#5132=ORIENTED_EDGE('',*,*,#3612,.T.);
#5133=ORIENTED_EDGE('',*,*,#3614,.F.);
#5134=ORIENTED_EDGE('',*,*,#3615,.F.);
#5135=ORIENTED_EDGE('',*,*,#3616,.F.);
#5136=ORIENTED_EDGE('',*,*,#3615,.T.);
#5137=ORIENTED_EDGE('',*,*,#3617,.F.);
#5138=ORIENTED_EDGE('',*,*,#3595,.F.);
#5139=ORIENTED_EDGE('',*,*,#3141,.F.);
#5140=ORIENTED_EDGE('',*,*,#3618,.T.);
#5141=ORIENTED_EDGE('',*,*,#3619,.F.);
#5142=ORIENTED_EDGE('',*,*,#3620,.F.);
#5143=ORIENTED_EDGE('',*,*,#3142,.F.);
#5144=ORIENTED_EDGE('',*,*,#3620,.T.);
#5145=ORIENTED_EDGE('',*,*,#3621,.F.);
#5146=ORIENTED_EDGE('',*,*,#3622,.F.);
#5147=ORIENTED_EDGE('',*,*,#3143,.F.);
#5148=ORIENTED_EDGE('',*,*,#3622,.T.);
#5149=ORIENTED_EDGE('',*,*,#3623,.F.);
#5150=ORIENTED_EDGE('',*,*,#3624,.F.);
#5151=ORIENTED_EDGE('',*,*,#3144,.F.);
#5152=ORIENTED_EDGE('',*,*,#3624,.T.);
#5153=ORIENTED_EDGE('',*,*,#3625,.F.);
#5154=ORIENTED_EDGE('',*,*,#3626,.F.);
#5155=ORIENTED_EDGE('',*,*,#3145,.F.);
#5156=ORIENTED_EDGE('',*,*,#3626,.T.);
#5157=ORIENTED_EDGE('',*,*,#3627,.F.);
#5158=ORIENTED_EDGE('',*,*,#3628,.F.);
#5159=ORIENTED_EDGE('',*,*,#3146,.F.);
#5160=ORIENTED_EDGE('',*,*,#3628,.T.);
#5161=ORIENTED_EDGE('',*,*,#3629,.F.);
#5162=ORIENTED_EDGE('',*,*,#3630,.F.);
#5163=ORIENTED_EDGE('',*,*,#3147,.F.);
#5164=ORIENTED_EDGE('',*,*,#3630,.T.);
#5165=ORIENTED_EDGE('',*,*,#3631,.F.);
#5166=ORIENTED_EDGE('',*,*,#3632,.F.);
#5167=ORIENTED_EDGE('',*,*,#3148,.F.);
#5168=ORIENTED_EDGE('',*,*,#3632,.T.);
#5169=ORIENTED_EDGE('',*,*,#3633,.F.);
#5170=ORIENTED_EDGE('',*,*,#3634,.F.);
#5171=ORIENTED_EDGE('',*,*,#3149,.F.);
#5172=ORIENTED_EDGE('',*,*,#3634,.T.);
#5173=ORIENTED_EDGE('',*,*,#3635,.F.);
#5174=ORIENTED_EDGE('',*,*,#3618,.F.);
#5175=ORIENTED_EDGE('',*,*,#3635,.T.);
#5176=ORIENTED_EDGE('',*,*,#3633,.T.);
#5177=ORIENTED_EDGE('',*,*,#3631,.T.);
#5178=ORIENTED_EDGE('',*,*,#3629,.T.);
#5179=ORIENTED_EDGE('',*,*,#3627,.T.);
#5180=ORIENTED_EDGE('',*,*,#3625,.T.);
#5181=ORIENTED_EDGE('',*,*,#3623,.T.);
#5182=ORIENTED_EDGE('',*,*,#3621,.T.);
#5183=ORIENTED_EDGE('',*,*,#3619,.T.);
#5184=ORIENTED_EDGE('',*,*,#3617,.T.);
#5185=ORIENTED_EDGE('',*,*,#3614,.T.);
#5186=ORIENTED_EDGE('',*,*,#3611,.T.);
#5187=ORIENTED_EDGE('',*,*,#3608,.T.);
#5188=ORIENTED_EDGE('',*,*,#3605,.T.);
#5189=ORIENTED_EDGE('',*,*,#3602,.T.);
#5190=ORIENTED_EDGE('',*,*,#3599,.T.);
#5191=ORIENTED_EDGE('',*,*,#3596,.T.);
#5192=ORIENTED_EDGE('',*,*,#3540,.T.);
#5193=ORIENTED_EDGE('',*,*,#3544,.T.);
#5194=ORIENTED_EDGE('',*,*,#3547,.T.);
#5195=ORIENTED_EDGE('',*,*,#3550,.T.);
#5196=ORIENTED_EDGE('',*,*,#3553,.T.);
#5197=ORIENTED_EDGE('',*,*,#3556,.T.);
#5198=ORIENTED_EDGE('',*,*,#3559,.T.);
#5199=ORIENTED_EDGE('',*,*,#3562,.T.);
#5200=ORIENTED_EDGE('',*,*,#3128,.F.);
#5201=ORIENTED_EDGE('',*,*,#3636,.T.);
#5202=ORIENTED_EDGE('',*,*,#3637,.F.);
#5203=ORIENTED_EDGE('',*,*,#3638,.F.);
#5204=ORIENTED_EDGE('',*,*,#3129,.F.);
#5205=ORIENTED_EDGE('',*,*,#3638,.T.);
#5206=ORIENTED_EDGE('',*,*,#3639,.F.);
#5207=ORIENTED_EDGE('',*,*,#3640,.F.);
#5208=ORIENTED_EDGE('',*,*,#3130,.F.);
#5209=ORIENTED_EDGE('',*,*,#3640,.T.);
#5210=ORIENTED_EDGE('',*,*,#3641,.F.);
#5211=ORIENTED_EDGE('',*,*,#3642,.F.);
#5212=ORIENTED_EDGE('',*,*,#3131,.F.);
#5213=ORIENTED_EDGE('',*,*,#3642,.T.);
#5214=ORIENTED_EDGE('',*,*,#3643,.F.);
#5215=ORIENTED_EDGE('',*,*,#3644,.F.);
#5216=ORIENTED_EDGE('',*,*,#3132,.F.);
#5217=ORIENTED_EDGE('',*,*,#3644,.T.);
#5218=ORIENTED_EDGE('',*,*,#3645,.F.);
#5219=ORIENTED_EDGE('',*,*,#3646,.F.);
#5220=ORIENTED_EDGE('',*,*,#3133,.F.);
#5221=ORIENTED_EDGE('',*,*,#3646,.T.);
#5222=ORIENTED_EDGE('',*,*,#3647,.F.);
#5223=ORIENTED_EDGE('',*,*,#3648,.F.);
#5224=ORIENTED_EDGE('',*,*,#3134,.F.);
#5225=ORIENTED_EDGE('',*,*,#3648,.T.);
#5226=ORIENTED_EDGE('',*,*,#3649,.F.);
#5227=ORIENTED_EDGE('',*,*,#3650,.F.);
#5228=ORIENTED_EDGE('',*,*,#3135,.F.);
#5229=ORIENTED_EDGE('',*,*,#3650,.T.);
#5230=ORIENTED_EDGE('',*,*,#3651,.F.);
#5231=ORIENTED_EDGE('',*,*,#3652,.F.);
#5232=ORIENTED_EDGE('',*,*,#3136,.F.);
#5233=ORIENTED_EDGE('',*,*,#3652,.T.);
#5234=ORIENTED_EDGE('',*,*,#3653,.F.);
#5235=ORIENTED_EDGE('',*,*,#3654,.F.);
#5236=ORIENTED_EDGE('',*,*,#3137,.F.);
#5237=ORIENTED_EDGE('',*,*,#3654,.T.);
#5238=ORIENTED_EDGE('',*,*,#3655,.F.);
#5239=ORIENTED_EDGE('',*,*,#3656,.F.);
#5240=ORIENTED_EDGE('',*,*,#3138,.F.);
#5241=ORIENTED_EDGE('',*,*,#3656,.T.);
#5242=ORIENTED_EDGE('',*,*,#3657,.F.);
#5243=ORIENTED_EDGE('',*,*,#3658,.F.);
#5244=ORIENTED_EDGE('',*,*,#3139,.F.);
#5245=ORIENTED_EDGE('',*,*,#3658,.T.);
#5246=ORIENTED_EDGE('',*,*,#3659,.F.);
#5247=ORIENTED_EDGE('',*,*,#3660,.F.);
#5248=ORIENTED_EDGE('',*,*,#3140,.F.);
#5249=ORIENTED_EDGE('',*,*,#3660,.T.);
#5250=ORIENTED_EDGE('',*,*,#3661,.F.);
#5251=ORIENTED_EDGE('',*,*,#3636,.F.);
#5252=ORIENTED_EDGE('',*,*,#3661,.T.);
#5253=ORIENTED_EDGE('',*,*,#3659,.T.);
#5254=ORIENTED_EDGE('',*,*,#3657,.T.);
#5255=ORIENTED_EDGE('',*,*,#3655,.T.);
#5256=ORIENTED_EDGE('',*,*,#3653,.T.);
#5257=ORIENTED_EDGE('',*,*,#3651,.T.);
#5258=ORIENTED_EDGE('',*,*,#3649,.T.);
#5259=ORIENTED_EDGE('',*,*,#3647,.T.);
#5260=ORIENTED_EDGE('',*,*,#3645,.T.);
#5261=ORIENTED_EDGE('',*,*,#3643,.T.);
#5262=ORIENTED_EDGE('',*,*,#3641,.T.);
#5263=ORIENTED_EDGE('',*,*,#3639,.T.);
#5264=ORIENTED_EDGE('',*,*,#3637,.T.);
#5265=ORIENTED_EDGE('',*,*,#3110,.F.);
#5266=ORIENTED_EDGE('',*,*,#3662,.T.);
#5267=ORIENTED_EDGE('',*,*,#3663,.F.);
#5268=ORIENTED_EDGE('',*,*,#3664,.F.);
#5269=ORIENTED_EDGE('',*,*,#3111,.F.);
#5270=ORIENTED_EDGE('',*,*,#3664,.T.);
#5271=ORIENTED_EDGE('',*,*,#3665,.F.);
#5272=ORIENTED_EDGE('',*,*,#3666,.F.);
#5273=ORIENTED_EDGE('',*,*,#3112,.F.);
#5274=ORIENTED_EDGE('',*,*,#3666,.T.);
#5275=ORIENTED_EDGE('',*,*,#3667,.F.);
#5276=ORIENTED_EDGE('',*,*,#3668,.F.);
#5277=ORIENTED_EDGE('',*,*,#3113,.F.);
#5278=ORIENTED_EDGE('',*,*,#3668,.T.);
#5279=ORIENTED_EDGE('',*,*,#3669,.F.);
#5280=ORIENTED_EDGE('',*,*,#3670,.F.);
#5281=ORIENTED_EDGE('',*,*,#3114,.F.);
#5282=ORIENTED_EDGE('',*,*,#3670,.T.);
#5283=ORIENTED_EDGE('',*,*,#3671,.F.);
#5284=ORIENTED_EDGE('',*,*,#3672,.F.);
#5285=ORIENTED_EDGE('',*,*,#3115,.F.);
#5286=ORIENTED_EDGE('',*,*,#3672,.T.);
#5287=ORIENTED_EDGE('',*,*,#3673,.F.);
#5288=ORIENTED_EDGE('',*,*,#3674,.F.);
#5289=ORIENTED_EDGE('',*,*,#3116,.F.);
#5290=ORIENTED_EDGE('',*,*,#3674,.T.);
#5291=ORIENTED_EDGE('',*,*,#3675,.F.);
#5292=ORIENTED_EDGE('',*,*,#3676,.F.);
#5293=ORIENTED_EDGE('',*,*,#3117,.F.);
#5294=ORIENTED_EDGE('',*,*,#3676,.T.);
#5295=ORIENTED_EDGE('',*,*,#3677,.F.);
#5296=ORIENTED_EDGE('',*,*,#3678,.F.);
#5297=ORIENTED_EDGE('',*,*,#3118,.F.);
#5298=ORIENTED_EDGE('',*,*,#3678,.T.);
#5299=ORIENTED_EDGE('',*,*,#3679,.F.);
#5300=ORIENTED_EDGE('',*,*,#3680,.F.);
#5301=ORIENTED_EDGE('',*,*,#3119,.F.);
#5302=ORIENTED_EDGE('',*,*,#3680,.T.);
#5303=ORIENTED_EDGE('',*,*,#3681,.F.);
#5304=ORIENTED_EDGE('',*,*,#3682,.F.);
#5305=ORIENTED_EDGE('',*,*,#3120,.F.);
#5306=ORIENTED_EDGE('',*,*,#3682,.T.);
#5307=ORIENTED_EDGE('',*,*,#3683,.F.);
#5308=ORIENTED_EDGE('',*,*,#3684,.F.);
#5309=ORIENTED_EDGE('',*,*,#3121,.F.);
#5310=ORIENTED_EDGE('',*,*,#3684,.T.);
#5311=ORIENTED_EDGE('',*,*,#3685,.F.);
#5312=ORIENTED_EDGE('',*,*,#3686,.F.);
#5313=ORIENTED_EDGE('',*,*,#3122,.F.);
#5314=ORIENTED_EDGE('',*,*,#3686,.T.);
#5315=ORIENTED_EDGE('',*,*,#3687,.F.);
#5316=ORIENTED_EDGE('',*,*,#3688,.F.);
#5317=ORIENTED_EDGE('',*,*,#3123,.F.);
#5318=ORIENTED_EDGE('',*,*,#3688,.T.);
#5319=ORIENTED_EDGE('',*,*,#3689,.F.);
#5320=ORIENTED_EDGE('',*,*,#3690,.F.);
#5321=ORIENTED_EDGE('',*,*,#3124,.F.);
#5322=ORIENTED_EDGE('',*,*,#3690,.T.);
#5323=ORIENTED_EDGE('',*,*,#3691,.F.);
#5324=ORIENTED_EDGE('',*,*,#3692,.F.);
#5325=ORIENTED_EDGE('',*,*,#3125,.F.);
#5326=ORIENTED_EDGE('',*,*,#3692,.T.);
#5327=ORIENTED_EDGE('',*,*,#3693,.F.);
#5328=ORIENTED_EDGE('',*,*,#3694,.F.);
#5329=ORIENTED_EDGE('',*,*,#3126,.F.);
#5330=ORIENTED_EDGE('',*,*,#3694,.T.);
#5331=ORIENTED_EDGE('',*,*,#3695,.F.);
#5332=ORIENTED_EDGE('',*,*,#3696,.F.);
#5333=ORIENTED_EDGE('',*,*,#3127,.F.);
#5334=ORIENTED_EDGE('',*,*,#3696,.T.);
#5335=ORIENTED_EDGE('',*,*,#3697,.F.);
#5336=ORIENTED_EDGE('',*,*,#3662,.F.);
#5337=ORIENTED_EDGE('',*,*,#3697,.T.);
#5338=ORIENTED_EDGE('',*,*,#3695,.T.);
#5339=ORIENTED_EDGE('',*,*,#3693,.T.);
#5340=ORIENTED_EDGE('',*,*,#3691,.T.);
#5341=ORIENTED_EDGE('',*,*,#3689,.T.);
#5342=ORIENTED_EDGE('',*,*,#3687,.T.);
#5343=ORIENTED_EDGE('',*,*,#3685,.T.);
#5344=ORIENTED_EDGE('',*,*,#3683,.T.);
#5345=ORIENTED_EDGE('',*,*,#3681,.T.);
#5346=ORIENTED_EDGE('',*,*,#3679,.T.);
#5347=ORIENTED_EDGE('',*,*,#3677,.T.);
#5348=ORIENTED_EDGE('',*,*,#3675,.T.);
#5349=ORIENTED_EDGE('',*,*,#3673,.T.);
#5350=ORIENTED_EDGE('',*,*,#3671,.T.);
#5351=ORIENTED_EDGE('',*,*,#3669,.T.);
#5352=ORIENTED_EDGE('',*,*,#3667,.T.);
#5353=ORIENTED_EDGE('',*,*,#3665,.T.);
#5354=ORIENTED_EDGE('',*,*,#3663,.T.);
#5355=ORIENTED_EDGE('',*,*,#3106,.F.);
#5356=ORIENTED_EDGE('',*,*,#3698,.T.);
#5357=ORIENTED_EDGE('',*,*,#3699,.F.);
#5358=ORIENTED_EDGE('',*,*,#3700,.F.);
#5359=ORIENTED_EDGE('',*,*,#3107,.F.);
#5360=ORIENTED_EDGE('',*,*,#3700,.T.);
#5361=ORIENTED_EDGE('',*,*,#3701,.F.);
#5362=ORIENTED_EDGE('',*,*,#3702,.F.);
#5363=ORIENTED_EDGE('',*,*,#3108,.F.);
#5364=ORIENTED_EDGE('',*,*,#3702,.T.);
#5365=ORIENTED_EDGE('',*,*,#3703,.F.);
#5366=ORIENTED_EDGE('',*,*,#3704,.F.);
#5367=ORIENTED_EDGE('',*,*,#3109,.F.);
#5368=ORIENTED_EDGE('',*,*,#3704,.T.);
#5369=ORIENTED_EDGE('',*,*,#3705,.F.);
#5370=ORIENTED_EDGE('',*,*,#3698,.F.);
#5371=ORIENTED_EDGE('',*,*,#3705,.T.);
#5372=ORIENTED_EDGE('',*,*,#3703,.T.);
#5373=ORIENTED_EDGE('',*,*,#3701,.T.);
#5374=ORIENTED_EDGE('',*,*,#3699,.T.);
#5375=ORIENTED_EDGE('',*,*,#3706,.F.);
#5376=ORIENTED_EDGE('',*,*,#3707,.T.);
#5377=ORIENTED_EDGE('',*,*,#3708,.F.);
#5378=ORIENTED_EDGE('',*,*,#3709,.F.);
#5379=ORIENTED_EDGE('',*,*,#3710,.F.);
#5380=ORIENTED_EDGE('',*,*,#3709,.T.);
#5381=ORIENTED_EDGE('',*,*,#3711,.F.);
#5382=ORIENTED_EDGE('',*,*,#3712,.F.);
#5383=ORIENTED_EDGE('',*,*,#3713,.F.);
#5384=ORIENTED_EDGE('',*,*,#3712,.T.);
#5385=ORIENTED_EDGE('',*,*,#3714,.F.);
#5386=ORIENTED_EDGE('',*,*,#3715,.F.);
#5387=ORIENTED_EDGE('',*,*,#3716,.F.);
#5388=ORIENTED_EDGE('',*,*,#3715,.T.);
#5389=ORIENTED_EDGE('',*,*,#3717,.F.);
#5390=ORIENTED_EDGE('',*,*,#3718,.F.);
#5391=ORIENTED_EDGE('',*,*,#3719,.F.);
#5392=ORIENTED_EDGE('',*,*,#3718,.T.);
#5393=ORIENTED_EDGE('',*,*,#3720,.F.);
#5394=ORIENTED_EDGE('',*,*,#3721,.F.);
#5395=ORIENTED_EDGE('',*,*,#3722,.F.);
#5396=ORIENTED_EDGE('',*,*,#3721,.T.);
#5397=ORIENTED_EDGE('',*,*,#3723,.F.);
#5398=ORIENTED_EDGE('',*,*,#3724,.F.);
#5399=ORIENTED_EDGE('',*,*,#3725,.F.);
#5400=ORIENTED_EDGE('',*,*,#3724,.T.);
#5401=ORIENTED_EDGE('',*,*,#3726,.F.);
#5402=ORIENTED_EDGE('',*,*,#3727,.F.);
#5403=ORIENTED_EDGE('',*,*,#3728,.F.);
#5404=ORIENTED_EDGE('',*,*,#3727,.T.);
#5405=ORIENTED_EDGE('',*,*,#3729,.F.);
#5406=ORIENTED_EDGE('',*,*,#3707,.F.);
#5407=ORIENTED_EDGE('',*,*,#3087,.F.);
#5408=ORIENTED_EDGE('',*,*,#3730,.T.);
#5409=ORIENTED_EDGE('',*,*,#3731,.F.);
#5410=ORIENTED_EDGE('',*,*,#3732,.F.);
#5411=ORIENTED_EDGE('',*,*,#3088,.F.);
#5412=ORIENTED_EDGE('',*,*,#3732,.T.);
#5413=ORIENTED_EDGE('',*,*,#3733,.F.);
#5414=ORIENTED_EDGE('',*,*,#3734,.F.);
#5415=ORIENTED_EDGE('',*,*,#3089,.F.);
#5416=ORIENTED_EDGE('',*,*,#3734,.T.);
#5417=ORIENTED_EDGE('',*,*,#3735,.F.);
#5418=ORIENTED_EDGE('',*,*,#3736,.F.);
#5419=ORIENTED_EDGE('',*,*,#3090,.F.);
#5420=ORIENTED_EDGE('',*,*,#3736,.T.);
#5421=ORIENTED_EDGE('',*,*,#3737,.F.);
#5422=ORIENTED_EDGE('',*,*,#3738,.F.);
#5423=ORIENTED_EDGE('',*,*,#3091,.F.);
#5424=ORIENTED_EDGE('',*,*,#3738,.T.);
#5425=ORIENTED_EDGE('',*,*,#3739,.F.);
#5426=ORIENTED_EDGE('',*,*,#3740,.F.);
#5427=ORIENTED_EDGE('',*,*,#3092,.F.);
#5428=ORIENTED_EDGE('',*,*,#3740,.T.);
#5429=ORIENTED_EDGE('',*,*,#3741,.F.);
#5430=ORIENTED_EDGE('',*,*,#3742,.F.);
#5431=ORIENTED_EDGE('',*,*,#3093,.F.);
#5432=ORIENTED_EDGE('',*,*,#3742,.T.);
#5433=ORIENTED_EDGE('',*,*,#3743,.F.);
#5434=ORIENTED_EDGE('',*,*,#3744,.F.);
#5435=ORIENTED_EDGE('',*,*,#3094,.F.);
#5436=ORIENTED_EDGE('',*,*,#3744,.T.);
#5437=ORIENTED_EDGE('',*,*,#3745,.F.);
#5438=ORIENTED_EDGE('',*,*,#3746,.F.);
#5439=ORIENTED_EDGE('',*,*,#3095,.F.);
#5440=ORIENTED_EDGE('',*,*,#3746,.T.);
#5441=ORIENTED_EDGE('',*,*,#3747,.F.);
#5442=ORIENTED_EDGE('',*,*,#3730,.F.);
#5443=ORIENTED_EDGE('',*,*,#3747,.T.);
#5444=ORIENTED_EDGE('',*,*,#3745,.T.);
#5445=ORIENTED_EDGE('',*,*,#3743,.T.);
#5446=ORIENTED_EDGE('',*,*,#3741,.T.);
#5447=ORIENTED_EDGE('',*,*,#3739,.T.);
#5448=ORIENTED_EDGE('',*,*,#3737,.T.);
#5449=ORIENTED_EDGE('',*,*,#3735,.T.);
#5450=ORIENTED_EDGE('',*,*,#3733,.T.);
#5451=ORIENTED_EDGE('',*,*,#3731,.T.);
#5452=ORIENTED_EDGE('',*,*,#3729,.T.);
#5453=ORIENTED_EDGE('',*,*,#3726,.T.);
#5454=ORIENTED_EDGE('',*,*,#3723,.T.);
#5455=ORIENTED_EDGE('',*,*,#3720,.T.);
#5456=ORIENTED_EDGE('',*,*,#3717,.T.);
#5457=ORIENTED_EDGE('',*,*,#3714,.T.);
#5458=ORIENTED_EDGE('',*,*,#3711,.T.);
#5459=ORIENTED_EDGE('',*,*,#3708,.T.);
#5460=ORIENTED_EDGE('',*,*,#3594,.T.);
#5461=ORIENTED_EDGE('',*,*,#3598,.T.);
#5462=ORIENTED_EDGE('',*,*,#3601,.T.);
#5463=ORIENTED_EDGE('',*,*,#3604,.T.);
#5464=ORIENTED_EDGE('',*,*,#3607,.T.);
#5465=ORIENTED_EDGE('',*,*,#3610,.T.);
#5466=ORIENTED_EDGE('',*,*,#3613,.T.);
#5467=ORIENTED_EDGE('',*,*,#3616,.T.);
#5468=ORIENTED_EDGE('',*,*,#3748,.T.);
#5469=ORIENTED_EDGE('',*,*,#3749,.T.);
#5470=ORIENTED_EDGE('',*,*,#3750,.T.);
#5471=ORIENTED_EDGE('',*,*,#3751,.T.);
#5472=ORIENTED_EDGE('',*,*,#3752,.T.);
#5473=ORIENTED_EDGE('',*,*,#3753,.T.);
#5474=ORIENTED_EDGE('',*,*,#3754,.T.);
#5475=ORIENTED_EDGE('',*,*,#3755,.T.);
#5476=ORIENTED_EDGE('',*,*,#3756,.F.);
#5477=ORIENTED_EDGE('',*,*,#3103,.F.);
#5478=ORIENTED_EDGE('',*,*,#3757,.F.);
#5479=ORIENTED_EDGE('',*,*,#3758,.T.);
#5480=ORIENTED_EDGE('',*,*,#2978,.T.);
#5481=ORIENTED_EDGE('',*,*,#3759,.T.);
#5482=ORIENTED_EDGE('',*,*,#3751,.F.);
#5483=ORIENTED_EDGE('',*,*,#3760,.F.);
#5484=ORIENTED_EDGE('',*,*,#3761,.T.);
#5485=ORIENTED_EDGE('',*,*,#3762,.T.);
#5486=ORIENTED_EDGE('',*,*,#3753,.F.);
#5487=ORIENTED_EDGE('',*,*,#3763,.F.);
#5488=ORIENTED_EDGE('',*,*,#3706,.T.);
#5489=ORIENTED_EDGE('',*,*,#3710,.T.);
#5490=ORIENTED_EDGE('',*,*,#3713,.T.);
#5491=ORIENTED_EDGE('',*,*,#3716,.T.);
#5492=ORIENTED_EDGE('',*,*,#3719,.T.);
#5493=ORIENTED_EDGE('',*,*,#3722,.T.);
#5494=ORIENTED_EDGE('',*,*,#3725,.T.);
#5495=ORIENTED_EDGE('',*,*,#3728,.T.);
#5496=ORIENTED_EDGE('',*,*,#3104,.F.);
#5497=ORIENTED_EDGE('',*,*,#3764,.T.);
#5498=ORIENTED_EDGE('',*,*,#3765,.T.);
#5499=ORIENTED_EDGE('',*,*,#3764,.F.);
#5500=ORIENTED_EDGE('',*,*,#3105,.F.);
#5501=ORIENTED_EDGE('',*,*,#3766,.T.);
#5502=ORIENTED_EDGE('',*,*,#3767,.T.);
#5503=ORIENTED_EDGE('',*,*,#3766,.F.);
#5504=ORIENTED_EDGE('',*,*,#3768,.T.);
#5505=ORIENTED_EDGE('',*,*,#3769,.F.);
#5506=ORIENTED_EDGE('',*,*,#3770,.F.);
#5507=ORIENTED_EDGE('',*,*,#3097,.F.);
#5508=ORIENTED_EDGE('',*,*,#3099,.F.);
#5509=ORIENTED_EDGE('',*,*,#3771,.T.);
#5510=ORIENTED_EDGE('',*,*,#3772,.F.);
#5511=ORIENTED_EDGE('',*,*,#3773,.F.);
#5512=ORIENTED_EDGE('',*,*,#3774,.T.);
#5513=ORIENTED_EDGE('',*,*,#3101,.F.);
#5514=ORIENTED_EDGE('',*,*,#3775,.T.);
#5515=ORIENTED_EDGE('',*,*,#3776,.F.);
#5516=ORIENTED_EDGE('',*,*,#3777,.F.);
#5517=ORIENTED_EDGE('',*,*,#3775,.F.);
#5518=ORIENTED_EDGE('',*,*,#3100,.F.);
#5519=ORIENTED_EDGE('',*,*,#3773,.T.);
#5520=ORIENTED_EDGE('',*,*,#3778,.F.);
#5521=ORIENTED_EDGE('',*,*,#3771,.F.);
#5522=ORIENTED_EDGE('',*,*,#3098,.F.);
#5523=ORIENTED_EDGE('',*,*,#3770,.T.);
#5524=ORIENTED_EDGE('',*,*,#3779,.F.);
#5525=ORIENTED_EDGE('',*,*,#3780,.F.);
#5526=ORIENTED_EDGE('',*,*,#3760,.T.);
#5527=ORIENTED_EDGE('',*,*,#3750,.F.);
#5528=ORIENTED_EDGE('',*,*,#3781,.F.);
#5529=ORIENTED_EDGE('',*,*,#3782,.T.);
#5530=ORIENTED_EDGE('',*,*,#3779,.T.);
#5531=ORIENTED_EDGE('',*,*,#3749,.F.);
#5532=ORIENTED_EDGE('',*,*,#3783,.F.);
#5533=ORIENTED_EDGE('',*,*,#2980,.T.);
#5534=ORIENTED_EDGE('',*,*,#3784,.T.);
#5535=ORIENTED_EDGE('',*,*,#3755,.F.);
#5536=ORIENTED_EDGE('',*,*,#3756,.T.);
#5537=ORIENTED_EDGE('',*,*,#3785,.T.);
#5538=ORIENTED_EDGE('',*,*,#3768,.F.);
#5539=ORIENTED_EDGE('',*,*,#3096,.F.);
#5540=ORIENTED_EDGE('',*,*,#2981,.T.);
#5541=ORIENTED_EDGE('',*,*,#3783,.T.);
#5542=ORIENTED_EDGE('',*,*,#3748,.F.);
#5543=ORIENTED_EDGE('',*,*,#3759,.F.);
#5544=ORIENTED_EDGE('',*,*,#3757,.T.);
#5545=ORIENTED_EDGE('',*,*,#3102,.F.);
#5546=ORIENTED_EDGE('',*,*,#3774,.F.);
#5547=ORIENTED_EDGE('',*,*,#3786,.T.);
#5548=ORIENTED_EDGE('',*,*,#3761,.F.);
#5549=ORIENTED_EDGE('',*,*,#3780,.T.);
#5550=ORIENTED_EDGE('',*,*,#3782,.F.);
#5551=ORIENTED_EDGE('',*,*,#3787,.T.);
#5552=ORIENTED_EDGE('',*,*,#3758,.F.);
#5553=ORIENTED_EDGE('',*,*,#3786,.F.);
#5554=ORIENTED_EDGE('',*,*,#3776,.T.);
#5555=ORIENTED_EDGE('',*,*,#3777,.T.);
#5556=ORIENTED_EDGE('',*,*,#3772,.T.);
#5557=ORIENTED_EDGE('',*,*,#3778,.T.);
#5558=ORIENTED_EDGE('',*,*,#3769,.T.);
#5559=ORIENTED_EDGE('',*,*,#3785,.F.);
#5560=ORIENTED_EDGE('',*,*,#3767,.F.);
#5561=ORIENTED_EDGE('',*,*,#3765,.F.);
#5562=ORIENTED_EDGE('',*,*,#2979,.T.);
#5563=ORIENTED_EDGE('',*,*,#3763,.T.);
#5564=ORIENTED_EDGE('',*,*,#3752,.F.);
#5565=ORIENTED_EDGE('',*,*,#3784,.F.);
#5566=ORIENTED_EDGE('',*,*,#3762,.F.);
#5567=ORIENTED_EDGE('',*,*,#3787,.F.);
#5568=ORIENTED_EDGE('',*,*,#3781,.T.);
#5569=ORIENTED_EDGE('',*,*,#3754,.F.);
#5570=PLANE('',#6036);
#5571=PLANE('',#6037);
#5572=PLANE('',#6038);
#5573=PLANE('',#6039);
#5574=PLANE('',#6040);
#5575=PLANE('',#6041);
#5576=PLANE('',#6042);
#5577=PLANE('',#6043);
#5578=PLANE('',#6044);
#5579=PLANE('',#6045);
#5580=PLANE('',#6046);
#5581=PLANE('',#6047);
#5582=PLANE('',#6048);
#5583=PLANE('',#6053);
#5584=PLANE('',#6054);
#5585=PLANE('',#6055);
#5586=PLANE('',#6056);
#5587=PLANE('',#6057);
#5588=PLANE('',#6058);
#5589=PLANE('',#6059);
#5590=PLANE('',#6060);
#5591=PLANE('',#6061);
#5592=PLANE('',#6062);
#5593=PLANE('',#6063);
#5594=PLANE('',#6064);
#5595=PLANE('',#6065);
#5596=PLANE('',#6066);
#5597=PLANE('',#6067);
#5598=PLANE('',#6068);
#5599=PLANE('',#6069);
#5600=PLANE('',#6070);
#5601=PLANE('',#6071);
#5602=PLANE('',#6072);
#5603=PLANE('',#6073);
#5604=PLANE('',#6074);
#5605=PLANE('',#6075);
#5606=PLANE('',#6076);
#5607=PLANE('',#6077);
#5608=PLANE('',#6078);
#5609=PLANE('',#6079);
#5610=PLANE('',#6080);
#5611=PLANE('',#6081);
#5612=PLANE('',#6082);
#5613=PLANE('',#6083);
#5614=PLANE('',#6084);
#5615=PLANE('',#6085);
#5616=PLANE('',#6086);
#5617=PLANE('',#6087);
#5618=PLANE('',#6088);
#5619=PLANE('',#6089);
#5620=PLANE('',#6090);
#5621=PLANE('',#6091);
#5622=PLANE('',#6092);
#5623=PLANE('',#6093);
#5624=PLANE('',#6094);
#5625=PLANE('',#6095);
#5626=PLANE('',#6096);
#5627=PLANE('',#6097);
#5628=PLANE('',#6098);
#5629=PLANE('',#6099);
#5630=PLANE('',#6100);
#5631=PLANE('',#6101);
#5632=PLANE('',#6102);
#5633=PLANE('',#6103);
#5634=PLANE('',#6104);
#5635=PLANE('',#6105);
#5636=PLANE('',#6106);
#5637=PLANE('',#6107);
#5638=PLANE('',#6108);
#5639=PLANE('',#6109);
#5640=PLANE('',#6110);
#5641=PLANE('',#6111);
#5642=PLANE('',#6112);
#5643=PLANE('',#6113);
#5644=PLANE('',#6114);
#5645=PLANE('',#6115);
#5646=PLANE('',#6116);
#5647=PLANE('',#6117);
#5648=PLANE('',#6118);
#5649=PLANE('',#6119);
#5650=PLANE('',#6120);
#5651=PLANE('',#6121);
#5652=PLANE('',#6122);
#5653=PLANE('',#6123);
#5654=PLANE('',#6124);
#5655=PLANE('',#6125);
#5656=PLANE('',#6126);
#5657=PLANE('',#6127);
#5658=PLANE('',#6128);
#5659=PLANE('',#6129);
#5660=PLANE('',#6130);
#5661=PLANE('',#6131);
#5662=PLANE('',#6132);
#5663=PLANE('',#6133);
#5664=PLANE('',#6134);
#5665=PLANE('',#6135);
#5666=PLANE('',#6136);
#5667=PLANE('',#6137);
#5668=PLANE('',#6138);
#5669=PLANE('',#6139);
#5670=PLANE('',#6140);
#5671=PLANE('',#6141);
#5672=PLANE('',#6142);
#5673=PLANE('',#6143);
#5674=PLANE('',#6144);
#5675=PLANE('',#6145);
#5676=PLANE('',#6146);
#5677=PLANE('',#6147);
#5678=PLANE('',#6148);
#5679=PLANE('',#6149);
#5680=PLANE('',#6150);
#5681=PLANE('',#6151);
#5682=PLANE('',#6152);
#5683=PLANE('',#6153);
#5684=PLANE('',#6154);
#5685=PLANE('',#6155);
#5686=PLANE('',#6156);
#5687=PLANE('',#6157);
#5688=PLANE('',#6158);
#5689=PLANE('',#6159);
#5690=PLANE('',#6160);
#5691=PLANE('',#6165);
#5692=PLANE('',#6166);
#5693=PLANE('',#6167);
#5694=PLANE('',#6168);
#5695=PLANE('',#6169);
#5696=PLANE('',#6170);
#5697=PLANE('',#6171);
#5698=PLANE('',#6174);
#5699=PLANE('',#6177);
#5700=PLANE('',#6178);
#5701=PLANE('',#6179);
#5702=ADVANCED_FACE('',(#606),#5570,.T.);
#5703=ADVANCED_FACE('',(#607),#422,.T.);
#5704=ADVANCED_FACE('',(#608),#423,.T.);
#5705=ADVANCED_FACE('',(#609),#424,.T.);
#5706=ADVANCED_FACE('',(#610),#425,.T.);
#5707=ADVANCED_FACE('',(#611),#426,.T.);
#5708=ADVANCED_FACE('',(#612),#5571,.T.);
#5709=ADVANCED_FACE('',(#613),#5572,.T.);
#5710=ADVANCED_FACE('',(#614),#5573,.T.);
#5711=ADVANCED_FACE('',(#615),#5574,.T.);
#5712=ADVANCED_FACE('',(#616),#427,.T.);
#5713=ADVANCED_FACE('',(#617),#428,.T.);
#5714=ADVANCED_FACE('',(#618),#429,.T.);
#5715=ADVANCED_FACE('',(#619),#430,.T.);
#5716=ADVANCED_FACE('',(#620),#431,.T.);
#5717=ADVANCED_FACE('',(#621),#432,.T.);
#5718=ADVANCED_FACE('',(#622),#433,.T.);
#5719=ADVANCED_FACE('',(#623),#5575,.T.);
#5720=ADVANCED_FACE('',(#624),#5576,.T.);
#5721=ADVANCED_FACE('',(#625),#5577,.T.);
#5722=ADVANCED_FACE('',(#626),#434,.T.);
#5723=ADVANCED_FACE('',(#627),#435,.T.);
#5724=ADVANCED_FACE('',(#628),#436,.T.);
#5725=ADVANCED_FACE('',(#629),#437,.T.);
#5726=ADVANCED_FACE('',(#630),#5578,.T.);
#5727=ADVANCED_FACE('',(#631),#5579,.T.);
#5728=ADVANCED_FACE('',(#632),#5580,.T.);
#5729=ADVANCED_FACE('',(#633,#27),#5581,.T.);
#5730=ADVANCED_FACE('',(#634,#28,#29,#30,#31,#32,#33,#34,#35,#36,#37,#38,
#39,#40,#41,#42,#43,#44,#45),#5582,.T.);
#5731=ADVANCED_FACE('',(#635),#5583,.T.);
#5732=ADVANCED_FACE('',(#636),#5584,.T.);
#5733=ADVANCED_FACE('',(#637),#5585,.T.);
#5734=ADVANCED_FACE('',(#638),#5586,.T.);
#5735=ADVANCED_FACE('',(#639),#438,.T.);
#5736=ADVANCED_FACE('',(#640),#5587,.T.);
#5737=ADVANCED_FACE('',(#641),#5588,.T.);
#5738=ADVANCED_FACE('',(#642),#5589,.T.);
#5739=ADVANCED_FACE('',(#643),#5590,.T.);
#5740=ADVANCED_FACE('',(#644),#5591,.T.);
#5741=ADVANCED_FACE('',(#645),#5592,.T.);
#5742=ADVANCED_FACE('',(#646),#5593,.T.);
#5743=ADVANCED_FACE('',(#647),#5594,.T.);
#5744=ADVANCED_FACE('',(#648),#5595,.T.);
#5745=ADVANCED_FACE('',(#649),#5596,.T.);
#5746=ADVANCED_FACE('',(#650),#5597,.T.);
#5747=ADVANCED_FACE('',(#651),#5598,.T.);
#5748=ADVANCED_FACE('',(#652),#5599,.T.);
#5749=ADVANCED_FACE('',(#653),#5600,.T.);
#5750=ADVANCED_FACE('',(#654),#5601,.T.);
#5751=ADVANCED_FACE('',(#655),#5602,.T.);
#5752=ADVANCED_FACE('',(#656),#5603,.T.);
#5753=ADVANCED_FACE('',(#657),#5604,.T.);
#5754=ADVANCED_FACE('',(#658),#5605,.T.);
#5755=ADVANCED_FACE('',(#659),#439,.T.);
#5756=ADVANCED_FACE('',(#660),#440,.T.);
#5757=ADVANCED_FACE('',(#661),#441,.T.);
#5758=ADVANCED_FACE('',(#662),#442,.T.);
#5759=ADVANCED_FACE('',(#663),#443,.T.);
#5760=ADVANCED_FACE('',(#664),#444,.T.);
#5761=ADVANCED_FACE('',(#665),#445,.T.);
#5762=ADVANCED_FACE('',(#666),#446,.T.);
#5763=ADVANCED_FACE('',(#667),#5606,.T.);
#5764=ADVANCED_FACE('',(#668),#447,.T.);
#5765=ADVANCED_FACE('',(#669),#448,.T.);
#5766=ADVANCED_FACE('',(#670),#449,.T.);
#5767=ADVANCED_FACE('',(#671),#450,.T.);
#5768=ADVANCED_FACE('',(#672),#451,.T.);
#5769=ADVANCED_FACE('',(#673),#452,.T.);
#5770=ADVANCED_FACE('',(#674),#453,.T.);
#5771=ADVANCED_FACE('',(#675),#454,.T.);
#5772=ADVANCED_FACE('',(#676),#455,.T.);
#5773=ADVANCED_FACE('',(#677),#456,.T.);
#5774=ADVANCED_FACE('',(#678),#457,.T.);
#5775=ADVANCED_FACE('',(#679),#458,.T.);
#5776=ADVANCED_FACE('',(#680),#5607,.T.);
#5777=ADVANCED_FACE('',(#681),#5608,.T.);
#5778=ADVANCED_FACE('',(#682),#5609,.T.);
#5779=ADVANCED_FACE('',(#683),#459,.T.);
#5780=ADVANCED_FACE('',(#684),#460,.T.);
#5781=ADVANCED_FACE('',(#685),#461,.T.);
#5782=ADVANCED_FACE('',(#686),#462,.T.);
#5783=ADVANCED_FACE('',(#687),#463,.T.);
#5784=ADVANCED_FACE('',(#688,#46),#5610,.T.);
#5785=ADVANCED_FACE('',(#689),#5611,.T.);
#5786=ADVANCED_FACE('',(#690),#5612,.T.);
#5787=ADVANCED_FACE('',(#691),#464,.T.);
#5788=ADVANCED_FACE('',(#692),#465,.T.);
#5789=ADVANCED_FACE('',(#693),#466,.T.);
#5790=ADVANCED_FACE('',(#694),#467,.T.);
#5791=ADVANCED_FACE('',(#695),#468,.T.);
#5792=ADVANCED_FACE('',(#696),#469,.T.);
#5793=ADVANCED_FACE('',(#697),#470,.T.);
#5794=ADVANCED_FACE('',(#698),#471,.T.);
#5795=ADVANCED_FACE('',(#699),#472,.T.);
#5796=ADVANCED_FACE('',(#700),#473,.T.);
#5797=ADVANCED_FACE('',(#701),#5613,.T.);
#5798=ADVANCED_FACE('',(#702),#474,.T.);
#5799=ADVANCED_FACE('',(#703),#475,.T.);
#5800=ADVANCED_FACE('',(#704),#476,.T.);
#5801=ADVANCED_FACE('',(#705),#477,.T.);
#5802=ADVANCED_FACE('',(#706),#478,.T.);
#5803=ADVANCED_FACE('',(#707),#479,.T.);
#5804=ADVANCED_FACE('',(#708),#480,.T.);
#5805=ADVANCED_FACE('',(#709),#481,.T.);
#5806=ADVANCED_FACE('',(#710),#482,.T.);
#5807=ADVANCED_FACE('',(#711),#483,.T.);
#5808=ADVANCED_FACE('',(#712),#5614,.T.);
#5809=ADVANCED_FACE('',(#713),#5615,.T.);
#5810=ADVANCED_FACE('',(#714),#5616,.T.);
#5811=ADVANCED_FACE('',(#715),#5617,.T.);
#5812=ADVANCED_FACE('',(#716),#484,.T.);
#5813=ADVANCED_FACE('',(#717),#485,.T.);
#5814=ADVANCED_FACE('',(#718),#486,.T.);
#5815=ADVANCED_FACE('',(#719),#487,.T.);
#5816=ADVANCED_FACE('',(#720),#488,.T.);
#5817=ADVANCED_FACE('',(#721),#489,.T.);
#5818=ADVANCED_FACE('',(#722),#490,.T.);
#5819=ADVANCED_FACE('',(#723),#5618,.T.);
#5820=ADVANCED_FACE('',(#724),#5619,.T.);
#5821=ADVANCED_FACE('',(#725),#5620,.T.);
#5822=ADVANCED_FACE('',(#726),#491,.T.);
#5823=ADVANCED_FACE('',(#727),#492,.T.);
#5824=ADVANCED_FACE('',(#728),#493,.T.);
#5825=ADVANCED_FACE('',(#729),#494,.T.);
#5826=ADVANCED_FACE('',(#730),#495,.T.);
#5827=ADVANCED_FACE('',(#731),#5621,.T.);
#5828=ADVANCED_FACE('',(#732),#5622,.T.);
#5829=ADVANCED_FACE('',(#733),#5623,.T.);
#5830=ADVANCED_FACE('',(#734),#496,.T.);
#5831=ADVANCED_FACE('',(#735),#497,.T.);
#5832=ADVANCED_FACE('',(#736),#498,.T.);
#5833=ADVANCED_FACE('',(#737),#499,.T.);
#5834=ADVANCED_FACE('',(#738),#500,.T.);
#5835=ADVANCED_FACE('',(#739),#5624,.T.);
#5836=ADVANCED_FACE('',(#740),#5625,.T.);
#5837=ADVANCED_FACE('',(#741),#5626,.T.);
#5838=ADVANCED_FACE('',(#742),#5627,.T.);
#5839=ADVANCED_FACE('',(#743),#501,.T.);
#5840=ADVANCED_FACE('',(#744),#502,.T.);
#5841=ADVANCED_FACE('',(#745),#503,.T.);
#5842=ADVANCED_FACE('',(#746),#504,.T.);
#5843=ADVANCED_FACE('',(#747),#505,.T.);
#5844=ADVANCED_FACE('',(#748),#5628,.T.);
#5845=ADVANCED_FACE('',(#749),#5629,.T.);
#5846=ADVANCED_FACE('',(#750),#5630,.T.);
#5847=ADVANCED_FACE('',(#751),#506,.T.);
#5848=ADVANCED_FACE('',(#752),#507,.T.);
#5849=ADVANCED_FACE('',(#753),#508,.T.);
#5850=ADVANCED_FACE('',(#754),#509,.T.);
#5851=ADVANCED_FACE('',(#755),#510,.T.);
#5852=ADVANCED_FACE('',(#756),#511,.T.);
#5853=ADVANCED_FACE('',(#757),#5631,.T.);
#5854=ADVANCED_FACE('',(#758),#5632,.T.);
#5855=ADVANCED_FACE('',(#759),#5633,.T.);
#5856=ADVANCED_FACE('',(#760),#5634,.T.);
#5857=ADVANCED_FACE('',(#761),#5635,.T.);
#5858=ADVANCED_FACE('',(#762),#5636,.T.);
#5859=ADVANCED_FACE('',(#763),#512,.T.);
#5860=ADVANCED_FACE('',(#764),#513,.T.);
#5861=ADVANCED_FACE('',(#765),#514,.T.);
#5862=ADVANCED_FACE('',(#766),#515,.T.);
#5863=ADVANCED_FACE('',(#767),#5637,.T.);
#5864=ADVANCED_FACE('',(#768),#516,.T.);
#5865=ADVANCED_FACE('',(#769),#517,.T.);
#5866=ADVANCED_FACE('',(#770),#518,.T.);
#5867=ADVANCED_FACE('',(#771),#519,.T.);
#5868=ADVANCED_FACE('',(#772),#520,.T.);
#5869=ADVANCED_FACE('',(#773),#521,.T.);
#5870=ADVANCED_FACE('',(#774),#522,.T.);
#5871=ADVANCED_FACE('',(#775),#523,.T.);
#5872=ADVANCED_FACE('',(#776),#524,.T.);
#5873=ADVANCED_FACE('',(#777),#5638,.T.);
#5874=ADVANCED_FACE('',(#778),#525,.T.);
#5875=ADVANCED_FACE('',(#779),#526,.T.);
#5876=ADVANCED_FACE('',(#780),#527,.T.);
#5877=ADVANCED_FACE('',(#781),#528,.T.);
#5878=ADVANCED_FACE('',(#782,#47),#5639,.T.);
#5879=ADVANCED_FACE('',(#783),#5640,.T.);
#5880=ADVANCED_FACE('',(#784),#5641,.T.);
#5881=ADVANCED_FACE('',(#785),#529,.T.);
#5882=ADVANCED_FACE('',(#786),#530,.T.);
#5883=ADVANCED_FACE('',(#787),#531,.T.);
#5884=ADVANCED_FACE('',(#788),#532,.T.);
#5885=ADVANCED_FACE('',(#789),#5642,.T.);
#5886=ADVANCED_FACE('',(#790),#5643,.T.);
#5887=ADVANCED_FACE('',(#791),#5644,.T.);
#5888=ADVANCED_FACE('',(#792),#5645,.T.);
#5889=ADVANCED_FACE('',(#793),#5646,.T.);
#5890=ADVANCED_FACE('',(#794),#5647,.T.);
#5891=ADVANCED_FACE('',(#795),#5648,.T.);
#5892=ADVANCED_FACE('',(#796),#5649,.T.);
#5893=ADVANCED_FACE('',(#797),#5650,.T.);
#5894=ADVANCED_FACE('',(#798),#5651,.T.);
#5895=ADVANCED_FACE('',(#799),#5652,.T.);
#5896=ADVANCED_FACE('',(#800),#533,.T.);
#5897=ADVANCED_FACE('',(#801),#534,.T.);
#5898=ADVANCED_FACE('',(#802),#535,.T.);
#5899=ADVANCED_FACE('',(#803),#536,.T.);
#5900=ADVANCED_FACE('',(#804),#5653,.T.);
#5901=ADVANCED_FACE('',(#805),#537,.T.);
#5902=ADVANCED_FACE('',(#806),#538,.T.);
#5903=ADVANCED_FACE('',(#807),#539,.T.);
#5904=ADVANCED_FACE('',(#808),#540,.T.);
#5905=ADVANCED_FACE('',(#809),#541,.T.);
#5906=ADVANCED_FACE('',(#810),#542,.T.);
#5907=ADVANCED_FACE('',(#811),#543,.T.);
#5908=ADVANCED_FACE('',(#812),#544,.T.);
#5909=ADVANCED_FACE('',(#813),#5654,.T.);
#5910=ADVANCED_FACE('',(#814),#5655,.T.);
#5911=ADVANCED_FACE('',(#815),#5656,.T.);
#5912=ADVANCED_FACE('',(#816),#545,.T.);
#5913=ADVANCED_FACE('',(#817),#546,.T.);
#5914=ADVANCED_FACE('',(#818),#547,.T.);
#5915=ADVANCED_FACE('',(#819),#548,.T.);
#5916=ADVANCED_FACE('',(#820),#549,.T.);
#5917=ADVANCED_FACE('',(#821),#550,.T.);
#5918=ADVANCED_FACE('',(#822),#551,.T.);
#5919=ADVANCED_FACE('',(#823),#552,.T.);
#5920=ADVANCED_FACE('',(#824),#553,.T.);
#5921=ADVANCED_FACE('',(#825),#554,.T.);
#5922=ADVANCED_FACE('',(#826),#5657,.T.);
#5923=ADVANCED_FACE('',(#827),#5658,.T.);
#5924=ADVANCED_FACE('',(#828,#48),#5659,.T.);
#5925=ADVANCED_FACE('',(#829),#5660,.T.);
#5926=ADVANCED_FACE('',(#830),#555,.T.);
#5927=ADVANCED_FACE('',(#831),#556,.T.);
#5928=ADVANCED_FACE('',(#832),#557,.T.);
#5929=ADVANCED_FACE('',(#833),#558,.T.);
#5930=ADVANCED_FACE('',(#834),#559,.T.);
#5931=ADVANCED_FACE('',(#835),#560,.T.);
#5932=ADVANCED_FACE('',(#836),#561,.T.);
#5933=ADVANCED_FACE('',(#837),#562,.T.);
#5934=ADVANCED_FACE('',(#838),#563,.T.);
#5935=ADVANCED_FACE('',(#839),#564,.T.);
#5936=ADVANCED_FACE('',(#840),#565,.T.);
#5937=ADVANCED_FACE('',(#841),#566,.T.);
#5938=ADVANCED_FACE('',(#842),#567,.T.);
#5939=ADVANCED_FACE('',(#843),#568,.T.);
#5940=ADVANCED_FACE('',(#844),#569,.T.);
#5941=ADVANCED_FACE('',(#845),#570,.T.);
#5942=ADVANCED_FACE('',(#846),#571,.T.);
#5943=ADVANCED_FACE('',(#847,#49),#5661,.T.);
#5944=ADVANCED_FACE('',(#848),#5662,.T.);
#5945=ADVANCED_FACE('',(#849),#5663,.T.);
#5946=ADVANCED_FACE('',(#850),#5664,.T.);
#5947=ADVANCED_FACE('',(#851),#5665,.T.);
#5948=ADVANCED_FACE('',(#852),#572,.T.);
#5949=ADVANCED_FACE('',(#853),#573,.T.);
#5950=ADVANCED_FACE('',(#854),#574,.T.);
#5951=ADVANCED_FACE('',(#855),#5666,.T.);
#5952=ADVANCED_FACE('',(#856),#575,.T.);
#5953=ADVANCED_FACE('',(#857),#576,.T.);
#5954=ADVANCED_FACE('',(#858),#577,.T.);
#5955=ADVANCED_FACE('',(#859),#578,.T.);
#5956=ADVANCED_FACE('',(#860),#5667,.T.);
#5957=ADVANCED_FACE('',(#861),#5668,.T.);
#5958=ADVANCED_FACE('',(#862),#5669,.T.);
#5959=ADVANCED_FACE('',(#863),#5670,.T.);
#5960=ADVANCED_FACE('',(#864),#5671,.T.);
#5961=ADVANCED_FACE('',(#865),#5672,.T.);
#5962=ADVANCED_FACE('',(#866),#579,.T.);
#5963=ADVANCED_FACE('',(#867),#580,.T.);
#5964=ADVANCED_FACE('',(#868),#581,.T.);
#5965=ADVANCED_FACE('',(#869),#582,.T.);
#5966=ADVANCED_FACE('',(#870),#583,.T.);
#5967=ADVANCED_FACE('',(#871),#5673,.T.);
#5968=ADVANCED_FACE('',(#872),#5674,.T.);
#5969=ADVANCED_FACE('',(#873),#5675,.T.);
#5970=ADVANCED_FACE('',(#874),#584,.T.);
#5971=ADVANCED_FACE('',(#875),#585,.T.);
#5972=ADVANCED_FACE('',(#876),#586,.T.);
#5973=ADVANCED_FACE('',(#877),#587,.T.);
#5974=ADVANCED_FACE('',(#878),#588,.T.);
#5975=ADVANCED_FACE('',(#879),#5676,.T.);
#5976=ADVANCED_FACE('',(#880),#5677,.T.);
#5977=ADVANCED_FACE('',(#881),#5678,.T.);
#5978=ADVANCED_FACE('',(#882),#5679,.T.);
#5979=ADVANCED_FACE('',(#883),#5680,.T.);
#5980=ADVANCED_FACE('',(#884),#5681,.T.);
#5981=ADVANCED_FACE('',(#885),#5682,.T.);
#5982=ADVANCED_FACE('',(#886),#5683,.T.);
#5983=ADVANCED_FACE('',(#887),#589,.T.);
#5984=ADVANCED_FACE('',(#888),#590,.T.);
#5985=ADVANCED_FACE('',(#889),#591,.T.);
#5986=ADVANCED_FACE('',(#890),#592,.T.);
#5987=ADVANCED_FACE('',(#891),#593,.T.);
#5988=ADVANCED_FACE('',(#892),#594,.T.);
#5989=ADVANCED_FACE('',(#893),#595,.T.);
#5990=ADVANCED_FACE('',(#894),#596,.T.);
#5991=ADVANCED_FACE('',(#895),#597,.T.);
#5992=ADVANCED_FACE('',(#896),#598,.T.);
#5993=ADVANCED_FACE('',(#897),#599,.T.);
#5994=ADVANCED_FACE('',(#898),#600,.T.);
#5995=ADVANCED_FACE('',(#899),#601,.T.);
#5996=ADVANCED_FACE('',(#900),#602,.T.);
#5997=ADVANCED_FACE('',(#901),#603,.T.);
#5998=ADVANCED_FACE('',(#902),#604,.T.);
#5999=ADVANCED_FACE('',(#903),#605,.T.);
#6000=ADVANCED_FACE('',(#904,#50),#5684,.T.);
#6001=ADVANCED_FACE('',(#905),#5685,.T.);
#6002=ADVANCED_FACE('',(#906),#5686,.T.);
#6003=ADVANCED_FACE('',(#907),#5687,.T.);
#6004=ADVANCED_FACE('',(#908),#5688,.T.);
#6005=ADVANCED_FACE('',(#909),#5689,.T.);
#6006=ADVANCED_FACE('',(#910),#5690,.T.);
#6007=ADVANCED_FACE('',(#911),#15,.F.);
#6008=ADVANCED_FACE('',(#912),#16,.F.);
#6009=ADVANCED_FACE('',(#913),#5691,.T.);
#6010=ADVANCED_FACE('',(#914),#5692,.F.);
#6011=ADVANCED_FACE('',(#915),#5693,.F.);
#6012=ADVANCED_FACE('',(#916),#5694,.F.);
#6013=ADVANCED_FACE('',(#917),#5695,.F.);
#6014=ADVANCED_FACE('',(#918),#5696,.T.);
#6015=ADVANCED_FACE('',(#919),#5697,.T.);
#6016=ADVANCED_FACE('',(#920),#17,.F.);
#6017=ADVANCED_FACE('',(#921),#5698,.T.);
#6018=ADVANCED_FACE('',(#922),#18,.F.);
#6019=ADVANCED_FACE('',(#923,#51,#52,#53),#5699,.T.);
#6020=ADVANCED_FACE('',(#924),#5700,.T.);
#6021=ADVANCED_FACE('',(#925),#5701,.T.);
#6022=CLOSED_SHELL('',(#5702,#5703,#5704,#5705,#5706,#5707,#5708,#5709,
#5710,#5711,#5712,#5713,#5714,#5715,#5716,#5717,#5718,#5719,#5720,#5721,
#5722,#5723,#5724,#5725,#5726,#5727,#5728,#5729,#5730,#5731,#5732,#5733,
#5734,#5735,#5736,#5737,#5738,#5739,#5740,#5741,#5742,#5743,#5744,#5745,
#5746,#5747,#5748,#5749,#5750,#5751,#5752,#5753,#5754,#5755,#5756,#5757,
#5758,#5759,#5760,#5761,#5762,#5763,#5764,#5765,#5766,#5767,#5768,#5769,
#5770,#5771,#5772,#5773,#5774,#5775,#5776,#5777,#5778,#5779,#5780,#5781,
#5782,#5783,#5784,#5785,#5786,#5787,#5788,#5789,#5790,#5791,#5792,#5793,
#5794,#5795,#5796,#5797,#5798,#5799,#5800,#5801,#5802,#5803,#5804,#5805,
#5806,#5807,#5808,#5809,#5810,#5811,#5812,#5813,#5814,#5815,#5816,#5817,
#5818,#5819,#5820,#5821,#5822,#5823,#5824,#5825,#5826,#5827,#5828,#5829,
#5830,#5831,#5832,#5833,#5834,#5835,#5836,#5837,#5838,#5839,#5840,#5841,
#5842,#5843,#5844,#5845,#5846,#5847,#5848,#5849,#5850,#5851,#5852,#5853,
#5854,#5855,#5856,#5857,#5858,#5859,#5860,#5861,#5862,#5863,#5864,#5865,
#5866,#5867,#5868,#5869,#5870,#5871,#5872,#5873,#5874,#5875,#5876,#5877,
#5878,#5879,#5880,#5881,#5882,#5883,#5884,#5885,#5886,#5887,#5888,#5889,
#5890,#5891,#5892,#5893,#5894,#5895,#5896,#5897,#5898,#5899,#5900,#5901,
#5902,#5903,#5904,#5905,#5906,#5907,#5908,#5909,#5910,#5911,#5912,#5913,
#5914,#5915,#5916,#5917,#5918,#5919,#5920,#5921,#5922,#5923,#5924,#5925,
#5926,#5927,#5928,#5929,#5930,#5931,#5932,#5933,#5934,#5935,#5936,#5937,
#5938,#5939,#5940,#5941,#5942,#5943,#5944,#5945,#5946,#5947,#5948,#5949,
#5950,#5951,#5952,#5953,#5954,#5955,#5956,#5957,#5958,#5959,#5960,#5961,
#5962,#5963,#5964,#5965,#5966,#5967,#5968,#5969,#5970,#5971,#5972,#5973,
#5974,#5975,#5976,#5977,#5978,#5979,#5980,#5981,#5982,#5983,#5984,#5985,
#5986,#5987,#5988,#5989,#5990,#5991,#5992,#5993,#5994,#5995,#5996,#5997,
#5998,#5999,#6000,#6001,#6002,#6003,#6004,#6005,#6006,#6007,#6008,#6009,
#6010,#6011,#6012,#6013,#6014,#6015,#6016,#6017,#6018,#6019,#6020,#6021));
#6023=DERIVED_UNIT_ELEMENT(#6025,1.);
#6024=DERIVED_UNIT_ELEMENT(#11924,-3.);
#6025=(
MASS_UNIT()
NAMED_UNIT(*)
SI_UNIT(.KILO.,.GRAM.)
);
#6026=DERIVED_UNIT((#6023,#6024));
#6027=MEASURE_REPRESENTATION_ITEM('density measure',
POSITIVE_RATIO_MEASURE(7850.),#6026);
#6028=PROPERTY_DEFINITION_REPRESENTATION(#6033,#6030);
#6029=PROPERTY_DEFINITION_REPRESENTATION(#6034,#6031);
#6030=REPRESENTATION('material name',(#6032),#11921);
#6031=REPRESENTATION('density',(#6027),#11921);
#6032=DESCRIPTIVE_REPRESENTATION_ITEM('Steel','Steel');
#6033=PROPERTY_DEFINITION('material property','material name',#11931);
#6034=PROPERTY_DEFINITION('material property','density of part',#11931);
#6035=AXIS2_PLACEMENT_3D('',#6985,#6180,#6181);
#6036=AXIS2_PLACEMENT_3D('',#6986,#6182,#6183);
#6037=AXIS2_PLACEMENT_3D('',#7110,#6193,#6194);
#6038=AXIS2_PLACEMENT_3D('',#7116,#6198,#6199);
#6039=AXIS2_PLACEMENT_3D('',#7119,#6202,#6203);
#6040=AXIS2_PLACEMENT_3D('',#7128,#6208,#6209);
#6041=AXIS2_PLACEMENT_3D('',#7295,#6220,#6221);
#6042=AXIS2_PLACEMENT_3D('',#7301,#6225,#6226);
#6043=AXIS2_PLACEMENT_3D('',#7307,#6230,#6231);
#6044=AXIS2_PLACEMENT_3D('',#7405,#6239,#6240);
#6045=AXIS2_PLACEMENT_3D('',#7411,#6244,#6245);
#6046=AXIS2_PLACEMENT_3D('',#7417,#6249,#6250);
#6047=AXIS2_PLACEMENT_3D('',#7420,#6253,#6254);
#6048=AXIS2_PLACEMENT_3D('',#7421,#6255,#6256);
#6049=AXIS2_PLACEMENT_3D('',#7996,#6291,#6292);
#6050=AXIS2_PLACEMENT_3D('',#8008,#6298,#6299);
#6051=AXIS2_PLACEMENT_3D('',#8011,#6301,#6302);
#6052=AXIS2_PLACEMENT_3D('',#8013,#6303,#6304);
#6053=AXIS2_PLACEMENT_3D('',#8408,#6358,#6359);
#6054=AXIS2_PLACEMENT_3D('',#8414,#6363,#6364);
#6055=AXIS2_PLACEMENT_3D('',#8418,#6367,#6368);
#6056=AXIS2_PLACEMENT_3D('',#8422,#6371,#6372);
#6057=AXIS2_PLACEMENT_3D('',#8443,#6376,#6377);
#6058=AXIS2_PLACEMENT_3D('',#8447,#6380,#6381);
#6059=AXIS2_PLACEMENT_3D('',#8451,#6384,#6385);
#6060=AXIS2_PLACEMENT_3D('',#8455,#6388,#6389);
#6061=AXIS2_PLACEMENT_3D('',#8459,#6392,#6393);
#6062=AXIS2_PLACEMENT_3D('',#8463,#6396,#6397);
#6063=AXIS2_PLACEMENT_3D('',#8467,#6400,#6401);
#6064=AXIS2_PLACEMENT_3D('',#8471,#6404,#6405);
#6065=AXIS2_PLACEMENT_3D('',#8475,#6408,#6409);
#6066=AXIS2_PLACEMENT_3D('',#8479,#6412,#6413);
#6067=AXIS2_PLACEMENT_3D('',#8483,#6416,#6417);
#6068=AXIS2_PLACEMENT_3D('',#8487,#6420,#6421);
#6069=AXIS2_PLACEMENT_3D('',#8491,#6424,#6425);
#6070=AXIS2_PLACEMENT_3D('',#8493,#6427,#6428);
#6071=AXIS2_PLACEMENT_3D('',#8494,#6429,#6430);
#6072=AXIS2_PLACEMENT_3D('',#8500,#6434,#6435);
#6073=AXIS2_PLACEMENT_3D('',#8504,#6438,#6439);
#6074=AXIS2_PLACEMENT_3D('',#8508,#6442,#6443);
#6075=AXIS2_PLACEMENT_3D('',#8510,#6445,#6446);
#6076=AXIS2_PLACEMENT_3D('',#8695,#6455,#6456);
#6077=AXIS2_PLACEMENT_3D('',#8905,#6472,#6473);
#6078=AXIS2_PLACEMENT_3D('',#8909,#6476,#6477);
#6079=AXIS2_PLACEMENT_3D('',#8913,#6480,#6481);
#6080=AXIS2_PLACEMENT_3D('',#9000,#6488,#6489);
#6081=AXIS2_PLACEMENT_3D('',#9001,#6490,#6491);
#6082=AXIS2_PLACEMENT_3D('',#9002,#6492,#6493);
#6083=AXIS2_PLACEMENT_3D('',#9178,#6507,#6508);
#6084=AXIS2_PLACEMENT_3D('',#9350,#6520,#6521);
#6085=AXIS2_PLACEMENT_3D('',#9351,#6522,#6523);
#6086=AXIS2_PLACEMENT_3D('',#9357,#6527,#6528);
#6087=AXIS2_PLACEMENT_3D('',#9361,#6531,#6532);
#6088=AXIS2_PLACEMENT_3D('',#9484,#6542,#6543);
#6089=AXIS2_PLACEMENT_3D('',#9488,#6546,#6547);
#6090=AXIS2_PLACEMENT_3D('',#9492,#6550,#6551);
#6091=AXIS2_PLACEMENT_3D('',#9581,#6559,#6560);
#6092=AXIS2_PLACEMENT_3D('',#9585,#6563,#6564);
#6093=AXIS2_PLACEMENT_3D('',#9589,#6567,#6568);
#6094=AXIS2_PLACEMENT_3D('',#9678,#6576,#6577);
#6095=AXIS2_PLACEMENT_3D('',#9682,#6580,#6581);
#6096=AXIS2_PLACEMENT_3D('',#9684,#6583,#6584);
#6097=AXIS2_PLACEMENT_3D('',#9685,#6585,#6586);
#6098=AXIS2_PLACEMENT_3D('',#9776,#6595,#6596);
#6099=AXIS2_PLACEMENT_3D('',#9780,#6599,#6600);
#6100=AXIS2_PLACEMENT_3D('',#9784,#6603,#6604);
#6101=AXIS2_PLACEMENT_3D('',#9890,#6613,#6614);
#6102=AXIS2_PLACEMENT_3D('',#9894,#6617,#6618);
#6103=AXIS2_PLACEMENT_3D('',#9898,#6621,#6622);
#6104=AXIS2_PLACEMENT_3D('',#9902,#6625,#6626);
#6105=AXIS2_PLACEMENT_3D('',#9904,#6628,#6629);
#6106=AXIS2_PLACEMENT_3D('',#9905,#6630,#6631);
#6107=AXIS2_PLACEMENT_3D('',#10003,#6639,#6640);
#6108=AXIS2_PLACEMENT_3D('',#10162,#6653,#6654);
#6109=AXIS2_PLACEMENT_3D('',#10232,#6660,#6661);
#6110=AXIS2_PLACEMENT_3D('',#10233,#6662,#6663);
#6111=AXIS2_PLACEMENT_3D('',#10234,#6664,#6665);
#6112=AXIS2_PLACEMENT_3D('',#10308,#6673,#6674);
#6113=AXIS2_PLACEMENT_3D('',#10312,#6677,#6678);
#6114=AXIS2_PLACEMENT_3D('',#10316,#6681,#6682);
#6115=AXIS2_PLACEMENT_3D('',#10320,#6685,#6686);
#6116=AXIS2_PLACEMENT_3D('',#10324,#6689,#6690);
#6117=AXIS2_PLACEMENT_3D('',#10328,#6693,#6694);
#6118=AXIS2_PLACEMENT_3D('',#10332,#6697,#6698);
#6119=AXIS2_PLACEMENT_3D('',#10336,#6701,#6702);
#6120=AXIS2_PLACEMENT_3D('',#10340,#6705,#6706);
#6121=AXIS2_PLACEMENT_3D('',#10344,#6709,#6710);
#6122=AXIS2_PLACEMENT_3D('',#10348,#6713,#6714);
#6123=AXIS2_PLACEMENT_3D('',#10418,#6720,#6721);
#6124=AXIS2_PLACEMENT_3D('',#10603,#6730,#6731);
#6125=AXIS2_PLACEMENT_3D('',#10609,#6735,#6736);
#6126=AXIS2_PLACEMENT_3D('',#10613,#6739,#6740);
#6127=AXIS2_PLACEMENT_3D('',#10787,#6753,#6754);
#6128=AXIS2_PLACEMENT_3D('',#10791,#6757,#6758);
#6129=AXIS2_PLACEMENT_3D('',#10793,#6760,#6761);
#6130=AXIS2_PLACEMENT_3D('',#10794,#6762,#6763);
#6131=AXIS2_PLACEMENT_3D('',#11132,#6781,#6782);
#6132=AXIS2_PLACEMENT_3D('',#11133,#6783,#6784);
#6133=AXIS2_PLACEMENT_3D('',#11134,#6785,#6786);
#6134=AXIS2_PLACEMENT_3D('',#11140,#6790,#6791);
#6135=AXIS2_PLACEMENT_3D('',#11144,#6794,#6795);
#6136=AXIS2_PLACEMENT_3D('',#11199,#6801,#6802);
#6137=AXIS2_PLACEMENT_3D('',#11271,#6809,#6810);
#6138=AXIS2_PLACEMENT_3D('',#11275,#6813,#6814);
#6139=AXIS2_PLACEMENT_3D('',#11277,#6816,#6817);
#6140=AXIS2_PLACEMENT_3D('',#11278,#6818,#6819);
#6141=AXIS2_PLACEMENT_3D('',#11284,#6823,#6824);
#6142=AXIS2_PLACEMENT_3D('',#11288,#6827,#6828);
#6143=AXIS2_PLACEMENT_3D('',#11377,#6836,#6837);
#6144=AXIS2_PLACEMENT_3D('',#11381,#6840,#6841);
#6145=AXIS2_PLACEMENT_3D('',#11385,#6844,#6845);
#6146=AXIS2_PLACEMENT_3D('',#11474,#6853,#6854);
#6147=AXIS2_PLACEMENT_3D('',#11478,#6857,#6858);
#6148=AXIS2_PLACEMENT_3D('',#11480,#6860,#6861);
#6149=AXIS2_PLACEMENT_3D('',#11481,#6862,#6863);
#6150=AXIS2_PLACEMENT_3D('',#11487,#6867,#6868);
#6151=AXIS2_PLACEMENT_3D('',#11491,#6871,#6872);
#6152=AXIS2_PLACEMENT_3D('',#11495,#6875,#6876);
#6153=AXIS2_PLACEMENT_3D('',#11497,#6878,#6879);
#6154=AXIS2_PLACEMENT_3D('',#11835,#6897,#6898);
#6155=AXIS2_PLACEMENT_3D('',#11836,#6899,#6900);
#6156=AXIS2_PLACEMENT_3D('',#11837,#6901,#6902);
#6157=AXIS2_PLACEMENT_3D('',#11846,#6907,#6908);
#6158=AXIS2_PLACEMENT_3D('',#11855,#6913,#6914);
#6159=AXIS2_PLACEMENT_3D('',#11861,#6918,#6919);
#6160=AXIS2_PLACEMENT_3D('',#11869,#6925,#6926);
#6161=AXIS2_PLACEMENT_3D('',#11870,#6927,#6928);
#6162=AXIS2_PLACEMENT_3D('',#11873,#6930,#6931);
#6163=AXIS2_PLACEMENT_3D('',#11874,#6932,#6933);
#6164=AXIS2_PLACEMENT_3D('',#11877,#6935,#6936);
#6165=AXIS2_PLACEMENT_3D('',#11878,#6937,#6938);
#6166=AXIS2_PLACEMENT_3D('',#11884,#6942,#6943);
#6167=AXIS2_PLACEMENT_3D('',#11890,#6947,#6948);
#6168=AXIS2_PLACEMENT_3D('',#11896,#6952,#6953);
#6169=AXIS2_PLACEMENT_3D('',#11898,#6955,#6956);
#6170=AXIS2_PLACEMENT_3D('',#11900,#6958,#6959);
#6171=AXIS2_PLACEMENT_3D('',#11904,#6962,#6963);
#6172=AXIS2_PLACEMENT_3D('',#11910,#6968,#6969);
#6173=AXIS2_PLACEMENT_3D('',#11911,#6970,#6971);
#6174=AXIS2_PLACEMENT_3D('',#11912,#6972,#6973);
#6175=AXIS2_PLACEMENT_3D('',#11913,#6974,#6975);
#6176=AXIS2_PLACEMENT_3D('',#11914,#6976,#6977);
#6177=AXIS2_PLACEMENT_3D('',#11915,#6978,#6979);
#6178=AXIS2_PLACEMENT_3D('',#11917,#6981,#6982);
#6179=AXIS2_PLACEMENT_3D('',#11918,#6983,#6984);
#6180=DIRECTION('axis',(0.,0.,1.));
#6181=DIRECTION('refdir',(1.,0.,0.));
#6182=DIRECTION('center_axis',(0.,-1.,0.));
#6183=DIRECTION('ref_axis',(1.,0.,0.));
#6184=DIRECTION('',(-1.,0.,1.60982338570647E-15));
#6185=DIRECTION('',(0.,0.,1.));
#6186=DIRECTION('',(1.,0.,0.));
#6187=DIRECTION('',(0.,0.,1.));
#6188=DIRECTION('',(0.,0.,1.));
#6189=DIRECTION('',(0.,0.,1.));
#6190=DIRECTION('',(0.,0.,1.));
#6191=DIRECTION('',(0.,0.,1.));
#6192=DIRECTION('',(0.,0.,1.));
#6193=DIRECTION('center_axis',(0.,1.,0.));
#6194=DIRECTION('ref_axis',(-1.,0.,0.));
#6195=DIRECTION('',(1.,0.,-1.60982338570647E-15));
#6196=DIRECTION('',(-1.,0.,0.));
#6197=DIRECTION('',(0.,0.,1.));
#6198=DIRECTION('center_axis',(-1.,0.,0.));
#6199=DIRECTION('ref_axis',(0.,-1.,0.));
#6200=DIRECTION('',(0.,1.,1.48029736616687E-15));
#6201=DIRECTION('',(0.,-1.,0.));
#6202=DIRECTION('center_axis',(1.,0.,0.));
#6203=DIRECTION('ref_axis',(0.,1.,0.));
#6204=DIRECTION('',(0.,-1.,-1.48029736616687E-15));
#6205=DIRECTION('',(0.,0.,1.));
#6206=DIRECTION('',(0.,1.,0.));
#6207=DIRECTION('',(0.,0.,1.));
#6208=DIRECTION('center_axis',(0.,-1.,0.));
#6209=DIRECTION('ref_axis',(1.,0.,0.));
#6210=DIRECTION('',(-1.,0.,1.60982338570647E-15));
#6211=DIRECTION('',(1.,0.,0.));
#6212=DIRECTION('',(0.,0.,1.));
#6213=DIRECTION('',(0.,0.,1.));
#6214=DIRECTION('',(0.,0.,1.));
#6215=DIRECTION('',(0.,0.,1.));
#6216=DIRECTION('',(0.,0.,1.));
#6217=DIRECTION('',(0.,0.,1.));
#6218=DIRECTION('',(0.,0.,1.));
#6219=DIRECTION('',(0.,0.,1.));
#6220=DIRECTION('center_axis',(-0.842616432452694,-0.538514203861602,0.));
#6221=DIRECTION('ref_axis',(0.538514203861602,-0.842616432452694,0.));
#6222=DIRECTION('',(-0.538514203861602,0.842616432452694,2.11423564456016E-15));
#6223=DIRECTION('',(0.538514203861602,-0.842616432452694,0.));
#6224=DIRECTION('',(0.,0.,1.));
#6225=DIRECTION('center_axis',(0.,1.,0.));
#6226=DIRECTION('ref_axis',(-1.,0.,0.));
#6227=DIRECTION('',(1.,0.,-1.60982338570647E-15));
#6228=DIRECTION('',(-1.,0.,0.));
#6229=DIRECTION('',(0.,0.,1.));
#6230=DIRECTION('center_axis',(0.843775354798221,0.536696516324763,0.));
#6231=DIRECTION('ref_axis',(-0.536696516324763,0.843775354798221,0.));
#6232=DIRECTION('',(0.536696516324763,-0.843775354798221,-2.11302503835112E-15));
#6233=DIRECTION('',(-0.536696516324763,0.843775354798221,0.));
#6234=DIRECTION('',(0.,0.,1.));
#6235=DIRECTION('',(0.,0.,1.));
#6236=DIRECTION('',(0.,0.,1.));
#6237=DIRECTION('',(0.,0.,1.));
#6238=DIRECTION('',(0.,0.,1.));
#6239=DIRECTION('center_axis',(0.,1.,0.));
#6240=DIRECTION('ref_axis',(-1.,0.,0.));
#6241=DIRECTION('',(1.,0.,-1.60982338570647E-15));
#6242=DIRECTION('',(-1.,0.,0.));
#6243=DIRECTION('',(0.,0.,1.));
#6244=DIRECTION('center_axis',(-1.,0.,0.));
#6245=DIRECTION('ref_axis',(0.,-1.,0.));
#6246=DIRECTION('',(0.,1.,1.48029736616687E-15));
#6247=DIRECTION('',(0.,-1.,0.));
#6248=DIRECTION('',(0.,0.,1.));
#6249=DIRECTION('center_axis',(0.,1.,0.));
#6250=DIRECTION('ref_axis',(-1.,0.,0.));
#6251=DIRECTION('',(1.,0.,-1.60982338570647E-15));
#6252=DIRECTION('',(-1.,0.,0.));
#6253=DIRECTION('center_axis',(0.,0.,1.));
#6254=DIRECTION('ref_axis',(-1.,0.,0.));
#6255=DIRECTION('center_axis',(1.60982338570647E-15,-1.48029736616687E-15,
1.));
#6256=DIRECTION('ref_axis',(1.,8.88178419700127E-16,-1.60982338570647E-15));
#6257=DIRECTION('',(1.,8.88178419700127E-16,-1.60982338570647E-15));
#6258=DIRECTION('',(-7.40148683083437E-16,1.,1.48029736616687E-15));
#6259=DIRECTION('',(-1.,-7.2164496600635E-16,1.60982338570647E-15));
#6260=DIRECTION('',(6.35411660967324E-16,-1.,-9.53117491450986E-16));
#6261=DIRECTION('',(-0.989142647698915,0.146958574105701,1.80988735624964E-15));
#6262=DIRECTION('',(0.,-1.,-1.48029736616687E-15));
#6263=DIRECTION('',(-1.,0.,1.60982338570647E-15));
#6264=DIRECTION('',(0.,1.,1.48029736616687E-15));
#6265=DIRECTION('',(-0.969551458464265,0.244887666879769,1.92331317977047E-15));
#6266=DIRECTION('',(0.973350284202173,0.229323405354862,-1.22745521704548E-15));
#6267=DIRECTION('',(0.,-1.,-1.48029736616687E-15));
#6268=DIRECTION('',(-1.,0.,1.60982338570647E-15));
#6269=DIRECTION('',(0.,1.,1.48029736616687E-15));
#6270=DIRECTION('',(0.,1.,1.48029736616687E-15));
#6271=DIRECTION('',(1.,0.,-1.60982338570647E-15));
#6272=DIRECTION('',(0.,-1.,-1.48029736616687E-15));
#6273=DIRECTION('',(0.,1.,1.48029736616687E-15));
#6274=DIRECTION('',(1.,0.,-1.60982338570647E-15));
#6275=DIRECTION('',(0.,-1.,-1.48029736616687E-15));
#6276=DIRECTION('',(0.,1.,1.48029736616687E-15));
#6277=DIRECTION('',(1.,0.,-1.60982338570647E-15));
#6278=DIRECTION('',(0.,-1.,-1.48029736616687E-15));
#6279=DIRECTION('',(0.,-1.,-1.48029736616687E-15));
#6280=DIRECTION('',(-1.,0.,1.60982338570647E-15));
#6281=DIRECTION('',(0.,1.,1.48029736616687E-15));
#6282=DIRECTION('',(0.,-1.,-1.48029736616687E-15));
#6283=DIRECTION('',(-1.,0.,1.60982338570647E-15));
#6284=DIRECTION('',(0.,1.,1.48029736616687E-15));
#6285=DIRECTION('',(1.,0.,-1.60982338570647E-15));
#6286=DIRECTION('',(0.,-1.,-1.48029736616687E-15));
#6287=DIRECTION('',(-1.,0.,1.60982338570647E-15));
#6288=DIRECTION('',(0.,1.,1.48029736616687E-15));
#6289=DIRECTION('',(0.,1.,1.48029736616687E-15));
#6290=DIRECTION('',(1.,0.,-1.60982338570647E-15));
#6291=DIRECTION('center_axis',(-1.60982338570647E-15,5.82867087928206E-16,
-1.));
#6292=DIRECTION('ref_axis',(-1.,1.67632942359465E-30,1.60982338570647E-15));
#6293=DIRECTION('',(-2.86956838219647E-16,1.,5.82867087928207E-16));
#6294=DIRECTION('',(-0.00663254505187568,-0.999978004431165,-5.72177041303791E-16));
#6295=DIRECTION('',(-1.,-8.46545056276683E-16,1.60982338570647E-15));
#6296=DIRECTION('',(-0.99993557794546,0.0113507690875315,1.61633566730031E-15));
#6297=DIRECTION('',(-8.46545056276682E-16,1.,5.82867087928208E-16));
#6298=DIRECTION('center_axis',(-1.60982338570647E-15,5.82867087928206E-16,
-1.));
#6299=DIRECTION('ref_axis',(-1.,1.67632942359465E-30,1.60982338570647E-15));
#6300=DIRECTION('',(1.,7.86993536443149E-16,0.));
#6301=DIRECTION('center_axis',(-1.60982338570647E-15,5.82867087928206E-16,
-1.));
#6302=DIRECTION('ref_axis',(-1.,1.67632942359465E-30,1.60982338570647E-15));
#6303=DIRECTION('center_axis',(-1.60982338570647E-15,5.82867087928206E-16,
-1.));
#6304=DIRECTION('ref_axis',(-1.,1.67632942359465E-30,1.60982338570647E-15));
#6305=DIRECTION('',(0.,-1.,-1.48029736616687E-15));
#6306=DIRECTION('',(-1.,0.,1.60982338570647E-15));
#6307=DIRECTION('',(0.,1.,1.48029736616687E-15));
#6308=DIRECTION('',(1.,0.,-1.60982338570647E-15));
#6309=DIRECTION('',(0.,-1.,-1.48029736616687E-15));
#6310=DIRECTION('',(-1.,0.,1.60982338570647E-15));
#6311=DIRECTION('',(0.,1.,1.48029736616687E-15));
#6312=DIRECTION('',(0.,1.,1.48029736616687E-15));
#6313=DIRECTION('',(1.,0.,-1.60982338570647E-15));
#6314=DIRECTION('',(0.,-1.,-1.48029736616687E-15));
#6315=DIRECTION('',(0.,1.,1.48029736616687E-15));
#6316=DIRECTION('',(1.,0.,-1.60982338570647E-15));
#6317=DIRECTION('',(0.,-1.,-1.48029736616687E-15));
#6318=DIRECTION('',(-1.,0.,1.60982338570647E-15));
#6319=DIRECTION('',(0.,1.,1.48029736616687E-15));
#6320=DIRECTION('',(0.348046292400612,0.937477348177644,8.27452188533532E-16));
#6321=DIRECTION('',(0.,1.,1.48029736616687E-15));
#6322=DIRECTION('',(1.,0.,-1.60982338570647E-15));
#6323=DIRECTION('',(-0.161381154338889,0.986892153694743,1.72068901207213E-15));
#6324=DIRECTION('',(0.,-1.,-1.48029736616687E-15));
#6325=DIRECTION('',(1.,0.,-1.60982338570647E-15));
#6326=DIRECTION('',(0.,-1.,-1.48029736616687E-15));
#6327=DIRECTION('',(-1.,0.,1.60982338570647E-15));
#6328=DIRECTION('',(0.,-1.,-1.48029736616687E-15));
#6329=DIRECTION('',(-0.856224027802616,-0.516604698210794,6.1364088924957E-16));
#6330=DIRECTION('',(0.,1.,1.48029736616687E-15));
#6331=DIRECTION('',(-1.,0.,1.60982338570647E-15));
#6332=DIRECTION('',(0.,1.,1.48029736616687E-15));
#6333=DIRECTION('',(1.,0.,-1.60982338570647E-15));
#6334=DIRECTION('',(0.,1.,1.48029736616687E-15));
#6335=DIRECTION('',(-0.992441203967049,0.122721052262581,1.77931870952237E-15));
#6336=DIRECTION('',(1.,0.,-1.60982338570647E-15));
#6337=DIRECTION('',(0.,-1.,-1.48029736616687E-15));
#6338=DIRECTION('',(-1.,0.,1.60982338570647E-15));
#6339=DIRECTION('',(0.,1.,1.48029736616687E-15));
#6340=DIRECTION('',(1.,0.,-1.60982338570647E-15));
#6341=DIRECTION('',(0.292630216784043,-0.956225682684231,-1.88658132588189E-15));
#6342=DIRECTION('',(-1.,0.,1.60982338570647E-15));
#6343=DIRECTION('',(-0.265777729208587,0.964034334791416,1.85491269056611E-15));
#6344=DIRECTION('',(-0.266335534267359,0.963880378048293,1.85558275643304E-15));
#6345=DIRECTION('',(-0.262198644751594,-0.965013922537094,-1.00641405782436E-15));
#6346=DIRECTION('',(-1.,0.,1.60982338570647E-15));
#6347=DIRECTION('',(-0.249925742122807,0.968265006815987,1.8356564437006E-15));
#6348=DIRECTION('',(-0.252615848654243,0.967566655589524,1.83895327262375E-15));
#6349=DIRECTION('',(-0.285202609752356,-0.958467251078745,-9.59690716485208E-16));
#6350=DIRECTION('',(-0.284194514890138,-0.958766644030944,-9.61756761768008E-16));
#6351=DIRECTION('',(-1.,0.,1.60982338570647E-15));
#6352=DIRECTION('',(0.298377223222624,0.954448025123399,9.325322660274E-16));
#6353=DIRECTION('',(1.,0.,-1.60982338570647E-15));
#6354=DIRECTION('',(0.256811284965699,-0.966461568772533,-1.8440713270066E-15));
#6355=DIRECTION('',(0.220922952887352,-0.975291263616943,-1.79936802477511E-15));
#6356=DIRECTION('',(0.254493288369977,0.967074540133611,1.02186864752349E-15));
#6357=DIRECTION('',(1.,0.,-1.60982338570647E-15));
#6358=DIRECTION('center_axis',(0.956225682684231,0.292630216784043,0.));
#6359=DIRECTION('ref_axis',(-0.292630216784043,0.956225682684231,0.));
#6360=DIRECTION('',(0.,0.,1.));
#6361=DIRECTION('',(-0.292630216784043,0.956225682684231,0.));
#6362=DIRECTION('',(0.,0.,1.));
#6363=DIRECTION('center_axis',(0.,-1.,0.));
#6364=DIRECTION('ref_axis',(1.,0.,0.));
#6365=DIRECTION('',(1.,0.,0.));
#6366=DIRECTION('',(0.,0.,1.));
#6367=DIRECTION('center_axis',(-0.964034334791416,-0.265777729208587,0.));
#6368=DIRECTION('ref_axis',(0.265777729208587,-0.964034334791416,0.));
#6369=DIRECTION('',(0.265777729208587,-0.964034334791416,0.));
#6370=DIRECTION('',(0.,0.,1.));
#6371=DIRECTION('center_axis',(-0.963880378048293,-0.266335534267359,0.));
#6372=DIRECTION('ref_axis',(0.266335534267359,-0.963880378048293,0.));
#6373=DIRECTION('',(0.266335534267359,-0.963880378048293,0.));
#6374=DIRECTION('',(0.,0.,1.));
#6375=DIRECTION('',(0.,0.,1.));
#6376=DIRECTION('center_axis',(0.965013922537094,-0.262198644751594,0.));
#6377=DIRECTION('ref_axis',(0.262198644751594,0.965013922537094,0.));
#6378=DIRECTION('',(0.262198644751594,0.965013922537094,0.));
#6379=DIRECTION('',(0.,0.,1.));
#6380=DIRECTION('center_axis',(0.,-1.,0.));
#6381=DIRECTION('ref_axis',(1.,0.,0.));
#6382=DIRECTION('',(1.,0.,0.));
#6383=DIRECTION('',(0.,0.,1.));
#6384=DIRECTION('center_axis',(-0.968265006815988,-0.249925742122807,0.));
#6385=DIRECTION('ref_axis',(0.249925742122807,-0.968265006815987,0.));
#6386=DIRECTION('',(0.249925742122807,-0.968265006815987,0.));
#6387=DIRECTION('',(0.,0.,1.));
#6388=DIRECTION('center_axis',(-0.967566655589524,-0.252615848654243,0.));
#6389=DIRECTION('ref_axis',(0.252615848654243,-0.967566655589524,0.));
#6390=DIRECTION('',(0.252615848654243,-0.967566655589524,0.));
#6391=DIRECTION('',(0.,0.,1.));
#6392=DIRECTION('center_axis',(0.958467251078745,-0.285202609752356,0.));
#6393=DIRECTION('ref_axis',(0.285202609752356,0.958467251078745,0.));
#6394=DIRECTION('',(0.285202609752356,0.958467251078745,0.));
#6395=DIRECTION('',(0.,0.,1.));
#6396=DIRECTION('center_axis',(0.958766644030944,-0.284194514890138,0.));
#6397=DIRECTION('ref_axis',(0.284194514890138,0.958766644030944,0.));
#6398=DIRECTION('',(0.284194514890138,0.958766644030944,0.));
#6399=DIRECTION('',(0.,0.,1.));
#6400=DIRECTION('center_axis',(0.,-1.,0.));
#6401=DIRECTION('ref_axis',(1.,0.,0.));
#6402=DIRECTION('',(1.,0.,0.));
#6403=DIRECTION('',(0.,0.,1.));
#6404=DIRECTION('center_axis',(-0.954448025123399,0.298377223222624,0.));
#6405=DIRECTION('ref_axis',(-0.298377223222624,-0.954448025123399,0.));
#6406=DIRECTION('',(-0.298377223222624,-0.954448025123399,0.));
#6407=DIRECTION('',(0.,0.,1.));
#6408=DIRECTION('center_axis',(0.,1.,0.));
#6409=DIRECTION('ref_axis',(-1.,0.,0.));
#6410=DIRECTION('',(-1.,0.,0.));
#6411=DIRECTION('',(0.,0.,1.));
#6412=DIRECTION('center_axis',(0.966461568772534,0.256811284965699,0.));
#6413=DIRECTION('ref_axis',(-0.256811284965699,0.966461568772533,0.));
#6414=DIRECTION('',(-0.256811284965699,0.966461568772533,0.));
#6415=DIRECTION('',(0.,0.,1.));
#6416=DIRECTION('center_axis',(0.975291263616943,0.220922952887352,0.));
#6417=DIRECTION('ref_axis',(-0.220922952887352,0.975291263616943,0.));
#6418=DIRECTION('',(-0.220922952887352,0.975291263616943,0.));
#6419=DIRECTION('',(0.,0.,1.));
#6420=DIRECTION('center_axis',(-0.967074540133611,0.254493288369977,0.));
#6421=DIRECTION('ref_axis',(-0.254493288369977,-0.967074540133611,0.));
#6422=DIRECTION('',(-0.254493288369977,-0.967074540133611,0.));
#6423=DIRECTION('',(0.,0.,1.));
#6424=DIRECTION('center_axis',(0.,1.,0.));
#6425=DIRECTION('ref_axis',(-1.,0.,0.));
#6426=DIRECTION('',(-1.,0.,0.));
#6427=DIRECTION('center_axis',(0.,0.,1.));
#6428=DIRECTION('ref_axis',(-1.,0.,0.));
#6429=DIRECTION('center_axis',(1.,0.,0.));
#6430=DIRECTION('ref_axis',(0.,1.,0.));
#6431=DIRECTION('',(0.,0.,1.));
#6432=DIRECTION('',(0.,1.,0.));
#6433=DIRECTION('',(0.,0.,1.));
#6434=DIRECTION('center_axis',(0.,-1.,0.));
#6435=DIRECTION('ref_axis',(1.,0.,0.));
#6436=DIRECTION('',(1.,0.,0.));
#6437=DIRECTION('',(0.,0.,1.));
#6438=DIRECTION('center_axis',(-1.,0.,0.));
#6439=DIRECTION('ref_axis',(0.,-1.,0.));
#6440=DIRECTION('',(0.,-1.,0.));
#6441=DIRECTION('',(0.,0.,1.));
#6442=DIRECTION('center_axis',(0.,1.,0.));
#6443=DIRECTION('ref_axis',(-1.,0.,0.));
#6444=DIRECTION('',(-1.,0.,0.));
#6445=DIRECTION('center_axis',(0.,0.,1.));
#6446=DIRECTION('ref_axis',(1.,0.,0.));
#6447=DIRECTION('',(0.,0.,1.));
#6448=DIRECTION('',(0.,0.,1.));
#6449=DIRECTION('',(0.,0.,1.));
#6450=DIRECTION('',(0.,0.,1.));
#6451=DIRECTION('',(0.,0.,1.));
#6452=DIRECTION('',(0.,0.,1.));
#6453=DIRECTION('',(0.,0.,1.));
#6454=DIRECTION('',(0.,0.,1.));
#6455=DIRECTION('center_axis',(-0.146958574105701,-0.989142647698915,0.));
#6456=DIRECTION('ref_axis',(0.989142647698915,-0.146958574105701,0.));
#6457=DIRECTION('',(0.,0.,1.));
#6458=DIRECTION('',(0.989142647698915,-0.146958574105701,0.));
#6459=DIRECTION('',(0.,0.,1.));
#6460=DIRECTION('',(0.,0.,1.));
#6461=DIRECTION('',(0.,0.,1.));
#6462=DIRECTION('',(0.,0.,1.));
#6463=DIRECTION('',(0.,0.,1.));
#6464=DIRECTION('',(0.,0.,1.));
#6465=DIRECTION('',(0.,0.,1.));
#6466=DIRECTION('',(0.,0.,1.));
#6467=DIRECTION('',(0.,0.,1.));
#6468=DIRECTION('',(0.,0.,1.));
#6469=DIRECTION('',(0.,0.,1.));
#6470=DIRECTION('',(0.,0.,1.));
#6471=DIRECTION('',(0.,0.,1.));
#6472=DIRECTION('center_axis',(1.,0.,0.));
#6473=DIRECTION('ref_axis',(0.,1.,0.));
#6474=DIRECTION('',(0.,1.,0.));
#6475=DIRECTION('',(0.,0.,1.));
#6476=DIRECTION('center_axis',(0.,-1.,0.));
#6477=DIRECTION('ref_axis',(1.,0.,0.));
#6478=DIRECTION('',(1.,0.,0.));
#6479=DIRECTION('',(0.,0.,1.));
#6480=DIRECTION('center_axis',(-1.,0.,0.));
#6481=DIRECTION('ref_axis',(0.,-1.,0.));
#6482=DIRECTION('',(0.,-1.,0.));
#6483=DIRECTION('',(0.,0.,1.));
#6484=DIRECTION('',(0.,0.,1.));
#6485=DIRECTION('',(0.,0.,1.));
#6486=DIRECTION('',(0.,0.,1.));
#6487=DIRECTION('',(0.,0.,1.));
#6488=DIRECTION('center_axis',(0.,0.,1.));
#6489=DIRECTION('ref_axis',(-1.,0.,0.));
#6490=DIRECTION('center_axis',(1.60982338570647E-15,-1.48029736616687E-15,
1.));
#6491=DIRECTION('ref_axis',(1.,8.88178419700127E-16,-1.60982338570647E-15));
#6492=DIRECTION('center_axis',(-0.244887666879769,-0.969551458464265,0.));
#6493=DIRECTION('ref_axis',(0.969551458464265,-0.244887666879769,0.));
#6494=DIRECTION('',(0.,0.,1.));
#6495=DIRECTION('',(0.969551458464265,-0.244887666879769,0.));
#6496=DIRECTION('',(0.,0.,1.));
#6497=DIRECTION('',(0.,0.,1.));
#6498=DIRECTION('',(0.,0.,1.));
#6499=DIRECTION('',(0.,0.,1.));
#6500=DIRECTION('',(0.,0.,1.));
#6501=DIRECTION('',(0.,0.,1.));
#6502=DIRECTION('',(0.,0.,1.));
#6503=DIRECTION('',(0.,0.,1.));
#6504=DIRECTION('',(0.,0.,1.));
#6505=DIRECTION('',(0.,0.,1.));
#6506=DIRECTION('',(0.,0.,1.));
#6507=DIRECTION('center_axis',(-0.229323405354862,0.973350284202172,0.));
#6508=DIRECTION('ref_axis',(-0.973350284202173,-0.229323405354862,0.));
#6509=DIRECTION('',(-0.973350284202173,-0.229323405354862,0.));
#6510=DIRECTION('',(0.,0.,1.));
#6511=DIRECTION('',(0.,0.,1.));
#6512=DIRECTION('',(0.,0.,1.));
#6513=DIRECTION('',(0.,0.,1.));
#6514=DIRECTION('',(0.,0.,1.));
#6515=DIRECTION('',(0.,0.,1.));
#6516=DIRECTION('',(0.,0.,1.));
#6517=DIRECTION('',(0.,0.,1.));
#6518=DIRECTION('',(0.,0.,1.));
#6519=DIRECTION('',(0.,0.,1.));
#6520=DIRECTION('center_axis',(0.,0.,1.));
#6521=DIRECTION('ref_axis',(-1.,0.,0.));
#6522=DIRECTION('center_axis',(1.,0.,0.));
#6523=DIRECTION('ref_axis',(0.,1.,0.));
#6524=DIRECTION('',(0.,0.,1.));
#6525=DIRECTION('',(0.,1.,0.));
#6526=DIRECTION('',(0.,0.,1.));
#6527=DIRECTION('center_axis',(0.,-1.,0.));
#6528=DIRECTION('ref_axis',(1.,0.,0.));
#6529=DIRECTION('',(1.,0.,0.));
#6530=DIRECTION('',(0.,0.,1.));
#6531=DIRECTION('center_axis',(-1.,0.,0.));
#6532=DIRECTION('ref_axis',(0.,-1.,0.));
#6533=DIRECTION('',(0.,-1.,0.));
#6534=DIRECTION('',(0.,0.,1.));
#6535=DIRECTION('',(0.,0.,1.));
#6536=DIRECTION('',(0.,0.,1.));
#6537=DIRECTION('',(0.,0.,1.));
#6538=DIRECTION('',(0.,0.,1.));
#6539=DIRECTION('',(0.,0.,1.));
#6540=DIRECTION('',(0.,0.,1.));
#6541=DIRECTION('',(0.,0.,1.));
#6542=DIRECTION('center_axis',(-1.,0.,0.));
#6543=DIRECTION('ref_axis',(0.,-1.,0.));
#6544=DIRECTION('',(0.,-1.,0.));
#6545=DIRECTION('',(0.,0.,1.));
#6546=DIRECTION('center_axis',(0.,1.,0.));
#6547=DIRECTION('ref_axis',(-1.,0.,0.));
#6548=DIRECTION('',(-1.,0.,0.));
#6549=DIRECTION('',(0.,0.,1.));
#6550=DIRECTION('center_axis',(1.,0.,0.));
#6551=DIRECTION('ref_axis',(0.,1.,0.));
#6552=DIRECTION('',(0.,1.,0.));
#6553=DIRECTION('',(0.,0.,1.));
#6554=DIRECTION('',(0.,0.,1.));
#6555=DIRECTION('',(0.,0.,1.));
#6556=DIRECTION('',(0.,0.,1.));
#6557=DIRECTION('',(0.,0.,1.));
#6558=DIRECTION('',(0.,0.,1.));
#6559=DIRECTION('center_axis',(-1.,0.,0.));
#6560=DIRECTION('ref_axis',(0.,-1.,0.));
#6561=DIRECTION('',(0.,-1.,0.));
#6562=DIRECTION('',(0.,0.,1.));
#6563=DIRECTION('center_axis',(0.,1.,0.));
#6564=DIRECTION('ref_axis',(-1.,0.,0.));
#6565=DIRECTION('',(-1.,0.,0.));
#6566=DIRECTION('',(0.,0.,1.));
#6567=DIRECTION('center_axis',(1.,0.,0.));
#6568=DIRECTION('ref_axis',(0.,1.,0.));
#6569=DIRECTION('',(0.,1.,0.));
#6570=DIRECTION('',(0.,0.,1.));
#6571=DIRECTION('',(0.,0.,1.));
#6572=DIRECTION('',(0.,0.,1.));
#6573=DIRECTION('',(0.,0.,1.));
#6574=DIRECTION('',(0.,0.,1.));
#6575=DIRECTION('',(0.,0.,1.));
#6576=DIRECTION('center_axis',(-1.,0.,0.));
#6577=DIRECTION('ref_axis',(0.,-1.,0.));
#6578=DIRECTION('',(0.,-1.,0.));
#6579=DIRECTION('',(0.,0.,1.));
#6580=DIRECTION('center_axis',(0.,1.,0.));
#6581=DIRECTION('ref_axis',(-1.,0.,0.));
#6582=DIRECTION('',(-1.,0.,0.));
#6583=DIRECTION('center_axis',(0.,0.,1.));
#6584=DIRECTION('ref_axis',(-1.,0.,0.));
#6585=DIRECTION('center_axis',(1.,0.,0.));
#6586=DIRECTION('ref_axis',(0.,1.,0.));
#6587=DIRECTION('',(0.,0.,1.));
#6588=DIRECTION('',(0.,1.,0.));
#6589=DIRECTION('',(0.,0.,1.));
#6590=DIRECTION('',(0.,0.,1.));
#6591=DIRECTION('',(0.,0.,1.));
#6592=DIRECTION('',(0.,0.,1.));
#6593=DIRECTION('',(0.,0.,1.));
#6594=DIRECTION('',(0.,0.,1.));
#6595=DIRECTION('center_axis',(1.,0.,0.));
#6596=DIRECTION('ref_axis',(0.,1.,0.));
#6597=DIRECTION('',(0.,1.,0.));
#6598=DIRECTION('',(0.,0.,1.));
#6599=DIRECTION('center_axis',(0.,-1.,0.));
#6600=DIRECTION('ref_axis',(1.,0.,0.));
#6601=DIRECTION('',(1.,0.,0.));
#6602=DIRECTION('',(0.,0.,1.));
#6603=DIRECTION('center_axis',(-1.,0.,0.));
#6604=DIRECTION('ref_axis',(0.,-1.,0.));
#6605=DIRECTION('',(0.,-1.,0.));
#6606=DIRECTION('',(0.,0.,1.));
#6607=DIRECTION('',(0.,0.,1.));
#6608=DIRECTION('',(0.,0.,1.));
#6609=DIRECTION('',(0.,0.,1.));
#6610=DIRECTION('',(0.,0.,1.));
#6611=DIRECTION('',(0.,0.,1.));
#6612=DIRECTION('',(0.,0.,1.));
#6613=DIRECTION('center_axis',(1.,0.,0.));
#6614=DIRECTION('ref_axis',(0.,1.,0.));
#6615=DIRECTION('',(0.,1.,0.));
#6616=DIRECTION('',(0.,0.,1.));
#6617=DIRECTION('center_axis',(0.,-1.,0.));
#6618=DIRECTION('ref_axis',(1.,0.,0.));
#6619=DIRECTION('',(1.,0.,0.));
#6620=DIRECTION('',(0.,0.,1.));
#6621=DIRECTION('center_axis',(-1.,0.,0.));
#6622=DIRECTION('ref_axis',(0.,-1.,0.));
#6623=DIRECTION('',(0.,-1.,0.));
#6624=DIRECTION('',(0.,0.,1.));
#6625=DIRECTION('center_axis',(0.,1.,0.));
#6626=DIRECTION('ref_axis',(-1.,0.,0.));
#6627=DIRECTION('',(-1.,0.,0.));
#6628=DIRECTION('center_axis',(0.,0.,1.));
#6629=DIRECTION('ref_axis',(-1.,0.,0.));
#6630=DIRECTION('center_axis',(0.,-1.,0.));
#6631=DIRECTION('ref_axis',(1.,0.,0.));
#6632=DIRECTION('',(-1.,0.,1.60982338570647E-15));
#6633=DIRECTION('',(0.,0.,1.));
#6634=DIRECTION('',(1.,0.,0.));
#6635=DIRECTION('',(0.,0.,1.));
#6636=DIRECTION('',(0.,0.,1.));
#6637=DIRECTION('',(0.,0.,1.));
#6638=DIRECTION('',(0.,0.,1.));
#6639=DIRECTION('center_axis',(-0.122721052262581,-0.992441203967048,0.));
#6640=DIRECTION('ref_axis',(0.992441203967049,-0.122721052262581,0.));
#6641=DIRECTION('',(0.,0.,1.));
#6642=DIRECTION('',(0.992441203967049,-0.122721052262581,0.));
#6643=DIRECTION('',(0.,0.,1.));
#6644=DIRECTION('',(0.,0.,1.));
#6645=DIRECTION('',(0.,0.,1.));
#6646=DIRECTION('',(0.,0.,1.));
#6647=DIRECTION('',(0.,0.,1.));
#6648=DIRECTION('',(0.,0.,1.));
#6649=DIRECTION('',(0.,0.,1.));
#6650=DIRECTION('',(0.,0.,1.));
#6651=DIRECTION('',(0.,0.,1.));
#6652=DIRECTION('',(0.,0.,1.));
#6653=DIRECTION('center_axis',(0.,1.,0.));
#6654=DIRECTION('ref_axis',(-1.,0.,0.));
#6655=DIRECTION('',(-1.,0.,0.));
#6656=DIRECTION('',(0.,0.,1.));
#6657=DIRECTION('',(0.,0.,1.));
#6658=DIRECTION('',(0.,0.,1.));
#6659=DIRECTION('',(0.,0.,1.));
#6660=DIRECTION('center_axis',(0.,0.,1.));
#6661=DIRECTION('ref_axis',(-1.,0.,0.));
#6662=DIRECTION('center_axis',(1.60982338570647E-15,-1.48029736616687E-15,
1.));
#6663=DIRECTION('ref_axis',(1.,8.88178419700127E-16,-1.60982338570647E-15));
#6664=DIRECTION('center_axis',(-0.986892153694743,-0.161381154338889,0.));
#6665=DIRECTION('ref_axis',(0.161381154338889,-0.986892153694743,0.));
#6666=DIRECTION('',(0.,0.,1.));
#6667=DIRECTION('',(0.161381154338889,-0.986892153694743,0.));
#6668=DIRECTION('',(0.,0.,1.));
#6669=DIRECTION('',(0.,0.,1.));
#6670=DIRECTION('',(0.,0.,1.));
#6671=DIRECTION('',(0.,0.,1.));
#6672=DIRECTION('',(0.,0.,1.));
#6673=DIRECTION('center_axis',(1.,0.,0.));
#6674=DIRECTION('ref_axis',(0.,1.,0.));
#6675=DIRECTION('',(0.,1.,0.));
#6676=DIRECTION('',(0.,0.,1.));
#6677=DIRECTION('center_axis',(0.,1.,0.));
#6678=DIRECTION('ref_axis',(-1.,0.,0.));
#6679=DIRECTION('',(-1.,0.,0.));
#6680=DIRECTION('',(0.,0.,1.));
#6681=DIRECTION('center_axis',(1.,0.,0.));
#6682=DIRECTION('ref_axis',(0.,1.,0.));
#6683=DIRECTION('',(0.,1.,0.));
#6684=DIRECTION('',(0.,0.,1.));
#6685=DIRECTION('center_axis',(0.,-1.,0.));
#6686=DIRECTION('ref_axis',(1.,0.,0.));
#6687=DIRECTION('',(1.,0.,0.));
#6688=DIRECTION('',(0.,0.,1.));
#6689=DIRECTION('center_axis',(1.,0.,0.));
#6690=DIRECTION('ref_axis',(0.,1.,0.));
#6691=DIRECTION('',(0.,1.,0.));
#6692=DIRECTION('',(0.,0.,1.));
#6693=DIRECTION('center_axis',(0.516604698210794,-0.856224027802616,0.));
#6694=DIRECTION('ref_axis',(0.856224027802616,0.516604698210794,0.));
#6695=DIRECTION('',(0.856224027802616,0.516604698210794,0.));
#6696=DIRECTION('',(0.,0.,1.));
#6697=DIRECTION('center_axis',(-1.,0.,0.));
#6698=DIRECTION('ref_axis',(0.,-1.,0.));
#6699=DIRECTION('',(0.,-1.,0.));
#6700=DIRECTION('',(0.,0.,1.));
#6701=DIRECTION('center_axis',(0.,-1.,0.));
#6702=DIRECTION('ref_axis',(1.,0.,0.));
#6703=DIRECTION('',(1.,0.,0.));
#6704=DIRECTION('',(0.,0.,1.));
#6705=DIRECTION('center_axis',(-1.,0.,0.));
#6706=DIRECTION('ref_axis',(0.,-1.,0.));
#6707=DIRECTION('',(0.,-1.,0.));
#6708=DIRECTION('',(0.,0.,1.));
#6709=DIRECTION('center_axis',(0.,1.,0.));
#6710=DIRECTION('ref_axis',(-1.,0.,0.));
#6711=DIRECTION('',(-1.,0.,0.));
#6712=DIRECTION('',(0.,0.,1.));
#6713=DIRECTION('center_axis',(-1.,0.,0.));
#6714=DIRECTION('ref_axis',(0.,-1.,0.));
#6715=DIRECTION('',(0.,-1.,0.));
#6716=DIRECTION('',(0.,0.,1.));
#6717=DIRECTION('',(0.,0.,1.));
#6718=DIRECTION('',(0.,0.,1.));
#6719=DIRECTION('',(0.,0.,1.));
#6720=DIRECTION('center_axis',(0.,0.,1.));
#6721=DIRECTION('ref_axis',(-1.,0.,0.));
#6722=DIRECTION('',(0.,0.,1.));
#6723=DIRECTION('',(0.,0.,1.));
#6724=DIRECTION('',(0.,0.,1.));
#6725=DIRECTION('',(0.,0.,1.));
#6726=DIRECTION('',(0.,0.,1.));
#6727=DIRECTION('',(0.,0.,1.));
#6728=DIRECTION('',(0.,0.,1.));
#6729=DIRECTION('',(0.,0.,1.));
#6730=DIRECTION('center_axis',(1.,0.,0.));
#6731=DIRECTION('ref_axis',(0.,1.,0.));
#6732=DIRECTION('',(0.,0.,1.));
#6733=DIRECTION('',(0.,1.,0.));
#6734=DIRECTION('',(0.,0.,1.));
#6735=DIRECTION('center_axis',(0.,-1.,0.));
#6736=DIRECTION('ref_axis',(1.,0.,0.));
#6737=DIRECTION('',(1.,0.,0.));
#6738=DIRECTION('',(0.,0.,1.));
#6739=DIRECTION('center_axis',(-1.,0.,0.));
#6740=DIRECTION('ref_axis',(0.,-1.,0.));
#6741=DIRECTION('',(0.,-1.,0.));
#6742=DIRECTION('',(0.,0.,1.));
#6743=DIRECTION('',(0.,0.,1.));
#6744=DIRECTION('',(0.,0.,1.));
#6745=DIRECTION('',(0.,0.,1.));
#6746=DIRECTION('',(0.,0.,1.));
#6747=DIRECTION('',(0.,0.,1.));
#6748=DIRECTION('',(0.,0.,1.));
#6749=DIRECTION('',(0.,0.,1.));
#6750=DIRECTION('',(0.,0.,1.));
#6751=DIRECTION('',(0.,0.,1.));
#6752=DIRECTION('',(0.,0.,1.));
#6753=DIRECTION('center_axis',(-1.,0.,0.));
#6754=DIRECTION('ref_axis',(0.,-1.,0.));
#6755=DIRECTION('',(0.,-1.,0.));
#6756=DIRECTION('',(0.,0.,1.));
#6757=DIRECTION('center_axis',(0.,1.,0.));
#6758=DIRECTION('ref_axis',(-1.,0.,0.));
#6759=DIRECTION('',(-1.,0.,0.));
#6760=DIRECTION('center_axis',(0.,0.,1.));
#6761=DIRECTION('ref_axis',(-1.,0.,0.));
#6762=DIRECTION('center_axis',(1.60982338570647E-15,-1.48029736616687E-15,
1.));
#6763=DIRECTION('ref_axis',(1.,8.88178419700127E-16,-1.60982338570647E-15));
#6764=DIRECTION('',(0.,0.,1.));
#6765=DIRECTION('',(0.,0.,1.));
#6766=DIRECTION('',(0.,0.,1.));
#6767=DIRECTION('',(0.,0.,1.));
#6768=DIRECTION('',(0.,0.,1.));
#6769=DIRECTION('',(0.,0.,1.));
#6770=DIRECTION('',(0.,0.,1.));
#6771=DIRECTION('',(0.,0.,1.));
#6772=DIRECTION('',(0.,0.,1.));
#6773=DIRECTION('',(0.,0.,1.));
#6774=DIRECTION('',(0.,0.,1.));
#6775=DIRECTION('',(0.,0.,1.));
#6776=DIRECTION('',(0.,0.,1.));
#6777=DIRECTION('',(0.,0.,1.));
#6778=DIRECTION('',(0.,0.,1.));
#6779=DIRECTION('',(0.,0.,1.));
#6780=DIRECTION('',(0.,0.,1.));
#6781=DIRECTION('center_axis',(0.,0.,1.));
#6782=DIRECTION('ref_axis',(-1.,0.,0.));
#6783=DIRECTION('center_axis',(1.60982338570647E-15,-1.48029736616687E-15,
1.));
#6784=DIRECTION('ref_axis',(1.,8.88178419700127E-16,-1.60982338570647E-15));
#6785=DIRECTION('center_axis',(1.,0.,0.));
#6786=DIRECTION('ref_axis',(0.,1.,0.));
#6787=DIRECTION('',(0.,0.,1.));
#6788=DIRECTION('',(0.,1.,0.));
#6789=DIRECTION('',(0.,0.,1.));
#6790=DIRECTION('center_axis',(0.,-1.,0.));
#6791=DIRECTION('ref_axis',(1.,0.,0.));
#6792=DIRECTION('',(1.,0.,0.));
#6793=DIRECTION('',(0.,0.,1.));
#6794=DIRECTION('center_axis',(-1.,0.,0.));
#6795=DIRECTION('ref_axis',(0.,-1.,0.));
#6796=DIRECTION('',(0.,-1.,0.));
#6797=DIRECTION('',(0.,0.,1.));
#6798=DIRECTION('',(0.,0.,1.));
#6799=DIRECTION('',(0.,0.,1.));
#6800=DIRECTION('',(0.,0.,1.));
#6801=DIRECTION('center_axis',(-0.937477348177644,0.348046292400612,0.));
#6802=DIRECTION('ref_axis',(-0.348046292400612,-0.937477348177644,0.));
#6803=DIRECTION('',(-0.348046292400612,-0.937477348177644,0.));
#6804=DIRECTION('',(0.,0.,1.));
#6805=DIRECTION('',(0.,0.,1.));
#6806=DIRECTION('',(0.,0.,1.));
#6807=DIRECTION('',(0.,0.,1.));
#6808=DIRECTION('',(0.,0.,1.));
#6809=DIRECTION('center_axis',(-1.,0.,0.));
#6810=DIRECTION('ref_axis',(0.,-1.,0.));
#6811=DIRECTION('',(0.,-1.,0.));
#6812=DIRECTION('',(0.,0.,1.));
#6813=DIRECTION('center_axis',(0.,1.,0.));
#6814=DIRECTION('ref_axis',(-1.,0.,0.));
#6815=DIRECTION('',(-1.,0.,0.));
#6816=DIRECTION('center_axis',(0.,0.,1.));
#6817=DIRECTION('ref_axis',(-1.,0.,0.));
#6818=DIRECTION('center_axis',(1.,0.,0.));
#6819=DIRECTION('ref_axis',(0.,1.,0.));
#6820=DIRECTION('',(0.,0.,1.));
#6821=DIRECTION('',(0.,1.,0.));
#6822=DIRECTION('',(0.,0.,1.));
#6823=DIRECTION('center_axis',(0.,-1.,0.));
#6824=DIRECTION('ref_axis',(1.,0.,0.));
#6825=DIRECTION('',(1.,0.,0.));
#6826=DIRECTION('',(0.,0.,1.));
#6827=DIRECTION('center_axis',(-1.,0.,0.));
#6828=DIRECTION('ref_axis',(0.,-1.,0.));
#6829=DIRECTION('',(0.,-1.,0.));
#6830=DIRECTION('',(0.,0.,1.));
#6831=DIRECTION('',(0.,0.,1.));
#6832=DIRECTION('',(0.,0.,1.));
#6833=DIRECTION('',(0.,0.,1.));
#6834=DIRECTION('',(0.,0.,1.));
#6835=DIRECTION('',(0.,0.,1.));
#6836=DIRECTION('center_axis',(-1.,0.,0.));
#6837=DIRECTION('ref_axis',(0.,-1.,0.));
#6838=DIRECTION('',(0.,-1.,0.));
#6839=DIRECTION('',(0.,0.,1.));
#6840=DIRECTION('center_axis',(0.,1.,0.));
#6841=DIRECTION('ref_axis',(-1.,0.,0.));
#6842=DIRECTION('',(-1.,0.,0.));
#6843=DIRECTION('',(0.,0.,1.));
#6844=DIRECTION('center_axis',(1.,0.,0.));
#6845=DIRECTION('ref_axis',(0.,1.,0.));
#6846=DIRECTION('',(0.,1.,0.));
#6847=DIRECTION('',(0.,0.,1.));
#6848=DIRECTION('',(0.,0.,1.));
#6849=DIRECTION('',(0.,0.,1.));
#6850=DIRECTION('',(0.,0.,1.));
#6851=DIRECTION('',(0.,0.,1.));
#6852=DIRECTION('',(0.,0.,1.));
#6853=DIRECTION('center_axis',(-1.,0.,0.));
#6854=DIRECTION('ref_axis',(0.,-1.,0.));
#6855=DIRECTION('',(0.,-1.,0.));
#6856=DIRECTION('',(0.,0.,1.));
#6857=DIRECTION('center_axis',(0.,1.,0.));
#6858=DIRECTION('ref_axis',(-1.,0.,0.));
#6859=DIRECTION('',(-1.,0.,0.));
#6860=DIRECTION('center_axis',(0.,0.,1.));
#6861=DIRECTION('ref_axis',(-1.,0.,0.));
#6862=DIRECTION('center_axis',(1.,0.,0.));
#6863=DIRECTION('ref_axis',(0.,1.,0.));
#6864=DIRECTION('',(0.,0.,1.));
#6865=DIRECTION('',(0.,1.,0.));
#6866=DIRECTION('',(0.,0.,1.));
#6867=DIRECTION('center_axis',(0.,-1.,0.));
#6868=DIRECTION('ref_axis',(1.,0.,0.));
#6869=DIRECTION('',(1.,0.,0.));
#6870=DIRECTION('',(0.,0.,1.));
#6871=DIRECTION('center_axis',(-1.,0.,0.));
#6872=DIRECTION('ref_axis',(0.,-1.,0.));
#6873=DIRECTION('',(0.,-1.,0.));
#6874=DIRECTION('',(0.,0.,1.));
#6875=DIRECTION('center_axis',(0.,1.,0.));
#6876=DIRECTION('ref_axis',(-1.,0.,0.));
#6877=DIRECTION('',(-1.,0.,0.));
#6878=DIRECTION('center_axis',(0.,0.,1.));
#6879=DIRECTION('ref_axis',(1.,0.,0.));
#6880=DIRECTION('',(0.,0.,1.));
#6881=DIRECTION('',(0.,0.,1.));
#6882=DIRECTION('',(0.,0.,1.));
#6883=DIRECTION('',(0.,0.,1.));
#6884=DIRECTION('',(0.,0.,1.));
#6885=DIRECTION('',(0.,0.,1.));
#6886=DIRECTION('',(0.,0.,1.));
#6887=DIRECTION('',(0.,0.,1.));
#6888=DIRECTION('',(0.,0.,1.));
#6889=DIRECTION('',(0.,0.,1.));
#6890=DIRECTION('',(0.,0.,1.));
#6891=DIRECTION('',(0.,0.,1.));
#6892=DIRECTION('',(0.,0.,1.));
#6893=DIRECTION('',(0.,0.,1.));
#6894=DIRECTION('',(0.,0.,1.));
#6895=DIRECTION('',(0.,0.,1.));
#6896=DIRECTION('',(0.,0.,1.));
#6897=DIRECTION('center_axis',(0.,0.,1.));
#6898=DIRECTION('ref_axis',(-1.,0.,0.));
#6899=DIRECTION('center_axis',(1.60982338570647E-15,-1.48029736616687E-15,
1.));
#6900=DIRECTION('ref_axis',(1.,8.88178419700127E-16,-1.60982338570647E-15));
#6901=DIRECTION('center_axis',(0.,0.,-1.));
#6902=DIRECTION('ref_axis',(-1.,0.,0.));
#6903=DIRECTION('',(-1.21115239050017E-15,-1.,0.));
#6904=DIRECTION('',(-1.,0.,0.));
#6905=DIRECTION('',(1.48029736616687E-15,1.,0.));
#6906=DIRECTION('',(1.,8.88178419700125E-16,0.));
#6907=DIRECTION('center_axis',(0.,0.,-1.));
#6908=DIRECTION('ref_axis',(-1.,0.,0.));
#6909=DIRECTION('',(-7.40148683083437E-16,1.,1.48029736616687E-15));
#6910=DIRECTION('',(1.,8.88178419700125E-16,0.));
#6911=DIRECTION('',(7.40148683083437E-16,-1.,-1.48029736616687E-15));
#6912=DIRECTION('',(-1.,0.,0.));
#6913=DIRECTION('center_axis',(7.86993536443149E-16,-1.,-1.11022302462516E-15));
#6914=DIRECTION('ref_axis',(0.,1.11022302462516E-15,-1.));
#6915=DIRECTION('',(0.,1.11022302462516E-15,-1.));
#6916=DIRECTION('',(0.,-1.11022302462516E-15,1.));
#6917=DIRECTION('',(1.,7.86993536443149E-16,0.));
#6918=DIRECTION('center_axis',(0.,1.,1.48029736616687E-15));
#6919=DIRECTION('ref_axis',(0.,-1.48029736616687E-15,1.));
#6920=DIRECTION('',(3.28692043842088E-31,1.33226762955019E-15,-1.));
#6921=DIRECTION('',(0.,0.,-1.));
#6922=DIRECTION('',(-1.,-8.88178419700127E-16,1.60982338570647E-15));
#6923=DIRECTION('',(2.46519032881566E-30,1.33226762955019E-15,-1.));
#6924=DIRECTION('',(0.,0.,-1.));
#6925=DIRECTION('center_axis',(1.60982338570647E-15,-1.48029736616687E-15,
1.));
#6926=DIRECTION('ref_axis',(1.,8.88178419700127E-16,-1.60982338570647E-15));
#6927=DIRECTION('center_axis',(0.,-1.11022302462516E-15,1.));
#6928=DIRECTION('ref_axis',(-1.,3.463592411986E-30,0.));
#6929=DIRECTION('',(0.,1.11022302462516E-15,-1.));
#6930=DIRECTION('center_axis',(-1.60982338570647E-15,5.82867087928206E-16,
-1.));
#6931=DIRECTION('ref_axis',(-1.,1.67632942359465E-30,1.60982338570647E-15));
#6932=DIRECTION('center_axis',(0.,-1.11022302462516E-15,1.));
#6933=DIRECTION('ref_axis',(-1.,3.463592411986E-30,0.));
#6934=DIRECTION('',(0.,1.11022302462516E-15,-1.));
#6935=DIRECTION('center_axis',(-1.60982338570647E-15,5.82867087928206E-16,
-1.));
#6936=DIRECTION('ref_axis',(-1.,1.67632942359465E-30,1.60982338570647E-15));
#6937=DIRECTION('center_axis',(-1.,-2.86956838219647E-16,1.11022302462515E-16));
#6938=DIRECTION('ref_axis',(2.86956838219647E-16,-1.,-5.82867087928208E-16));
#6939=DIRECTION('',(0.,1.11022302462516E-15,-1.));
#6940=DIRECTION('',(-2.86956838219647E-16,1.,5.82867087928207E-16));
#6941=DIRECTION('',(1.1102230246251E-16,1.67386515425806E-14,1.));
#6942=DIRECTION('center_axis',(8.46545056276682E-16,-1.,-5.82867087928208E-16));
#6943=DIRECTION('ref_axis',(1.,8.46545056276682E-16,-1.11022302462514E-16));
#6944=DIRECTION('',(-3.86597725430823E-18,-5.82867087928208E-16,1.));
#6945=DIRECTION('',(-1.,-8.46545056276683E-16,1.60982338570647E-15));
#6946=DIRECTION('',(-5.13471407918126E-14,5.82867087928164E-16,-1.));
#6947=DIRECTION('center_axis',(-1.,-8.46545056276682E-16,1.11022302462514E-16));
#6948=DIRECTION('ref_axis',(8.46545056276682E-16,-1.,-5.82867087928208E-16));
#6949=DIRECTION('',(0.,-1.11022302462516E-15,1.));
#6950=DIRECTION('',(-1.11022302462514E-16,1.26026970798195E-18,-1.));
#6951=DIRECTION('',(-8.46545056276682E-16,1.,5.82867087928208E-16));
#6952=DIRECTION('center_axis',(-0.0113507690875315,-0.99993557794546,0.));
#6953=DIRECTION('ref_axis',(-0.99993557794546,0.0113507690875315,0.));
#6954=DIRECTION('',(-0.99993557794546,0.0113507690875315,1.61633566730031E-15));
#6955=DIRECTION('center_axis',(0.999978004431165,-0.00663254505187568,0.));
#6956=DIRECTION('ref_axis',(-0.00663254505187568,-0.999978004431165,0.));
#6957=DIRECTION('',(-0.00663254505187568,-0.999978004431165,-5.72177041303791E-16));
#6958=DIRECTION('center_axis',(-1.,1.48029736616687E-15,0.));
#6959=DIRECTION('ref_axis',(1.48029736616687E-15,1.,0.));
#6960=DIRECTION('',(0.,0.,-1.));
#6961=DIRECTION('',(0.,-1.,0.));
#6962=DIRECTION('center_axis',(0.,-1.,0.));
#6963=DIRECTION('ref_axis',(0.,0.,-1.));
#6964=DIRECTION('',(0.,0.,-1.));
#6965=DIRECTION('',(1.,7.2164496600635E-16,-1.60982338570647E-15));
#6966=DIRECTION('',(0.,0.,-1.));
#6967=DIRECTION('',(0.,1.11022302462516E-15,-1.));
#6968=DIRECTION('center_axis',(0.,-1.11022302462516E-15,1.));
#6969=DIRECTION('ref_axis',(0.808708131726225,-0.588210130548496,-6.5304443025271E-16));
#6970=DIRECTION('center_axis',(-1.60982338570647E-15,5.82867087928206E-16,
-1.));
#6971=DIRECTION('ref_axis',(-1.,1.67632942359465E-30,1.60982338570647E-15));
#6972=DIRECTION('center_axis',(1.,-1.48029736616687E-15,-1.64346021921044E-30));
#6973=DIRECTION('ref_axis',(1.48029736616687E-15,1.,5.82867087928204E-16));
#6974=DIRECTION('center_axis',(0.,-1.11022302462516E-15,1.));
#6975=DIRECTION('ref_axis',(-1.,3.463592411986E-30,0.));
#6976=DIRECTION('center_axis',(-1.60982338570647E-15,5.82867087928206E-16,
-1.));
#6977=DIRECTION('ref_axis',(-1.,1.67632942359465E-30,1.60982338570647E-15));
#6978=DIRECTION('center_axis',(-1.60982338570647E-15,1.48029736616687E-15,
-1.));
#6979=DIRECTION('ref_axis',(-1.,-8.88178419700127E-16,1.60982338570647E-15));
#6980=DIRECTION('',(0.,1.,5.82867087928206E-16));
#6981=DIRECTION('center_axis',(-1.,-7.40148683083437E-16,-1.31476817536835E-30));
#6982=DIRECTION('ref_axis',(-3.28692043842088E-31,-1.33226762955019E-15,
1.));
#6983=DIRECTION('center_axis',(1.,7.40148683083437E-16,3.45126646034192E-30));
#6984=DIRECTION('ref_axis',(2.46519032881566E-30,1.33226762955019E-15,-1.));
#6985=CARTESIAN_POINT('',(0.,0.,0.));
#6986=CARTESIAN_POINT('Origin',(105.558039916466,-0.0701218358206113,15.6999999999999));
#6987=CARTESIAN_POINT('',(107.549171967218,-0.0701218358206113,15.6999999999999));
#6988=CARTESIAN_POINT('',(105.558039916466,-0.0701218358206113,15.6999999999999));
#6989=CARTESIAN_POINT('',(65.1437104770034,-0.0701218358206113,15.6999999999999));
#6990=CARTESIAN_POINT('',(107.549171967218,-0.0701218358206113,17.6999999999999));
#6991=CARTESIAN_POINT('',(107.549171967218,-0.0701218358206113,15.6999999999999));
#6992=CARTESIAN_POINT('',(105.558039916466,-0.0701218358206113,17.6999999999999));
#6993=CARTESIAN_POINT('',(107.549171967218,-0.0701218358206113,17.6999999999999));
#6994=CARTESIAN_POINT('',(105.558039916466,-0.0701218358206113,15.6999999999999));
#6995=CARTESIAN_POINT('Ctrl Pts',(104.564860833595,-0.201431464307245,15.6999999999999));
#6996=CARTESIAN_POINT('Ctrl Pts',(104.564860833595,-0.201431464307245,17.6999999999999));
#6997=CARTESIAN_POINT('Ctrl Pts',(104.706551142388,-0.163290622524686,15.6999999999999));
#6998=CARTESIAN_POINT('Ctrl Pts',(104.706551142388,-0.163290622524686,17.6999999999999));
#6999=CARTESIAN_POINT('Ctrl Pts',(105.031358728949,-0.0758574390251715,
15.6999999999999));
#7000=CARTESIAN_POINT('Ctrl Pts',(105.031358728949,-0.0758574390251715,
17.6999999999999));
#7001=CARTESIAN_POINT('Ctrl Pts',(105.368160601467,-0.0721896378105058,
15.6999999999999));
#7002=CARTESIAN_POINT('Ctrl Pts',(105.368160601467,-0.0721896378105058,
17.6999999999999));
#7003=CARTESIAN_POINT('Ctrl Pts',(105.558039916466,-0.0701218358206113,
15.6999999999999));
#7004=CARTESIAN_POINT('Ctrl Pts',(105.558039916466,-0.0701218358206113,
17.6999999999999));
#7005=CARTESIAN_POINT('',(104.564860833595,-0.201431464307245,15.6999999999999));
#7006=CARTESIAN_POINT('Ctrl Pts',(105.558039916466,-0.0701218358206113,
15.6999999999999));
#7007=CARTESIAN_POINT('Ctrl Pts',(105.368160601467,-0.0721896378105058,
15.6999999999999));
#7008=CARTESIAN_POINT('Ctrl Pts',(105.031358728949,-0.0758574390251715,
15.6999999999999));
#7009=CARTESIAN_POINT('Ctrl Pts',(104.706551142388,-0.163290622524686,15.6999999999999));
#7010=CARTESIAN_POINT('Ctrl Pts',(104.564860833595,-0.201431464307245,15.6999999999999));
#7011=CARTESIAN_POINT('',(104.564860833595,-0.201431464307245,17.6999999999999));
#7012=CARTESIAN_POINT('Ctrl Pts',(104.564860833595,-0.201431464307245,17.6999999999999));
#7013=CARTESIAN_POINT('Ctrl Pts',(104.706551142388,-0.163290622524686,17.6999999999999));
#7014=CARTESIAN_POINT('Ctrl Pts',(105.031358728949,-0.0758574390251715,
17.6999999999999));
#7015=CARTESIAN_POINT('Ctrl Pts',(105.368160601467,-0.0721896378105058,
17.6999999999999));
#7016=CARTESIAN_POINT('Ctrl Pts',(105.558039916466,-0.0701218358206113,
17.6999999999999));
#7017=CARTESIAN_POINT('',(104.564860833595,-0.201431464307245,15.6999999999999));
#7018=CARTESIAN_POINT('Ctrl Pts',(104.020522607277,-0.621622454278405,15.6999999999999));
#7019=CARTESIAN_POINT('Ctrl Pts',(104.020522607277,-0.621622454278405,17.6999999999999));
#7020=CARTESIAN_POINT('Ctrl Pts',(104.091357438982,-0.531321973371084,15.6999999999999));
#7021=CARTESIAN_POINT('Ctrl Pts',(104.091357438982,-0.531321973371084,17.6999999999999));
#7022=CARTESIAN_POINT('Ctrl Pts',(104.237129556068,-0.345491189860708,15.6999999999999));
#7023=CARTESIAN_POINT('Ctrl Pts',(104.237129556068,-0.345491189860708,17.6999999999999));
#7024=CARTESIAN_POINT('Ctrl Pts',(104.453586497307,-0.250343946716014,15.6999999999999));
#7025=CARTESIAN_POINT('Ctrl Pts',(104.453586497307,-0.250343946716014,17.6999999999999));
#7026=CARTESIAN_POINT('Ctrl Pts',(104.564860833595,-0.201431464307245,15.6999999999999));
#7027=CARTESIAN_POINT('Ctrl Pts',(104.564860833595,-0.201431464307245,17.6999999999999));
#7028=CARTESIAN_POINT('',(104.020522607277,-0.621622454278405,15.6999999999999));
#7029=CARTESIAN_POINT('Ctrl Pts',(104.564860833595,-0.201431464307245,15.6999999999999));
#7030=CARTESIAN_POINT('Ctrl Pts',(104.453586497307,-0.250343946716014,15.6999999999999));
#7031=CARTESIAN_POINT('Ctrl Pts',(104.237129556068,-0.345491189860708,15.6999999999999));
#7032=CARTESIAN_POINT('Ctrl Pts',(104.091357438982,-0.531321973371084,15.6999999999999));
#7033=CARTESIAN_POINT('Ctrl Pts',(104.020522607277,-0.621622454278405,15.6999999999999));
#7034=CARTESIAN_POINT('',(104.020522607277,-0.621622454278405,17.6999999999999));
#7035=CARTESIAN_POINT('Ctrl Pts',(104.020522607277,-0.621622454278405,17.6999999999999));
#7036=CARTESIAN_POINT('Ctrl Pts',(104.091357438982,-0.531321973371084,17.6999999999999));
#7037=CARTESIAN_POINT('Ctrl Pts',(104.237129556068,-0.345491189860708,17.6999999999999));
#7038=CARTESIAN_POINT('Ctrl Pts',(104.453586497307,-0.250343946716014,17.6999999999999));
#7039=CARTESIAN_POINT('Ctrl Pts',(104.564860833595,-0.201431464307245,17.6999999999999));
#7040=CARTESIAN_POINT('',(104.020522607277,-0.621622454278405,15.6999999999999));
#7041=CARTESIAN_POINT('Ctrl Pts',(103.834301603745,-1.24952132617706,15.6999999999999));
#7042=CARTESIAN_POINT('Ctrl Pts',(103.834301603745,-1.24952132617706,17.6999999999999));
#7043=CARTESIAN_POINT('Ctrl Pts',(103.842173499534,-1.13843013853263,15.6999999999999));
#7044=CARTESIAN_POINT('Ctrl Pts',(103.842173499534,-1.13843013853263,17.6999999999999));
#7045=CARTESIAN_POINT('Ctrl Pts',(103.857974938835,-0.91543421663443,15.6999999999999));
#7046=CARTESIAN_POINT('Ctrl Pts',(103.857974938835,-0.91543421663443,17.6999999999999));
#7047=CARTESIAN_POINT('Ctrl Pts',(103.966208429904,-0.719797619310524,15.6999999999999));
#7048=CARTESIAN_POINT('Ctrl Pts',(103.966208429904,-0.719797619310524,17.6999999999999));
#7049=CARTESIAN_POINT('Ctrl Pts',(104.020522607277,-0.621622454278405,15.6999999999999));
#7050=CARTESIAN_POINT('Ctrl Pts',(104.020522607277,-0.621622454278405,17.6999999999999));
#7051=CARTESIAN_POINT('',(103.834301603745,-1.24952132617706,15.6999999999999));
#7052=CARTESIAN_POINT('Ctrl Pts',(104.020522607277,-0.621622454278405,15.6999999999999));
#7053=CARTESIAN_POINT('Ctrl Pts',(103.966208429904,-0.719797619310524,15.6999999999999));
#7054=CARTESIAN_POINT('Ctrl Pts',(103.857974938835,-0.91543421663443,15.6999999999999));
#7055=CARTESIAN_POINT('Ctrl Pts',(103.842173499534,-1.13843013853263,15.6999999999999));
#7056=CARTESIAN_POINT('Ctrl Pts',(103.834301603745,-1.24952132617706,15.6999999999999));
#7057=CARTESIAN_POINT('',(103.834301603745,-1.24952132617706,17.6999999999999));
#7058=CARTESIAN_POINT('Ctrl Pts',(103.834301603745,-1.24952132617706,17.6999999999999));
#7059=CARTESIAN_POINT('Ctrl Pts',(103.842173499534,-1.13843013853263,17.6999999999999));
#7060=CARTESIAN_POINT('Ctrl Pts',(103.857974938835,-0.91543421663443,17.6999999999999));
#7061=CARTESIAN_POINT('Ctrl Pts',(103.966208429904,-0.719797619310524,17.6999999999999));
#7062=CARTESIAN_POINT('Ctrl Pts',(104.020522607277,-0.621622454278405,17.6999999999999));
#7063=CARTESIAN_POINT('',(103.834301603745,-1.24952132617706,15.6999999999999));
#7064=CARTESIAN_POINT('Ctrl Pts',(104.1948065886,-2.06602926170104,15.6999999999999));
#7065=CARTESIAN_POINT('Ctrl Pts',(104.1948065886,-2.06602926170104,17.6999999999999));
#7066=CARTESIAN_POINT('Ctrl Pts',(104.089661546782,-1.95133284344161,15.6999999999999));
#7067=CARTESIAN_POINT('Ctrl Pts',(104.089661546782,-1.95133284344161,17.6999999999999));
#7068=CARTESIAN_POINT('Ctrl Pts',(103.877560589269,-1.71996463324913,15.6999999999999));
#7069=CARTESIAN_POINT('Ctrl Pts',(103.877560589269,-1.71996463324913,17.6999999999999));
#7070=CARTESIAN_POINT('Ctrl Pts',(103.848803107386,-1.40722579492721,15.6999999999999));
#7071=CARTESIAN_POINT('Ctrl Pts',(103.848803107386,-1.40722579492721,17.6999999999999));
#7072=CARTESIAN_POINT('Ctrl Pts',(103.834301603745,-1.24952132617706,15.6999999999999));
#7073=CARTESIAN_POINT('Ctrl Pts',(103.834301603745,-1.24952132617706,17.6999999999999));
#7074=CARTESIAN_POINT('',(104.1948065886,-2.06602926170104,15.6999999999999));
#7075=CARTESIAN_POINT('Ctrl Pts',(103.834301603745,-1.24952132617706,15.6999999999999));
#7076=CARTESIAN_POINT('Ctrl Pts',(103.848803107386,-1.40722579492721,15.6999999999999));
#7077=CARTESIAN_POINT('Ctrl Pts',(103.877560589269,-1.71996463324913,15.6999999999999));
#7078=CARTESIAN_POINT('Ctrl Pts',(104.089661546782,-1.95133284344161,15.6999999999999));
#7079=CARTESIAN_POINT('Ctrl Pts',(104.1948065886,-2.06602926170104,15.6999999999999));
#7080=CARTESIAN_POINT('',(104.1948065886,-2.06602926170104,17.6999999999999));
#7081=CARTESIAN_POINT('Ctrl Pts',(104.1948065886,-2.06602926170104,17.6999999999999));
#7082=CARTESIAN_POINT('Ctrl Pts',(104.089661546782,-1.95133284344161,17.6999999999999));
#7083=CARTESIAN_POINT('Ctrl Pts',(103.877560589269,-1.71996463324913,17.6999999999999));
#7084=CARTESIAN_POINT('Ctrl Pts',(103.848803107386,-1.40722579492721,17.6999999999999));
#7085=CARTESIAN_POINT('Ctrl Pts',(103.834301603745,-1.24952132617706,17.6999999999999));
#7086=CARTESIAN_POINT('',(104.1948065886,-2.06602926170104,15.6999999999999));
#7087=CARTESIAN_POINT('Ctrl Pts',(105.33361948819,-2.38594705974334,15.6999999999999));
#7088=CARTESIAN_POINT('Ctrl Pts',(105.33361948819,-2.38594705974334,17.6999999999999));
#7089=CARTESIAN_POINT('Ctrl Pts',(105.102334744367,-2.38104577343088,15.6999999999999));
#7090=CARTESIAN_POINT('Ctrl Pts',(105.102334744367,-2.38104577343088,17.6999999999999));
#7091=CARTESIAN_POINT('Ctrl Pts',(104.692721079491,-2.37236541771062,15.6999999999999));
#7092=CARTESIAN_POINT('Ctrl Pts',(104.692721079491,-2.37236541771062,17.6999999999999));
#7093=CARTESIAN_POINT('Ctrl Pts',(104.345829079677,-2.15894411000098,15.6999999999999));
#7094=CARTESIAN_POINT('Ctrl Pts',(104.345829079677,-2.15894411000098,17.6999999999999));
#7095=CARTESIAN_POINT('Ctrl Pts',(104.1948065886,-2.06602926170104,15.6999999999999));
#7096=CARTESIAN_POINT('Ctrl Pts',(104.1948065886,-2.06602926170104,17.6999999999999));
#7097=CARTESIAN_POINT('',(105.33361948819,-2.38594705974334,15.6999999999999));
#7098=CARTESIAN_POINT('Ctrl Pts',(104.1948065886,-2.06602926170104,15.6999999999999));
#7099=CARTESIAN_POINT('Ctrl Pts',(104.345829079677,-2.15894411000098,15.6999999999999));
#7100=CARTESIAN_POINT('Ctrl Pts',(104.692721079491,-2.37236541771062,15.6999999999999));
#7101=CARTESIAN_POINT('Ctrl Pts',(105.102334744367,-2.38104577343088,15.6999999999999));
#7102=CARTESIAN_POINT('Ctrl Pts',(105.33361948819,-2.38594705974334,15.6999999999999));
#7103=CARTESIAN_POINT('',(105.33361948819,-2.38594705974334,17.6999999999999));
#7104=CARTESIAN_POINT('Ctrl Pts',(105.33361948819,-2.38594705974334,17.6999999999999));
#7105=CARTESIAN_POINT('Ctrl Pts',(105.102334744367,-2.38104577343088,17.6999999999999));
#7106=CARTESIAN_POINT('Ctrl Pts',(104.692721079491,-2.37236541771062,17.6999999999999));
#7107=CARTESIAN_POINT('Ctrl Pts',(104.345829079677,-2.15894411000098,17.6999999999999));
#7108=CARTESIAN_POINT('Ctrl Pts',(104.1948065886,-2.06602926170104,17.6999999999999));
#7109=CARTESIAN_POINT('',(105.33361948819,-2.38594705974334,15.6999999999999));
#7110=CARTESIAN_POINT('Origin',(107.549171967218,-2.38594705974334,15.6999999999999));
#7111=CARTESIAN_POINT('',(107.549171967218,-2.38594705974334,15.6999999999999));
#7112=CARTESIAN_POINT('',(66.1392765023798,-2.38594705974334,15.6999999999998));
#7113=CARTESIAN_POINT('',(107.549171967218,-2.38594705974334,17.6999999999999));
#7114=CARTESIAN_POINT('',(105.33361948819,-2.38594705974334,17.6999999999999));
#7115=CARTESIAN_POINT('',(107.549171967218,-2.38594705974334,15.6999999999999));
#7116=CARTESIAN_POINT('Origin',(107.549171967218,-0.0701218358206113,15.6999999999999));
#7117=CARTESIAN_POINT('',(107.549171967218,20.4592631966744,15.6999999999998));
#7118=CARTESIAN_POINT('',(107.549171967218,-2.38594705974334,17.6999999999999));
#7119=CARTESIAN_POINT('Origin',(108.475502056788,-3.15948064243072,15.6999999999999));
#7120=CARTESIAN_POINT('',(108.475502056788,3.84051923835999,15.6999999999999));
#7121=CARTESIAN_POINT('',(108.475502056788,-3.15948064243072,15.6999999999999));
#7122=CARTESIAN_POINT('',(108.475502056788,18.9145837933693,15.6999999999998));
#7123=CARTESIAN_POINT('',(108.475502056788,3.84051923835999,17.6999999999999));
#7124=CARTESIAN_POINT('',(108.475502056788,3.84051923835999,15.6999999999999));
#7125=CARTESIAN_POINT('',(108.475502056788,-3.15948064243072,17.6999999999999));
#7126=CARTESIAN_POINT('',(108.475502056788,3.84051923835999,17.6999999999999));
#7127=CARTESIAN_POINT('',(108.475502056788,-3.15948064243072,15.6999999999999));
#7128=CARTESIAN_POINT('Origin',(105.371818912933,-3.15948064243072,15.6999999999999));
#7129=CARTESIAN_POINT('',(105.371818912933,-3.15948064243072,15.6999999999999));
#7130=CARTESIAN_POINT('',(65.0505999752372,-3.15948064243072,15.6999999999998));
#7131=CARTESIAN_POINT('',(105.371818912933,-3.15948064243072,17.6999999999999));
#7132=CARTESIAN_POINT('',(108.475502056788,-3.15948064243072,17.6999999999999));
#7133=CARTESIAN_POINT('',(105.371818912933,-3.15948064243072,15.6999999999999));
#7134=CARTESIAN_POINT('Ctrl Pts',(103.948899281929,-2.97087187682861,15.6999999999999));
#7135=CARTESIAN_POINT('Ctrl Pts',(103.948899281929,-2.97087187682861,17.6999999999999));
#7136=CARTESIAN_POINT('Ctrl Pts',(104.147547853846,-3.02559314192619,15.6999999999999));
#7137=CARTESIAN_POINT('Ctrl Pts',(104.147547853846,-3.02559314192619,17.6999999999999));
#7138=CARTESIAN_POINT('Ctrl Pts',(104.612370752908,-3.15363683656476,15.6999999999999));
#7139=CARTESIAN_POINT('Ctrl Pts',(104.612370752908,-3.15363683656476,17.6999999999999));
#7140=CARTESIAN_POINT('Ctrl Pts',(105.095284890985,-3.15735276692234,15.6999999999999));
#7141=CARTESIAN_POINT('Ctrl Pts',(105.095284890985,-3.15735276692234,17.6999999999999));
#7142=CARTESIAN_POINT('Ctrl Pts',(105.371818912933,-3.15948064243072,15.6999999999999));
#7143=CARTESIAN_POINT('Ctrl Pts',(105.371818912933,-3.15948064243072,17.6999999999999));
#7144=CARTESIAN_POINT('',(103.948899281929,-2.97087187682861,15.6999999999999));
#7145=CARTESIAN_POINT('Ctrl Pts',(105.371818912933,-3.15948064243072,15.6999999999999));
#7146=CARTESIAN_POINT('Ctrl Pts',(105.095284890985,-3.15735276692234,15.6999999999999));
#7147=CARTESIAN_POINT('Ctrl Pts',(104.612370752908,-3.15363683656476,15.6999999999999));
#7148=CARTESIAN_POINT('Ctrl Pts',(104.147547853846,-3.02559314192619,15.6999999999999));
#7149=CARTESIAN_POINT('Ctrl Pts',(103.948899281929,-2.97087187682861,15.6999999999999));
#7150=CARTESIAN_POINT('',(103.948899281929,-2.97087187682861,17.6999999999999));
#7151=CARTESIAN_POINT('Ctrl Pts',(103.948899281929,-2.97087187682861,17.6999999999999));
#7152=CARTESIAN_POINT('Ctrl Pts',(104.147547853846,-3.02559314192619,17.6999999999999));
#7153=CARTESIAN_POINT('Ctrl Pts',(104.612370752908,-3.15363683656476,17.6999999999999));
#7154=CARTESIAN_POINT('Ctrl Pts',(105.095284890985,-3.15735276692234,17.6999999999999));
#7155=CARTESIAN_POINT('Ctrl Pts',(105.371818912933,-3.15948064243072,17.6999999999999));
#7156=CARTESIAN_POINT('',(103.948899281929,-2.97087187682861,15.6999999999999));
#7157=CARTESIAN_POINT('Ctrl Pts',(103.170590771149,-2.30477387820953,15.6999999999999));
#7158=CARTESIAN_POINT('Ctrl Pts',(103.170590771149,-2.30477387820953,17.6999999999999));
#7159=CARTESIAN_POINT('Ctrl Pts',(103.274280356027,-2.45128678113096,15.6999999999999));
#7160=CARTESIAN_POINT('Ctrl Pts',(103.274280356027,-2.45128678113096,17.6999999999999));
#7161=CARTESIAN_POINT('Ctrl Pts',(103.477882464597,-2.73897561701888,15.6999999999999));
#7162=CARTESIAN_POINT('Ctrl Pts',(103.477882464597,-2.73897561701888,17.6999999999999));
#7163=CARTESIAN_POINT('Ctrl Pts',(103.793847518625,-2.89453506110572,15.6999999999999));
#7164=CARTESIAN_POINT('Ctrl Pts',(103.793847518625,-2.89453506110572,17.6999999999999));
#7165=CARTESIAN_POINT('Ctrl Pts',(103.948899281929,-2.97087187682861,15.6999999999999));
#7166=CARTESIAN_POINT('Ctrl Pts',(103.948899281929,-2.97087187682861,17.6999999999999));
#7167=CARTESIAN_POINT('',(103.170590771149,-2.30477387820953,15.6999999999999));
#7168=CARTESIAN_POINT('Ctrl Pts',(103.948899281929,-2.97087187682861,15.6999999999999));
#7169=CARTESIAN_POINT('Ctrl Pts',(103.793847518625,-2.89453506110572,15.6999999999999));
#7170=CARTESIAN_POINT('Ctrl Pts',(103.477882464597,-2.73897561701888,15.6999999999999));
#7171=CARTESIAN_POINT('Ctrl Pts',(103.274280356027,-2.45128678113096,15.6999999999999));
#7172=CARTESIAN_POINT('Ctrl Pts',(103.170590771149,-2.30477387820953,15.6999999999999));
#7173=CARTESIAN_POINT('',(103.170590771149,-2.30477387820953,17.6999999999999));
#7174=CARTESIAN_POINT('Ctrl Pts',(103.170590771149,-2.30477387820953,17.6999999999999));
#7175=CARTESIAN_POINT('Ctrl Pts',(103.274280356027,-2.45128678113096,17.6999999999999));
#7176=CARTESIAN_POINT('Ctrl Pts',(103.477882464597,-2.73897561701888,17.6999999999999));
#7177=CARTESIAN_POINT('Ctrl Pts',(103.793847518625,-2.89453506110572,17.6999999999999));
#7178=CARTESIAN_POINT('Ctrl Pts',(103.948899281929,-2.97087187682861,17.6999999999999));
#7179=CARTESIAN_POINT('',(103.170590771149,-2.30477387820953,15.6999999999999));
#7180=CARTESIAN_POINT('Ctrl Pts',(102.879321945618,-1.24952132617706,15.6999999999999));
#7181=CARTESIAN_POINT('Ctrl Pts',(102.879321945618,-1.24952132617706,17.6999999999999));
#7182=CARTESIAN_POINT('Ctrl Pts',(102.891036109381,-1.43723542187429,15.6999999999999));
#7183=CARTESIAN_POINT('Ctrl Pts',(102.891036109381,-1.43723542187429,17.6999999999999));
#7184=CARTESIAN_POINT('Ctrl Pts',(102.914265078283,-1.80946898284336,15.6999999999999));
#7185=CARTESIAN_POINT('Ctrl Pts',(102.914265078283,-1.80946898284336,17.6999999999999));
#7186=CARTESIAN_POINT('Ctrl Pts',(103.085639136306,-2.14061959411599,15.6999999999999));
#7187=CARTESIAN_POINT('Ctrl Pts',(103.085639136306,-2.14061959411599,17.6999999999999));
#7188=CARTESIAN_POINT('Ctrl Pts',(103.170590771149,-2.30477387820953,15.6999999999999));
#7189=CARTESIAN_POINT('Ctrl Pts',(103.170590771149,-2.30477387820953,17.6999999999999));
#7190=CARTESIAN_POINT('',(102.879321945618,-1.24952132617706,15.6999999999999));
#7191=CARTESIAN_POINT('Ctrl Pts',(103.170590771149,-2.30477387820953,15.6999999999999));
#7192=CARTESIAN_POINT('Ctrl Pts',(103.085639136306,-2.14061959411599,15.6999999999999));
#7193=CARTESIAN_POINT('Ctrl Pts',(102.914265078283,-1.80946898284336,15.6999999999999));
#7194=CARTESIAN_POINT('Ctrl Pts',(102.891036109381,-1.43723542187429,15.6999999999999));
#7195=CARTESIAN_POINT('Ctrl Pts',(102.879321945618,-1.24952132617706,15.6999999999999));
#7196=CARTESIAN_POINT('',(102.879321945618,-1.24952132617706,17.6999999999999));
#7197=CARTESIAN_POINT('Ctrl Pts',(102.879321945618,-1.24952132617706,17.6999999999999));
#7198=CARTESIAN_POINT('Ctrl Pts',(102.891036109381,-1.43723542187429,17.6999999999999));
#7199=CARTESIAN_POINT('Ctrl Pts',(102.914265078283,-1.80946898284336,17.6999999999999));
#7200=CARTESIAN_POINT('Ctrl Pts',(103.085639136306,-2.14061959411599,17.6999999999999));
#7201=CARTESIAN_POINT('Ctrl Pts',(103.170590771149,-2.30477387820953,17.6999999999999));
#7202=CARTESIAN_POINT('',(102.879321945618,-1.24952132617706,15.6999999999999));
#7203=CARTESIAN_POINT('Ctrl Pts',(103.361586702774,0.00627641762024567,
15.6999999999999));
#7204=CARTESIAN_POINT('Ctrl Pts',(103.361586702774,0.00627641762024567,
17.6999999999999));
#7205=CARTESIAN_POINT('Ctrl Pts',(103.220936776276,-0.175738235309296,15.6999999999999));
#7206=CARTESIAN_POINT('Ctrl Pts',(103.220936776276,-0.175738235309296,17.6999999999999));
#7207=CARTESIAN_POINT('Ctrl Pts',(102.934981726192,-0.54579181791946,15.6999999999999));
#7208=CARTESIAN_POINT('Ctrl Pts',(102.934981726192,-0.54579181791946,17.6999999999999));
#7209=CARTESIAN_POINT('Ctrl Pts',(102.898075477219,-1.01241270958899,15.6999999999999));
#7210=CARTESIAN_POINT('Ctrl Pts',(102.898075477219,-1.01241270958899,17.6999999999999));
#7211=CARTESIAN_POINT('Ctrl Pts',(102.879321945618,-1.24952132617706,15.6999999999999));
#7212=CARTESIAN_POINT('Ctrl Pts',(102.879321945618,-1.24952132617706,17.6999999999999));
#7213=CARTESIAN_POINT('',(103.361586702774,0.00627641762024567,15.6999999999999));
#7214=CARTESIAN_POINT('Ctrl Pts',(102.879321945618,-1.24952132617706,15.6999999999999));
#7215=CARTESIAN_POINT('Ctrl Pts',(102.898075477219,-1.01241270958899,15.6999999999999));
#7216=CARTESIAN_POINT('Ctrl Pts',(102.934981726192,-0.54579181791946,15.6999999999999));
#7217=CARTESIAN_POINT('Ctrl Pts',(103.220936776276,-0.175738235309296,15.6999999999999));
#7218=CARTESIAN_POINT('Ctrl Pts',(103.361586702774,0.00627641762024567,
15.6999999999999));
#7219=CARTESIAN_POINT('',(103.361586702774,0.00627641762024567,17.6999999999999));
#7220=CARTESIAN_POINT('Ctrl Pts',(103.361586702774,0.00627641762024567,
17.6999999999999));
#7221=CARTESIAN_POINT('Ctrl Pts',(103.220936776276,-0.175738235309296,17.6999999999999));
#7222=CARTESIAN_POINT('Ctrl Pts',(102.934981726192,-0.54579181791946,17.6999999999999));
#7223=CARTESIAN_POINT('Ctrl Pts',(102.898075477219,-1.01241270958899,17.6999999999999));
#7224=CARTESIAN_POINT('Ctrl Pts',(102.879321945618,-1.24952132617706,17.6999999999999));
#7225=CARTESIAN_POINT('',(103.361586702774,0.00627641762024567,15.6999999999999));
#7226=CARTESIAN_POINT('Ctrl Pts',(104.851354731033,0.655662465937201,15.6999999999999));
#7227=CARTESIAN_POINT('Ctrl Pts',(104.851354731033,0.655662465937201,17.6999999999999));
#7228=CARTESIAN_POINT('Ctrl Pts',(104.547645918638,0.603985481799962,15.6999999999999));
#7229=CARTESIAN_POINT('Ctrl Pts',(104.547645918638,0.603985481799962,17.6999999999999));
#7230=CARTESIAN_POINT('Ctrl Pts',(103.995175524105,0.509980952957121,15.6999999999999));
#7231=CARTESIAN_POINT('Ctrl Pts',(103.995175524105,0.509980952957121,17.6999999999999));
#7232=CARTESIAN_POINT('Ctrl Pts',(103.558299467876,0.162663507488064,15.6999999999999));
#7233=CARTESIAN_POINT('Ctrl Pts',(103.558299467876,0.162663507488064,17.6999999999999));
#7234=CARTESIAN_POINT('Ctrl Pts',(103.361586702774,0.00627641762024567,
15.6999999999999));
#7235=CARTESIAN_POINT('Ctrl Pts',(103.361586702774,0.00627641762024567,
17.6999999999999));
#7236=CARTESIAN_POINT('',(104.851354731033,0.655662465937201,15.6999999999999));
#7237=CARTESIAN_POINT('Ctrl Pts',(103.361586702774,0.00627641762024567,
15.6999999999999));
#7238=CARTESIAN_POINT('Ctrl Pts',(103.558299467876,0.162663507488064,15.6999999999999));
#7239=CARTESIAN_POINT('Ctrl Pts',(103.995175524105,0.509980952957121,15.6999999999999));
#7240=CARTESIAN_POINT('Ctrl Pts',(104.547645918638,0.603985481799962,15.6999999999999));
#7241=CARTESIAN_POINT('Ctrl Pts',(104.851354731033,0.655662465937201,15.6999999999999));
#7242=CARTESIAN_POINT('',(104.851354731033,0.655662465937201,17.6999999999999));
#7243=CARTESIAN_POINT('Ctrl Pts',(104.851354731033,0.655662465937201,17.6999999999999));
#7244=CARTESIAN_POINT('Ctrl Pts',(104.547645918638,0.603985481799962,17.6999999999999));
#7245=CARTESIAN_POINT('Ctrl Pts',(103.995175524105,0.509980952957121,17.6999999999999));
#7246=CARTESIAN_POINT('Ctrl Pts',(103.558299467876,0.162663507488064,17.6999999999999));
#7247=CARTESIAN_POINT('Ctrl Pts',(103.361586702774,0.00627641762024567,
17.6999999999999));
#7248=CARTESIAN_POINT('',(104.851354731033,0.655662465937201,15.6999999999999));
#7249=CARTESIAN_POINT('Ctrl Pts',(104.292691720436,1.00423042858369,15.6999999999999));
#7250=CARTESIAN_POINT('Ctrl Pts',(104.292691720436,1.00423042858369,17.6999999999999));
#7251=CARTESIAN_POINT('Ctrl Pts',(104.369494111449,0.944036800603595,15.6999999999999));
#7252=CARTESIAN_POINT('Ctrl Pts',(104.369494111449,0.944036800603595,17.6999999999999));
#7253=CARTESIAN_POINT('Ctrl Pts',(104.543096773004,0.807976270609917,15.6999999999999));
#7254=CARTESIAN_POINT('Ctrl Pts',(104.543096773004,0.807976270609917,17.6999999999999));
#7255=CARTESIAN_POINT('Ctrl Pts',(104.741002918268,0.710188566616915,15.6999999999999));
#7256=CARTESIAN_POINT('Ctrl Pts',(104.741002918268,0.710188566616915,17.6999999999999));
#7257=CARTESIAN_POINT('Ctrl Pts',(104.851354731033,0.655662465937201,15.6999999999999));
#7258=CARTESIAN_POINT('Ctrl Pts',(104.851354731033,0.655662465937201,17.6999999999999));
#7259=CARTESIAN_POINT('',(104.292691720436,1.00423042858369,15.6999999999999));
#7260=CARTESIAN_POINT('Ctrl Pts',(104.851354731033,0.655662465937201,15.6999999999999));
#7261=CARTESIAN_POINT('Ctrl Pts',(104.741002918268,0.710188566616915,15.6999999999999));
#7262=CARTESIAN_POINT('Ctrl Pts',(104.543096773004,0.807976270609917,15.6999999999999));
#7263=CARTESIAN_POINT('Ctrl Pts',(104.369494111449,0.944036800603595,15.6999999999999));
#7264=CARTESIAN_POINT('Ctrl Pts',(104.292691720436,1.00423042858369,15.6999999999999));
#7265=CARTESIAN_POINT('',(104.292691720436,1.00423042858369,17.6999999999999));
#7266=CARTESIAN_POINT('Ctrl Pts',(104.292691720436,1.00423042858369,17.6999999999999));
#7267=CARTESIAN_POINT('Ctrl Pts',(104.369494111449,0.944036800603595,17.6999999999999));
#7268=CARTESIAN_POINT('Ctrl Pts',(104.543096773004,0.807976270609917,17.6999999999999));
#7269=CARTESIAN_POINT('Ctrl Pts',(104.741002918268,0.710188566616915,17.6999999999999));
#7270=CARTESIAN_POINT('Ctrl Pts',(104.851354731033,0.655662465937201,17.6999999999999));
#7271=CARTESIAN_POINT('',(104.292691720436,1.00423042858369,15.6999999999999));
#7272=CARTESIAN_POINT('Ctrl Pts',(103.523933065842,1.93533485019929,15.6999999999999));
#7273=CARTESIAN_POINT('Ctrl Pts',(103.523933065842,1.93533485019929,17.6999999999999));
#7274=CARTESIAN_POINT('Ctrl Pts',(103.643126574287,1.76018641697139,15.6999999999999));
#7275=CARTESIAN_POINT('Ctrl Pts',(103.643126574287,1.76018641697139,17.6999999999999));
#7276=CARTESIAN_POINT('Ctrl Pts',(103.870607042599,1.42591613552086,15.6999999999999));
#7277=CARTESIAN_POINT('Ctrl Pts',(103.870607042599,1.42591613552086,17.6999999999999));
#7278=CARTESIAN_POINT('Ctrl Pts',(104.156566942588,1.1402265359828,15.6999999999999));
#7279=CARTESIAN_POINT('Ctrl Pts',(104.156566942588,1.1402265359828,17.6999999999999));
#7280=CARTESIAN_POINT('Ctrl Pts',(104.292691720436,1.00423042858369,15.6999999999999));
#7281=CARTESIAN_POINT('Ctrl Pts',(104.292691720436,1.00423042858369,17.6999999999999));
#7282=CARTESIAN_POINT('',(103.523933065842,1.93533485019929,15.6999999999999));
#7283=CARTESIAN_POINT('Ctrl Pts',(104.292691720436,1.00423042858369,15.6999999999999));
#7284=CARTESIAN_POINT('Ctrl Pts',(104.156566942588,1.1402265359828,15.6999999999999));
#7285=CARTESIAN_POINT('Ctrl Pts',(103.870607042599,1.42591613552086,15.6999999999999));
#7286=CARTESIAN_POINT('Ctrl Pts',(103.643126574287,1.76018641697139,15.6999999999999));
#7287=CARTESIAN_POINT('Ctrl Pts',(103.523933065842,1.93533485019929,15.6999999999999));
#7288=CARTESIAN_POINT('',(103.523933065842,1.93533485019929,17.6999999999999));
#7289=CARTESIAN_POINT('Ctrl Pts',(103.523933065842,1.93533485019929,17.6999999999999));
#7290=CARTESIAN_POINT('Ctrl Pts',(103.643126574287,1.76018641697139,17.6999999999999));
#7291=CARTESIAN_POINT('Ctrl Pts',(103.870607042599,1.42591613552086,17.6999999999999));
#7292=CARTESIAN_POINT('Ctrl Pts',(104.156566942588,1.1402265359828,17.6999999999999));
#7293=CARTESIAN_POINT('Ctrl Pts',(104.292691720436,1.00423042858369,17.6999999999999));
#7294=CARTESIAN_POINT('',(103.523933065842,1.93533485019929,15.6999999999999));
#7295=CARTESIAN_POINT('Origin',(102.306334150742,3.84051923835999,15.6999999999999));
#7296=CARTESIAN_POINT('',(102.306334150742,3.84051923835999,15.6999999999999));
#7297=CARTESIAN_POINT('',(82.6295865248466,34.6288452804801,15.6999999999999));
#7298=CARTESIAN_POINT('',(102.306334150742,3.84051923835999,17.6999999999999));
#7299=CARTESIAN_POINT('',(103.523933065842,1.93533485019929,17.6999999999999));
#7300=CARTESIAN_POINT('',(102.306334150742,3.84051923835999,15.6999999999999));
#7301=CARTESIAN_POINT('Origin',(103.471409452866,3.84051923835999,15.6999999999999));
#7302=CARTESIAN_POINT('',(103.471409452866,3.84051923835999,15.6999999999999));
#7303=CARTESIAN_POINT('',(64.1003952452034,3.84051923835999,15.6999999999999));
#7304=CARTESIAN_POINT('',(103.471409452866,3.84051923835999,17.6999999999999));
#7305=CARTESIAN_POINT('',(102.306334150742,3.84051923835999,17.6999999999999));
#7306=CARTESIAN_POINT('',(103.471409452866,3.84051923835999,15.6999999999999));
#7307=CARTESIAN_POINT('Origin',(104.397739542435,2.38417570675141,15.6999999999999));
#7308=CARTESIAN_POINT('',(104.397739542435,2.38417570675141,15.6999999999999));
#7309=CARTESIAN_POINT('',(84.1827343896328,34.1654946201984,15.6999999999999));
#7310=CARTESIAN_POINT('',(104.397739542435,2.38417570675141,17.6999999999999));
#7311=CARTESIAN_POINT('',(103.471409452866,3.84051923835999,17.6999999999999));
#7312=CARTESIAN_POINT('',(104.397739542435,2.38417570675141,15.6999999999999));
#7313=CARTESIAN_POINT('Ctrl Pts',(105.066225303124,1.41964619243867,15.6999999999999));
#7314=CARTESIAN_POINT('Ctrl Pts',(105.066225303124,1.41964619243867,17.6999999999999));
#7315=CARTESIAN_POINT('Ctrl Pts',(104.965431731216,1.55481227938145,15.6999999999999));
#7316=CARTESIAN_POINT('Ctrl Pts',(104.965431731216,1.55481227938145,17.6999999999999));
#7317=CARTESIAN_POINT('Ctrl Pts',(104.7314718833,1.86855686195912,15.6999999999999));
#7318=CARTESIAN_POINT('Ctrl Pts',(104.7314718833,1.86855686195912,17.6999999999999));
#7319=CARTESIAN_POINT('Ctrl Pts',(104.518793017305,2.19714722545757,15.6999999999999));
#7320=CARTESIAN_POINT('Ctrl Pts',(104.518793017305,2.19714722545757,17.6999999999999));
#7321=CARTESIAN_POINT('Ctrl Pts',(104.397739542435,2.38417570675141,15.6999999999999));
#7322=CARTESIAN_POINT('Ctrl Pts',(104.397739542435,2.38417570675141,17.6999999999999));
#7323=CARTESIAN_POINT('',(105.066225303124,1.41964619243867,15.6999999999999));
#7324=CARTESIAN_POINT('Ctrl Pts',(104.397739542435,2.38417570675141,15.6999999999999));
#7325=CARTESIAN_POINT('Ctrl Pts',(104.518793017305,2.19714722545757,15.6999999999999));
#7326=CARTESIAN_POINT('Ctrl Pts',(104.7314718833,1.86855686195912,15.6999999999999));
#7327=CARTESIAN_POINT('Ctrl Pts',(104.965431731216,1.55481227938145,15.6999999999999));
#7328=CARTESIAN_POINT('Ctrl Pts',(105.066225303124,1.41964619243867,15.6999999999999));
#7329=CARTESIAN_POINT('',(105.066225303124,1.41964619243867,17.6999999999999));
#7330=CARTESIAN_POINT('Ctrl Pts',(105.066225303124,1.41964619243867,17.6999999999999));
#7331=CARTESIAN_POINT('Ctrl Pts',(104.965431731216,1.55481227938145,17.6999999999999));
#7332=CARTESIAN_POINT('Ctrl Pts',(104.7314718833,1.86855686195912,17.6999999999999));
#7333=CARTESIAN_POINT('Ctrl Pts',(104.518793017305,2.19714722545757,17.6999999999999));
#7334=CARTESIAN_POINT('Ctrl Pts',(104.397739542435,2.38417570675141,17.6999999999999));
#7335=CARTESIAN_POINT('',(105.066225303124,1.41964619243867,15.6999999999999));
#7336=CARTESIAN_POINT('Ctrl Pts',(105.536552442024,0.951706219561164,15.6999999999999));
#7337=CARTESIAN_POINT('Ctrl Pts',(105.536552442024,0.951706219561164,17.6999999999999));
#7338=CARTESIAN_POINT('Ctrl Pts',(105.460449297705,1.01063128885098,15.6999999999999));
#7339=CARTESIAN_POINT('Ctrl Pts',(105.460449297705,1.01063128885098,17.6999999999999));
#7340=CARTESIAN_POINT('Ctrl Pts',(105.284468504445,1.14688952797139,15.6999999999999));
#7341=CARTESIAN_POINT('Ctrl Pts',(105.284468504445,1.14688952797139,17.6999999999999));
#7342=CARTESIAN_POINT('Ctrl Pts',(105.145242706656,1.32089157698261,15.6999999999999));
#7343=CARTESIAN_POINT('Ctrl Pts',(105.145242706656,1.32089157698261,17.6999999999999));
#7344=CARTESIAN_POINT('Ctrl Pts',(105.066225303124,1.41964619243867,15.6999999999999));
#7345=CARTESIAN_POINT('Ctrl Pts',(105.066225303124,1.41964619243867,17.6999999999999));
#7346=CARTESIAN_POINT('',(105.536552442024,0.951706219561164,15.6999999999999));
#7347=CARTESIAN_POINT('Ctrl Pts',(105.066225303124,1.41964619243867,15.6999999999999));
#7348=CARTESIAN_POINT('Ctrl Pts',(105.145242706656,1.32089157698261,15.6999999999999));
#7349=CARTESIAN_POINT('Ctrl Pts',(105.284468504445,1.14688952797139,15.6999999999999));
#7350=CARTESIAN_POINT('Ctrl Pts',(105.460449297705,1.01063128885098,15.6999999999999));
#7351=CARTESIAN_POINT('Ctrl Pts',(105.536552442024,0.951706219561164,15.6999999999999));
#7352=CARTESIAN_POINT('',(105.536552442024,0.951706219561164,17.6999999999999));
#7353=CARTESIAN_POINT('Ctrl Pts',(105.536552442024,0.951706219561164,17.6999999999999));
#7354=CARTESIAN_POINT('Ctrl Pts',(105.460449297705,1.01063128885098,17.6999999999999));
#7355=CARTESIAN_POINT('Ctrl Pts',(105.284468504445,1.14688952797139,17.6999999999999));
#7356=CARTESIAN_POINT('Ctrl Pts',(105.145242706656,1.32089157698261,17.6999999999999));
#7357=CARTESIAN_POINT('Ctrl Pts',(105.066225303124,1.41964619243867,17.6999999999999));
#7358=CARTESIAN_POINT('',(105.536552442024,0.951706219561164,15.6999999999999));
#7359=CARTESIAN_POINT('Ctrl Pts',(105.959130896042,0.765485216028754,15.6999999999999));
#7360=CARTESIAN_POINT('Ctrl Pts',(105.959130896042,0.765485216028754,17.6999999999999));
#7361=CARTESIAN_POINT('Ctrl Pts',(105.88688534802,0.786973539684448,15.6999999999999));
#7362=CARTESIAN_POINT('Ctrl Pts',(105.88688534802,0.786973539684448,17.6999999999999));
#7363=CARTESIAN_POINT('Ctrl Pts',(105.738208940049,0.831195043457498,15.6999999999999));
#7364=CARTESIAN_POINT('Ctrl Pts',(105.738208940049,0.831195043457498,17.6999999999999));
#7365=CARTESIAN_POINT('Ctrl Pts',(105.605021042353,0.910788958611901,15.6999999999999));
#7366=CARTESIAN_POINT('Ctrl Pts',(105.605021042353,0.910788958611901,17.6999999999999));
#7367=CARTESIAN_POINT('Ctrl Pts',(105.536552442024,0.951706219561164,15.6999999999999));
#7368=CARTESIAN_POINT('Ctrl Pts',(105.536552442024,0.951706219561164,17.6999999999999));
#7369=CARTESIAN_POINT('',(105.959130896042,0.765485216028754,15.6999999999999));
#7370=CARTESIAN_POINT('Ctrl Pts',(105.536552442024,0.951706219561164,15.6999999999999));
#7371=CARTESIAN_POINT('Ctrl Pts',(105.605021042353,0.910788958611901,15.6999999999999));
#7372=CARTESIAN_POINT('Ctrl Pts',(105.738208940049,0.831195043457498,15.6999999999999));
#7373=CARTESIAN_POINT('Ctrl Pts',(105.88688534802,0.786973539684448,15.6999999999999));
#7374=CARTESIAN_POINT('Ctrl Pts',(105.959130896042,0.765485216028754,15.6999999999999));
#7375=CARTESIAN_POINT('',(105.959130896042,0.765485216028754,17.6999999999999));
#7376=CARTESIAN_POINT('Ctrl Pts',(105.959130896042,0.765485216028754,17.6999999999999));
#7377=CARTESIAN_POINT('Ctrl Pts',(105.88688534802,0.786973539684448,17.6999999999999));
#7378=CARTESIAN_POINT('Ctrl Pts',(105.738208940049,0.831195043457498,17.6999999999999));
#7379=CARTESIAN_POINT('Ctrl Pts',(105.605021042353,0.910788958611901,17.6999999999999));
#7380=CARTESIAN_POINT('Ctrl Pts',(105.536552442024,0.951706219561164,17.6999999999999));
#7381=CARTESIAN_POINT('',(105.959130896042,0.765485216028754,15.6999999999999));
#7382=CARTESIAN_POINT('Ctrl Pts',(106.474820149849,0.732061315424506,15.6999999999999));
#7383=CARTESIAN_POINT('Ctrl Pts',(106.474820149849,0.732061315424506,17.6999999999999));
#7384=CARTESIAN_POINT('Ctrl Pts',(106.371950722453,0.732011774475416,15.6999999999999));
#7385=CARTESIAN_POINT('Ctrl Pts',(106.371950722453,0.732011774475416,17.6999999999999));
#7386=CARTESIAN_POINT('Ctrl Pts',(106.199226506543,0.731928592116927,15.6999999999999));
#7387=CARTESIAN_POINT('Ctrl Pts',(106.199226506543,0.731928592116927,17.6999999999999));
#7388=CARTESIAN_POINT('Ctrl Pts',(106.028270548645,0.755822010129482,15.6999999999999));
#7389=CARTESIAN_POINT('Ctrl Pts',(106.028270548645,0.755822010129482,17.6999999999999));
#7390=CARTESIAN_POINT('Ctrl Pts',(105.959130896042,0.765485216028754,15.6999999999999));
#7391=CARTESIAN_POINT('Ctrl Pts',(105.959130896042,0.765485216028754,17.6999999999999));
#7392=CARTESIAN_POINT('',(106.474820149849,0.732061315424506,15.6999999999999));
#7393=CARTESIAN_POINT('Ctrl Pts',(105.959130896042,0.765485216028754,15.6999999999999));
#7394=CARTESIAN_POINT('Ctrl Pts',(106.028270548645,0.755822010129482,15.6999999999999));
#7395=CARTESIAN_POINT('Ctrl Pts',(106.199226506543,0.731928592116927,15.6999999999999));
#7396=CARTESIAN_POINT('Ctrl Pts',(106.371950722453,0.732011774475416,15.6999999999999));
#7397=CARTESIAN_POINT('Ctrl Pts',(106.474820149849,0.732061315424506,15.6999999999999));
#7398=CARTESIAN_POINT('',(106.474820149849,0.732061315424506,17.6999999999999));
#7399=CARTESIAN_POINT('Ctrl Pts',(106.474820149849,0.732061315424506,17.6999999999999));
#7400=CARTESIAN_POINT('Ctrl Pts',(106.371950722453,0.732011774475416,17.6999999999999));
#7401=CARTESIAN_POINT('Ctrl Pts',(106.199226506543,0.731928592116927,17.6999999999999));
#7402=CARTESIAN_POINT('Ctrl Pts',(106.028270548645,0.755822010129482,17.6999999999999));
#7403=CARTESIAN_POINT('Ctrl Pts',(105.959130896042,0.765485216028754,17.6999999999999));
#7404=CARTESIAN_POINT('',(106.474820149849,0.732061315424506,15.6999999999999));
#7405=CARTESIAN_POINT('Origin',(107.549171967218,0.732061315424506,15.6999999999999));
#7406=CARTESIAN_POINT('',(107.549171967218,0.732061315424506,15.6999999999999));
#7407=CARTESIAN_POINT('',(66.1392765023798,0.732061315424506,15.6999999999999));
#7408=CARTESIAN_POINT('',(107.549171967218,0.732061315424506,17.6999999999999));
#7409=CARTESIAN_POINT('',(106.474820149849,0.732061315424506,17.6999999999999));
#7410=CARTESIAN_POINT('',(107.549171967218,0.732061315424506,15.6999999999999));
#7411=CARTESIAN_POINT('Origin',(107.549171967218,3.84051923835999,15.6999999999999));
#7412=CARTESIAN_POINT('',(107.549171967218,3.84051923835999,15.6999999999999));
#7413=CARTESIAN_POINT('',(107.549171967218,22.4145837337647,15.6999999999998));
#7414=CARTESIAN_POINT('',(107.549171967218,3.84051923835999,17.6999999999999));
#7415=CARTESIAN_POINT('',(107.549171967218,0.732061315424506,17.6999999999999));
#7416=CARTESIAN_POINT('',(107.549171967218,3.84051923835999,15.6999999999999));
#7417=CARTESIAN_POINT('Origin',(108.475502056788,3.84051923835999,15.6999999999999));
#7418=CARTESIAN_POINT('',(66.6024415471643,3.84051923835999,15.6999999999999));
#7419=CARTESIAN_POINT('',(107.549171967218,3.84051923835999,17.6999999999999));
#7420=CARTESIAN_POINT('Origin',(69.6603597679835,1.30982374037034,17.6999999999999));
#7421=CARTESIAN_POINT('Origin',(24.7293810375411,40.9886482291694,15.7));
#7422=CARTESIAN_POINT('',(24.7293810375411,46.9886482291694,15.7));
#7423=CARTESIAN_POINT('',(112.729381037541,46.9886482291695,15.6999999999998));
#7424=CARTESIAN_POINT('',(88.729381037541,46.9886482291695,15.6999999999999));
#7425=CARTESIAN_POINT('',(24.729381037541,-5.00035177083063,15.6999999999999));
#7426=CARTESIAN_POINT('',(24.7293810375411,40.9886482291694,15.7));
#7427=CARTESIAN_POINT('',(112.729381037541,-5.00035177083057,15.6999999999998));
#7428=CARTESIAN_POINT('',(48.729381037541,-5.00035177083062,15.6999999999999));
#7429=CARTESIAN_POINT('',(112.729381037541,1.98864822916943,15.6999999999998));
#7430=CARTESIAN_POINT('',(81.5832779535752,4.26070993030793,15.6999999999999));
#7431=CARTESIAN_POINT('',(80.7476709017258,4.38485746467835,15.6999999999999));
#7432=CARTESIAN_POINT('',(50.6830162091601,8.85161339202425,15.6999999999999));
#7433=CARTESIAN_POINT('',(80.4564044603806,4.94829540336854,15.6999999999999));
#7434=CARTESIAN_POINT('Ctrl Pts',(80.7476709017258,4.38485746467835,15.6999999999999));
#7435=CARTESIAN_POINT('Ctrl Pts',(80.7258510841394,4.50229203805275,15.6999999999999));
#7436=CARTESIAN_POINT('Ctrl Pts',(80.6853101361819,4.72048400545714,15.6999999999999));
#7437=CARTESIAN_POINT('Ctrl Pts',(80.5287166897222,4.87632886084074,15.6999999999999));
#7438=CARTESIAN_POINT('Ctrl Pts',(80.4564044603806,4.94829540336854,15.6999999999999));
#7439=CARTESIAN_POINT('',(79.5825979837876,5.18704001987702,15.6999999999999));
#7440=CARTESIAN_POINT('Ctrl Pts',(80.4564044603806,4.94829540336854,15.6999999999999));
#7441=CARTESIAN_POINT('Ctrl Pts',(80.3330976506169,5.01778922581702,15.6999999999999));
#7442=CARTESIAN_POINT('Ctrl Pts',(80.0628200109112,5.17011354871127,15.6999999999999));
#7443=CARTESIAN_POINT('Ctrl Pts',(79.7517505032501,5.18107787095094,15.6999999999999));
#7444=CARTESIAN_POINT('Ctrl Pts',(79.5825979837876,5.18704001987702,15.6999999999999));
#7445=CARTESIAN_POINT('',(78.6610410341721,4.94829540336854,15.6999999999999));
#7446=CARTESIAN_POINT('Ctrl Pts',(79.5825979837876,5.18704001987702,15.6999999999999));
#7447=CARTESIAN_POINT('Ctrl Pts',(79.4022199466144,5.18196912989696,15.6999999999999));
#7448=CARTESIAN_POINT('Ctrl Pts',(79.0755449547361,5.17278545671252,15.6999999999999));
#7449=CARTESIAN_POINT('Ctrl Pts',(78.7892529962766,5.01773337194796,15.6999999999999));
#7450=CARTESIAN_POINT('Ctrl Pts',(78.6610410341721,4.94829540336854,15.6999999999999));
#7451=CARTESIAN_POINT('',(78.2217500338059,4.27980964267975,15.6999999999999));
#7452=CARTESIAN_POINT('Ctrl Pts',(78.6610410341721,4.94829540336854,15.6999999999999));
#7453=CARTESIAN_POINT('Ctrl Pts',(78.5610907292189,4.85892344998489,15.6999999999999));
#7454=CARTESIAN_POINT('Ctrl Pts',(78.3556797074931,4.67525233195514,15.6999999999999));
#7455=CARTESIAN_POINT('Ctrl Pts',(78.2671845897176,4.41396036881173,15.6999999999999));
#7456=CARTESIAN_POINT('Ctrl Pts',(78.2217500338059,4.27980964267975,15.6999999999999));
#7457=CARTESIAN_POINT('',(78.1596777567368,3.17680840576417,15.6999999999999));
#7458=CARTESIAN_POINT('Ctrl Pts',(78.2217500338059,4.27980964267975,15.6999999999999));
#7459=CARTESIAN_POINT('Ctrl Pts',(78.2028899609157,4.14429946286794,15.6999999999999));
#7460=CARTESIAN_POINT('Ctrl Pts',(78.1520101722706,3.77872668124442,15.6999999999999));
#7461=CARTESIAN_POINT('Ctrl Pts',(78.1567161723834,3.40929775811988,15.6999999999999));
#7462=CARTESIAN_POINT('Ctrl Pts',(78.1596777567368,3.17680840576417,15.6999999999999));
#7463=CARTESIAN_POINT('',(79.5634982714158,3.84051923835999,15.6999999999999));
#7464=CARTESIAN_POINT('Ctrl Pts',(78.1596777567368,3.17680840576417,15.6999999999999));
#7465=CARTESIAN_POINT('Ctrl Pts',(78.357576846793,3.37038508761722,15.6999999999999));
#7466=CARTESIAN_POINT('Ctrl Pts',(78.7493851931061,3.75363576138293,15.6999999999999));
#7467=CARTESIAN_POINT('Ctrl Pts',(79.2939757902211,3.81175535909852,15.6999999999999));
#7468=CARTESIAN_POINT('Ctrl Pts',(79.5634982714158,3.84051923835999,15.6999999999999));
#7469=CARTESIAN_POINT('',(81.1821887621384,3.08608536804444,15.6999999999999));
#7470=CARTESIAN_POINT('Ctrl Pts',(79.5634982714158,3.84051923835999,15.6999999999999));
#7471=CARTESIAN_POINT('Ctrl Pts',(79.8894054915316,3.81288812671517,15.6999999999999));
#7472=CARTESIAN_POINT('Ctrl Pts',(80.5228769803099,3.75918105810826,15.6999999999999));
#7473=CARTESIAN_POINT('Ctrl Pts',(80.9667020025809,3.30607720365478,15.6999999999999));
#7474=CARTESIAN_POINT('Ctrl Pts',(81.1821887621384,3.08608536804444,15.6999999999999));
#7475=CARTESIAN_POINT('',(81.7551753649216,1.27639954174287,15.6999999999999));
#7476=CARTESIAN_POINT('Ctrl Pts',(81.1821887621384,3.08608536804444,15.6999999999999));
#7477=CARTESIAN_POINT('Ctrl Pts',(81.3492704009322,2.81721460946424,15.6999999999999));
#7478=CARTESIAN_POINT('Ctrl Pts',(81.6934709438658,2.26332094556199,15.6999999999999));
#7479=CARTESIAN_POINT('Ctrl Pts',(81.7342112142471,1.61170726620603,15.6999999999999));
#7480=CARTESIAN_POINT('Ctrl Pts',(81.7551753649216,1.27639954174287,15.6999999999999));
#7481=CARTESIAN_POINT('',(81.4925549158555,-0.0629591456579526,15.6999999999999));
#7482=CARTESIAN_POINT('Ctrl Pts',(81.7551753649216,1.27639954174287,15.6999999999999));
#7483=CARTESIAN_POINT('Ctrl Pts',(81.745210503034,1.0414576536439,15.6999999999999));
#7484=CARTESIAN_POINT('Ctrl Pts',(81.7257021626155,0.581508847201098,15.6999999999999));
#7485=CARTESIAN_POINT('Ctrl Pts',(81.5691434333544,0.148747614059433,15.6999999999999));
#7486=CARTESIAN_POINT('Ctrl Pts',(81.4925549158555,-0.0629591456579526,
15.6999999999999));
#7487=CARTESIAN_POINT('',(80.7309601435166,-1.01077670966857,15.6999999999999));
#7488=CARTESIAN_POINT('Ctrl Pts',(81.4925549158555,-0.0629591456579526,
15.6999999999999));
#7489=CARTESIAN_POINT('Ctrl Pts',(81.3976186061872,-0.254173582777379,15.6999999999999));
#7490=CARTESIAN_POINT('Ctrl Pts',(81.2129264183582,-0.626168374437985,15.6999999999999));
#7491=CARTESIAN_POINT('Ctrl Pts',(80.8885830660402,-0.884993863460256,15.6999999999999));
#7492=CARTESIAN_POINT('Ctrl Pts',(80.7309601435166,-1.01077670966857,15.6999999999999));
#7493=CARTESIAN_POINT('',(79.5587227472764,-1.34501929198974,15.6999999999999));
#7494=CARTESIAN_POINT('Ctrl Pts',(80.7309601435166,-1.01077670966857,15.6999999999999));
#7495=CARTESIAN_POINT('Ctrl Pts',(80.5541442374901,-1.10823920358915,15.6999999999999));
#7496=CARTESIAN_POINT('Ctrl Pts',(80.1894039986479,-1.30928725469273,15.6999999999999));
#7497=CARTESIAN_POINT('Ctrl Pts',(79.7731753455817,-1.33286921106626,15.6999999999999));
#7498=CARTESIAN_POINT('Ctrl Pts',(79.5587227472764,-1.34501929198974,15.6999999999999));
#7499=CARTESIAN_POINT('',(78.0785033831101,-0.619234990231927,15.6999999999999));
#7500=CARTESIAN_POINT('Ctrl Pts',(79.5587227472764,-1.34501929198974,15.6999999999999));
#7501=CARTESIAN_POINT('Ctrl Pts',(79.2716330278264,-1.3135292424174,15.6999999999999));
#7502=CARTESIAN_POINT('Ctrl Pts',(78.6913671784538,-1.24988154232946,15.6999999999999));
#7503=CARTESIAN_POINT('Ctrl Pts',(78.2842148555923,-0.830915353525451,15.6999999999999));
#7504=CARTESIAN_POINT('Ctrl Pts',(78.0785033831101,-0.619234990231927,15.6999999999999));
#7505=CARTESIAN_POINT('',(78.0785033831101,-1.23042161380523,15.6999999999999));
#7506=CARTESIAN_POINT('',(78.0785033831101,19.8791133076821,15.6999999999999));
#7507=CARTESIAN_POINT('',(77.2858712801438,-1.23042161380523,15.6999999999999));
#7508=CARTESIAN_POINT('',(51.0076261588424,-1.23042161380523,15.6999999999999));
#7509=CARTESIAN_POINT('',(77.2858712801438,3.15293376529938,15.6999999999999));
#7510=CARTESIAN_POINT('',(77.2858712801438,22.0707909972344,15.6999999999999));
#7511=CARTESIAN_POINT('',(77.5270030626755,4.83131055916077,15.6999999999999));
#7512=CARTESIAN_POINT('Ctrl Pts',(77.2858712801438,3.15293376529938,15.6999999999999));
#7513=CARTESIAN_POINT('Ctrl Pts',(77.2856424399994,3.49348676362798,15.6999999999999));
#7514=CARTESIAN_POINT('Ctrl Pts',(77.2852576218027,4.06616159342868,15.6999999999999));
#7515=CARTESIAN_POINT('Ctrl Pts',(77.457278128185,4.61062403320796,15.6999999999999));
#7516=CARTESIAN_POINT('Ctrl Pts',(77.5270030626755,4.83131055916077,15.6999999999999));
#7517=CARTESIAN_POINT('',(78.290986789177,5.61200563991791,15.6999999999999));
#7518=CARTESIAN_POINT('Ctrl Pts',(77.5270030626755,4.83131055916077,15.6999999999999));
#7519=CARTESIAN_POINT('Ctrl Pts',(77.6209392362725,4.98837373680419,15.6999999999999));
#7520=CARTESIAN_POINT('Ctrl Pts',(77.8129780764557,5.30946655243817,15.6999999999999));
#7521=CARTESIAN_POINT('Ctrl Pts',(78.1293624497588,5.50971110247375,15.6999999999999));
#7522=CARTESIAN_POINT('Ctrl Pts',(78.290986789177,5.61200563991791,15.6999999999999));
#7523=CARTESIAN_POINT('',(79.5778224596482,5.89850013340241,15.6999999999999));
#7524=CARTESIAN_POINT('Ctrl Pts',(78.290986789177,5.61200563991791,15.6999999999999));
#7525=CARTESIAN_POINT('Ctrl Pts',(78.4826260912491,5.69547301519342,15.6999999999999));
#7526=CARTESIAN_POINT('Ctrl Pts',(78.8923861385659,5.87394160317356,15.6999999999999));
#7527=CARTESIAN_POINT('Ctrl Pts',(79.3397073859853,5.88996869721406,15.6999999999999));
#7528=CARTESIAN_POINT('Ctrl Pts',(79.5778224596482,5.89850013340241,15.6999999999999));
#7529=CARTESIAN_POINT('',(81.0437152513963,5.49024646366364,15.6999999999999));
#7530=CARTESIAN_POINT('Ctrl Pts',(79.5778224596482,5.89850013340241,15.6999999999999));
#7531=CARTESIAN_POINT('Ctrl Pts',(79.8577410047722,5.88699935725129,15.6999999999999));
#7532=CARTESIAN_POINT('Ctrl Pts',(80.3797432753468,5.86555229213598,15.6999999999999));
#7533=CARTESIAN_POINT('Ctrl Pts',(80.8333504359265,5.60915380342974,15.6999999999999));
#7534=CARTESIAN_POINT('Ctrl Pts',(81.0437152513963,5.49024646366364,15.6999999999999));
#7535=CARTESIAN_POINT('Ctrl Pts',(81.0437152513963,5.49024646366364,15.6999999999999));
#7536=CARTESIAN_POINT('Ctrl Pts',(81.2055980381011,5.33056859656232,15.6999999999999));
#7537=CARTESIAN_POINT('Ctrl Pts',(81.5467487523772,4.99406451527903,15.6999999999999));
#7538=CARTESIAN_POINT('Ctrl Pts',(81.5706947875084,4.51332762316375,15.6999999999999));
#7539=CARTESIAN_POINT('Ctrl Pts',(81.5832779535752,4.26070993030793,15.6999999999999));
#7540=CARTESIAN_POINT('',(68.1658170351487,1.38622169578797,15.6999999999999));
#7541=CARTESIAN_POINT('',(67.2394893297654,1.62019198024995,15.6999999999999));
#7542=CARTESIAN_POINT('',(42.5854503321359,7.8472674351778,15.6999999999999));
#7543=CARTESIAN_POINT('',(68.2875774034959,3.36064224327332,15.6999999999999));
#7544=CARTESIAN_POINT('Ctrl Pts',(67.2394893297654,1.62019198024995,15.6999999999999));
#7545=CARTESIAN_POINT('Ctrl Pts',(67.3485584136584,1.97190756415394,15.6999999999999));
#7546=CARTESIAN_POINT('Ctrl Pts',(67.5555892573983,2.63952089226744,15.6999999999999));
#7547=CARTESIAN_POINT('Ctrl Pts',(68.0524672856258,3.12902247355785,15.6999999999999));
#7548=CARTESIAN_POINT('Ctrl Pts',(68.2875774034959,3.36064224327332,15.6999999999999));
#7549=CARTESIAN_POINT('',(70.1378510126572,3.95989184463746,15.6999999999999));
#7550=CARTESIAN_POINT('Ctrl Pts',(68.2875774034959,3.36064224327332,15.6999999999999));
#7551=CARTESIAN_POINT('Ctrl Pts',(68.559673006593,3.53536789063608,15.6999999999999));
#7552=CARTESIAN_POINT('Ctrl Pts',(69.122929499205,3.8970619209058,15.6999999999999));
#7553=CARTESIAN_POINT('Ctrl Pts',(69.7919949277671,3.93848121224101,15.6999999999999));
#7554=CARTESIAN_POINT('Ctrl Pts',(70.1378510126572,3.95989184463746,15.6999999999999));
#7555=CARTESIAN_POINT('',(71.9785735735398,3.49911396587617,15.6999999999999));
#7556=CARTESIAN_POINT('Ctrl Pts',(70.1378510126572,3.95989184463746,15.6999999999999));
#7557=CARTESIAN_POINT('Ctrl Pts',(70.4866317324015,3.94733771094715,15.6999999999999));
#7558=CARTESIAN_POINT('Ctrl Pts',(71.1343733751448,3.92402267453762,15.6999999999999));
#7559=CARTESIAN_POINT('Ctrl Pts',(71.7119820593294,3.63329665886607,15.6999999999999));
#7560=CARTESIAN_POINT('Ctrl Pts',(71.9785735735398,3.49911396587617,15.6999999999999));
#7561=CARTESIAN_POINT('',(73.0577013620835,2.1645302065683,15.6999999999999));
#7562=CARTESIAN_POINT('Ctrl Pts',(71.9785735735398,3.49911396587617,15.6999999999999));
#7563=CARTESIAN_POINT('Ctrl Pts',(72.20256285432,3.3240691675369,15.6999999999999));
#7564=CARTESIAN_POINT('Ctrl Pts',(72.6647544625762,2.96287225409757,15.6999999999999));
#7565=CARTESIAN_POINT('Ctrl Pts',(72.9240610473094,2.43604445610934,15.6999999999999));
#7566=CARTESIAN_POINT('Ctrl Pts',(73.0577013620835,2.1645302065683,15.6999999999999));
#7567=CARTESIAN_POINT('',(73.4277556070786,0.287995386965338,15.6999999999999));
#7568=CARTESIAN_POINT('Ctrl Pts',(73.0577013620835,2.1645302065683,15.6999999999999));
#7569=CARTESIAN_POINT('Ctrl Pts',(73.1656277168469,1.86558033634284,15.6999999999999));
#7570=CARTESIAN_POINT('Ctrl Pts',(73.384590276028,1.25906648905403,15.6999999999999));
#7571=CARTESIAN_POINT('Ctrl Pts',(73.4132315692609,0.614736154778361,15.6999999999999));
#7572=CARTESIAN_POINT('Ctrl Pts',(73.4277556070786,0.287995386965338,15.6999999999999));
#7573=CARTESIAN_POINT('',(73.009950889061,-1.61957616721862,15.6999999999999));
#7574=CARTESIAN_POINT('Ctrl Pts',(73.4277556070786,0.287995386965338,15.6999999999999));
#7575=CARTESIAN_POINT('Ctrl Pts',(73.4138067913816,-0.0579032068981911,
15.6999999999999));
#7576=CARTESIAN_POINT('Ctrl Pts',(73.3871439408905,-0.719080664080695,15.6999999999999));
#7577=CARTESIAN_POINT('Ctrl Pts',(73.1317392313921,-1.32882358290705,15.6999999999999));
#7578=CARTESIAN_POINT('Ctrl Pts',(73.009950889061,-1.61957616721862,15.6999999999999));
#7579=CARTESIAN_POINT('',(71.8210027346116,-2.8562741986441,15.6999999999999));
#7580=CARTESIAN_POINT('Ctrl Pts',(73.009950889061,-1.61957616721862,15.6999999999999));
#7581=CARTESIAN_POINT('Ctrl Pts',(72.8573543658313,-1.87386581682968,15.6999999999999));
#7582=CARTESIAN_POINT('Ctrl Pts',(72.5553751123739,-2.37708959235361,15.6999999999999));
#7583=CARTESIAN_POINT('Ctrl Pts',(72.0640505648659,-2.69768329520486,15.6999999999999));
#7584=CARTESIAN_POINT('Ctrl Pts',(71.8210027346116,-2.8562741986441,15.6999999999999));
#7585=CARTESIAN_POINT('',(70.1235268244248,-3.27885265266174,15.6999999999999));
#7586=CARTESIAN_POINT('Ctrl Pts',(71.8210027346116,-2.8562741986441,15.6999999999999));
#7587=CARTESIAN_POINT('Ctrl Pts',(71.5554366200718,-2.97951978266687,15.6999999999999));
#7588=CARTESIAN_POINT('Ctrl Pts',(71.0169586849182,-3.22941999194765,15.6999999999999));
#7589=CARTESIAN_POINT('Ctrl Pts',(70.4240335955647,-3.26222592384569,15.6999999999999));
#7590=CARTESIAN_POINT('Ctrl Pts',(70.1235268244248,-3.27885265266174,15.6999999999999));
#7591=CARTESIAN_POINT('',(68.356814158867,-2.74406428252929,15.6999999999999));
#7592=CARTESIAN_POINT('Ctrl Pts',(70.1235268244248,-3.27885265266174,15.6999999999999));
#7593=CARTESIAN_POINT('Ctrl Pts',(69.7930140637869,-3.26071174098146,15.6999999999999));
#7594=CARTESIAN_POINT('Ctrl Pts',(69.1595458301045,-3.2259424592832,15.6999999999999));
#7595=CARTESIAN_POINT('Ctrl Pts',(68.6165170598514,-2.89996340163487,15.6999999999999));
#7596=CARTESIAN_POINT('Ctrl Pts',(68.356814158867,-2.74406428252929,15.6999999999999));
#7597=CARTESIAN_POINT('',(67.35886074395,-1.23997146999114,15.6999999999999));
#7598=CARTESIAN_POINT('Ctrl Pts',(68.356814158867,-2.74406428252929,15.6999999999999));
#7599=CARTESIAN_POINT('Ctrl Pts',(68.1347685575093,-2.54269166592333,15.6999999999999));
#7600=CARTESIAN_POINT('Ctrl Pts',(67.67560050779,-2.12627327677947,15.6999999999999));
#7601=CARTESIAN_POINT('Ctrl Pts',(67.4667267977052,-1.54180246580716,15.6999999999999));
#7602=CARTESIAN_POINT('Ctrl Pts',(67.35886074395,-1.23997146999114,15.6999999999999));
#7603=CARTESIAN_POINT('',(68.2708642611008,-1.02510149394744,15.6999999999999));
#7604=CARTESIAN_POINT('',(52.3340156508053,-4.77985705651814,15.6999999999999));
#7605=CARTESIAN_POINT('',(68.9775512346726,-2.13765258704894,15.6999999999999));
#7606=CARTESIAN_POINT('Ctrl Pts',(68.2708642611008,-1.02510149394744,15.6999999999999));
#7607=CARTESIAN_POINT('Ctrl Pts',(68.3534229590554,-1.25621380738395,15.6999999999999));
#7608=CARTESIAN_POINT('Ctrl Pts',(68.5054277584024,-1.68173142940245,15.6999999999999));
#7609=CARTESIAN_POINT('Ctrl Pts',(68.8294952335755,-1.99467756714531,15.6999999999999));
#7610=CARTESIAN_POINT('Ctrl Pts',(68.9775512346726,-2.13765258704894,15.6999999999999));
#7611=CARTESIAN_POINT('',(70.1426265367966,-2.48621995364898,15.6999999999999));
#7612=CARTESIAN_POINT('Ctrl Pts',(68.9775512346726,-2.13765258704894,15.6999999999999));
#7613=CARTESIAN_POINT('Ctrl Pts',(69.1473770250759,-2.23924459493923,15.6999999999999));
#7614=CARTESIAN_POINT('Ctrl Pts',(69.5054887141656,-2.45347168881717,15.6999999999999));
#7615=CARTESIAN_POINT('Ctrl Pts',(69.923072003239,-2.47493506401509,15.6999999999999));
#7616=CARTESIAN_POINT('Ctrl Pts',(70.1426265367966,-2.48621995364898,15.6999999999999));
#7617=CARTESIAN_POINT('',(71.4915344843369,-2.09945316230529,15.6999999999999));
#7618=CARTESIAN_POINT('Ctrl Pts',(70.1426265367966,-2.48621995364898,15.6999999999999));
#7619=CARTESIAN_POINT('Ctrl Pts',(70.3953526951155,-2.47369368697863,15.6999999999999));
#7620=CARTESIAN_POINT('Ctrl Pts',(70.8760554003775,-2.44986785780714,15.6999999999999));
#7621=CARTESIAN_POINT('Ctrl Pts',(71.2935396991923,-2.212178816443,15.6999999999999));
#7622=CARTESIAN_POINT('Ctrl Pts',(71.4915344843369,-2.09945316230529,15.6999999999999));
#7623=CARTESIAN_POINT('',(72.2531316408616,-1.06091345464462,15.6999999999999));
#7624=CARTESIAN_POINT('Ctrl Pts',(71.4915344843369,-2.09945316230529,15.6999999999999));
#7625=CARTESIAN_POINT('Ctrl Pts',(71.659068277497,-1.95855439010559,15.6999999999999));
#7626=CARTESIAN_POINT('Ctrl Pts',(71.9970901343333,-1.67427225390757,15.6999999999999));
#7627=CARTESIAN_POINT('Ctrl Pts',(72.1672886338564,-1.26655419006966,15.6999999999999));
#7628=CARTESIAN_POINT('Ctrl Pts',(72.2531316408616,-1.06091345464462,15.6999999999999));
#7629=CARTESIAN_POINT('',(72.4727771410447,0.283220458872382,15.6999999999999));
#7630=CARTESIAN_POINT('Ctrl Pts',(72.2531316408616,-1.06091345464462,15.6999999999999));
#7631=CARTESIAN_POINT('Ctrl Pts',(72.3171942642014,-0.841770127577942,15.6999999999999));
#7632=CARTESIAN_POINT('Ctrl Pts',(72.4455363705057,-0.402741647132189,15.6999999999999));
#7633=CARTESIAN_POINT('Ctrl Pts',(72.4636866613511,0.0543089974180133,15.6999999999999));
#7634=CARTESIAN_POINT('Ctrl Pts',(72.4727771410447,0.283220458872382,15.6999999999999));
#7635=CARTESIAN_POINT('',(72.2125432619553,1.84222464645631,15.6999999999999));
#7636=CARTESIAN_POINT('Ctrl Pts',(72.4727771410447,0.283220458872382,15.6999999999999));
#7637=CARTESIAN_POINT('Ctrl Pts',(72.4646168077517,0.564286581636788,15.6999999999999));
#7638=CARTESIAN_POINT('Ctrl Pts',(72.4491722065466,1.09624453267815,15.6999999999999));
#7639=CARTESIAN_POINT('Ctrl Pts',(72.2883793547795,1.60314900314831,15.6999999999999));
#7640=CARTESIAN_POINT('Ctrl Pts',(72.2125432619553,1.84222464645631,15.6999999999999));
#7641=CARTESIAN_POINT('',(71.403198016594,2.83779089535004,15.6999999999999));
#7642=CARTESIAN_POINT('Ctrl Pts',(72.2125432619553,1.84222464645631,15.6999999999999));
#7643=CARTESIAN_POINT('Ctrl Pts',(72.1166462219362,2.0484613046958,15.6999999999999));
#7644=CARTESIAN_POINT('Ctrl Pts',(71.9304225204297,2.44895493699199,15.6999999999999));
#7645=CARTESIAN_POINT('Ctrl Pts',(71.5753996682942,2.71078960124753,15.6999999999999));
#7646=CARTESIAN_POINT('Ctrl Pts',(71.403198016594,2.83779089535004,15.6999999999999));
#7647=CARTESIAN_POINT('',(70.2142498621445,3.16725854957825,15.6999999999999));
#7648=CARTESIAN_POINT('Ctrl Pts',(71.403198016594,2.83779089535004,15.6999999999999));
#7649=CARTESIAN_POINT('Ctrl Pts',(71.216404309204,2.93388585006862,15.6999999999999));
#7650=CARTESIAN_POINT('Ctrl Pts',(70.8428986174036,3.12603371758619,15.6999999999999));
#7651=CARTESIAN_POINT('Ctrl Pts',(70.4237688787266,3.15351894350176,15.6999999999999));
#7652=CARTESIAN_POINT('Ctrl Pts',(70.2142498621445,3.16725854957825,15.6999999999999));
#7653=CARTESIAN_POINT('',(68.8963792452317,2.71841828907258,15.6999999999999));
#7654=CARTESIAN_POINT('Ctrl Pts',(70.2142498621445,3.16725854957825,15.6999999999999));
#7655=CARTESIAN_POINT('Ctrl Pts',(69.9674685796372,3.15076462317386,15.6999999999999));
#7656=CARTESIAN_POINT('Ctrl Pts',(69.4874788780828,3.11868392916065,15.6999999999999));
#7657=CARTESIAN_POINT('Ctrl Pts',(69.0896627198997,2.8493010191688,15.6999999999999));
#7658=CARTESIAN_POINT('Ctrl Pts',(68.8963792452317,2.71841828907258,15.6999999999999));
#7659=CARTESIAN_POINT('Ctrl Pts',(68.8963792452317,2.71841828907258,15.6999999999999));
#7660=CARTESIAN_POINT('Ctrl Pts',(68.7292794484525,2.54177734534822,15.6999999999999));
#7661=CARTESIAN_POINT('Ctrl Pts',(68.3705978563211,2.16261557404846,15.6999999999999));
#7662=CARTESIAN_POINT('Ctrl Pts',(68.2371143052675,1.65653394348774,15.6999999999999));
#7663=CARTESIAN_POINT('Ctrl Pts',(68.1658170351487,1.38622169578797,15.6999999999999));
#7664=CARTESIAN_POINT('',(60.7695005068284,3.84051923835999,15.6999999999999));
#7665=CARTESIAN_POINT('',(60.7695005068284,-1.23042161380523,15.6999999999999));
#7666=CARTESIAN_POINT('',(60.7695005068284,19.8791133076821,15.6999999999999));
#7667=CARTESIAN_POINT('',(60.0007436403733,-1.23042161380523,15.6999999999999));
#7668=CARTESIAN_POINT('',(42.3650623389572,-1.23042161380523,15.6999999999999));
#7669=CARTESIAN_POINT('',(60.0007436403733,-0.518961798303064,15.6999999999999));
#7670=CARTESIAN_POINT('',(60.0007436403733,20.2348432154332,15.6999999999999));
#7671=CARTESIAN_POINT('',(59.3656823763352,-1.1182113996672,15.6999999999999));
#7672=CARTESIAN_POINT('Ctrl Pts',(60.0007436403733,-0.518961798303064,15.6999999999999));
#7673=CARTESIAN_POINT('Ctrl Pts',(59.9140579583166,-0.637347536632864,15.6999999999999));
#7674=CARTESIAN_POINT('Ctrl Pts',(59.7392416410369,-0.876092370868672,15.6999999999999));
#7675=CARTESIAN_POINT('Ctrl Pts',(59.4908863955423,-1.03706155706781,15.6999999999999));
#7676=CARTESIAN_POINT('Ctrl Pts',(59.3656823763352,-1.1182113996672,15.6999999999999));
#7677=CARTESIAN_POINT('',(58.4632251390916,-1.34501929198974,15.6999999999999));
#7678=CARTESIAN_POINT('Ctrl Pts',(59.3656823763352,-1.1182113996672,15.6999999999999));
#7679=CARTESIAN_POINT('Ctrl Pts',(59.2268318729965,-1.18435027590113,15.6999999999999));
#7680=CARTESIAN_POINT('Ctrl Pts',(58.9414111439406,-1.32030517573732,15.6999999999999));
#7681=CARTESIAN_POINT('Ctrl Pts',(58.625468884918,-1.33663403864706,15.6999999999999));
#7682=CARTESIAN_POINT('Ctrl Pts',(58.4632251390916,-1.34501929198974,15.6999999999999));
#7683=CARTESIAN_POINT('',(57.5392816194993,-1.11104930555099,15.6999999999999));
#7684=CARTESIAN_POINT('Ctrl Pts',(58.4632251390916,-1.34501929198974,15.6999999999999));
#7685=CARTESIAN_POINT('Ctrl Pts',(58.288923340454,-1.33838330996844,15.6999999999999));
#7686=CARTESIAN_POINT('Ctrl Pts',(57.9635985463154,-1.32599761170336,15.6999999999999));
#7687=CARTESIAN_POINT('Ctrl Pts',(57.6738085654059,-1.17919728015914,15.6999999999999));
#7688=CARTESIAN_POINT('Ctrl Pts',(57.5392816194993,-1.11104930555099,15.6999999999999));
#7689=CARTESIAN_POINT('',(57.030753863762,-0.456888329141076,15.6999999999999));
#7690=CARTESIAN_POINT('Ctrl Pts',(57.5392816194993,-1.11104930555099,15.6999999999999));
#7691=CARTESIAN_POINT('Ctrl Pts',(57.4277330731524,-1.02462933881511,15.6999999999999));
#7692=CARTESIAN_POINT('Ctrl Pts',(57.2024406999798,-0.850088656457076,15.6999999999999));
#7693=CARTESIAN_POINT('Ctrl Pts',(57.0883533701484,-0.588803770436962,15.6999999999999));
#7694=CARTESIAN_POINT('Ctrl Pts',(57.030753863762,-0.456888329141076,15.6999999999999));
#7695=CARTESIAN_POINT('',(55.464591754387,-1.34501929198974,15.6999999999999));
#7696=CARTESIAN_POINT('Ctrl Pts',(57.030753863762,-0.456888329141076,15.6999999999999));
#7697=CARTESIAN_POINT('Ctrl Pts',(56.8205006235057,-0.715849372039694,15.6999999999999));
#7698=CARTESIAN_POINT('Ctrl Pts',(56.4129454618114,-1.2178198034223,15.6999999999999));
#7699=CARTESIAN_POINT('Ctrl Pts',(55.7739408781646,-1.30352733595557,15.6999999999999));
#7700=CARTESIAN_POINT('Ctrl Pts',(55.464591754387,-1.34501929198974,15.6999999999999));
#7701=CARTESIAN_POINT('',(54.3042895922166,-0.927215766065057,15.6999999999999));
#7702=CARTESIAN_POINT('Ctrl Pts',(55.464591754387,-1.34501929198974,15.6999999999999));
#7703=CARTESIAN_POINT('Ctrl Pts',(55.2334667836501,-1.33324685587064,15.6999999999999));
#7704=CARTESIAN_POINT('Ctrl Pts',(54.8024450447285,-1.31129260371338,15.6999999999999));
#7705=CARTESIAN_POINT('Ctrl Pts',(54.462122440499,-1.04890457011144,15.6999999999999));
#7706=CARTESIAN_POINT('Ctrl Pts',(54.3042895922166,-0.927215766065057,15.6999999999999));
#7707=CARTESIAN_POINT('',(53.8984248766404,0.359619308359687,15.6999999999999));
#7708=CARTESIAN_POINT('Ctrl Pts',(54.3042895922166,-0.927215766065057,15.6999999999999));
#7709=CARTESIAN_POINT('Ctrl Pts',(54.1862813432464,-0.755958317401086,15.6999999999999));
#7710=CARTESIAN_POINT('Ctrl Pts',(53.9210816966874,-0.371091875837715,15.6999999999999));
#7711=CARTESIAN_POINT('Ctrl Pts',(53.9065115920407,0.0988124795934431,15.6999999999999));
#7712=CARTESIAN_POINT('Ctrl Pts',(53.8984248766404,0.359619308359687,15.6999999999999));
#7713=CARTESIAN_POINT('',(53.8984248766404,3.84051923835999,15.6999999999999));
#7714=CARTESIAN_POINT('',(53.8984248766404,22.4145837337647,15.6999999999999));
#7715=CARTESIAN_POINT('',(54.7531316408616,3.84051923835999,15.6999999999999));
#7716=CARTESIAN_POINT('',(39.7412563392013,3.84051923835999,15.6999999999999));
#7717=CARTESIAN_POINT('',(54.7531316408616,0.646112609751288,15.6999999999999));
#7718=CARTESIAN_POINT('',(54.7531316408616,20.8173804194604,15.6999999999999));
#7719=CARTESIAN_POINT('',(54.8366925844651,-0.0963836423086484,15.6999999999999));
#7720=CARTESIAN_POINT('Ctrl Pts',(54.7531316408616,0.646112609751288,15.6999999999999));
#7721=CARTESIAN_POINT('Ctrl Pts',(54.7531640972497,0.497406291353579,15.6999999999999));
#7722=CARTESIAN_POINT('Ctrl Pts',(54.7532188896013,0.246362680066219,15.6999999999999));
#7723=CARTESIAN_POINT('Ctrl Pts',(54.8125190316248,0.00287393037037176,
15.6999999999999));
#7724=CARTESIAN_POINT('Ctrl Pts',(54.8366925844651,-0.0963836423086484,
15.6999999999999));
#7725=CARTESIAN_POINT('',(55.1398942598801,-0.461663257234033,15.6999999999999));
#7726=CARTESIAN_POINT('Ctrl Pts',(54.8366925844651,-0.0963836423086484,
15.6999999999999));
#7727=CARTESIAN_POINT('Ctrl Pts',(54.870904251289,-0.168733235560189,15.6999999999999));
#7728=CARTESIAN_POINT('Ctrl Pts',(54.9406802679518,-0.316293027085551,15.6999999999999));
#7729=CARTESIAN_POINT('Ctrl Pts',(55.0726368889687,-0.412584277419767,15.6999999999999));
#7730=CARTESIAN_POINT('Ctrl Pts',(55.1398942598801,-0.461663257234033,15.6999999999999));
#7731=CARTESIAN_POINT('',(55.6555841097337,-0.600135277860101,15.6999999999999));
#7732=CARTESIAN_POINT('Ctrl Pts',(55.1398942598801,-0.461663257234033,15.6999999999999));
#7733=CARTESIAN_POINT('Ctrl Pts',(55.2178986313952,-0.502037568667213,15.6999999999999));
#7734=CARTESIAN_POINT('Ctrl Pts',(55.3795247293357,-0.585693680334148,15.6999999999999));
#7735=CARTESIAN_POINT('Ctrl Pts',(55.5614566203482,-0.595211151333869,15.6999999999999));
#7736=CARTESIAN_POINT('Ctrl Pts',(55.6555841097337,-0.600135277860101,15.6999999999999));
#7737=CARTESIAN_POINT('',(56.5437171587449,-0.244405221097406,15.6999999999999));
#7738=CARTESIAN_POINT('Ctrl Pts',(55.6555841097337,-0.600135277860101,15.6999999999999));
#7739=CARTESIAN_POINT('Ctrl Pts',(55.8251764420797,-0.586417500037266,15.6999999999999));
#7740=CARTESIAN_POINT('Ctrl Pts',(56.1583230813336,-0.559470340832079,15.6999999999999));
#7741=CARTESIAN_POINT('Ctrl Pts',(56.4168141163721,-0.348150256590566,15.6999999999999));
#7742=CARTESIAN_POINT('Ctrl Pts',(56.5437171587449,-0.244405221097406,15.6999999999999));
#7743=CARTESIAN_POINT('',(56.897058261345,0.894407678492133,15.6999999999999));
#7744=CARTESIAN_POINT('Ctrl Pts',(56.5437171587449,-0.244405221097406,15.6999999999999));
#7745=CARTESIAN_POINT('Ctrl Pts',(56.6463816970811,-0.0950452018390435,
15.6999999999999));
#7746=CARTESIAN_POINT('Ctrl Pts',(56.8803835639331,0.245389030914512,15.6999999999999));
#7747=CARTESIAN_POINT('Ctrl Pts',(56.8910638040307,0.661089227007789,15.6999999999999));
#7748=CARTESIAN_POINT('Ctrl Pts',(56.897058261345,0.894407678492133,15.6999999999999));
#7749=CARTESIAN_POINT('',(56.897058261345,3.84051923835999,15.6999999999999));
#7750=CARTESIAN_POINT('',(56.897058261345,22.4145837337647,15.6999999999999));
#7751=CARTESIAN_POINT('',(57.7565381655198,3.84051923835999,15.6999999999999));
#7752=CARTESIAN_POINT('',(41.2429596015304,3.84051923835999,15.6999999999999));
#7753=CARTESIAN_POINT('',(57.7565381655198,0.545839715845648,15.6999999999999));
#7754=CARTESIAN_POINT('',(57.7565381655198,20.7672439725075,15.6999999999999));
#7755=CARTESIAN_POINT('',(57.9666373857957,-0.313641380422052,15.6999999999999));
#7756=CARTESIAN_POINT('Ctrl Pts',(57.7565381655198,0.545839715845648,15.6999999999999));
#7757=CARTESIAN_POINT('Ctrl Pts',(57.7599231471259,0.374969770490785,15.6999999999999));
#7758=CARTESIAN_POINT('Ctrl Pts',(57.7659353066786,0.0714829295561636,15.6999999999999));
#7759=CARTESIAN_POINT('Ctrl Pts',(57.9056049193425,-0.196527065351461,15.6999999999999));
#7760=CARTESIAN_POINT('Ctrl Pts',(57.9666373857957,-0.313641380422052,15.6999999999999));
#7761=CARTESIAN_POINT('',(58.6542222628098,-0.600135277860101,15.6999999999999));
#7762=CARTESIAN_POINT('Ctrl Pts',(57.9666373857957,-0.313641380422052,15.6999999999999));
#7763=CARTESIAN_POINT('Ctrl Pts',(58.0537465500669,-0.397038033957835,15.6999999999999));
#7764=CARTESIAN_POINT('Ctrl Pts',(58.2444459478653,-0.579610002598788,15.6999999999999));
#7765=CARTESIAN_POINT('Ctrl Pts',(58.5099806054745,-0.59291036120928,15.6999999999999));
#7766=CARTESIAN_POINT('Ctrl Pts',(58.6542222628098,-0.600135277860101,15.6999999999999));
#7767=CARTESIAN_POINT('',(59.325093997429,-0.409139346234735,15.6999999999999));
#7768=CARTESIAN_POINT('Ctrl Pts',(58.6542222628098,-0.600135277860101,15.6999999999999));
#7769=CARTESIAN_POINT('Ctrl Pts',(58.7728796597266,-0.592188515908509,15.6999999999999));
#7770=CARTESIAN_POINT('Ctrl Pts',(59.0101084186844,-0.576300753961129,15.6999999999999));
#7771=CARTESIAN_POINT('Ctrl Pts',(59.2201241930619,-0.464846341890537,15.6999999999999));
#7772=CARTESIAN_POINT('Ctrl Pts',(59.325093997429,-0.409139346234735,15.6999999999999));
#7773=CARTESIAN_POINT('',(59.7715470919114,0.149523664362494,15.6999999999999));
#7774=CARTESIAN_POINT('Ctrl Pts',(59.325093997429,-0.409139346234735,15.6999999999999));
#7775=CARTESIAN_POINT('Ctrl Pts',(59.4211678058609,-0.336822638450819,15.6999999999999));
#7776=CARTESIAN_POINT('Ctrl Pts',(59.6176134159914,-0.18895403601779,15.6999999999999));
#7777=CARTESIAN_POINT('Ctrl Pts',(59.7194928667264,0.0350640158782134,15.6999999999999));
#7778=CARTESIAN_POINT('Ctrl Pts',(59.7715470919114,0.149523664362494,15.6999999999999));
#7779=CARTESIAN_POINT('',(59.9100206026536,1.20955054844147,15.6999999999999));
#7780=CARTESIAN_POINT('Ctrl Pts',(59.7715470919114,0.149523664362494,15.6999999999999));
#7781=CARTESIAN_POINT('Ctrl Pts',(59.8117336509465,0.298341145447625,15.6999999999999));
#7782=CARTESIAN_POINT('Ctrl Pts',(59.9053191995084,0.644903925076717,15.6999999999999));
#7783=CARTESIAN_POINT('Ctrl Pts',(59.908312598665,1.00441632466902,15.6999999999999));
#7784=CARTESIAN_POINT('Ctrl Pts',(59.9100206026536,1.20955054844147,15.6999999999999));
#7785=CARTESIAN_POINT('',(59.9100206026536,3.84051923835999,15.6999999999999));
#7786=CARTESIAN_POINT('',(59.9100206026536,22.4145837337647,15.6999999999999));
#7787=CARTESIAN_POINT('',(42.7494407721847,3.84051923835999,15.6999999999999));
#7788=CARTESIAN_POINT('',(43.8615892061692,3.84051923835999,15.6999999999999));
#7789=CARTESIAN_POINT('',(43.8615892061692,3.09563522423035,15.6999999999999));
#7790=CARTESIAN_POINT('',(43.8615892061692,22.0421417266999,15.6999999999999));
#7791=CARTESIAN_POINT('',(45.470728648613,3.9551169165445,15.6999999999999));
#7792=CARTESIAN_POINT('Ctrl Pts',(43.8615892061692,3.09563522423035,15.6999999999999));
#7793=CARTESIAN_POINT('Ctrl Pts',(44.0753326604245,3.34631331528117,15.6999999999999));
#7794=CARTESIAN_POINT('Ctrl Pts',(44.4995476531982,3.8438321981595,15.6999999999999));
#7795=CARTESIAN_POINT('Ctrl Pts',(45.1486705172254,3.91821324089159,15.6999999999999));
#7796=CARTESIAN_POINT('Ctrl Pts',(45.470728648613,3.9551169165445,15.6999999999999));
#7797=CARTESIAN_POINT('',(46.3087222704392,3.78322069729096,15.6999999999999));
#7798=CARTESIAN_POINT('Ctrl Pts',(45.470728648613,3.9551169165445,15.6999999999999));
#7799=CARTESIAN_POINT('Ctrl Pts',(45.6169313516069,3.94835923181671,15.6999999999999));
#7800=CARTESIAN_POINT('Ctrl Pts',(45.9053484162673,3.93502820883849,15.6999999999999));
#7801=CARTESIAN_POINT('Ctrl Pts',(46.1755096164689,3.83335454036661,15.6999999999999));
#7802=CARTESIAN_POINT('Ctrl Pts',(46.3087222704392,3.78322069729096,15.6999999999999));
#7803=CARTESIAN_POINT('',(46.8864867815476,3.35109238708741,15.6999999999999));
#7804=CARTESIAN_POINT('Ctrl Pts',(46.3087222704392,3.78322069729096,15.6999999999999));
#7805=CARTESIAN_POINT('Ctrl Pts',(46.4273185305261,3.72588321468697,15.6999999999999));
#7806=CARTESIAN_POINT('Ctrl Pts',(46.6483028105125,3.61904441302328,15.6999999999999));
#7807=CARTESIAN_POINT('Ctrl Pts',(46.8110715861994,3.4359329172544,15.6999999999999));
#7808=CARTESIAN_POINT('Ctrl Pts',(46.8864867815476,3.35109238708741,15.6999999999999));
#7809=CARTESIAN_POINT('',(47.1514938005906,2.71364336097962,15.6999999999999));
#7810=CARTESIAN_POINT('Ctrl Pts',(46.8864867815476,3.35109238708741,15.6999999999999));
#7811=CARTESIAN_POINT('Ctrl Pts',(46.9452009424281,3.25679017839005,15.6999999999999));
#7812=CARTESIAN_POINT('Ctrl Pts',(47.0683560575864,3.0589878220653,15.6999999999999));
#7813=CARTESIAN_POINT('Ctrl Pts',(47.1229352305108,2.83227232103084,15.6999999999999));
#7814=CARTESIAN_POINT('Ctrl Pts',(47.1514938005906,2.71364336097962,15.6999999999999));
#7815=CARTESIAN_POINT('',(47.2040174135667,1.91146080578095,15.6999999999999));
#7816=CARTESIAN_POINT('Ctrl Pts',(47.1514938005906,2.71364336097962,15.6999999999999));
#7817=CARTESIAN_POINT('Ctrl Pts',(47.16669095214,2.6047692132423,15.6999999999999));
#7818=CARTESIAN_POINT('Ctrl Pts',(47.2038127892132,2.3388240878912,15.6999999999999));
#7819=CARTESIAN_POINT('Ctrl Pts',(47.2039414340779,2.07014594340765,15.6999999999999));
#7820=CARTESIAN_POINT('Ctrl Pts',(47.2040174135667,1.91146080578095,15.6999999999999));
#7821=CARTESIAN_POINT('',(47.2040174135667,-1.23042161380523,15.6999999999999));
#7822=CARTESIAN_POINT('',(47.2040174135667,19.8791133076821,15.6999999999999));
#7823=CARTESIAN_POINT('',(46.3445375093919,-1.23042161380523,15.6999999999999));
#7824=CARTESIAN_POINT('',(35.5369592734665,-1.23042161380523,15.6999999999999));
#7825=CARTESIAN_POINT('',(46.3445375093919,1.58199255550629,15.6999999999999));
#7826=CARTESIAN_POINT('',(46.3445375093919,21.2853203923379,15.6999999999999));
#7827=CARTESIAN_POINT('',(46.2920138964158,2.48922352875001,15.6999999999999));
#7828=CARTESIAN_POINT('Ctrl Pts',(46.3445375093919,1.58199255550629,15.6999999999999));
#7829=CARTESIAN_POINT('Ctrl Pts',(46.3454290477796,1.77016770499451,15.6999999999999));
#7830=CARTESIAN_POINT('Ctrl Pts',(46.3468679868684,2.07388157964222,15.6999999999999));
#7831=CARTESIAN_POINT('Ctrl Pts',(46.3071307297606,2.37476251091197,15.6999999999999));
#7832=CARTESIAN_POINT('Ctrl Pts',(46.2920138964158,2.48922352875001,15.6999999999999));
#7833=CARTESIAN_POINT('',(45.9482190737229,3.02162413681275,15.6999999999999));
#7834=CARTESIAN_POINT('Ctrl Pts',(46.2920138964158,2.48922352875001,15.6999999999999));
#7835=CARTESIAN_POINT('Ctrl Pts',(46.2582182080707,2.59554652585735,15.6999999999999));
#7836=CARTESIAN_POINT('Ctrl Pts',(46.191838999713,2.8043789753142,15.6999999999999));
#7837=CARTESIAN_POINT('Ctrl Pts',(46.0284310370012,2.950096075856,15.6999999999999));
#7838=CARTESIAN_POINT('Ctrl Pts',(45.9482190737229,3.02162413681275,15.6999999999999));
#7839=CARTESIAN_POINT('',(45.2988336214524,3.21500783050782,15.6999999999999));
#7840=CARTESIAN_POINT('Ctrl Pts',(45.9482190737229,3.02162413681275,15.6999999999999));
#7841=CARTESIAN_POINT('Ctrl Pts',(45.8527893783317,3.07799531499768,15.6999999999999));
#7842=CARTESIAN_POINT('Ctrl Pts',(45.6527576062582,3.19615587937934,15.6999999999999));
#7843=CARTESIAN_POINT('Ctrl Pts',(45.4203604443893,3.2085346390171,15.6999999999999));
#7844=CARTESIAN_POINT('Ctrl Pts',(45.2988336214524,3.21500783050782,15.6999999999999));
#7845=CARTESIAN_POINT('',(44.5730493196946,3.01684920871979,15.6999999999999));
#7846=CARTESIAN_POINT('Ctrl Pts',(45.2988336214524,3.21500783050782,15.6999999999999));
#7847=CARTESIAN_POINT('Ctrl Pts',(45.1716757892518,3.20662034114993,15.6999999999999));
#7848=CARTESIAN_POINT('Ctrl Pts',(44.9163404519179,3.18977810353455,15.6999999999999));
#7849=CARTESIAN_POINT('Ctrl Pts',(44.6877839413038,3.07464543311796,15.6999999999999));
#7850=CARTESIAN_POINT('Ctrl Pts',(44.5730493196946,3.01684920871979,15.6999999999999));
#7851=CARTESIAN_POINT('',(44.0931699404221,2.47728591049439,15.6999999999999));
#7852=CARTESIAN_POINT('Ctrl Pts',(44.5730493196946,3.01684920871979,15.6999999999999));
#7853=CARTESIAN_POINT('Ctrl Pts',(44.4687075735883,2.94580065954755,15.6999999999999));
#7854=CARTESIAN_POINT('Ctrl Pts',(44.2634312909044,2.8060236037821,15.6999999999999));
#7855=CARTESIAN_POINT('Ctrl Pts',(44.1492922242443,2.58564585286225,15.6999999999999));
#7856=CARTESIAN_POINT('Ctrl Pts',(44.0931699404221,2.47728591049439,15.6999999999999));
#7857=CARTESIAN_POINT('',(43.9523122438889,1.48649518574006,15.6999999999999));
#7858=CARTESIAN_POINT('Ctrl Pts',(44.0931699404221,2.47728591049439,15.6999999999999));
#7859=CARTESIAN_POINT('Ctrl Pts',(44.0522938044743,2.33870051763219,15.6999999999999));
#7860=CARTESIAN_POINT('Ctrl Pts',(43.9570961635708,2.01594490098053,15.6999999999999));
#7861=CARTESIAN_POINT('Ctrl Pts',(43.9540502802803,1.6788485139039,15.6999999999999));
#7862=CARTESIAN_POINT('Ctrl Pts',(43.9523122438889,1.48649518574006,15.6999999999999));
#7863=CARTESIAN_POINT('',(43.9523122438889,-1.23042161380523,15.6999999999999));
#7864=CARTESIAN_POINT('',(43.9523122438889,19.8791133076821,15.6999999999999));
#7865=CARTESIAN_POINT('',(43.0928323397141,-1.23042161380523,15.6999999999999));
#7866=CARTESIAN_POINT('',(33.9111066886276,-1.23042161380523,15.6999999999999));
#7867=CARTESIAN_POINT('',(43.0928323397141,3.84051923835999,15.6999999999999));
#7868=CARTESIAN_POINT('',(43.0928323397141,22.4145837337647,15.6999999999999));
#7869=CARTESIAN_POINT('',(34.2954851218551,3.84051923835999,15.6999999999999));
#7870=CARTESIAN_POINT('',(52.623524440239,5.78390305126435,15.6999999999999));
#7871=CARTESIAN_POINT('',(52.623524440239,-1.23042161380523,15.6999999999999));
#7872=CARTESIAN_POINT('',(52.623524440239,19.8791133076821,15.6999999999999));
#7873=CARTESIAN_POINT('',(51.8404433855515,-1.23042161380523,15.6999999999999));
#7874=CARTESIAN_POINT('',(38.2849122115463,-1.23042161380523,15.6999999999999));
#7875=CARTESIAN_POINT('',(51.8404433855515,-0.571485709302362,15.6999999999999));
#7876=CARTESIAN_POINT('',(51.8404433855515,20.2085812599335,15.6999999999999));
#7877=CARTESIAN_POINT('',(51.2149284014207,-1.15163559829467,15.6999999999999));
#7878=CARTESIAN_POINT('Ctrl Pts',(51.8404433855515,-0.571485709302362,15.6999999999999));
#7879=CARTESIAN_POINT('Ctrl Pts',(51.7480413245513,-0.690700068012481,15.6999999999999));
#7880=CARTESIAN_POINT('Ctrl Pts',(51.5713177619745,-0.918703490809563,15.6999999999999));
#7881=CARTESIAN_POINT('Ctrl Pts',(51.3300475519216,-1.07639500666641,15.6999999999999));
#7882=CARTESIAN_POINT('Ctrl Pts',(51.2149284014207,-1.15163559829467,15.6999999999999));
#7883=CARTESIAN_POINT('',(50.3697726854783,-1.34501929198974,15.6999999999999));
#7884=CARTESIAN_POINT('Ctrl Pts',(51.2149284014207,-1.15163559829467,15.6999999999999));
#7885=CARTESIAN_POINT('Ctrl Pts',(51.0882976202146,-1.20798897537902,15.6999999999999));
#7886=CARTESIAN_POINT('Ctrl Pts',(50.8196158650343,-1.3275580416136,15.6999999999999));
#7887=CARTESIAN_POINT('Ctrl Pts',(50.5253499191775,-1.33898035852601,15.6999999999999));
#7888=CARTESIAN_POINT('Ctrl Pts',(50.3697726854783,-1.34501929198974,15.6999999999999));
#7889=CARTESIAN_POINT('',(49.2237994799119,-1.01077611362212,15.6999999999999));
#7890=CARTESIAN_POINT('Ctrl Pts',(50.3697726854783,-1.34501929198974,15.6999999999999));
#7891=CARTESIAN_POINT('Ctrl Pts',(50.1615624838498,-1.33234361228909,15.6999999999999));
#7892=CARTESIAN_POINT('Ctrl Pts',(49.7540007573374,-1.30753156243222,15.6999999999999));
#7893=CARTESIAN_POINT('Ctrl Pts',(49.3979535833311,-1.10825075452314,15.6999999999999));
#7894=CARTESIAN_POINT('Ctrl Pts',(49.2237994799119,-1.01077611362212,15.6999999999999));
#7895=CARTESIAN_POINT('',(48.4741399416428,-0.0677340737509091,15.6999999999999));
#7896=CARTESIAN_POINT('Ctrl Pts',(49.2237994799119,-1.01077611362212,15.6999999999999));
#7897=CARTESIAN_POINT('Ctrl Pts',(49.0673985032219,-0.885427710928438,15.6999999999999));
#7898=CARTESIAN_POINT('Ctrl Pts',(48.7463362603099,-0.628110652135181,15.6999999999999));
#7899=CARTESIAN_POINT('Ctrl Pts',(48.5664150521735,-0.257702883624673,15.6999999999999));
#7900=CARTESIAN_POINT('Ctrl Pts',(48.4741399416428,-0.0677340737509091,
15.6999999999999));
#7901=CARTESIAN_POINT('',(48.2210681566697,1.26684968555695,15.6999999999999));
#7902=CARTESIAN_POINT('Ctrl Pts',(48.4741399416428,-0.0677340737509091,
15.6999999999999));
#7903=CARTESIAN_POINT('Ctrl Pts',(48.4003393141699,0.142923756648277,15.6999999999999));
#7904=CARTESIAN_POINT('Ctrl Pts',(48.2489989423924,0.574912419375482,15.6999999999999));
#7905=CARTESIAN_POINT('Ctrl Pts',(48.2305305163549,1.03243596883513,15.6999999999999));
#7906=CARTESIAN_POINT('Ctrl Pts',(48.2210681566697,1.26684968555695,15.6999999999999));
#7907=CARTESIAN_POINT('',(48.5003993639451,2.66828243816621,15.6999999999999));
#7908=CARTESIAN_POINT('Ctrl Pts',(48.2210681566697,1.26684968555695,15.6999999999999));
#7909=CARTESIAN_POINT('Ctrl Pts',(48.2310527411788,1.51605314864452,15.6999999999999));
#7910=CARTESIAN_POINT('Ctrl Pts',(48.250369716523,1.99818208928531,15.6999999999999));
#7911=CARTESIAN_POINT('Ctrl Pts',(48.4189534298365,2.45000052870555,15.6999999999999));
#7912=CARTESIAN_POINT('Ctrl Pts',(48.5003993639451,2.66828243816621,15.6999999999999));
#7913=CARTESIAN_POINT('',(49.312133563469,3.62326150024659,15.6999999999999));
#7914=CARTESIAN_POINT('Ctrl Pts',(48.5003993639451,2.66828243816621,15.6999999999999));
#7915=CARTESIAN_POINT('Ctrl Pts',(48.6019664643856,2.8625318752264,15.6999999999999));
#7916=CARTESIAN_POINT('Ctrl Pts',(48.8006058882192,3.24243438391529,15.6999999999999));
#7917=CARTESIAN_POINT('Ctrl Pts',(49.1442160546719,3.49824863437282,15.6999999999999));
#7918=CARTESIAN_POINT('Ctrl Pts',(49.312133563469,3.62326150024659,15.6999999999999));
#7919=CARTESIAN_POINT('',(50.4318473467332,3.9551169165445,15.6999999999999));
#7920=CARTESIAN_POINT('Ctrl Pts',(49.312133563469,3.62326150024659,15.6999999999999));
#7921=CARTESIAN_POINT('Ctrl Pts',(49.490119275824,3.72004413956593,15.6999999999999));
#7922=CARTESIAN_POINT('Ctrl Pts',(49.839975583826,3.91028422357563,15.6999999999999));
#7923=CARTESIAN_POINT('Ctrl Pts',(50.236869185312,3.94034784561654,15.6999999999999));
#7924=CARTESIAN_POINT('Ctrl Pts',(50.4318473467332,3.9551169165445,15.6999999999999));
#7925=CARTESIAN_POINT('',(51.2029931673508,3.77367084110505,15.6999999999999));
#7926=CARTESIAN_POINT('Ctrl Pts',(50.4318473467332,3.9551169165445,15.6999999999999));
#7927=CARTESIAN_POINT('Ctrl Pts',(50.569747562744,3.94842740167982,15.6999999999999));
#7928=CARTESIAN_POINT('Ctrl Pts',(50.8381359736436,3.93540792777211,15.6999999999999));
#7929=CARTESIAN_POINT('Ctrl Pts',(51.0836340575205,3.82658139083266,15.6999999999999));
#7930=CARTESIAN_POINT('Ctrl Pts',(51.2029931673508,3.77367084110505,15.6999999999999));
#7931=CARTESIAN_POINT('',(51.7640445360642,3.31528072441346,15.6999999999999));
#7932=CARTESIAN_POINT('Ctrl Pts',(51.2029931673508,3.77367084110505,15.6999999999999));
#7933=CARTESIAN_POINT('Ctrl Pts',(51.3108291901602,3.71032327438017,15.6999999999999));
#7934=CARTESIAN_POINT('Ctrl Pts',(51.5216275896628,3.58649113248465,15.6999999999999));
#7935=CARTESIAN_POINT('Ctrl Pts',(51.6844940414013,3.40427995668687,15.6999999999999));
#7936=CARTESIAN_POINT('Ctrl Pts',(51.7640445360642,3.31528072441346,15.6999999999999));
#7937=CARTESIAN_POINT('',(51.7640445360642,5.78390305126435,15.6999999999999));
#7938=CARTESIAN_POINT('',(51.7640445360642,23.3862756402169,15.6999999999999));
#7939=CARTESIAN_POINT('',(38.67645273889,5.78390305126435,15.6999999999999));
#7940=CARTESIAN_POINT('',(101.857493890236,1.3050491103006,15.6999999999999));
#7941=CARTESIAN_POINT('',(101.074410451363,-0.781581353299554,15.6999999999999));
#7942=CARTESIAN_POINT('Ctrl Pts',(101.857493890236,1.3050491103006,15.6999999999999));
#7943=CARTESIAN_POINT('Ctrl Pts',(101.837906702638,0.878231328182417,15.6999999999999));
#7944=CARTESIAN_POINT('Ctrl Pts',(101.801880200298,0.0931899969654237,15.6999999999999));
#7945=CARTESIAN_POINT('Ctrl Pts',(101.302351324744,-0.507485906883571,15.6999999999999));
#7946=CARTESIAN_POINT('Ctrl Pts',(101.074410451363,-0.781581353299554,15.6999999999999));
#7947=CARTESIAN_POINT('',(99.4795951971513,-1.34501929198974,15.6999999999999));
#7948=CARTESIAN_POINT('Ctrl Pts',(101.074410451363,-0.781581353299554,15.6999999999999));
#7949=CARTESIAN_POINT('Ctrl Pts',(100.84088286,-0.945891953705623,15.6999999999999));
#7950=CARTESIAN_POINT('Ctrl Pts',(100.362557782647,-1.28244268071234,15.6999999999999));
#7951=CARTESIAN_POINT('Ctrl Pts',(99.778503061613,-1.32383533521803,15.6999999999999));
#7952=CARTESIAN_POINT('Ctrl Pts',(99.4795951971513,-1.34501929198974,15.6999999999999));
#7953=CARTESIAN_POINT('',(97.7701816687089,-0.659821580998834,15.6999999999999));
#7954=CARTESIAN_POINT('Ctrl Pts',(99.4795951971513,-1.34501929198974,15.6999999999999));
#7955=CARTESIAN_POINT('Ctrl Pts',(99.1499822431707,-1.31954434419565,15.6999999999999));
#7956=CARTESIAN_POINT('Ctrl Pts',(98.5073956720951,-1.26988046068123,15.6999999999999));
#7957=CARTESIAN_POINT('Ctrl Pts',(98.0116405909926,-0.859633520193052,15.6999999999999));
#7958=CARTESIAN_POINT('Ctrl Pts',(97.7701816687089,-0.659821580998834,15.6999999999999));
#7959=CARTESIAN_POINT('',(97.106470836113,1.23342518890626,15.6999999999999));
#7960=CARTESIAN_POINT('Ctrl Pts',(97.7701816687089,-0.659821580998834,15.6999999999999));
#7961=CARTESIAN_POINT('Ctrl Pts',(97.5768227645879,-0.39787419945277,15.6999999999999));
#7962=CARTESIAN_POINT('Ctrl Pts',(97.1629416938897,0.16281920762742,15.6999999999999));
#7963=CARTESIAN_POINT('Ctrl Pts',(97.1261004268429,0.861276472332709,15.6999999999999));
#7964=CARTESIAN_POINT('Ctrl Pts',(97.106470836113,1.23342518890626,15.6999999999999));
#7965=CARTESIAN_POINT('',(97.4001274237138,2.77332966411835,15.6999999999999));
#7966=CARTESIAN_POINT('Ctrl Pts',(97.106470836113,1.23342518890626,15.6999999999999));
#7967=CARTESIAN_POINT('Ctrl Pts',(97.112201127011,1.52872466938543,15.6999999999999));
#7968=CARTESIAN_POINT('Ctrl Pts',(97.1225092172329,2.05993220167808,15.6999999999999));
#7969=CARTESIAN_POINT('Ctrl Pts',(97.3147525837342,2.55394133591868,15.6999999999999));
#7970=CARTESIAN_POINT('Ctrl Pts',(97.4001274237138,2.77332966411835,15.6999999999999));
#7971=CARTESIAN_POINT('',(98.2548329958421,3.64474837864167,15.6999999999999));
#7972=CARTESIAN_POINT('Ctrl Pts',(97.4001274237138,2.77332966411835,15.6999999999999));
#7973=CARTESIAN_POINT('Ctrl Pts',(97.5094621660107,2.95007119938496,15.6999999999999));
#7974=CARTESIAN_POINT('Ctrl Pts',(97.7288585619054,3.30472933482993,15.6999999999999));
#7975=CARTESIAN_POINT('Ctrl Pts',(98.0791213504948,3.53115862639764,15.6999999999999));
#7976=CARTESIAN_POINT('Ctrl Pts',(98.2548329958421,3.64474837864167,15.6999999999999));
#7977=CARTESIAN_POINT('',(99.4795951971513,3.9551169165445,15.6999999999999));
#7978=CARTESIAN_POINT('Ctrl Pts',(98.2548329958421,3.64474837864167,15.6999999999999));
#7979=CARTESIAN_POINT('Ctrl Pts',(98.4471122954052,3.73527043181719,15.6999999999999));
#7980=CARTESIAN_POINT('Ctrl Pts',(98.8351866473081,3.91796969897085,15.6999999999999));
#7981=CARTESIAN_POINT('Ctrl Pts',(99.2634989180384,3.9426599503869,15.6999999999999));
#7982=CARTESIAN_POINT('Ctrl Pts',(99.4795951971513,3.9551169165445,15.6999999999999));
#7983=CARTESIAN_POINT('',(101.200945151756,3.27230637157685,15.6999999999999));
#7984=CARTESIAN_POINT('Ctrl Pts',(99.4795951971513,3.9551169165445,15.6999999999999));
#7985=CARTESIAN_POINT('Ctrl Pts',(99.8136227972409,3.9306143062674,15.6999999999999));
#7986=CARTESIAN_POINT('Ctrl Pts',(100.460336548434,3.88317458870496,15.6999999999999));
#7987=CARTESIAN_POINT('Ctrl Pts',(100.959567126709,3.47139960807592,15.6999999999999));
#7988=CARTESIAN_POINT('Ctrl Pts',(101.200945151756,3.27230637157685,15.6999999999999));
#7989=CARTESIAN_POINT('Ctrl Pts',(101.200945151756,3.27230637157685,15.6999999999999));
#7990=CARTESIAN_POINT('Ctrl Pts',(101.392080767733,3.00407889358878,15.6999999999999));
#7991=CARTESIAN_POINT('Ctrl Pts',(101.809506401762,2.41829050197218,15.6999999999999));
#7992=CARTESIAN_POINT('Ctrl Pts',(101.840624501403,1.69639490685535,15.6999999999999));
#7993=CARTESIAN_POINT('Ctrl Pts',(101.857493890236,1.3050491103006,15.6999999999999));
#7994=CARTESIAN_POINT('',(108.102880437061,40.9886482291695,15.6999999999998));
#7995=CARTESIAN_POINT('',(105.379381037541,37.2442106604232,15.6999999999998));
#7996=CARTESIAN_POINT('Origin',(106.229381037541,39.4886482291695,15.6999999999998));
#7997=CARTESIAN_POINT('',(105.379381037541,13.0853319201739,15.6999999999998));
#7998=CARTESIAN_POINT('',(105.379381037541,20.4386482291694,15.6999999999998));
#7999=CARTESIAN_POINT('',(105.36613765171,11.0886482291695,15.6999999999998));
#8000=CARTESIAN_POINT('',(105.414721484018,18.413553419933,15.6999999999998));
#8001=CARTESIAN_POINT('',(34.0737054701822,11.0886482291694,15.6999999999999));
#8002=CARTESIAN_POINT('',(68.729381037541,11.0886482291694,15.6999999999999));
#8003=CARTESIAN_POINT('',(32.079381037541,11.1112868037134,15.6999999999999));
#8004=CARTESIAN_POINT('',(51.3232653909723,10.8928398432685,15.6999999999999));
#8005=CARTESIAN_POINT('',(32.079381037541,37.2442106604231,15.7));
#8006=CARTESIAN_POINT('',(32.079381037541,29.0386482291694,15.7));
#8007=CARTESIAN_POINT('',(29.3558816380215,40.9886482291694,15.7));
#8008=CARTESIAN_POINT('Origin',(31.229381037541,39.4886482291694,15.7));
#8009=CARTESIAN_POINT('',(29.3558816380215,40.9886482291694,15.7));
#8010=CARTESIAN_POINT('',(108.629381037541,8.48864822916944,15.6999999999998));
#8011=CARTESIAN_POINT('Origin',(106.229381037541,8.48864822916944,15.6999999999998));
#8012=CARTESIAN_POINT('',(33.629381037541,8.48864822916937,15.6999999999999));
#8013=CARTESIAN_POINT('Origin',(31.229381037541,8.48864822916937,15.6999999999999));
#8014=CARTESIAN_POINT('',(89.0321204790574,-2.17107648765319,15.6999999999999));
#8015=CARTESIAN_POINT('',(89.0321204790574,-3.15948064243072,15.6999999999999));
#8016=CARTESIAN_POINT('',(89.0321204790574,18.9145837933693,15.6999999999998));
#8017=CARTESIAN_POINT('',(88.1726381906968,-3.15948064243072,15.6999999999999));
#8018=CARTESIAN_POINT('',(56.4510096141189,-3.15948064243072,15.6999999999999));
#8019=CARTESIAN_POINT('',(88.1726381906968,-2.17107648765319,15.6999999999999));
#8020=CARTESIAN_POINT('',(88.1726381906968,19.4087858707581,15.6999999999998));
#8021=CARTESIAN_POINT('',(56.8807507582992,-2.17107648765319,15.6999999999999));
#8022=CARTESIAN_POINT('',(86.8643138536912,3.84051923835999,15.6999999999999));
#8023=CARTESIAN_POINT('',(86.8643138536912,-1.23042161380523,15.6999999999999));
#8024=CARTESIAN_POINT('',(86.8643138536912,19.8791133076821,15.6999999999998));
#8025=CARTESIAN_POINT('',(86.0907814630967,-1.23042161380523,15.6999999999999));
#8026=CARTESIAN_POINT('',(55.4100812503189,-1.23042161380523,15.6999999999999));
#8027=CARTESIAN_POINT('',(86.0907814630967,-0.509412240140374,15.6999999999999));
#8028=CARTESIAN_POINT('',(86.0907814630967,20.2396179945145,15.6999999999998));
#8029=CARTESIAN_POINT('',(84.4768641123276,-1.34501929198974,15.6999999999999));
#8030=CARTESIAN_POINT('Ctrl Pts',(86.0907814630967,-0.509412240140374,15.6999999999999));
#8031=CARTESIAN_POINT('Ctrl Pts',(85.881368717986,-0.753116364811982,15.6999999999999));
#8032=CARTESIAN_POINT('Ctrl Pts',(85.4563444543486,-1.24773843797751,15.6999999999999));
#8033=CARTESIAN_POINT('Ctrl Pts',(84.8065167008808,-1.31227857840316,15.6999999999999));
#8034=CARTESIAN_POINT('Ctrl Pts',(84.4768641123276,-1.34501929198974,15.6999999999999));
#8035=CARTESIAN_POINT('',(83.6340949663621,-1.18028516685241,15.6999999999999));
#8036=CARTESIAN_POINT('Ctrl Pts',(84.4768641123276,-1.34501929198974,15.6999999999999));
#8037=CARTESIAN_POINT('Ctrl Pts',(84.3287437975654,-1.3388278071353,15.6999999999999));
#8038=CARTESIAN_POINT('Ctrl Pts',(84.0393442141614,-1.32673079572667,15.6999999999999));
#8039=CARTESIAN_POINT('Ctrl Pts',(83.7670323443521,-1.2283249794526,15.6999999999999));
#8040=CARTESIAN_POINT('Ctrl Pts',(83.6340949663621,-1.18028516685241,15.6999999999999));
#8041=CARTESIAN_POINT('',(83.0587194094163,-0.748157154672082,15.6999999999999));
#8042=CARTESIAN_POINT('Ctrl Pts',(83.6340949663621,-1.18028516685241,15.6999999999999));
#8043=CARTESIAN_POINT('Ctrl Pts',(83.5163874010204,-1.12426735777405,15.6999999999999));
#8044=CARTESIAN_POINT('Ctrl Pts',(83.2950068074693,-1.0189108686886,15.6999999999999));
#8045=CARTESIAN_POINT('Ctrl Pts',(83.1340812218803,-0.834511699128485,15.6999999999999));
#8046=CARTESIAN_POINT('Ctrl Pts',(83.0587194094163,-0.748157154672082,15.6999999999999));
#8047=CARTESIAN_POINT('',(82.7913258203965,-0.113095592610772,15.6999999999999));
#8048=CARTESIAN_POINT('Ctrl Pts',(83.0587194094163,-0.748157154672082,15.6999999999999));
#8049=CARTESIAN_POINT('Ctrl Pts',(82.9994309620022,-0.652869719657278,15.6999999999999));
#8050=CARTESIAN_POINT('Ctrl Pts',(82.8766283647552,-0.455503368956374,15.6999999999999));
#8051=CARTESIAN_POINT('Ctrl Pts',(82.8204048949748,-0.229820144491565,15.6999999999999));
#8052=CARTESIAN_POINT('Ctrl Pts',(82.7913258203965,-0.113095592610772,15.6999999999999));
#8053=CARTESIAN_POINT('',(82.7435777315598,0.722511459238593,15.6999999999999));
#8054=CARTESIAN_POINT('Ctrl Pts',(82.7913258203965,-0.113095592610772,15.6999999999999));
#8055=CARTESIAN_POINT('Ctrl Pts',(82.7775465941335,-0.00379274780083927,
15.6999999999999));
#8056=CARTESIAN_POINT('Ctrl Pts',(82.7425919446989,0.273482808141561,15.6999999999999));
#8057=CARTESIAN_POINT('Ctrl Pts',(82.7432058372621,0.553112574440147,15.6999999999999));
#8058=CARTESIAN_POINT('Ctrl Pts',(82.7435777315598,0.722511459238593,15.6999999999999));
#8059=CARTESIAN_POINT('',(82.7435777315598,3.84051923835999,15.6999999999999));
#8060=CARTESIAN_POINT('',(82.7435777315598,22.4145837337647,15.6999999999999));
#8061=CARTESIAN_POINT('',(83.6030576357346,3.84051923835999,15.6999999999999));
#8062=CARTESIAN_POINT('',(54.1662193366378,3.84051923835999,15.6999999999999));
#8063=CARTESIAN_POINT('',(83.6030576357346,0.755935359842841,15.6999999999999));
#8064=CARTESIAN_POINT('',(83.6030576357346,20.8722917945061,15.6999999999999));
#8065=CARTESIAN_POINT('',(83.7033317217332,-0.0295349470304807,15.6999999999999));
#8066=CARTESIAN_POINT('Ctrl Pts',(83.6030576357346,0.755935359842841,15.6999999999999));
#8067=CARTESIAN_POINT('Ctrl Pts',(83.6038826733696,0.601874822366251,15.6999999999999));
#8068=CARTESIAN_POINT('Ctrl Pts',(83.6053090444133,0.335526379195565,15.6999999999999));
#8069=CARTESIAN_POINT('Ctrl Pts',(83.6742622433807,0.0787271675148693,15.6999999999999));
#8070=CARTESIAN_POINT('Ctrl Pts',(83.7033317217332,-0.0295349470304807,
15.6999999999999));
#8071=CARTESIAN_POINT('',(84.0590617784959,-0.444951008908685,15.6999999999999));
#8072=CARTESIAN_POINT('Ctrl Pts',(83.7033317217332,-0.0295349470304807,
15.6999999999999));
#8073=CARTESIAN_POINT('Ctrl Pts',(83.743997158017,-0.112366873489376,15.6999999999999));
#8074=CARTESIAN_POINT('Ctrl Pts',(83.8268851941964,-0.281202532086651,15.6999999999999));
#8075=CARTESIAN_POINT('Ctrl Pts',(83.9807063378112,-0.38968882947082,15.6999999999999));
#8076=CARTESIAN_POINT('Ctrl Pts',(84.0590617784959,-0.444951008908685,15.6999999999999));
#8077=CARTESIAN_POINT('',(84.6583101877671,-0.600135277860101,15.6999999999999));
#8078=CARTESIAN_POINT('Ctrl Pts',(84.0590617784959,-0.444951008908685,15.6999999999999));
#8079=CARTESIAN_POINT('Ctrl Pts',(84.1498697941239,-0.490196077597419,15.6999999999999));
#8080=CARTESIAN_POINT('Ctrl Pts',(84.3384502861773,-0.58415625564229,15.6999999999999));
#8081=CARTESIAN_POINT('Ctrl Pts',(84.5490970901912,-0.594679393881,15.6999999999999));
#8082=CARTESIAN_POINT('Ctrl Pts',(84.6583101877671,-0.600135277860101,15.6999999999999));
#8083=CARTESIAN_POINT('',(85.6061289438706,-0.251567613236841,15.6999999999999));
#8084=CARTESIAN_POINT('Ctrl Pts',(84.6583101877671,-0.600135277860101,15.6999999999999));
#8085=CARTESIAN_POINT('Ctrl Pts',(84.8344032237355,-0.586199654807305,15.6999999999999));
#8086=CARTESIAN_POINT('Ctrl Pts',(85.1831120012119,-0.558603594285166,15.6999999999999));
#8087=CARTESIAN_POINT('Ctrl Pts',(85.4660638201935,-0.353230285158606,15.6999999999999));
#8088=CARTESIAN_POINT('Ctrl Pts',(85.6061289438706,-0.251567613236841,15.6999999999999));
#8089=CARTESIAN_POINT('',(86.0048315653306,1.07107882583863,15.6999999999999));
#8090=CARTESIAN_POINT('Ctrl Pts',(85.6061289438706,-0.251567613236841,15.6999999999999));
#8091=CARTESIAN_POINT('Ctrl Pts',(85.72161479077,-0.0886322750058777,15.6999999999999));
#8092=CARTESIAN_POINT('Ctrl Pts',(85.9992081008949,0.303015369187545,15.6999999999999));
#8093=CARTESIAN_POINT('Ctrl Pts',(86.0027583245963,0.787911667397749,15.6999999999999));
#8094=CARTESIAN_POINT('Ctrl Pts',(86.0048315653306,1.07107882583863,15.6999999999999));
#8095=CARTESIAN_POINT('',(86.0048315653306,3.84051923835999,15.6999999999999));
#8096=CARTESIAN_POINT('',(86.0048315653306,22.4145837337647,15.6999999999999));
#8097=CARTESIAN_POINT('',(55.7968474456161,3.84051923835999,15.6999999999999));
#8098=CARTESIAN_POINT('',(33.6003348955613,3.84051923835999,15.6999999999999));
#8099=CARTESIAN_POINT('',(33.6003348955613,-1.23042161380523,15.6999999999999));
#8100=CARTESIAN_POINT('',(33.6003348955613,19.8791133076821,15.6999999999999));
#8101=CARTESIAN_POINT('',(32.826800120781,-1.23042161380523,15.6999999999999));
#8102=CARTESIAN_POINT('',(28.778090579161,-1.23042161380523,15.6999999999999));
#8103=CARTESIAN_POINT('',(32.826800120781,-0.461663257234033,15.6999999999999));
#8104=CARTESIAN_POINT('',(32.826800120781,20.2634924859677,15.6999999999999));
#8105=CARTESIAN_POINT('',(32.2800777086716,-1.1731230727362,15.6999999999999));
#8106=CARTESIAN_POINT('Ctrl Pts',(32.826800120781,-0.461663257234033,15.6999999999999));
#8107=CARTESIAN_POINT('Ctrl Pts',(32.7406332649986,-0.617859364586044,15.6999999999999));
#8108=CARTESIAN_POINT('Ctrl Pts',(32.5940747420273,-0.883528461822074,15.6999999999999));
#8109=CARTESIAN_POINT('Ctrl Pts',(32.3717075077167,-1.08861432525215,15.6999999999999));
#8110=CARTESIAN_POINT('Ctrl Pts',(32.2800777086716,-1.1731230727362,15.6999999999999));
#8111=CARTESIAN_POINT('',(31.7285726198655,-1.34501929198974,15.6999999999999));
#8112=CARTESIAN_POINT('Ctrl Pts',(32.2800777086716,-1.1731230727362,15.6999999999999));
#8113=CARTESIAN_POINT('Ctrl Pts',(32.1945670794697,-1.22325950840398,15.6999999999999));
#8114=CARTESIAN_POINT('Ctrl Pts',(32.0240197025958,-1.3232545343878,15.6999999999999));
#8115=CARTESIAN_POINT('Ctrl Pts',(31.8268723834724,-1.33777782422008,15.6999999999999));
#8116=CARTESIAN_POINT('Ctrl Pts',(31.7285726198655,-1.34501929198974,15.6999999999999));
#8117=CARTESIAN_POINT('',(30.8452174791794,-1.0680752507376,15.6999999999999));
#8118=CARTESIAN_POINT('Ctrl Pts',(31.7285726198655,-1.34501929198974,15.6999999999999));
#8119=CARTESIAN_POINT('Ctrl Pts',(31.5796813813115,-1.33129269286435,15.6999999999999));
#8120=CARTESIAN_POINT('Ctrl Pts',(31.2658581582647,-1.30236066421824,15.6999999999999));
#8121=CARTESIAN_POINT('Ctrl Pts',(30.9901289096294,-1.14878697475552,15.6999999999999));
#8122=CARTESIAN_POINT('Ctrl Pts',(30.8452174791794,-1.0680752507376,15.6999999999999));
#8123=CARTESIAN_POINT('',(31.1412618288499,-0.270667325608667,15.6999999999999));
#8124=CARTESIAN_POINT('',(37.4840648396507,16.8139397407825,15.6999999999999));
#8125=CARTESIAN_POINT('',(31.7715499529343,-0.456888329141076,15.6999999999999));
#8126=CARTESIAN_POINT('Ctrl Pts',(31.1412618288499,-0.270667325608667,15.6999999999999));
#8127=CARTESIAN_POINT('Ctrl Pts',(31.2440706202097,-0.324956603747406,15.6999999999999));
#8128=CARTESIAN_POINT('Ctrl Pts',(31.4418900925962,-0.429417284741694,15.6999999999999));
#8129=CARTESIAN_POINT('Ctrl Pts',(31.6645896297818,-0.447975167000918,15.6999999999999));
#8130=CARTESIAN_POINT('Ctrl Pts',(31.7715499529343,-0.456888329141076,15.6999999999999));
#8131=CARTESIAN_POINT('',(32.277688754509,-0.287379573934015,15.6999999999999));
#8132=CARTESIAN_POINT('Ctrl Pts',(31.7715499529343,-0.456888329141076,15.6999999999999));
#8133=CARTESIAN_POINT('Ctrl Pts',(31.8630523440536,-0.44983861187662,15.6999999999999));
#8134=CARTESIAN_POINT('Ctrl Pts',(32.0459723001422,-0.435745712700136,15.6999999999999));
#8135=CARTESIAN_POINT('Ctrl Pts',(32.2004738189076,-0.33681966174115,15.6999999999999));
#8136=CARTESIAN_POINT('Ctrl Pts',(32.277688754509,-0.287379573934015,15.6999999999999));
#8137=CARTESIAN_POINT('',(32.5976083406907,0.182947564966742,15.6999999999999));
#8138=CARTESIAN_POINT('Ctrl Pts',(32.277688754509,-0.287379573934015,15.6999999999999));
#8139=CARTESIAN_POINT('Ctrl Pts',(32.347576107541,-0.223937817197117,15.6999999999999));
#8140=CARTESIAN_POINT('Ctrl Pts',(32.4918110594064,-0.0930054190990171,
15.6999999999999));
#8141=CARTESIAN_POINT('Ctrl Pts',(32.5616229713122,0.0890862677560644,15.6999999999999));
#8142=CARTESIAN_POINT('Ctrl Pts',(32.5976083406907,0.182947564966742,15.6999999999999));
#8143=CARTESIAN_POINT('',(32.7408549913865,1.18567650402314,15.6999999999999));
#8144=CARTESIAN_POINT('Ctrl Pts',(32.5976083406907,0.182947564966742,15.6999999999999));
#8145=CARTESIAN_POINT('Ctrl Pts',(32.6393751509072,0.342041142883899,15.6999999999999));
#8146=CARTESIAN_POINT('Ctrl Pts',(32.7256538836776,0.670684681220821,15.6999999999999));
#8147=CARTESIAN_POINT('Ctrl Pts',(32.7356816055097,1.01040957783774,15.6999999999999));
#8148=CARTESIAN_POINT('Ctrl Pts',(32.7408549913865,1.18567650402314,15.6999999999999));
#8149=CARTESIAN_POINT('',(32.7408549913865,3.84051923835999,15.6999999999999));
#8150=CARTESIAN_POINT('',(32.7408549913865,22.4145837337647,15.6999999999999));
#8151=CARTESIAN_POINT('',(29.1648579665512,3.84051923835999,15.6999999999999));
#8152=CARTESIAN_POINT('',(66.52802921624,1.3050491103006,15.6999999999999));
#8153=CARTESIAN_POINT('',(65.7449481615525,-0.781581353299554,15.6999999999999));
#8154=CARTESIAN_POINT('Ctrl Pts',(66.52802921624,1.3050491103006,15.6999999999999));
#8155=CARTESIAN_POINT('Ctrl Pts',(66.5084424468953,0.878231369945306,15.6999999999999));
#8156=CARTESIAN_POINT('Ctrl Pts',(66.4724167219548,0.0931902923079564,15.6999999999999));
#8157=CARTESIAN_POINT('Ctrl Pts',(65.972888620535,-0.507485864836961,15.6999999999999));
#8158=CARTESIAN_POINT('Ctrl Pts',(65.7449481615525,-0.781581353299554,15.6999999999999));
#8159=CARTESIAN_POINT('',(64.1501281389695,-1.34501929198974,15.6999999999999));
#8160=CARTESIAN_POINT('Ctrl Pts',(65.7449481615525,-0.781581353299554,15.6999999999999));
#8161=CARTESIAN_POINT('Ctrl Pts',(65.5114205566796,-0.945891947996441,15.6999999999999));
#8162=CARTESIAN_POINT('Ctrl Pts',(65.0330941428361,-1.2824435841966,15.6999999999999));
#8163=CARTESIAN_POINT('Ctrl Pts',(64.4490376767491,-1.32383560449694,15.6999999999999));
#8164=CARTESIAN_POINT('Ctrl Pts',(64.1501281389695,-1.34501929198974,15.6999999999999));
#8165=CARTESIAN_POINT('',(62.4407193788987,-0.659821580998834,15.6999999999999));
#8166=CARTESIAN_POINT('Ctrl Pts',(64.1501281389695,-1.34501929198974,15.6999999999999));
#8167=CARTESIAN_POINT('Ctrl Pts',(63.8205178089907,-1.31954376175889,15.6999999999999));
#8168=CARTESIAN_POINT('Ctrl Pts',(63.1779333977138,-1.2698785143244,15.6999999999999));
#8169=CARTESIAN_POINT('Ctrl Pts',(62.6821790928268,-0.859633533622066,15.6999999999999));
#8170=CARTESIAN_POINT('Ctrl Pts',(62.4407193788987,-0.659821580998834,15.6999999999999));
#8171=CARTESIAN_POINT('',(61.7770049700242,1.23342518890626,15.6999999999999));
#8172=CARTESIAN_POINT('Ctrl Pts',(62.4407193788987,-0.659821580998834,15.6999999999999));
#8173=CARTESIAN_POINT('Ctrl Pts',(62.2473601463269,-0.397874224434097,15.6999999999999));
#8174=CARTESIAN_POINT('Ctrl Pts',(61.8334784424137,0.16281903457711,15.6999999999999));
#8175=CARTESIAN_POINT('Ctrl Pts',(61.7966354677137,0.861276448095641,15.6999999999999));
#8176=CARTESIAN_POINT('Ctrl Pts',(61.7770049700242,1.23342518890626,15.6999999999999));
#8177=CARTESIAN_POINT('',(62.070660365532,2.77332966411835,15.6999999999999));
#8178=CARTESIAN_POINT('Ctrl Pts',(61.7770049700242,1.23342518890626,15.6999999999999));
#8179=CARTESIAN_POINT('Ctrl Pts',(61.7827353810821,1.52872462905707,15.6999999999999));
#8180=CARTESIAN_POINT('Ctrl Pts',(61.7930436850109,2.05993196276083,15.6999999999999));
#8181=CARTESIAN_POINT('Ctrl Pts',(61.9852860123842,2.55394130756778,15.6999999999999));
#8182=CARTESIAN_POINT('Ctrl Pts',(62.070660365532,2.77332966411835,15.6999999999999));
#8183=CARTESIAN_POINT('',(62.9253671297532,3.64474837864167,15.6999999999999));
#8184=CARTESIAN_POINT('Ctrl Pts',(62.070660365532,2.77332966411835,15.6999999999999));
#8185=CARTESIAN_POINT('Ctrl Pts',(62.1799964941887,2.95007103441955,15.6999999999999));
#8186=CARTESIAN_POINT('Ctrl Pts',(62.3993949587142,3.3047276857809,15.6999999999999));
#8187=CARTESIAN_POINT('Ctrl Pts',(62.7496566182834,3.53115831980861,15.6999999999999));
#8188=CARTESIAN_POINT('Ctrl Pts',(62.9253671297532,3.64474837864167,15.6999999999999));
#8189=CARTESIAN_POINT('',(64.1501281389695,3.9551169165445,15.6999999999999));
#8190=CARTESIAN_POINT('Ctrl Pts',(62.9253671297532,3.64474837864167,15.6999999999999));
#8191=CARTESIAN_POINT('Ctrl Pts',(63.1176460272607,3.73527043141139,15.6999999999999));
#8192=CARTESIAN_POINT('Ctrl Pts',(63.5057199114154,3.91796985956173,15.6999999999999));
#8193=CARTESIAN_POINT('Ctrl Pts',(63.9340318430049,3.94265999703801,15.6999999999999));
#8194=CARTESIAN_POINT('Ctrl Pts',(64.1501281389695,3.9551169165445,15.6999999999999));
#8195=CARTESIAN_POINT('',(65.8714816698533,3.27230637157685,15.6999999999999));
#8196=CARTESIAN_POINT('Ctrl Pts',(64.1501281389695,3.9551169165445,15.6999999999999));
#8197=CARTESIAN_POINT('Ctrl Pts',(64.4841558480779,3.93061417457337,15.6999999999999));
#8198=CARTESIAN_POINT('Ctrl Pts',(65.1308704665057,3.88317415390386,15.6999999999999));
#8199=CARTESIAN_POINT('Ctrl Pts',(65.6301026210562,3.47139961182541,15.6999999999999));
#8200=CARTESIAN_POINT('Ctrl Pts',(65.8714816698533,3.27230637157685,15.6999999999999));
#8201=CARTESIAN_POINT('Ctrl Pts',(65.8714816698533,3.27230637157685,15.6999999999999));
#8202=CARTESIAN_POINT('Ctrl Pts',(66.0626167949488,3.00407884454931,15.6999999999999));
#8203=CARTESIAN_POINT('Ctrl Pts',(66.4800414987372,2.41829014683378,15.6999999999999));
#8204=CARTESIAN_POINT('Ctrl Pts',(66.5111597437556,1.69639485482831,15.6999999999999));
#8205=CARTESIAN_POINT('Ctrl Pts',(66.52802921624,1.3050491103006,15.6999999999999));
#8206=CARTESIAN_POINT('',(39.8697755465012,3.07176058376557,15.6999999999999));
#8207=CARTESIAN_POINT('',(39.7456262239915,3.83096938217408,15.6999999999999));
#8208=CARTESIAN_POINT('',(36.5911119724281,23.1217309109255,15.6999999999999));
#8209=CARTESIAN_POINT('',(40.395011676262,3.90736763561494,15.6999999999999));
#8210=CARTESIAN_POINT('Ctrl Pts',(39.7456262239915,3.83096938217408,15.6999999999999));
#8211=CARTESIAN_POINT('Ctrl Pts',(39.8598623896125,3.85322366167248,15.6999999999999));
#8212=CARTESIAN_POINT('Ctrl Pts',(40.0744570283625,3.89502871564673,15.6999999999999));
#8213=CARTESIAN_POINT('Ctrl Pts',(40.2928682974407,3.90343589110642,15.6999999999999));
#8214=CARTESIAN_POINT('Ctrl Pts',(40.395011676262,3.90736763561494,15.6999999999999));
#8215=CARTESIAN_POINT('',(41.1207959780198,3.75934605682618,15.6999999999999));
#8216=CARTESIAN_POINT('Ctrl Pts',(40.395011676262,3.90736763561494,15.6999999999999));
#8217=CARTESIAN_POINT('Ctrl Pts',(40.5355969685688,3.90466307973608,15.6999999999999));
#8218=CARTESIAN_POINT('Ctrl Pts',(40.7872972560367,3.89982091252918,15.6999999999999));
#8219=CARTESIAN_POINT('Ctrl Pts',(41.0186594070053,3.80236757124144,15.6999999999999));
#8220=CARTESIAN_POINT('Ctrl Pts',(41.1207959780198,3.75934605682618,15.6999999999999));
#8221=CARTESIAN_POINT('',(41.4836881288987,3.37019150341279,15.6999999999999));
#8222=CARTESIAN_POINT('Ctrl Pts',(41.1207959780198,3.75934605682618,15.6999999999999));
#8223=CARTESIAN_POINT('Ctrl Pts',(41.1997432533153,3.70753489082673,15.6999999999999));
#8224=CARTESIAN_POINT('Ctrl Pts',(41.3525902493122,3.60722514546224,15.6999999999999));
#8225=CARTESIAN_POINT('Ctrl Pts',(41.4409616152492,3.44744386763377,15.6999999999999));
#8226=CARTESIAN_POINT('Ctrl Pts',(41.4836881288987,3.37019150341279,15.6999999999999));
#8227=CARTESIAN_POINT('',(41.5887353548508,2.35552613819367,15.6999999999999));
#8228=CARTESIAN_POINT('Ctrl Pts',(41.4836881288987,3.37019150341279,15.6999999999999));
#8229=CARTESIAN_POINT('Ctrl Pts',(41.5138798780538,3.24593820218392,15.6999999999999));
#8230=CARTESIAN_POINT('Ctrl Pts',(41.5946737570514,2.91343324750331,15.6999999999999));
#8231=CARTESIAN_POINT('Ctrl Pts',(41.5910223025433,2.57038264893978,15.6999999999999));
#8232=CARTESIAN_POINT('Ctrl Pts',(41.5887353548508,2.35552613819367,15.6999999999999));
#8233=CARTESIAN_POINT('',(41.5887353548508,-0.561936151139673,15.6999999999999));
#8234=CARTESIAN_POINT('',(41.5887353548508,20.2133560390149,15.6999999999999));
#8235=CARTESIAN_POINT('',(42.2190234789353,-0.561936151139673,15.6999999999999));
#8236=CARTESIAN_POINT('',(33.4742022582382,-0.561936151139673,15.6999999999999));
#8237=CARTESIAN_POINT('',(42.2190234789353,-1.23042220985168,15.6999999999999));
#8238=CARTESIAN_POINT('',(42.2190234789353,19.8791130096589,15.6999999999999));
#8239=CARTESIAN_POINT('',(41.5887353548508,-1.23042220985168,15.6999999999999));
#8240=CARTESIAN_POINT('',(33.159058196196,-1.23042220985168,15.6999999999999));
#8241=CARTESIAN_POINT('',(41.5887353548508,-2.48621995364898,15.6999999999999));
#8242=CARTESIAN_POINT('',(41.5887353548508,19.2512141377602,15.6999999999999));
#8243=CARTESIAN_POINT('',(40.7340285906296,-3.00190920745605,15.6999999999999));
#8244=CARTESIAN_POINT('',(44.5965257573976,-0.671462830823655,15.6999999999999));
#8245=CARTESIAN_POINT('',(40.7340285906296,-1.23042220985168,15.6999999999999));
#8246=CARTESIAN_POINT('',(40.7340285906296,19.8791130096589,15.6999999999999));
#8247=CARTESIAN_POINT('',(39.8697755465012,-1.23042220985168,15.6999999999999));
#8248=CARTESIAN_POINT('',(32.2995782920211,-1.23042220985168,15.6999999999999));
#8249=CARTESIAN_POINT('',(39.8697755465012,-0.561936151139673,15.6999999999999));
#8250=CARTESIAN_POINT('',(39.8697755465012,20.2133560390149,15.6999999999999));
#8251=CARTESIAN_POINT('',(40.7340285906296,-0.561936151139673,15.6999999999999));
#8252=CARTESIAN_POINT('',(32.7317048140854,-0.561936151139673,15.6999999999999));
#8253=CARTESIAN_POINT('',(40.7340285906296,2.40327541912324,15.6999999999999));
#8254=CARTESIAN_POINT('',(40.7340285906296,21.6959618241463,15.6999999999999));
#8255=CARTESIAN_POINT('',(40.6886670717698,2.87598972404725,15.6999999999999));
#8256=CARTESIAN_POINT('Ctrl Pts',(40.7340285906296,2.40327541912324,15.6999999999999));
#8257=CARTESIAN_POINT('Ctrl Pts',(40.735294257619,2.50453991267852,15.6999999999999));
#8258=CARTESIAN_POINT('Ctrl Pts',(40.7372888536649,2.66412514333454,15.6999999999999));
#8259=CARTESIAN_POINT('Ctrl Pts',(40.7016802911344,2.81928591441824,15.6999999999999));
#8260=CARTESIAN_POINT('Ctrl Pts',(40.6886670717698,2.87598972404725,15.6999999999999));
#8261=CARTESIAN_POINT('',(40.5406472811204,3.04311101520783,15.6999999999999));
#8262=CARTESIAN_POINT('Ctrl Pts',(40.6886670717698,2.87598972404725,15.6999999999999));
#8263=CARTESIAN_POINT('Ctrl Pts',(40.6709465105488,2.9093428628075,15.6999999999999));
#8264=CARTESIAN_POINT('Ctrl Pts',(40.6350493040459,2.97690756883848,15.6999999999999));
#8265=CARTESIAN_POINT('Ctrl Pts',(40.5723800323112,3.02085706951359,15.6999999999999));
#8266=CARTESIAN_POINT('Ctrl Pts',(40.5406472811204,3.04311101520783,15.6999999999999));
#8267=CARTESIAN_POINT('',(40.2469918856126,3.10518508041627,15.6999999999999));
#8268=CARTESIAN_POINT('Ctrl Pts',(40.5406472811204,3.04311101520783,15.6999999999999));
#8269=CARTESIAN_POINT('Ctrl Pts',(40.4996405483603,3.06114889031145,15.6999999999999));
#8270=CARTESIAN_POINT('Ctrl Pts',(40.4063946729703,3.1021655073644,15.6999999999999));
#8271=CARTESIAN_POINT('Ctrl Pts',(40.3042284661053,3.10410084569928,15.6999999999999));
#8272=CARTESIAN_POINT('Ctrl Pts',(40.2469918856126,3.10518508041627,15.6999999999999));
#8273=CARTESIAN_POINT('Ctrl Pts',(40.2469918856126,3.10518508041627,15.6999999999999));
#8274=CARTESIAN_POINT('Ctrl Pts',(40.1916143529415,3.1032195069935,15.6999999999999));
#8275=CARTESIAN_POINT('Ctrl Pts',(40.0653135601618,3.09873657917803,15.6999999999999));
#8276=CARTESIAN_POINT('Ctrl Pts',(39.9400924941599,3.08146135561012,15.6999999999999));
#8277=CARTESIAN_POINT('Ctrl Pts',(39.8697755465012,3.07176058376557,15.6999999999999));
#8278=CARTESIAN_POINT('',(35.5580423006516,2.20750396335847,15.6999999999999));
#8279=CARTESIAN_POINT('',(34.6699092516404,2.31732671345002,15.6999999999999));
#8280=CARTESIAN_POINT('',(27.4195431688403,3.2138761023846,15.6999999999999));
#8281=CARTESIAN_POINT('',(35.4482171663743,3.5253757723642,15.6999999999999));
#8282=CARTESIAN_POINT('Ctrl Pts',(34.6699092516404,2.31732671345002,15.6999999999999));
#8283=CARTESIAN_POINT('Ctrl Pts',(34.7515057749293,2.55964025191148,15.6999999999999));
#8284=CARTESIAN_POINT('Ctrl Pts',(34.9094099316608,3.02856114967938,15.6999999999999));
#8285=CARTESIAN_POINT('Ctrl Pts',(35.2726704745012,3.3635105302747,15.6999999999999));
#8286=CARTESIAN_POINT('Ctrl Pts',(35.4482171663743,3.5253757723642,15.6999999999999));
#8287=CARTESIAN_POINT('',(36.8997857698899,3.9551169165445,15.6999999999999));
#8288=CARTESIAN_POINT('Ctrl Pts',(35.4482171663743,3.5253757723642,15.6999999999999));
#8289=CARTESIAN_POINT('Ctrl Pts',(35.6584299459362,3.65060354221803,15.6999999999999));
#8290=CARTESIAN_POINT('Ctrl Pts',(36.1047011425323,3.91645582206612,15.6999999999999));
#8291=CARTESIAN_POINT('Ctrl Pts',(36.6247186838467,3.94174174334218,15.6999999999999));
#8292=CARTESIAN_POINT('Ctrl Pts',(36.8997857698899,3.9551169165445,15.6999999999999));
#8293=CARTESIAN_POINT('',(38.664111865471,3.2699192055536,15.6999999999999));
#8294=CARTESIAN_POINT('Ctrl Pts',(36.8997857698899,3.9551169165445,15.6999999999999));
#8295=CARTESIAN_POINT('Ctrl Pts',(37.245894245736,3.93218225603752,15.6999999999999));
#8296=CARTESIAN_POINT('Ctrl Pts',(37.9077569787382,3.88832433823725,15.6999999999999));
#8297=CARTESIAN_POINT('Ctrl Pts',(38.4198216395328,3.46965392299181,15.6999999999999));
#8298=CARTESIAN_POINT('Ctrl Pts',(38.664111865471,3.2699192055536,15.6999999999999));
#8299=CARTESIAN_POINT('',(39.3158862719041,1.34802286709077,15.6999999999999));
#8300=CARTESIAN_POINT('Ctrl Pts',(38.664111865471,3.2699192055536,15.6999999999999));
#8301=CARTESIAN_POINT('Ctrl Pts',(38.8539334530658,3.00511707326404,15.6999999999999));
#8302=CARTESIAN_POINT('Ctrl Pts',(39.2640241417695,2.43303836411019,15.6999999999999));
#8303=CARTESIAN_POINT('Ctrl Pts',(39.2977638837522,1.72716410052615,15.6999999999999));
#8304=CARTESIAN_POINT('Ctrl Pts',(39.3158862719041,1.34802286709077,15.6999999999999));
#8305=CARTESIAN_POINT('',(38.6569497713547,-0.638334404580529,15.6999999999999));
#8306=CARTESIAN_POINT('Ctrl Pts',(39.3158862719041,1.34802286709077,15.6999999999999));
#8307=CARTESIAN_POINT('Ctrl Pts',(39.2980114849381,0.956308085146528,15.6999999999999));
#8308=CARTESIAN_POINT('Ctrl Pts',(39.2648324378059,0.229210009108072,15.6999999999999));
#8309=CARTESIAN_POINT('Ctrl Pts',(38.8488342568886,-0.364484988096561,15.6999999999999));
#8310=CARTESIAN_POINT('Ctrl Pts',(38.6569497713547,-0.638334404580529,15.6999999999999));
#8311=CARTESIAN_POINT('',(36.9475362429124,-1.34501929198974,15.6999999999999));
#8312=CARTESIAN_POINT('Ctrl Pts',(38.6569497713547,-0.638334404580529,15.6999999999999));
#8313=CARTESIAN_POINT('Ctrl Pts',(38.4170146875034,-0.844418511027725,15.6999999999999));
#8314=CARTESIAN_POINT('Ctrl Pts',(37.9254874158272,-1.26659919820312,15.6999999999999));
#8315=CARTESIAN_POINT('Ctrl Pts',(37.2786335813467,-1.31846920947884,15.6999999999999));
#8316=CARTESIAN_POINT('Ctrl Pts',(36.9475362429124,-1.34501929198974,15.6999999999999));
#8317=CARTESIAN_POINT('',(35.2858731874924,-0.652659188859399,15.6999999999999));
#8318=CARTESIAN_POINT('Ctrl Pts',(36.9475362429124,-1.34501929198974,15.6999999999999));
#8319=CARTESIAN_POINT('Ctrl Pts',(36.6263528598179,-1.31861712077057,15.6999999999999));
#8320=CARTESIAN_POINT('Ctrl Pts',(35.9969221302321,-1.26687615667389,15.6999999999999));
#8321=CARTESIAN_POINT('Ctrl Pts',(35.5196196676725,-0.854573636183256,15.6999999999999));
#8322=CARTESIAN_POINT('Ctrl Pts',(35.2858731874924,-0.652659188859399,15.6999999999999));
#8323=CARTESIAN_POINT('',(34.6412608751755,1.29549925411469,15.6999999999999));
#8324=CARTESIAN_POINT('Ctrl Pts',(35.2858731874924,-0.652659188859399,15.6999999999999));
#8325=CARTESIAN_POINT('Ctrl Pts',(35.0981645669706,-0.38415334059698,15.6999999999999));
#8326=CARTESIAN_POINT('Ctrl Pts',(34.6909462695751,0.198347846968145,15.6999999999999));
#8327=CARTESIAN_POINT('Ctrl Pts',(34.6586630421727,0.911225118042984,15.6999999999999));
#8328=CARTESIAN_POINT('Ctrl Pts',(34.6412608751755,1.29549925411469,15.6999999999999));
#8329=CARTESIAN_POINT('',(34.6460340151292,1.52469401443726,15.6999999999999));
#8330=CARTESIAN_POINT('Ctrl Pts',(34.6412608751755,1.29549925411469,15.6999999999999));
#8331=CARTESIAN_POINT('Ctrl Pts',(34.6415656162292,1.32733356104061,15.6999999999999));
#8332=CARTESIAN_POINT('Ctrl Pts',(34.6422971172726,1.40374869595454,15.6999999999999));
#8333=CARTESIAN_POINT('Ctrl Pts',(34.6446571592692,1.4801318463292,15.6999999999999));
#8334=CARTESIAN_POINT('Ctrl Pts',(34.6460340151292,1.52469401443726,15.6999999999999));
#8335=CARTESIAN_POINT('',(38.4277532228928,1.52469401443726,15.6999999999999));
#8336=CARTESIAN_POINT('',(31.5785671302169,1.52469401443726,15.6999999999999));
#8337=CARTESIAN_POINT('',(37.9550407061082,2.80436639869935,15.6999999999999));
#8338=CARTESIAN_POINT('Ctrl Pts',(38.4277532228928,1.52469401443726,15.6999999999999));
#8339=CARTESIAN_POINT('Ctrl Pts',(38.4029181475131,1.77930891313876,15.6999999999999));
#8340=CARTESIAN_POINT('Ctrl Pts',(38.3570962871317,2.24908515343393,15.6999999999999));
#8341=CARTESIAN_POINT('Ctrl Pts',(38.0813395404774,2.62993436160242,15.6999999999999));
#8342=CARTESIAN_POINT('Ctrl Pts',(37.9550407061082,2.80436639869935,15.6999999999999));
#8343=CARTESIAN_POINT('',(36.8950126299363,3.24843173111207,15.6999999999999));
#8344=CARTESIAN_POINT('Ctrl Pts',(37.9550407061082,2.80436639869935,15.6999999999999));
#8345=CARTESIAN_POINT('Ctrl Pts',(37.8036699554973,2.93388217772383,15.6999999999999));
#8346=CARTESIAN_POINT('Ctrl Pts',(37.4981061091408,3.1953285895497,15.6999999999999));
#8347=CARTESIAN_POINT('Ctrl Pts',(37.0972778750403,3.23062202115123,15.6999999999999));
#8348=CARTESIAN_POINT('Ctrl Pts',(36.8950126299363,3.24843173111207,15.6999999999999));
#8349=CARTESIAN_POINT('',(36.0880563387376,3.00013725841767,15.6999999999999));
#8350=CARTESIAN_POINT('Ctrl Pts',(36.8950126299363,3.24843173111207,15.6999999999999));
#8351=CARTESIAN_POINT('Ctrl Pts',(36.7452661632216,3.23957675534205,15.6999999999999));
#8352=CARTESIAN_POINT('Ctrl Pts',(36.4556777700506,3.22245249016862,15.6999999999999));
#8353=CARTESIAN_POINT('Ctrl Pts',(36.2077704968018,3.07253314866503,15.6999999999999));
#8354=CARTESIAN_POINT('Ctrl Pts',(36.0880563387376,3.00013725841767,15.6999999999999));
#8355=CARTESIAN_POINT('Ctrl Pts',(36.0880563387376,3.00013725841767,15.6999999999999));
#8356=CARTESIAN_POINT('Ctrl Pts',(35.9801116678658,2.8982488737222,15.6999999999999));
#8357=CARTESIAN_POINT('Ctrl Pts',(35.7437012741375,2.67510239555264,15.6999999999999));
#8358=CARTESIAN_POINT('Ctrl Pts',(35.6234091831347,2.3721361984323,15.6999999999999));
#8359=CARTESIAN_POINT('Ctrl Pts',(35.5580423006516,2.20750396335847,15.6999999999999));
#8360=CARTESIAN_POINT('',(89.0321204790574,3.84051923835999,15.6999999999999));
#8361=CARTESIAN_POINT('',(89.0321204790574,-1.23042220985168,15.6999999999999));
#8362=CARTESIAN_POINT('',(89.0321204790574,19.8791130096589,15.6999999999998));
#8363=CARTESIAN_POINT('',(88.1726381906968,-1.23042220985168,15.6999999999999));
#8364=CARTESIAN_POINT('',(56.4510096141189,-1.23042220985168,15.6999999999999));
#8365=CARTESIAN_POINT('',(88.1726381906968,3.84051923835999,15.6999999999999));
#8366=CARTESIAN_POINT('',(88.1726381906968,22.4145837337647,15.6999999999998));
#8367=CARTESIAN_POINT('',(56.8807507582992,3.84051923835999,15.6999999999999));
#8368=CARTESIAN_POINT('',(95.1630876192551,3.84051923835999,15.6999999999999));
#8369=CARTESIAN_POINT('',(96.7149291166764,-1.23042220985168,15.6999999999999));
#8370=CARTESIAN_POINT('',(87.725898609191,28.1429689872476,15.6999999999999));
#8371=CARTESIAN_POINT('',(95.826798451851,-1.23042220985168,15.6999999999999));
#8372=CARTESIAN_POINT('',(60.278089744696,-1.23042220985168,15.6999999999999));
#8373=CARTESIAN_POINT('',(95.0198409685593,1.6965902336908,15.6999999999999));
#8374=CARTESIAN_POINT('',(87.5035761138835,28.9597375668775,15.6999999999999));
#8375=CARTESIAN_POINT('',(94.7190222868424,2.78526668632752,15.6999999999999));
#8376=CARTESIAN_POINT('',(87.3329761747495,29.5157025569673,15.6999999999999));
#8377=CARTESIAN_POINT('',(94.4564030298692,1.73956399048096,15.6999999999999));
#8378=CARTESIAN_POINT('Ctrl Pts',(94.7190222868424,2.78526668632752,15.6999999999999));
#8379=CARTESIAN_POINT('Ctrl Pts',(94.6939946362894,2.68458559352232,15.6999999999999));
#8380=CARTESIAN_POINT('Ctrl Pts',(94.6072942488781,2.33580775947429,15.6999999999999));
#8381=CARTESIAN_POINT('Ctrl Pts',(94.5191224373762,1.98739853093111,15.6999999999999));
#8382=CARTESIAN_POINT('Ctrl Pts',(94.4564030298692,1.73956399048096,15.6999999999999));
#8383=CARTESIAN_POINT('',(93.6494443544846,-1.23042220985168,15.6999999999999));
#8384=CARTESIAN_POINT('',(96.6216290242341,9.70861063441377,15.6999999999998));
#8385=CARTESIAN_POINT('',(92.7660892137986,-1.23042220985168,15.6999999999999));
#8386=CARTESIAN_POINT('',(58.7477351256698,-1.23042220985168,15.6999999999999));
#8387=CARTESIAN_POINT('',(92.0068798193436,1.71091501796967,15.6999999999999));
#8388=CARTESIAN_POINT('',(85.153212001166,28.2634688298192,15.6999999999999));
#8389=CARTESIAN_POINT('',(91.7538104185563,2.68021886432892,15.6999999999999));
#8390=CARTESIAN_POINT('',(84.9335119172116,28.803256853527,15.6999999999999));
#8391=CARTESIAN_POINT('',(91.4625415930253,1.70136516178376,15.6999999999999));
#8392=CARTESIAN_POINT('',(94.1182203326856,10.6261821666514,15.6999999999998));
#8393=CARTESIAN_POINT('',(90.5935106405717,-1.23042220985168,15.6999999999999));
#8394=CARTESIAN_POINT('',(93.6855486844728,9.20096468624353,15.6999999999998));
#8395=CARTESIAN_POINT('',(89.7579035887223,-1.23042220985168,15.6999999999999));
#8396=CARTESIAN_POINT('',(57.2436423131317,-1.23042220985168,15.6999999999999));
#8397=CARTESIAN_POINT('',(91.3431689867478,3.84051923835999,15.6999999999999));
#8398=CARTESIAN_POINT('',(93.6675158108804,11.2756317849365,15.6999999999998));
#8399=CARTESIAN_POINT('',(92.2360751757127,3.84051923835999,15.6999999999999));
#8400=CARTESIAN_POINT('',(58.4827281066269,3.84051923835999,15.6999999999999));
#8401=CARTESIAN_POINT('',(93.0430326590043,0.803684640772406,15.6999999999999));
#8402=CARTESIAN_POINT('',(85.8034018853253,28.048690310201,15.6999999999999));
#8403=CARTESIAN_POINT('',(93.2388041147691,-0.0605722776579221,15.6999999999999));
#8404=CARTESIAN_POINT('',(87.1446168235201,26.8429592310447,15.6999999999999));
#8405=CARTESIAN_POINT('',(94.2654070982438,3.84051923835999,15.6999999999999));
#8406=CARTESIAN_POINT('',(96.5849299102196,12.6547063278832,15.6999999999998));
#8407=CARTESIAN_POINT('',(59.9462343283981,3.84051923835999,15.6999999999999));
#8408=CARTESIAN_POINT('Origin',(96.7149291166764,-1.23042220985168,15.6999999999999));
#8409=CARTESIAN_POINT('',(95.1630876192551,3.84051923835999,17.6999999999999));
#8410=CARTESIAN_POINT('',(95.1630876192551,3.84051923835999,15.6999999999999));
#8411=CARTESIAN_POINT('',(96.7149291166764,-1.23042220985168,17.6999999999999));
#8412=CARTESIAN_POINT('',(95.1630876192551,3.84051923835999,17.6999999999999));
#8413=CARTESIAN_POINT('',(96.7149291166764,-1.23042220985168,15.6999999999999));
#8414=CARTESIAN_POINT('Origin',(95.826798451851,-1.23042220985168,15.6999999999999));
#8415=CARTESIAN_POINT('',(95.826798451851,-1.23042220985168,17.6999999999999));
#8416=CARTESIAN_POINT('',(96.7149291166764,-1.23042220985168,17.6999999999999));
#8417=CARTESIAN_POINT('',(95.826798451851,-1.23042220985168,15.6999999999999));
#8418=CARTESIAN_POINT('Origin',(95.0198409685593,1.6965902336908,15.6999999999999));
#8419=CARTESIAN_POINT('',(95.0198409685593,1.6965902336908,17.6999999999999));
#8420=CARTESIAN_POINT('',(95.826798451851,-1.23042220985168,17.6999999999999));
#8421=CARTESIAN_POINT('',(95.0198409685593,1.6965902336908,15.6999999999999));
#8422=CARTESIAN_POINT('Origin',(94.7190222868424,2.78526668632752,15.6999999999999));
#8423=CARTESIAN_POINT('',(94.7190222868424,2.78526668632752,17.6999999999999));
#8424=CARTESIAN_POINT('',(95.0198409685593,1.6965902336908,17.6999999999999));
#8425=CARTESIAN_POINT('',(94.7190222868424,2.78526668632752,15.6999999999999));
#8426=CARTESIAN_POINT('Ctrl Pts',(94.4564030298692,1.73956399048096,15.6999999999999));
#8427=CARTESIAN_POINT('Ctrl Pts',(94.4564030298692,1.73956399048096,17.6999999999999));
#8428=CARTESIAN_POINT('Ctrl Pts',(94.5191224373762,1.98739853093111,15.6999999999999));
#8429=CARTESIAN_POINT('Ctrl Pts',(94.5191224373762,1.98739853093111,17.6999999999999));
#8430=CARTESIAN_POINT('Ctrl Pts',(94.6072942488781,2.33580775947429,15.6999999999999));
#8431=CARTESIAN_POINT('Ctrl Pts',(94.6072942488781,2.33580775947429,17.6999999999999));
#8432=CARTESIAN_POINT('Ctrl Pts',(94.6939946362894,2.68458559352232,15.6999999999999));
#8433=CARTESIAN_POINT('Ctrl Pts',(94.6939946362894,2.68458559352232,17.6999999999999));
#8434=CARTESIAN_POINT('Ctrl Pts',(94.7190222868424,2.78526668632752,15.6999999999999));
#8435=CARTESIAN_POINT('Ctrl Pts',(94.7190222868424,2.78526668632752,17.6999999999999));
#8436=CARTESIAN_POINT('',(94.4564030298692,1.73956399048096,17.6999999999999));
#8437=CARTESIAN_POINT('Ctrl Pts',(94.4564030298692,1.73956399048096,17.6999999999999));
#8438=CARTESIAN_POINT('Ctrl Pts',(94.5191224373762,1.98739853093111,17.6999999999999));
#8439=CARTESIAN_POINT('Ctrl Pts',(94.6072942488781,2.33580775947429,17.6999999999999));
#8440=CARTESIAN_POINT('Ctrl Pts',(94.6939946362894,2.68458559352232,17.6999999999999));
#8441=CARTESIAN_POINT('Ctrl Pts',(94.7190222868424,2.78526668632752,17.6999999999999));
#8442=CARTESIAN_POINT('',(94.4564030298692,1.73956399048096,15.6999999999999));
#8443=CARTESIAN_POINT('Origin',(93.6494443544846,-1.23042220985168,15.6999999999999));
#8444=CARTESIAN_POINT('',(93.6494443544846,-1.23042220985168,17.6999999999999));
#8445=CARTESIAN_POINT('',(94.4564030298692,1.73956399048096,17.6999999999999));
#8446=CARTESIAN_POINT('',(93.6494443544846,-1.23042220985168,15.6999999999999));
#8447=CARTESIAN_POINT('Origin',(92.7660892137986,-1.23042220985168,15.6999999999999));
#8448=CARTESIAN_POINT('',(92.7660892137986,-1.23042220985168,17.6999999999999));
#8449=CARTESIAN_POINT('',(93.6494443544846,-1.23042220985168,17.6999999999999));
#8450=CARTESIAN_POINT('',(92.7660892137986,-1.23042220985168,15.6999999999999));
#8451=CARTESIAN_POINT('Origin',(92.0068798193436,1.71091501796967,15.6999999999999));
#8452=CARTESIAN_POINT('',(92.0068798193436,1.71091501796967,17.6999999999999));
#8453=CARTESIAN_POINT('',(92.7660892137986,-1.23042220985168,17.6999999999999));
#8454=CARTESIAN_POINT('',(92.0068798193436,1.71091501796967,15.6999999999999));
#8455=CARTESIAN_POINT('Origin',(91.7538104185563,2.68021886432892,15.6999999999999));
#8456=CARTESIAN_POINT('',(91.7538104185563,2.68021886432892,17.6999999999999));
#8457=CARTESIAN_POINT('',(92.0068798193436,1.71091501796967,17.6999999999999));
#8458=CARTESIAN_POINT('',(91.7538104185563,2.68021886432892,15.6999999999999));
#8459=CARTESIAN_POINT('Origin',(91.4625415930253,1.70136516178376,15.6999999999999));
#8460=CARTESIAN_POINT('',(91.4625415930253,1.70136516178376,17.6999999999999));
#8461=CARTESIAN_POINT('',(91.7538104185563,2.68021886432892,17.6999999999999));
#8462=CARTESIAN_POINT('',(91.4625415930253,1.70136516178376,15.6999999999999));
#8463=CARTESIAN_POINT('Origin',(90.5935106405717,-1.23042220985168,15.6999999999999));
#8464=CARTESIAN_POINT('',(90.5935106405717,-1.23042220985168,17.6999999999999));
#8465=CARTESIAN_POINT('',(91.4625415930253,1.70136516178376,17.6999999999999));
#8466=CARTESIAN_POINT('',(90.5935106405717,-1.23042220985168,15.6999999999999));
#8467=CARTESIAN_POINT('Origin',(89.7579035887223,-1.23042220985168,15.6999999999999));
#8468=CARTESIAN_POINT('',(89.7579035887223,-1.23042220985168,17.6999999999999));
#8469=CARTESIAN_POINT('',(90.5935106405717,-1.23042220985168,17.6999999999999));
#8470=CARTESIAN_POINT('',(89.7579035887223,-1.23042220985168,15.6999999999999));
#8471=CARTESIAN_POINT('Origin',(91.3431689867478,3.84051923835999,15.6999999999999));
#8472=CARTESIAN_POINT('',(91.3431689867478,3.84051923835999,17.6999999999999));
#8473=CARTESIAN_POINT('',(89.7579035887223,-1.23042220985168,17.6999999999999));
#8474=CARTESIAN_POINT('',(91.3431689867478,3.84051923835999,15.6999999999999));
#8475=CARTESIAN_POINT('Origin',(92.2360751757127,3.84051923835999,15.6999999999999));
#8476=CARTESIAN_POINT('',(92.2360751757127,3.84051923835999,17.6999999999999));
#8477=CARTESIAN_POINT('',(91.3431689867478,3.84051923835999,17.6999999999999));
#8478=CARTESIAN_POINT('',(92.2360751757127,3.84051923835999,15.6999999999999));
#8479=CARTESIAN_POINT('Origin',(93.0430326590043,0.803684640772406,15.6999999999999));
#8480=CARTESIAN_POINT('',(93.0430326590043,0.803684640772406,17.6999999999999));
#8481=CARTESIAN_POINT('',(92.2360751757127,3.84051923835999,17.6999999999999));
#8482=CARTESIAN_POINT('',(93.0430326590043,0.803684640772406,15.6999999999999));
#8483=CARTESIAN_POINT('Origin',(93.2388041147691,-0.0605722776579221,15.6999999999999));
#8484=CARTESIAN_POINT('',(93.2388041147691,-0.0605722776579221,17.6999999999999));
#8485=CARTESIAN_POINT('',(93.0430326590043,0.803684640772406,17.6999999999999));
#8486=CARTESIAN_POINT('',(93.2388041147691,-0.0605722776579221,15.6999999999999));
#8487=CARTESIAN_POINT('Origin',(94.2654070982438,3.84051923835999,15.6999999999999));
#8488=CARTESIAN_POINT('',(94.2654070982438,3.84051923835999,17.6999999999999));
#8489=CARTESIAN_POINT('',(93.2388041147691,-0.0605722776579221,17.6999999999999));
#8490=CARTESIAN_POINT('',(94.2654070982438,3.84051923835999,15.6999999999999));
#8491=CARTESIAN_POINT('Origin',(95.1630876192551,3.84051923835999,15.6999999999999));
#8492=CARTESIAN_POINT('',(94.2654070982438,3.84051923835999,17.6999999999999));
#8493=CARTESIAN_POINT('Origin',(69.6603597679835,1.30982374037034,17.6999999999999));
#8494=CARTESIAN_POINT('Origin',(89.0321204790574,-1.23042220985168,15.6999999999999));
#8495=CARTESIAN_POINT('',(89.0321204790574,3.84051923835999,17.6999999999999));
#8496=CARTESIAN_POINT('',(89.0321204790574,3.84051923835999,15.6999999999999));
#8497=CARTESIAN_POINT('',(89.0321204790574,-1.23042220985168,17.6999999999999));
#8498=CARTESIAN_POINT('',(89.0321204790574,3.84051923835999,17.6999999999999));
#8499=CARTESIAN_POINT('',(89.0321204790574,-1.23042220985168,15.6999999999999));
#8500=CARTESIAN_POINT('Origin',(88.1726381906968,-1.23042220985168,15.6999999999999));
#8501=CARTESIAN_POINT('',(88.1726381906968,-1.23042220985168,17.6999999999999));
#8502=CARTESIAN_POINT('',(89.0321204790574,-1.23042220985168,17.6999999999999));
#8503=CARTESIAN_POINT('',(88.1726381906968,-1.23042220985168,15.6999999999999));
#8504=CARTESIAN_POINT('Origin',(88.1726381906968,3.84051923835999,15.6999999999999));
#8505=CARTESIAN_POINT('',(88.1726381906968,3.84051923835999,17.6999999999999));
#8506=CARTESIAN_POINT('',(88.1726381906968,-1.23042220985168,17.6999999999999));
#8507=CARTESIAN_POINT('',(88.1726381906968,3.84051923835999,15.6999999999999));
#8508=CARTESIAN_POINT('Origin',(89.0321204790574,3.84051923835999,15.6999999999999));
#8509=CARTESIAN_POINT('',(88.1726381906968,3.84051923835999,17.6999999999999));
#8510=CARTESIAN_POINT('Origin',(69.6603597679835,1.30982374037034,17.6999999999999));
#8511=CARTESIAN_POINT('Ctrl Pts',(80.4755017885667,2.67066900814301,15.6999999999999));
#8512=CARTESIAN_POINT('Ctrl Pts',(80.4755017885667,2.67066900814301,17.6999999999999));
#8513=CARTESIAN_POINT('Ctrl Pts',(80.5905725515449,2.47766986080259,15.6999999999999));
#8514=CARTESIAN_POINT('Ctrl Pts',(80.5905725515449,2.47766986080259,17.6999999999999));
#8515=CARTESIAN_POINT('Ctrl Pts',(80.8562899846835,2.0320028929134,15.6999999999999));
#8516=CARTESIAN_POINT('Ctrl Pts',(80.8562899846835,2.0320028929134,17.6999999999999));
#8517=CARTESIAN_POINT('Ctrl Pts',(80.8662011546357,1.51017359947953,15.6999999999999));
#8518=CARTESIAN_POINT('Ctrl Pts',(80.8662011546357,1.51017359947953,17.6999999999999));
#8519=CARTESIAN_POINT('Ctrl Pts',(80.8718202242356,1.21432607258088,15.6999999999999));
#8520=CARTESIAN_POINT('Ctrl Pts',(80.8718202242356,1.21432607258088,17.6999999999999));
#8521=CARTESIAN_POINT('',(80.8718202242356,1.21432607258088,15.6999999999999));
#8522=CARTESIAN_POINT('',(80.4755017885667,2.67066900814301,15.6999999999999));
#8523=CARTESIAN_POINT('Ctrl Pts',(80.8718202242356,1.21432607258088,15.6999999999999));
#8524=CARTESIAN_POINT('Ctrl Pts',(80.8662011546357,1.51017359947953,15.6999999999999));
#8525=CARTESIAN_POINT('Ctrl Pts',(80.8562899846835,2.0320028929134,15.6999999999999));
#8526=CARTESIAN_POINT('Ctrl Pts',(80.5905725515449,2.47766986080259,15.6999999999999));
#8527=CARTESIAN_POINT('Ctrl Pts',(80.4755017885667,2.67066900814301,15.6999999999999));
#8528=CARTESIAN_POINT('',(80.8718202242356,1.21432607258088,17.6999999999999));
#8529=CARTESIAN_POINT('',(80.8718202242356,1.21432607258088,15.6999999999999));
#8530=CARTESIAN_POINT('',(80.4755017885667,2.67066900814301,17.6999999999999));
#8531=CARTESIAN_POINT('Ctrl Pts',(80.4755017885667,2.67066900814301,17.6999999999999));
#8532=CARTESIAN_POINT('Ctrl Pts',(80.5905725515449,2.47766986080259,17.6999999999999));
#8533=CARTESIAN_POINT('Ctrl Pts',(80.8562899846835,2.0320028929134,17.6999999999999));
#8534=CARTESIAN_POINT('Ctrl Pts',(80.8662011546357,1.51017359947953,17.6999999999999));
#8535=CARTESIAN_POINT('Ctrl Pts',(80.8718202242356,1.21432607258088,17.6999999999999));
#8536=CARTESIAN_POINT('',(80.4755017885667,2.67066900814301,15.6999999999999));
#8537=CARTESIAN_POINT('Ctrl Pts',(79.4823238977891,3.12905972088105,15.6999999999999));
#8538=CARTESIAN_POINT('Ctrl Pts',(79.4823238977891,3.12905972088105,17.6999999999999));
#8539=CARTESIAN_POINT('Ctrl Pts',(79.6732067556605,3.10963043535722,15.6999999999999));
#8540=CARTESIAN_POINT('Ctrl Pts',(79.6732067556605,3.10963043535722,17.6999999999999));
#8541=CARTESIAN_POINT('Ctrl Pts',(80.0566378456921,3.07060235179848,15.6999999999999));
#8542=CARTESIAN_POINT('Ctrl Pts',(80.0566378456921,3.07060235179848,17.6999999999999));
#8543=CARTESIAN_POINT('Ctrl Pts',(80.3354767761943,2.80436557559919,15.6999999999999));
#8544=CARTESIAN_POINT('Ctrl Pts',(80.3354767761943,2.80436557559919,17.6999999999999));
#8545=CARTESIAN_POINT('Ctrl Pts',(80.4755017885667,2.67066900814301,15.6999999999999));
#8546=CARTESIAN_POINT('Ctrl Pts',(80.4755017885667,2.67066900814301,17.6999999999999));
#8547=CARTESIAN_POINT('',(79.4823238977891,3.12905972088105,15.6999999999999));
#8548=CARTESIAN_POINT('Ctrl Pts',(80.4755017885667,2.67066900814301,15.6999999999999));
#8549=CARTESIAN_POINT('Ctrl Pts',(80.3354767761943,2.80436557559919,15.6999999999999));
#8550=CARTESIAN_POINT('Ctrl Pts',(80.0566378456921,3.07060235179848,15.6999999999999));
#8551=CARTESIAN_POINT('Ctrl Pts',(79.6732067556605,3.10963043535722,15.6999999999999));
#8552=CARTESIAN_POINT('Ctrl Pts',(79.4823238977891,3.12905972088105,15.6999999999999));
#8553=CARTESIAN_POINT('',(79.4823238977891,3.12905972088105,17.6999999999999));
#8554=CARTESIAN_POINT('Ctrl Pts',(79.4823238977891,3.12905972088105,17.6999999999999));
#8555=CARTESIAN_POINT('Ctrl Pts',(79.6732067556605,3.10963043535722,17.6999999999999));
#8556=CARTESIAN_POINT('Ctrl Pts',(80.0566378456921,3.07060235179848,17.6999999999999));
#8557=CARTESIAN_POINT('Ctrl Pts',(80.3354767761943,2.80436557559919,17.6999999999999));
#8558=CARTESIAN_POINT('Ctrl Pts',(80.4755017885667,2.67066900814301,17.6999999999999));
#8559=CARTESIAN_POINT('',(79.4823238977891,3.12905972088105,15.6999999999999));
#8560=CARTESIAN_POINT('Ctrl Pts',(78.4891460070115,2.67305677021271,15.6999999999999));
#8561=CARTESIAN_POINT('Ctrl Pts',(78.4891460070115,2.67305677021271,17.6999999999999));
#8562=CARTESIAN_POINT('Ctrl Pts',(78.6300751279091,2.80605545788693,15.6999999999999));
#8563=CARTESIAN_POINT('Ctrl Pts',(78.6300751279091,2.80605545788693,17.6999999999999));
#8564=CARTESIAN_POINT('Ctrl Pts',(78.9098990165255,3.07013295818515,15.6999999999999));
#8565=CARTESIAN_POINT('Ctrl Pts',(78.9098990165255,3.07013295818515,17.6999999999999));
#8566=CARTESIAN_POINT('Ctrl Pts',(79.2924426500429,3.10951289894409,15.6999999999999));
#8567=CARTESIAN_POINT('Ctrl Pts',(79.2924426500429,3.10951289894409,17.6999999999999));
#8568=CARTESIAN_POINT('Ctrl Pts',(79.4823238977891,3.12905972088105,15.6999999999999));
#8569=CARTESIAN_POINT('Ctrl Pts',(79.4823238977891,3.12905972088105,17.6999999999999));
#8570=CARTESIAN_POINT('',(78.4891460070115,2.67305677021271,15.6999999999999));
#8571=CARTESIAN_POINT('Ctrl Pts',(79.4823238977891,3.12905972088105,15.6999999999999));
#8572=CARTESIAN_POINT('Ctrl Pts',(79.2924426500429,3.10951289894409,15.6999999999999));
#8573=CARTESIAN_POINT('Ctrl Pts',(78.9098990165255,3.07013295818515,15.6999999999999));
#8574=CARTESIAN_POINT('Ctrl Pts',(78.6300751279091,2.80605545788693,15.6999999999999));
#8575=CARTESIAN_POINT('Ctrl Pts',(78.4891460070115,2.67305677021271,15.6999999999999));
#8576=CARTESIAN_POINT('',(78.4891460070115,2.67305677021271,17.6999999999999));
#8577=CARTESIAN_POINT('Ctrl Pts',(78.4891460070115,2.67305677021271,17.6999999999999));
#8578=CARTESIAN_POINT('Ctrl Pts',(78.6300751279091,2.80605545788693,17.6999999999999));
#8579=CARTESIAN_POINT('Ctrl Pts',(78.9098990165255,3.07013295818515,17.6999999999999));
#8580=CARTESIAN_POINT('Ctrl Pts',(79.2924426500429,3.10951289894409,17.6999999999999));
#8581=CARTESIAN_POINT('Ctrl Pts',(79.4823238977891,3.12905972088105,17.6999999999999));
#8582=CARTESIAN_POINT('',(78.4891460070115,2.67305677021271,15.6999999999999));
#8583=CARTESIAN_POINT('Ctrl Pts',(78.0880544313889,1.24297504509217,15.6999999999999));
#8584=CARTESIAN_POINT('Ctrl Pts',(78.0880544313889,1.24297504509217,17.6999999999999));
#8585=CARTESIAN_POINT('Ctrl Pts',(78.0943844056917,1.53276909131454,15.6999999999999));
#8586=CARTESIAN_POINT('Ctrl Pts',(78.0943844056917,1.53276909131454,17.6999999999999));
#8587=CARTESIAN_POINT('Ctrl Pts',(78.1056137488156,2.04686229685736,15.6999999999999));
#8588=CARTESIAN_POINT('Ctrl Pts',(78.1056137488156,2.04686229685736,17.6999999999999));
#8589=CARTESIAN_POINT('Ctrl Pts',(78.3726416020648,2.48283961653084,15.6999999999999));
#8590=CARTESIAN_POINT('Ctrl Pts',(78.3726416020648,2.48283961653084,17.6999999999999));
#8591=CARTESIAN_POINT('Ctrl Pts',(78.4891460070115,2.67305677021271,15.6999999999999));
#8592=CARTESIAN_POINT('Ctrl Pts',(78.4891460070115,2.67305677021271,17.6999999999999));
#8593=CARTESIAN_POINT('',(78.0880544313889,1.24297504509217,15.6999999999999));
#8594=CARTESIAN_POINT('Ctrl Pts',(78.4891460070115,2.67305677021271,15.6999999999999));
#8595=CARTESIAN_POINT('Ctrl Pts',(78.3726416020648,2.48283961653084,15.6999999999999));
#8596=CARTESIAN_POINT('Ctrl Pts',(78.1056137488156,2.04686229685736,15.6999999999999));
#8597=CARTESIAN_POINT('Ctrl Pts',(78.0943844056917,1.53276909131454,15.6999999999999));
#8598=CARTESIAN_POINT('Ctrl Pts',(78.0880544313889,1.24297504509217,15.6999999999999));
#8599=CARTESIAN_POINT('',(78.0880544313889,1.24297504509217,17.6999999999999));
#8600=CARTESIAN_POINT('Ctrl Pts',(78.0880544313889,1.24297504509217,17.6999999999999));
#8601=CARTESIAN_POINT('Ctrl Pts',(78.0943844056917,1.53276909131454,17.6999999999999));
#8602=CARTESIAN_POINT('Ctrl Pts',(78.1056137488156,2.04686229685736,17.6999999999999));
#8603=CARTESIAN_POINT('Ctrl Pts',(78.3726416020648,2.48283961653084,17.6999999999999));
#8604=CARTESIAN_POINT('Ctrl Pts',(78.4891460070115,2.67305677021271,17.6999999999999));
#8605=CARTESIAN_POINT('',(78.0880544313889,1.24297504509217,15.6999999999999));
#8606=CARTESIAN_POINT('Ctrl Pts',(78.5010836252671,-0.160844873540338,15.6999999999999));
#8607=CARTESIAN_POINT('Ctrl Pts',(78.5010836252671,-0.160844873540338,17.6999999999999));
#8608=CARTESIAN_POINT('Ctrl Pts',(78.3809720521519,0.0296092592629882,15.6999999999999));
#8609=CARTESIAN_POINT('Ctrl Pts',(78.3809720521519,0.0296092592629882,17.6999999999999));
#8610=CARTESIAN_POINT('Ctrl Pts',(78.1119852025124,0.456126503645716,15.6999999999999));
#8611=CARTESIAN_POINT('Ctrl Pts',(78.1119852025124,0.456126503645716,17.6999999999999));
#8612=CARTESIAN_POINT('Ctrl Pts',(78.0965804497701,0.962637855249221,15.6999999999999));
#8613=CARTESIAN_POINT('Ctrl Pts',(78.0965804497701,0.962637855249221,17.6999999999999));
#8614=CARTESIAN_POINT('Ctrl Pts',(78.0880544313889,1.24297504509217,15.6999999999999));
#8615=CARTESIAN_POINT('Ctrl Pts',(78.0880544313889,1.24297504509217,17.6999999999999));
#8616=CARTESIAN_POINT('',(78.5010836252671,-0.160844873540338,15.6999999999999));
#8617=CARTESIAN_POINT('Ctrl Pts',(78.0880544313889,1.24297504509217,15.6999999999999));
#8618=CARTESIAN_POINT('Ctrl Pts',(78.0965804497701,0.962637855249221,15.6999999999999));
#8619=CARTESIAN_POINT('Ctrl Pts',(78.1119852025124,0.456126503645716,15.6999999999999));
#8620=CARTESIAN_POINT('Ctrl Pts',(78.3809720521519,0.0296092592629882,15.6999999999999));
#8621=CARTESIAN_POINT('Ctrl Pts',(78.5010836252671,-0.160844873540338,15.6999999999999));
#8622=CARTESIAN_POINT('',(78.5010836252671,-0.160844873540338,17.6999999999999));
#8623=CARTESIAN_POINT('Ctrl Pts',(78.5010836252671,-0.160844873540338,17.6999999999999));
#8624=CARTESIAN_POINT('Ctrl Pts',(78.3809720521519,0.0296092592629882,17.6999999999999));
#8625=CARTESIAN_POINT('Ctrl Pts',(78.1119852025124,0.456126503645716,17.6999999999999));
#8626=CARTESIAN_POINT('Ctrl Pts',(78.0965804497701,0.962637855249221,17.6999999999999));
#8627=CARTESIAN_POINT('Ctrl Pts',(78.0880544313889,1.24297504509217,17.6999999999999));
#8628=CARTESIAN_POINT('',(78.5010836252671,-0.160844873540338,15.6999999999999));
#8629=CARTESIAN_POINT('Ctrl Pts',(79.4966480860215,-0.633559774510797,15.6999999999999));
#8630=CARTESIAN_POINT('Ctrl Pts',(79.4966480860215,-0.633559774510797,17.6999999999999));
#8631=CARTESIAN_POINT('Ctrl Pts',(79.3081262019605,-0.612228944264838,15.6999999999999));
#8632=CARTESIAN_POINT('Ctrl Pts',(79.3081262019605,-0.612228944264838,17.6999999999999));
#8633=CARTESIAN_POINT('Ctrl Pts',(78.9228300734512,-0.568633547621137,15.6999999999999));
#8634=CARTESIAN_POINT('Ctrl Pts',(78.9228300734512,-0.568633547621137,17.6999999999999));
#8635=CARTESIAN_POINT('Ctrl Pts',(78.6436588920145,-0.298701586344841,15.6999999999999));
#8636=CARTESIAN_POINT('Ctrl Pts',(78.6436588920145,-0.298701586344841,17.6999999999999));
#8637=CARTESIAN_POINT('Ctrl Pts',(78.5010836252671,-0.160844873540338,15.6999999999999));
#8638=CARTESIAN_POINT('Ctrl Pts',(78.5010836252671,-0.160844873540338,17.6999999999999));
#8639=CARTESIAN_POINT('',(79.4966480860215,-0.633559774510797,15.6999999999999));
#8640=CARTESIAN_POINT('Ctrl Pts',(78.5010836252671,-0.160844873540338,15.6999999999999));
#8641=CARTESIAN_POINT('Ctrl Pts',(78.6436588920145,-0.298701586344841,15.6999999999999));
#8642=CARTESIAN_POINT('Ctrl Pts',(78.9228300734512,-0.568633547621137,15.6999999999999));
#8643=CARTESIAN_POINT('Ctrl Pts',(79.3081262019605,-0.612228944264838,15.6999999999999));
#8644=CARTESIAN_POINT('Ctrl Pts',(79.4966480860215,-0.633559774510797,15.6999999999999));
#8645=CARTESIAN_POINT('',(79.4966480860215,-0.633559774510797,17.6999999999999));
#8646=CARTESIAN_POINT('Ctrl Pts',(79.4966480860215,-0.633559774510797,17.6999999999999));
#8647=CARTESIAN_POINT('Ctrl Pts',(79.3081262019605,-0.612228944264838,17.6999999999999));
#8648=CARTESIAN_POINT('Ctrl Pts',(78.9228300734512,-0.568633547621137,17.6999999999999));
#8649=CARTESIAN_POINT('Ctrl Pts',(78.6436588920145,-0.298701586344841,17.6999999999999));
#8650=CARTESIAN_POINT('Ctrl Pts',(78.5010836252671,-0.160844873540338,17.6999999999999));
#8651=CARTESIAN_POINT('',(79.4966480860215,-0.633559774510797,15.6999999999999));
#8652=CARTESIAN_POINT('Ctrl Pts',(80.470728648613,-0.168006967656549,15.6999999999999));
#8653=CARTESIAN_POINT('Ctrl Pts',(80.470728648613,-0.168006967656549,17.6999999999999));
#8654=CARTESIAN_POINT('Ctrl Pts',(80.3318614533474,-0.303777221111169,15.6999999999999));
#8655=CARTESIAN_POINT('Ctrl Pts',(80.3318614533474,-0.303777221111169,17.6999999999999));
#8656=CARTESIAN_POINT('Ctrl Pts',(80.0595972644138,-0.569969519928788,15.6999999999999));
#8657=CARTESIAN_POINT('Ctrl Pts',(80.0595972644138,-0.569969519928788,17.6999999999999));
#8658=CARTESIAN_POINT('Ctrl Pts',(79.6817674201016,-0.612648853891238,15.6999999999999));
#8659=CARTESIAN_POINT('Ctrl Pts',(79.6817674201016,-0.612648853891238,17.6999999999999));
#8660=CARTESIAN_POINT('Ctrl Pts',(79.4966480860215,-0.633559774510797,15.6999999999999));
#8661=CARTESIAN_POINT('Ctrl Pts',(79.4966480860215,-0.633559774510797,17.6999999999999));
#8662=CARTESIAN_POINT('',(80.470728648613,-0.168006967656549,15.6999999999999));
#8663=CARTESIAN_POINT('Ctrl Pts',(79.4966480860215,-0.633559774510797,15.6999999999999));
#8664=CARTESIAN_POINT('Ctrl Pts',(79.6817674201016,-0.612648853891238,15.6999999999999));
#8665=CARTESIAN_POINT('Ctrl Pts',(80.0595972644138,-0.569969519928788,15.6999999999999));
#8666=CARTESIAN_POINT('Ctrl Pts',(80.3318614533474,-0.303777221111169,15.6999999999999));
#8667=CARTESIAN_POINT('Ctrl Pts',(80.470728648613,-0.168006967656549,15.6999999999999));
#8668=CARTESIAN_POINT('',(80.470728648613,-0.168006967656549,17.6999999999999));
#8669=CARTESIAN_POINT('Ctrl Pts',(80.470728648613,-0.168006967656549,17.6999999999999));
#8670=CARTESIAN_POINT('Ctrl Pts',(80.3318614533474,-0.303777221111169,17.6999999999999));
#8671=CARTESIAN_POINT('Ctrl Pts',(80.0595972644138,-0.569969519928788,17.6999999999999));
#8672=CARTESIAN_POINT('Ctrl Pts',(79.6817674201016,-0.612648853891238,17.6999999999999));
#8673=CARTESIAN_POINT('Ctrl Pts',(79.4966480860215,-0.633559774510797,17.6999999999999));
#8674=CARTESIAN_POINT('',(80.470728648613,-0.168006967656549,15.6999999999999));
#8675=CARTESIAN_POINT('Ctrl Pts',(80.8718202242356,1.21432607258088,15.6999999999999));
#8676=CARTESIAN_POINT('Ctrl Pts',(80.8718202242356,1.21432607258088,17.6999999999999));
#8677=CARTESIAN_POINT('Ctrl Pts',(80.8636624200207,0.938467667607167,15.6999999999999));
#8678=CARTESIAN_POINT('Ctrl Pts',(80.8636624200207,0.938467667607167,17.6999999999999));
#8679=CARTESIAN_POINT('Ctrl Pts',(80.8489406053266,0.440645433478939,15.6999999999999));
#8680=CARTESIAN_POINT('Ctrl Pts',(80.8489406053266,0.440645433478939,17.6999999999999));
#8681=CARTESIAN_POINT('Ctrl Pts',(80.5873596566674,0.0196860490211792,15.6999999999999));
#8682=CARTESIAN_POINT('Ctrl Pts',(80.5873596566674,0.0196860490211792,17.6999999999999));
#8683=CARTESIAN_POINT('Ctrl Pts',(80.470728648613,-0.168006967656549,15.6999999999999));
#8684=CARTESIAN_POINT('Ctrl Pts',(80.470728648613,-0.168006967656549,17.6999999999999));
#8685=CARTESIAN_POINT('Ctrl Pts',(80.470728648613,-0.168006967656549,15.6999999999999));
#8686=CARTESIAN_POINT('Ctrl Pts',(80.5873596566674,0.0196860490211792,15.6999999999999));
#8687=CARTESIAN_POINT('Ctrl Pts',(80.8489406053266,0.440645433478939,15.6999999999999));
#8688=CARTESIAN_POINT('Ctrl Pts',(80.8636624200207,0.938467667607167,15.6999999999999));
#8689=CARTESIAN_POINT('Ctrl Pts',(80.8718202242356,1.21432607258088,15.6999999999999));
#8690=CARTESIAN_POINT('Ctrl Pts',(80.8718202242356,1.21432607258088,17.6999999999999));
#8691=CARTESIAN_POINT('Ctrl Pts',(80.8636624200207,0.938467667607167,17.6999999999999));
#8692=CARTESIAN_POINT('Ctrl Pts',(80.8489406053266,0.440645433478939,17.6999999999999));
#8693=CARTESIAN_POINT('Ctrl Pts',(80.5873596566674,0.0196860490211792,17.6999999999999));
#8694=CARTESIAN_POINT('Ctrl Pts',(80.470728648613,-0.168006967656549,17.6999999999999));
#8695=CARTESIAN_POINT('Origin',(80.7476709017258,4.38485746467835,15.6999999999999));
#8696=CARTESIAN_POINT('',(81.5832779535752,4.26070993030793,17.6999999999999));
#8697=CARTESIAN_POINT('',(81.5832779535752,4.26070993030793,15.6999999999999));
#8698=CARTESIAN_POINT('',(80.7476709017258,4.38485746467835,17.6999999999999));
#8699=CARTESIAN_POINT('',(81.5832779535752,4.26070993030793,17.6999999999999));
#8700=CARTESIAN_POINT('',(80.7476709017258,4.38485746467835,15.6999999999999));
#8701=CARTESIAN_POINT('Ctrl Pts',(80.4564044603806,4.94829540336854,15.6999999999999));
#8702=CARTESIAN_POINT('Ctrl Pts',(80.4564044603806,4.94829540336854,17.6999999999999));
#8703=CARTESIAN_POINT('Ctrl Pts',(80.5287166897222,4.87632886084074,15.6999999999999));
#8704=CARTESIAN_POINT('Ctrl Pts',(80.5287166897222,4.87632886084074,17.6999999999999));
#8705=CARTESIAN_POINT('Ctrl Pts',(80.6853101361819,4.72048400545714,15.6999999999999));
#8706=CARTESIAN_POINT('Ctrl Pts',(80.6853101361819,4.72048400545714,17.6999999999999));
#8707=CARTESIAN_POINT('Ctrl Pts',(80.7258510841394,4.50229203805275,15.6999999999999));
#8708=CARTESIAN_POINT('Ctrl Pts',(80.7258510841394,4.50229203805275,17.6999999999999));
#8709=CARTESIAN_POINT('Ctrl Pts',(80.7476709017258,4.38485746467835,15.6999999999999));
#8710=CARTESIAN_POINT('Ctrl Pts',(80.7476709017258,4.38485746467835,17.6999999999999));
#8711=CARTESIAN_POINT('',(80.4564044603806,4.94829540336854,17.6999999999999));
#8712=CARTESIAN_POINT('Ctrl Pts',(80.4564044603806,4.94829540336854,17.6999999999999));
#8713=CARTESIAN_POINT('Ctrl Pts',(80.5287166897222,4.87632886084074,17.6999999999999));
#8714=CARTESIAN_POINT('Ctrl Pts',(80.6853101361819,4.72048400545714,17.6999999999999));
#8715=CARTESIAN_POINT('Ctrl Pts',(80.7258510841394,4.50229203805275,17.6999999999999));
#8716=CARTESIAN_POINT('Ctrl Pts',(80.7476709017258,4.38485746467835,17.6999999999999));
#8717=CARTESIAN_POINT('',(80.4564044603806,4.94829540336854,15.6999999999999));
#8718=CARTESIAN_POINT('Ctrl Pts',(79.5825979837876,5.18704001987702,15.6999999999999));
#8719=CARTESIAN_POINT('Ctrl Pts',(79.5825979837876,5.18704001987702,17.6999999999999));
#8720=CARTESIAN_POINT('Ctrl Pts',(79.7517505032501,5.18107787095094,15.6999999999999));
#8721=CARTESIAN_POINT('Ctrl Pts',(79.7517505032501,5.18107787095094,17.6999999999999));
#8722=CARTESIAN_POINT('Ctrl Pts',(80.0628200109112,5.17011354871127,15.6999999999999));
#8723=CARTESIAN_POINT('Ctrl Pts',(80.0628200109112,5.17011354871127,17.6999999999999));
#8724=CARTESIAN_POINT('Ctrl Pts',(80.3330976506169,5.01778922581702,15.6999999999999));
#8725=CARTESIAN_POINT('Ctrl Pts',(80.3330976506169,5.01778922581702,17.6999999999999));
#8726=CARTESIAN_POINT('Ctrl Pts',(80.4564044603806,4.94829540336854,15.6999999999999));
#8727=CARTESIAN_POINT('Ctrl Pts',(80.4564044603806,4.94829540336854,17.6999999999999));
#8728=CARTESIAN_POINT('',(79.5825979837876,5.18704001987702,17.6999999999999));
#8729=CARTESIAN_POINT('Ctrl Pts',(79.5825979837876,5.18704001987702,17.6999999999999));
#8730=CARTESIAN_POINT('Ctrl Pts',(79.7517505032501,5.18107787095094,17.6999999999999));
#8731=CARTESIAN_POINT('Ctrl Pts',(80.0628200109112,5.17011354871127,17.6999999999999));
#8732=CARTESIAN_POINT('Ctrl Pts',(80.3330976506169,5.01778922581702,17.6999999999999));
#8733=CARTESIAN_POINT('Ctrl Pts',(80.4564044603806,4.94829540336854,17.6999999999999));
#8734=CARTESIAN_POINT('',(79.5825979837876,5.18704001987702,15.6999999999999));
#8735=CARTESIAN_POINT('Ctrl Pts',(78.6610410341721,4.94829540336854,15.6999999999999));
#8736=CARTESIAN_POINT('Ctrl Pts',(78.6610410341721,4.94829540336854,17.6999999999999));
#8737=CARTESIAN_POINT('Ctrl Pts',(78.7892529962766,5.01773337194796,15.6999999999999));
#8738=CARTESIAN_POINT('Ctrl Pts',(78.7892529962766,5.01773337194796,17.6999999999999));
#8739=CARTESIAN_POINT('Ctrl Pts',(79.0755449547361,5.17278545671252,15.6999999999999));
#8740=CARTESIAN_POINT('Ctrl Pts',(79.0755449547361,5.17278545671252,17.6999999999999));
#8741=CARTESIAN_POINT('Ctrl Pts',(79.4022199466144,5.18196912989696,15.6999999999999));
#8742=CARTESIAN_POINT('Ctrl Pts',(79.4022199466144,5.18196912989696,17.6999999999999));
#8743=CARTESIAN_POINT('Ctrl Pts',(79.5825979837876,5.18704001987702,15.6999999999999));
#8744=CARTESIAN_POINT('Ctrl Pts',(79.5825979837876,5.18704001987702,17.6999999999999));
#8745=CARTESIAN_POINT('',(78.6610410341721,4.94829540336854,17.6999999999999));
#8746=CARTESIAN_POINT('Ctrl Pts',(78.6610410341721,4.94829540336854,17.6999999999999));
#8747=CARTESIAN_POINT('Ctrl Pts',(78.7892529962766,5.01773337194796,17.6999999999999));
#8748=CARTESIAN_POINT('Ctrl Pts',(79.0755449547361,5.17278545671252,17.6999999999999));
#8749=CARTESIAN_POINT('Ctrl Pts',(79.4022199466144,5.18196912989696,17.6999999999999));
#8750=CARTESIAN_POINT('Ctrl Pts',(79.5825979837876,5.18704001987702,17.6999999999999));
#8751=CARTESIAN_POINT('',(78.6610410341721,4.94829540336854,15.6999999999999));
#8752=CARTESIAN_POINT('Ctrl Pts',(78.2217500338059,4.27980964267975,15.6999999999999));
#8753=CARTESIAN_POINT('Ctrl Pts',(78.2217500338059,4.27980964267975,17.6999999999999));
#8754=CARTESIAN_POINT('Ctrl Pts',(78.2671845897176,4.41396036881173,15.6999999999999));
#8755=CARTESIAN_POINT('Ctrl Pts',(78.2671845897176,4.41396036881173,17.6999999999999));
#8756=CARTESIAN_POINT('Ctrl Pts',(78.3556797074931,4.67525233195514,15.6999999999999));
#8757=CARTESIAN_POINT('Ctrl Pts',(78.3556797074931,4.67525233195514,17.6999999999999));
#8758=CARTESIAN_POINT('Ctrl Pts',(78.5610907292189,4.85892344998489,15.6999999999999));
#8759=CARTESIAN_POINT('Ctrl Pts',(78.5610907292189,4.85892344998489,17.6999999999999));
#8760=CARTESIAN_POINT('Ctrl Pts',(78.6610410341721,4.94829540336854,15.6999999999999));
#8761=CARTESIAN_POINT('Ctrl Pts',(78.6610410341721,4.94829540336854,17.6999999999999));
#8762=CARTESIAN_POINT('',(78.2217500338059,4.27980964267975,17.6999999999999));
#8763=CARTESIAN_POINT('Ctrl Pts',(78.2217500338059,4.27980964267975,17.6999999999999));
#8764=CARTESIAN_POINT('Ctrl Pts',(78.2671845897176,4.41396036881173,17.6999999999999));
#8765=CARTESIAN_POINT('Ctrl Pts',(78.3556797074931,4.67525233195514,17.6999999999999));
#8766=CARTESIAN_POINT('Ctrl Pts',(78.5610907292189,4.85892344998489,17.6999999999999));
#8767=CARTESIAN_POINT('Ctrl Pts',(78.6610410341721,4.94829540336854,17.6999999999999));
#8768=CARTESIAN_POINT('',(78.2217500338059,4.27980964267975,15.6999999999999));
#8769=CARTESIAN_POINT('Ctrl Pts',(78.1596777567368,3.17680840576417,15.6999999999999));
#8770=CARTESIAN_POINT('Ctrl Pts',(78.1596777567368,3.17680840576417,17.6999999999999));
#8771=CARTESIAN_POINT('Ctrl Pts',(78.1567161723834,3.40929775811988,15.6999999999999));
#8772=CARTESIAN_POINT('Ctrl Pts',(78.1567161723834,3.40929775811988,17.6999999999999));
#8773=CARTESIAN_POINT('Ctrl Pts',(78.1520101722706,3.77872668124442,15.6999999999999));
#8774=CARTESIAN_POINT('Ctrl Pts',(78.1520101722706,3.77872668124442,17.6999999999999));
#8775=CARTESIAN_POINT('Ctrl Pts',(78.2028899609157,4.14429946286794,15.6999999999999));
#8776=CARTESIAN_POINT('Ctrl Pts',(78.2028899609157,4.14429946286794,17.6999999999999));
#8777=CARTESIAN_POINT('Ctrl Pts',(78.2217500338059,4.27980964267975,15.6999999999999));
#8778=CARTESIAN_POINT('Ctrl Pts',(78.2217500338059,4.27980964267975,17.6999999999999));
#8779=CARTESIAN_POINT('',(78.1596777567368,3.17680840576417,17.6999999999999));
#8780=CARTESIAN_POINT('Ctrl Pts',(78.1596777567368,3.17680840576417,17.6999999999999));
#8781=CARTESIAN_POINT('Ctrl Pts',(78.1567161723834,3.40929775811988,17.6999999999999));
#8782=CARTESIAN_POINT('Ctrl Pts',(78.1520101722706,3.77872668124442,17.6999999999999));
#8783=CARTESIAN_POINT('Ctrl Pts',(78.2028899609157,4.14429946286794,17.6999999999999));
#8784=CARTESIAN_POINT('Ctrl Pts',(78.2217500338059,4.27980964267975,17.6999999999999));
#8785=CARTESIAN_POINT('',(78.1596777567368,3.17680840576417,15.6999999999999));
#8786=CARTESIAN_POINT('Ctrl Pts',(79.5634982714158,3.84051923835999,15.6999999999999));
#8787=CARTESIAN_POINT('Ctrl Pts',(79.5634982714158,3.84051923835999,17.6999999999999));
#8788=CARTESIAN_POINT('Ctrl Pts',(79.2939757902211,3.81175535909852,15.6999999999999));
#8789=CARTESIAN_POINT('Ctrl Pts',(79.2939757902211,3.81175535909852,17.6999999999999));
#8790=CARTESIAN_POINT('Ctrl Pts',(78.7493851931061,3.75363576138293,15.6999999999999));
#8791=CARTESIAN_POINT('Ctrl Pts',(78.7493851931061,3.75363576138293,17.6999999999999));
#8792=CARTESIAN_POINT('Ctrl Pts',(78.357576846793,3.37038508761722,15.6999999999999));
#8793=CARTESIAN_POINT('Ctrl Pts',(78.357576846793,3.37038508761722,17.6999999999999));
#8794=CARTESIAN_POINT('Ctrl Pts',(78.1596777567368,3.17680840576417,15.6999999999999));
#8795=CARTESIAN_POINT('Ctrl Pts',(78.1596777567368,3.17680840576417,17.6999999999999));
#8796=CARTESIAN_POINT('',(79.5634982714158,3.84051923835999,17.6999999999999));
#8797=CARTESIAN_POINT('Ctrl Pts',(79.5634982714158,3.84051923835999,17.6999999999999));
#8798=CARTESIAN_POINT('Ctrl Pts',(79.2939757902211,3.81175535909852,17.6999999999999));
#8799=CARTESIAN_POINT('Ctrl Pts',(78.7493851931061,3.75363576138293,17.6999999999999));
#8800=CARTESIAN_POINT('Ctrl Pts',(78.357576846793,3.37038508761722,17.6999999999999));
#8801=CARTESIAN_POINT('Ctrl Pts',(78.1596777567368,3.17680840576417,17.6999999999999));
#8802=CARTESIAN_POINT('',(79.5634982714158,3.84051923835999,15.6999999999999));
#8803=CARTESIAN_POINT('Ctrl Pts',(81.1821887621384,3.08608536804444,15.6999999999999));
#8804=CARTESIAN_POINT('Ctrl Pts',(81.1821887621384,3.08608536804444,17.6999999999999));
#8805=CARTESIAN_POINT('Ctrl Pts',(80.9667020025809,3.30607720365478,15.6999999999999));
#8806=CARTESIAN_POINT('Ctrl Pts',(80.9667020025809,3.30607720365478,17.6999999999999));
#8807=CARTESIAN_POINT('Ctrl Pts',(80.5228769803099,3.75918105810826,15.6999999999999));
#8808=CARTESIAN_POINT('Ctrl Pts',(80.5228769803099,3.75918105810826,17.6999999999999));
#8809=CARTESIAN_POINT('Ctrl Pts',(79.8894054915316,3.81288812671517,15.6999999999999));
#8810=CARTESIAN_POINT('Ctrl Pts',(79.8894054915316,3.81288812671517,17.6999999999999));
#8811=CARTESIAN_POINT('Ctrl Pts',(79.5634982714158,3.84051923835999,15.6999999999999));
#8812=CARTESIAN_POINT('Ctrl Pts',(79.5634982714158,3.84051923835999,17.6999999999999));
#8813=CARTESIAN_POINT('',(81.1821887621384,3.08608536804444,17.6999999999999));
#8814=CARTESIAN_POINT('Ctrl Pts',(81.1821887621384,3.08608536804444,17.6999999999999));
#8815=CARTESIAN_POINT('Ctrl Pts',(80.9667020025809,3.30607720365478,17.6999999999999));
#8816=CARTESIAN_POINT('Ctrl Pts',(80.5228769803099,3.75918105810826,17.6999999999999));
#8817=CARTESIAN_POINT('Ctrl Pts',(79.8894054915316,3.81288812671517,17.6999999999999));
#8818=CARTESIAN_POINT('Ctrl Pts',(79.5634982714158,3.84051923835999,17.6999999999999));
#8819=CARTESIAN_POINT('',(81.1821887621384,3.08608536804444,15.6999999999999));
#8820=CARTESIAN_POINT('Ctrl Pts',(81.7551753649216,1.27639954174287,15.6999999999999));
#8821=CARTESIAN_POINT('Ctrl Pts',(81.7551753649216,1.27639954174287,17.6999999999999));
#8822=CARTESIAN_POINT('Ctrl Pts',(81.7342112142471,1.61170726620603,15.6999999999999));
#8823=CARTESIAN_POINT('Ctrl Pts',(81.7342112142471,1.61170726620603,17.6999999999999));
#8824=CARTESIAN_POINT('Ctrl Pts',(81.6934709438658,2.26332094556199,15.6999999999999));
#8825=CARTESIAN_POINT('Ctrl Pts',(81.6934709438658,2.26332094556199,17.6999999999999));
#8826=CARTESIAN_POINT('Ctrl Pts',(81.3492704009322,2.81721460946424,15.6999999999999));
#8827=CARTESIAN_POINT('Ctrl Pts',(81.3492704009322,2.81721460946424,17.6999999999999));
#8828=CARTESIAN_POINT('Ctrl Pts',(81.1821887621384,3.08608536804444,15.6999999999999));
#8829=CARTESIAN_POINT('Ctrl Pts',(81.1821887621384,3.08608536804444,17.6999999999999));
#8830=CARTESIAN_POINT('',(81.7551753649216,1.27639954174287,17.6999999999999));
#8831=CARTESIAN_POINT('Ctrl Pts',(81.7551753649216,1.27639954174287,17.6999999999999));
#8832=CARTESIAN_POINT('Ctrl Pts',(81.7342112142471,1.61170726620603,17.6999999999999));
#8833=CARTESIAN_POINT('Ctrl Pts',(81.6934709438658,2.26332094556199,17.6999999999999));
#8834=CARTESIAN_POINT('Ctrl Pts',(81.3492704009322,2.81721460946424,17.6999999999999));
#8835=CARTESIAN_POINT('Ctrl Pts',(81.1821887621384,3.08608536804444,17.6999999999999));
#8836=CARTESIAN_POINT('',(81.7551753649216,1.27639954174287,15.6999999999999));
#8837=CARTESIAN_POINT('Ctrl Pts',(81.4925549158555,-0.0629591456579526,
15.6999999999999));
#8838=CARTESIAN_POINT('Ctrl Pts',(81.4925549158555,-0.0629591456579526,
17.6999999999999));
#8839=CARTESIAN_POINT('Ctrl Pts',(81.5691434333544,0.148747614059433,15.6999999999999));
#8840=CARTESIAN_POINT('Ctrl Pts',(81.5691434333544,0.148747614059433,17.6999999999999));
#8841=CARTESIAN_POINT('Ctrl Pts',(81.7257021626155,0.581508847201098,15.6999999999999));
#8842=CARTESIAN_POINT('Ctrl Pts',(81.7257021626155,0.581508847201098,17.6999999999999));
#8843=CARTESIAN_POINT('Ctrl Pts',(81.745210503034,1.0414576536439,15.6999999999999));
#8844=CARTESIAN_POINT('Ctrl Pts',(81.745210503034,1.0414576536439,17.6999999999999));
#8845=CARTESIAN_POINT('Ctrl Pts',(81.7551753649216,1.27639954174287,15.6999999999999));
#8846=CARTESIAN_POINT('Ctrl Pts',(81.7551753649216,1.27639954174287,17.6999999999999));
#8847=CARTESIAN_POINT('',(81.4925549158555,-0.0629591456579526,17.6999999999999));
#8848=CARTESIAN_POINT('Ctrl Pts',(81.4925549158555,-0.0629591456579526,
17.6999999999999));
#8849=CARTESIAN_POINT('Ctrl Pts',(81.5691434333544,0.148747614059433,17.6999999999999));
#8850=CARTESIAN_POINT('Ctrl Pts',(81.7257021626155,0.581508847201098,17.6999999999999));
#8851=CARTESIAN_POINT('Ctrl Pts',(81.745210503034,1.0414576536439,17.6999999999999));
#8852=CARTESIAN_POINT('Ctrl Pts',(81.7551753649216,1.27639954174287,17.6999999999999));
#8853=CARTESIAN_POINT('',(81.4925549158555,-0.0629591456579526,15.6999999999999));
#8854=CARTESIAN_POINT('Ctrl Pts',(80.7309601435166,-1.01077670966857,15.6999999999999));
#8855=CARTESIAN_POINT('Ctrl Pts',(80.7309601435166,-1.01077670966857,17.6999999999999));
#8856=CARTESIAN_POINT('Ctrl Pts',(80.8885830660402,-0.884993863460256,15.6999999999999));
#8857=CARTESIAN_POINT('Ctrl Pts',(80.8885830660402,-0.884993863460256,17.6999999999999));
#8858=CARTESIAN_POINT('Ctrl Pts',(81.2129264183582,-0.626168374437985,15.6999999999999));
#8859=CARTESIAN_POINT('Ctrl Pts',(81.2129264183582,-0.626168374437985,17.6999999999999));
#8860=CARTESIAN_POINT('Ctrl Pts',(81.3976186061872,-0.254173582777379,15.6999999999999));
#8861=CARTESIAN_POINT('Ctrl Pts',(81.3976186061872,-0.254173582777379,17.6999999999999));
#8862=CARTESIAN_POINT('Ctrl Pts',(81.4925549158555,-0.0629591456579526,
15.6999999999999));
#8863=CARTESIAN_POINT('Ctrl Pts',(81.4925549158555,-0.0629591456579526,
17.6999999999999));
#8864=CARTESIAN_POINT('',(80.7309601435166,-1.01077670966857,17.6999999999999));
#8865=CARTESIAN_POINT('Ctrl Pts',(80.7309601435166,-1.01077670966857,17.6999999999999));
#8866=CARTESIAN_POINT('Ctrl Pts',(80.8885830660402,-0.884993863460256,17.6999999999999));
#8867=CARTESIAN_POINT('Ctrl Pts',(81.2129264183582,-0.626168374437985,17.6999999999999));
#8868=CARTESIAN_POINT('Ctrl Pts',(81.3976186061872,-0.254173582777379,17.6999999999999));
#8869=CARTESIAN_POINT('Ctrl Pts',(81.4925549158555,-0.0629591456579526,
17.6999999999999));
#8870=CARTESIAN_POINT('',(80.7309601435166,-1.01077670966857,15.6999999999999));
#8871=CARTESIAN_POINT('Ctrl Pts',(79.5587227472764,-1.34501929198974,15.6999999999999));
#8872=CARTESIAN_POINT('Ctrl Pts',(79.5587227472764,-1.34501929198974,17.6999999999999));
#8873=CARTESIAN_POINT('Ctrl Pts',(79.7731753455817,-1.33286921106626,15.6999999999999));
#8874=CARTESIAN_POINT('Ctrl Pts',(79.7731753455817,-1.33286921106626,17.6999999999999));
#8875=CARTESIAN_POINT('Ctrl Pts',(80.1894039986479,-1.30928725469273,15.6999999999999));
#8876=CARTESIAN_POINT('Ctrl Pts',(80.1894039986479,-1.30928725469273,17.6999999999999));
#8877=CARTESIAN_POINT('Ctrl Pts',(80.5541442374901,-1.10823920358915,15.6999999999999));
#8878=CARTESIAN_POINT('Ctrl Pts',(80.5541442374901,-1.10823920358915,17.6999999999999));
#8879=CARTESIAN_POINT('Ctrl Pts',(80.7309601435166,-1.01077670966857,15.6999999999999));
#8880=CARTESIAN_POINT('Ctrl Pts',(80.7309601435166,-1.01077670966857,17.6999999999999));
#8881=CARTESIAN_POINT('',(79.5587227472764,-1.34501929198974,17.6999999999999));
#8882=CARTESIAN_POINT('Ctrl Pts',(79.5587227472764,-1.34501929198974,17.6999999999999));
#8883=CARTESIAN_POINT('Ctrl Pts',(79.7731753455817,-1.33286921106626,17.6999999999999));
#8884=CARTESIAN_POINT('Ctrl Pts',(80.1894039986479,-1.30928725469273,17.6999999999999));
#8885=CARTESIAN_POINT('Ctrl Pts',(80.5541442374901,-1.10823920358915,17.6999999999999));
#8886=CARTESIAN_POINT('Ctrl Pts',(80.7309601435166,-1.01077670966857,17.6999999999999));
#8887=CARTESIAN_POINT('',(79.5587227472764,-1.34501929198974,15.6999999999999));
#8888=CARTESIAN_POINT('Ctrl Pts',(78.0785033831101,-0.619234990231927,15.6999999999999));
#8889=CARTESIAN_POINT('Ctrl Pts',(78.0785033831101,-0.619234990231927,17.6999999999999));
#8890=CARTESIAN_POINT('Ctrl Pts',(78.2842148555923,-0.830915353525451,15.6999999999999));
#8891=CARTESIAN_POINT('Ctrl Pts',(78.2842148555923,-0.830915353525451,17.6999999999999));
#8892=CARTESIAN_POINT('Ctrl Pts',(78.6913671784538,-1.24988154232946,15.6999999999999));
#8893=CARTESIAN_POINT('Ctrl Pts',(78.6913671784538,-1.24988154232946,17.6999999999999));
#8894=CARTESIAN_POINT('Ctrl Pts',(79.2716330278264,-1.3135292424174,15.6999999999999));
#8895=CARTESIAN_POINT('Ctrl Pts',(79.2716330278264,-1.3135292424174,17.6999999999999));
#8896=CARTESIAN_POINT('Ctrl Pts',(79.5587227472764,-1.34501929198974,15.6999999999999));
#8897=CARTESIAN_POINT('Ctrl Pts',(79.5587227472764,-1.34501929198974,17.6999999999999));
#8898=CARTESIAN_POINT('',(78.0785033831101,-0.619234990231927,17.6999999999999));
#8899=CARTESIAN_POINT('Ctrl Pts',(78.0785033831101,-0.619234990231927,17.6999999999999));
#8900=CARTESIAN_POINT('Ctrl Pts',(78.2842148555923,-0.830915353525451,17.6999999999999));
#8901=CARTESIAN_POINT('Ctrl Pts',(78.6913671784538,-1.24988154232946,17.6999999999999));
#8902=CARTESIAN_POINT('Ctrl Pts',(79.2716330278264,-1.3135292424174,17.6999999999999));
#8903=CARTESIAN_POINT('Ctrl Pts',(79.5587227472764,-1.34501929198974,17.6999999999999));
#8904=CARTESIAN_POINT('',(78.0785033831101,-0.619234990231927,15.6999999999999));
#8905=CARTESIAN_POINT('Origin',(78.0785033831101,-1.23042161380523,15.6999999999999));
#8906=CARTESIAN_POINT('',(78.0785033831101,-1.23042161380523,17.6999999999999));
#8907=CARTESIAN_POINT('',(78.0785033831101,-0.619234990231927,17.6999999999999));
#8908=CARTESIAN_POINT('',(78.0785033831101,-1.23042161380523,15.6999999999999));
#8909=CARTESIAN_POINT('Origin',(77.2858712801438,-1.23042161380523,15.6999999999999));
#8910=CARTESIAN_POINT('',(77.2858712801438,-1.23042161380523,17.6999999999999));
#8911=CARTESIAN_POINT('',(78.0785033831101,-1.23042161380523,17.6999999999999));
#8912=CARTESIAN_POINT('',(77.2858712801438,-1.23042161380523,15.6999999999999));
#8913=CARTESIAN_POINT('Origin',(77.2858712801438,3.15293376529938,15.6999999999999));
#8914=CARTESIAN_POINT('',(77.2858712801438,3.15293376529938,17.6999999999999));
#8915=CARTESIAN_POINT('',(77.2858712801438,-1.23042161380523,17.6999999999999));
#8916=CARTESIAN_POINT('',(77.2858712801438,3.15293376529938,15.6999999999999));
#8917=CARTESIAN_POINT('Ctrl Pts',(77.5270030626755,4.83131055916077,15.6999999999999));
#8918=CARTESIAN_POINT('Ctrl Pts',(77.5270030626755,4.83131055916077,17.6999999999999));
#8919=CARTESIAN_POINT('Ctrl Pts',(77.457278128185,4.61062403320796,15.6999999999999));
#8920=CARTESIAN_POINT('Ctrl Pts',(77.457278128185,4.61062403320796,17.6999999999999));
#8921=CARTESIAN_POINT('Ctrl Pts',(77.2852576218027,4.06616159342868,15.6999999999999));
#8922=CARTESIAN_POINT('Ctrl Pts',(77.2852576218027,4.06616159342868,17.6999999999999));
#8923=CARTESIAN_POINT('Ctrl Pts',(77.2856424399994,3.49348676362798,15.6999999999999));
#8924=CARTESIAN_POINT('Ctrl Pts',(77.2856424399994,3.49348676362798,17.6999999999999));
#8925=CARTESIAN_POINT('Ctrl Pts',(77.2858712801438,3.15293376529938,15.6999999999999));
#8926=CARTESIAN_POINT('Ctrl Pts',(77.2858712801438,3.15293376529938,17.6999999999999));
#8927=CARTESIAN_POINT('',(77.5270030626755,4.83131055916077,17.6999999999999));
#8928=CARTESIAN_POINT('Ctrl Pts',(77.5270030626755,4.83131055916077,17.6999999999999));
#8929=CARTESIAN_POINT('Ctrl Pts',(77.457278128185,4.61062403320796,17.6999999999999));
#8930=CARTESIAN_POINT('Ctrl Pts',(77.2852576218027,4.06616159342868,17.6999999999999));
#8931=CARTESIAN_POINT('Ctrl Pts',(77.2856424399994,3.49348676362798,17.6999999999999));
#8932=CARTESIAN_POINT('Ctrl Pts',(77.2858712801438,3.15293376529938,17.6999999999999));
#8933=CARTESIAN_POINT('',(77.5270030626755,4.83131055916077,15.6999999999999));
#8934=CARTESIAN_POINT('Ctrl Pts',(78.290986789177,5.61200563991791,15.6999999999999));
#8935=CARTESIAN_POINT('Ctrl Pts',(78.290986789177,5.61200563991791,17.6999999999999));
#8936=CARTESIAN_POINT('Ctrl Pts',(78.1293624497588,5.50971110247375,15.6999999999999));
#8937=CARTESIAN_POINT('Ctrl Pts',(78.1293624497588,5.50971110247375,17.6999999999999));
#8938=CARTESIAN_POINT('Ctrl Pts',(77.8129780764557,5.30946655243817,15.6999999999999));
#8939=CARTESIAN_POINT('Ctrl Pts',(77.8129780764557,5.30946655243817,17.6999999999999));
#8940=CARTESIAN_POINT('Ctrl Pts',(77.6209392362725,4.98837373680419,15.6999999999999));
#8941=CARTESIAN_POINT('Ctrl Pts',(77.6209392362725,4.98837373680419,17.6999999999999));
#8942=CARTESIAN_POINT('Ctrl Pts',(77.5270030626755,4.83131055916077,15.6999999999999));
#8943=CARTESIAN_POINT('Ctrl Pts',(77.5270030626755,4.83131055916077,17.6999999999999));
#8944=CARTESIAN_POINT('',(78.290986789177,5.61200563991791,17.6999999999999));
#8945=CARTESIAN_POINT('Ctrl Pts',(78.290986789177,5.61200563991791,17.6999999999999));
#8946=CARTESIAN_POINT('Ctrl Pts',(78.1293624497588,5.50971110247375,17.6999999999999));
#8947=CARTESIAN_POINT('Ctrl Pts',(77.8129780764557,5.30946655243817,17.6999999999999));
#8948=CARTESIAN_POINT('Ctrl Pts',(77.6209392362725,4.98837373680419,17.6999999999999));
#8949=CARTESIAN_POINT('Ctrl Pts',(77.5270030626755,4.83131055916077,17.6999999999999));
#8950=CARTESIAN_POINT('',(78.290986789177,5.61200563991791,15.6999999999999));
#8951=CARTESIAN_POINT('Ctrl Pts',(79.5778224596482,5.89850013340241,15.6999999999999));
#8952=CARTESIAN_POINT('Ctrl Pts',(79.5778224596482,5.89850013340241,17.6999999999999));
#8953=CARTESIAN_POINT('Ctrl Pts',(79.3397073859853,5.88996869721406,15.6999999999999));
#8954=CARTESIAN_POINT('Ctrl Pts',(79.3397073859853,5.88996869721406,17.6999999999999));
#8955=CARTESIAN_POINT('Ctrl Pts',(78.8923861385659,5.87394160317356,15.6999999999999));
#8956=CARTESIAN_POINT('Ctrl Pts',(78.8923861385659,5.87394160317356,17.6999999999999));
#8957=CARTESIAN_POINT('Ctrl Pts',(78.4826260912491,5.69547301519342,15.6999999999999));
#8958=CARTESIAN_POINT('Ctrl Pts',(78.4826260912491,5.69547301519342,17.6999999999999));
#8959=CARTESIAN_POINT('Ctrl Pts',(78.290986789177,5.61200563991791,15.6999999999999));
#8960=CARTESIAN_POINT('Ctrl Pts',(78.290986789177,5.61200563991791,17.6999999999999));
#8961=CARTESIAN_POINT('',(79.5778224596482,5.89850013340241,17.6999999999999));
#8962=CARTESIAN_POINT('Ctrl Pts',(79.5778224596482,5.89850013340241,17.6999999999999));
#8963=CARTESIAN_POINT('Ctrl Pts',(79.3397073859853,5.88996869721406,17.6999999999999));
#8964=CARTESIAN_POINT('Ctrl Pts',(78.8923861385659,5.87394160317356,17.6999999999999));
#8965=CARTESIAN_POINT('Ctrl Pts',(78.4826260912491,5.69547301519342,17.6999999999999));
#8966=CARTESIAN_POINT('Ctrl Pts',(78.290986789177,5.61200563991791,17.6999999999999));
#8967=CARTESIAN_POINT('',(79.5778224596482,5.89850013340241,15.6999999999999));
#8968=CARTESIAN_POINT('Ctrl Pts',(81.0437152513963,5.49024646366364,15.6999999999999));
#8969=CARTESIAN_POINT('Ctrl Pts',(81.0437152513963,5.49024646366364,17.6999999999999));
#8970=CARTESIAN_POINT('Ctrl Pts',(80.8333504359265,5.60915380342974,15.6999999999999));
#8971=CARTESIAN_POINT('Ctrl Pts',(80.8333504359265,5.60915380342974,17.6999999999999));
#8972=CARTESIAN_POINT('Ctrl Pts',(80.3797432753468,5.86555229213598,15.6999999999999));
#8973=CARTESIAN_POINT('Ctrl Pts',(80.3797432753468,5.86555229213598,17.6999999999999));
#8974=CARTESIAN_POINT('Ctrl Pts',(79.8577410047722,5.88699935725129,15.6999999999999));
#8975=CARTESIAN_POINT('Ctrl Pts',(79.8577410047722,5.88699935725129,17.6999999999999));
#8976=CARTESIAN_POINT('Ctrl Pts',(79.5778224596482,5.89850013340241,15.6999999999999));
#8977=CARTESIAN_POINT('Ctrl Pts',(79.5778224596482,5.89850013340241,17.6999999999999));
#8978=CARTESIAN_POINT('',(81.0437152513963,5.49024646366364,17.6999999999999));
#8979=CARTESIAN_POINT('Ctrl Pts',(81.0437152513963,5.49024646366364,17.6999999999999));
#8980=CARTESIAN_POINT('Ctrl Pts',(80.8333504359265,5.60915380342974,17.6999999999999));
#8981=CARTESIAN_POINT('Ctrl Pts',(80.3797432753468,5.86555229213598,17.6999999999999));
#8982=CARTESIAN_POINT('Ctrl Pts',(79.8577410047722,5.88699935725129,17.6999999999999));
#8983=CARTESIAN_POINT('Ctrl Pts',(79.5778224596482,5.89850013340241,17.6999999999999));
#8984=CARTESIAN_POINT('',(81.0437152513963,5.49024646366364,15.6999999999999));
#8985=CARTESIAN_POINT('Ctrl Pts',(81.5832779535752,4.26070993030793,15.6999999999999));
#8986=CARTESIAN_POINT('Ctrl Pts',(81.5832779535752,4.26070993030793,17.6999999999999));
#8987=CARTESIAN_POINT('Ctrl Pts',(81.5706947875084,4.51332762316375,15.6999999999999));
#8988=CARTESIAN_POINT('Ctrl Pts',(81.5706947875084,4.51332762316375,17.6999999999999));
#8989=CARTESIAN_POINT('Ctrl Pts',(81.5467487523772,4.99406451527903,15.6999999999999));
#8990=CARTESIAN_POINT('Ctrl Pts',(81.5467487523772,4.99406451527903,17.6999999999999));
#8991=CARTESIAN_POINT('Ctrl Pts',(81.2055980381011,5.33056859656232,15.6999999999999));
#8992=CARTESIAN_POINT('Ctrl Pts',(81.2055980381011,5.33056859656232,17.6999999999999));
#8993=CARTESIAN_POINT('Ctrl Pts',(81.0437152513963,5.49024646366364,15.6999999999999));
#8994=CARTESIAN_POINT('Ctrl Pts',(81.0437152513963,5.49024646366364,17.6999999999999));
#8995=CARTESIAN_POINT('Ctrl Pts',(81.5832779535752,4.26070993030793,17.6999999999999));
#8996=CARTESIAN_POINT('Ctrl Pts',(81.5706947875084,4.51332762316375,17.6999999999999));
#8997=CARTESIAN_POINT('Ctrl Pts',(81.5467487523772,4.99406451527903,17.6999999999999));
#8998=CARTESIAN_POINT('Ctrl Pts',(81.2055980381011,5.33056859656232,17.6999999999999));
#8999=CARTESIAN_POINT('Ctrl Pts',(81.0437152513963,5.49024646366364,17.6999999999999));
#9000=CARTESIAN_POINT('Origin',(69.6603597679835,1.30982374037034,17.6999999999999));
#9001=CARTESIAN_POINT('Origin',(24.7293810375411,40.9886482291694,15.7));
#9002=CARTESIAN_POINT('Origin',(67.2394893297654,1.62019198024995,15.6999999999999));
#9003=CARTESIAN_POINT('',(68.1658170351487,1.38622169578797,17.6999999999999));
#9004=CARTESIAN_POINT('',(68.1658170351487,1.38622169578797,15.6999999999999));
#9005=CARTESIAN_POINT('',(67.2394893297654,1.62019198024995,17.6999999999999));
#9006=CARTESIAN_POINT('',(68.1658170351487,1.38622169578797,17.6999999999999));
#9007=CARTESIAN_POINT('',(67.2394893297654,1.62019198024995,15.6999999999999));
#9008=CARTESIAN_POINT('Ctrl Pts',(68.2875774034959,3.36064224327332,15.6999999999999));
#9009=CARTESIAN_POINT('Ctrl Pts',(68.2875774034959,3.36064224327332,17.6999999999999));
#9010=CARTESIAN_POINT('Ctrl Pts',(68.0524672856258,3.12902247355785,15.6999999999999));
#9011=CARTESIAN_POINT('Ctrl Pts',(68.0524672856258,3.12902247355785,17.6999999999999));
#9012=CARTESIAN_POINT('Ctrl Pts',(67.5555892573983,2.63952089226744,15.6999999999999));
#9013=CARTESIAN_POINT('Ctrl Pts',(67.5555892573983,2.63952089226744,17.6999999999999));
#9014=CARTESIAN_POINT('Ctrl Pts',(67.3485584136584,1.97190756415394,15.6999999999999));
#9015=CARTESIAN_POINT('Ctrl Pts',(67.3485584136584,1.97190756415394,17.6999999999999));
#9016=CARTESIAN_POINT('Ctrl Pts',(67.2394893297654,1.62019198024995,15.6999999999999));
#9017=CARTESIAN_POINT('Ctrl Pts',(67.2394893297654,1.62019198024995,17.6999999999999));
#9018=CARTESIAN_POINT('',(68.2875774034959,3.36064224327332,17.6999999999999));
#9019=CARTESIAN_POINT('Ctrl Pts',(68.2875774034959,3.36064224327332,17.6999999999999));
#9020=CARTESIAN_POINT('Ctrl Pts',(68.0524672856258,3.12902247355785,17.6999999999999));
#9021=CARTESIAN_POINT('Ctrl Pts',(67.5555892573983,2.63952089226744,17.6999999999999));
#9022=CARTESIAN_POINT('Ctrl Pts',(67.3485584136584,1.97190756415394,17.6999999999999));
#9023=CARTESIAN_POINT('Ctrl Pts',(67.2394893297654,1.62019198024995,17.6999999999999));
#9024=CARTESIAN_POINT('',(68.2875774034959,3.36064224327332,15.6999999999999));
#9025=CARTESIAN_POINT('Ctrl Pts',(70.1378510126572,3.95989184463746,15.6999999999999));
#9026=CARTESIAN_POINT('Ctrl Pts',(70.1378510126572,3.95989184463746,17.6999999999999));
#9027=CARTESIAN_POINT('Ctrl Pts',(69.7919949277671,3.93848121224101,15.6999999999999));
#9028=CARTESIAN_POINT('Ctrl Pts',(69.7919949277671,3.93848121224101,17.6999999999999));
#9029=CARTESIAN_POINT('Ctrl Pts',(69.122929499205,3.8970619209058,15.6999999999999));
#9030=CARTESIAN_POINT('Ctrl Pts',(69.122929499205,3.8970619209058,17.6999999999999));
#9031=CARTESIAN_POINT('Ctrl Pts',(68.559673006593,3.53536789063608,15.6999999999999));
#9032=CARTESIAN_POINT('Ctrl Pts',(68.559673006593,3.53536789063608,17.6999999999999));
#9033=CARTESIAN_POINT('Ctrl Pts',(68.2875774034959,3.36064224327332,15.6999999999999));
#9034=CARTESIAN_POINT('Ctrl Pts',(68.2875774034959,3.36064224327332,17.6999999999999));
#9035=CARTESIAN_POINT('',(70.1378510126572,3.95989184463746,17.6999999999999));
#9036=CARTESIAN_POINT('Ctrl Pts',(70.1378510126572,3.95989184463746,17.6999999999999));
#9037=CARTESIAN_POINT('Ctrl Pts',(69.7919949277671,3.93848121224101,17.6999999999999));
#9038=CARTESIAN_POINT('Ctrl Pts',(69.122929499205,3.8970619209058,17.6999999999999));
#9039=CARTESIAN_POINT('Ctrl Pts',(68.559673006593,3.53536789063608,17.6999999999999));
#9040=CARTESIAN_POINT('Ctrl Pts',(68.2875774034959,3.36064224327332,17.6999999999999));
#9041=CARTESIAN_POINT('',(70.1378510126572,3.95989184463746,15.6999999999999));
#9042=CARTESIAN_POINT('Ctrl Pts',(71.9785735735398,3.49911396587617,15.6999999999999));
#9043=CARTESIAN_POINT('Ctrl Pts',(71.9785735735398,3.49911396587617,17.6999999999999));
#9044=CARTESIAN_POINT('Ctrl Pts',(71.7119820593294,3.63329665886607,15.6999999999999));
#9045=CARTESIAN_POINT('Ctrl Pts',(71.7119820593294,3.63329665886607,17.6999999999999));
#9046=CARTESIAN_POINT('Ctrl Pts',(71.1343733751448,3.92402267453762,15.6999999999999));
#9047=CARTESIAN_POINT('Ctrl Pts',(71.1343733751448,3.92402267453762,17.6999999999999));
#9048=CARTESIAN_POINT('Ctrl Pts',(70.4866317324015,3.94733771094715,15.6999999999999));
#9049=CARTESIAN_POINT('Ctrl Pts',(70.4866317324015,3.94733771094715,17.6999999999999));
#9050=CARTESIAN_POINT('Ctrl Pts',(70.1378510126572,3.95989184463746,15.6999999999999));
#9051=CARTESIAN_POINT('Ctrl Pts',(70.1378510126572,3.95989184463746,17.6999999999999));
#9052=CARTESIAN_POINT('',(71.9785735735398,3.49911396587617,17.6999999999999));
#9053=CARTESIAN_POINT('Ctrl Pts',(71.9785735735398,3.49911396587617,17.6999999999999));
#9054=CARTESIAN_POINT('Ctrl Pts',(71.7119820593294,3.63329665886607,17.6999999999999));
#9055=CARTESIAN_POINT('Ctrl Pts',(71.1343733751448,3.92402267453762,17.6999999999999));
#9056=CARTESIAN_POINT('Ctrl Pts',(70.4866317324015,3.94733771094715,17.6999999999999));
#9057=CARTESIAN_POINT('Ctrl Pts',(70.1378510126572,3.95989184463746,17.6999999999999));
#9058=CARTESIAN_POINT('',(71.9785735735398,3.49911396587617,15.6999999999999));
#9059=CARTESIAN_POINT('Ctrl Pts',(73.0577013620835,2.1645302065683,15.6999999999999));
#9060=CARTESIAN_POINT('Ctrl Pts',(73.0577013620835,2.1645302065683,17.6999999999999));
#9061=CARTESIAN_POINT('Ctrl Pts',(72.9240610473094,2.43604445610934,15.6999999999999));
#9062=CARTESIAN_POINT('Ctrl Pts',(72.9240610473094,2.43604445610934,17.6999999999999));
#9063=CARTESIAN_POINT('Ctrl Pts',(72.6647544625762,2.96287225409757,15.6999999999999));
#9064=CARTESIAN_POINT('Ctrl Pts',(72.6647544625762,2.96287225409757,17.6999999999999));
#9065=CARTESIAN_POINT('Ctrl Pts',(72.20256285432,3.3240691675369,15.6999999999999));
#9066=CARTESIAN_POINT('Ctrl Pts',(72.20256285432,3.3240691675369,17.6999999999999));
#9067=CARTESIAN_POINT('Ctrl Pts',(71.9785735735398,3.49911396587617,15.6999999999999));
#9068=CARTESIAN_POINT('Ctrl Pts',(71.9785735735398,3.49911396587617,17.6999999999999));
#9069=CARTESIAN_POINT('',(73.0577013620835,2.1645302065683,17.6999999999999));
#9070=CARTESIAN_POINT('Ctrl Pts',(73.0577013620835,2.1645302065683,17.6999999999999));
#9071=CARTESIAN_POINT('Ctrl Pts',(72.9240610473094,2.43604445610934,17.6999999999999));
#9072=CARTESIAN_POINT('Ctrl Pts',(72.6647544625762,2.96287225409757,17.6999999999999));
#9073=CARTESIAN_POINT('Ctrl Pts',(72.20256285432,3.3240691675369,17.6999999999999));
#9074=CARTESIAN_POINT('Ctrl Pts',(71.9785735735398,3.49911396587617,17.6999999999999));
#9075=CARTESIAN_POINT('',(73.0577013620835,2.1645302065683,15.6999999999999));
#9076=CARTESIAN_POINT('Ctrl Pts',(73.4277556070786,0.287995386965338,15.6999999999999));
#9077=CARTESIAN_POINT('Ctrl Pts',(73.4277556070786,0.287995386965338,17.6999999999999));
#9078=CARTESIAN_POINT('Ctrl Pts',(73.4132315692609,0.614736154778361,15.6999999999999));
#9079=CARTESIAN_POINT('Ctrl Pts',(73.4132315692609,0.614736154778361,17.6999999999999));
#9080=CARTESIAN_POINT('Ctrl Pts',(73.384590276028,1.25906648905403,15.6999999999999));
#9081=CARTESIAN_POINT('Ctrl Pts',(73.384590276028,1.25906648905403,17.6999999999999));
#9082=CARTESIAN_POINT('Ctrl Pts',(73.1656277168469,1.86558033634284,15.6999999999999));
#9083=CARTESIAN_POINT('Ctrl Pts',(73.1656277168469,1.86558033634284,17.6999999999999));
#9084=CARTESIAN_POINT('Ctrl Pts',(73.0577013620835,2.1645302065683,15.6999999999999));
#9085=CARTESIAN_POINT('Ctrl Pts',(73.0577013620835,2.1645302065683,17.6999999999999));
#9086=CARTESIAN_POINT('',(73.4277556070786,0.287995386965338,17.6999999999999));
#9087=CARTESIAN_POINT('Ctrl Pts',(73.4277556070786,0.287995386965338,17.6999999999999));
#9088=CARTESIAN_POINT('Ctrl Pts',(73.4132315692609,0.614736154778361,17.6999999999999));
#9089=CARTESIAN_POINT('Ctrl Pts',(73.384590276028,1.25906648905403,17.6999999999999));
#9090=CARTESIAN_POINT('Ctrl Pts',(73.1656277168469,1.86558033634284,17.6999999999999));
#9091=CARTESIAN_POINT('Ctrl Pts',(73.0577013620835,2.1645302065683,17.6999999999999));
#9092=CARTESIAN_POINT('',(73.4277556070786,0.287995386965338,15.6999999999999));
#9093=CARTESIAN_POINT('Ctrl Pts',(73.009950889061,-1.61957616721862,15.6999999999999));
#9094=CARTESIAN_POINT('Ctrl Pts',(73.009950889061,-1.61957616721862,17.6999999999999));
#9095=CARTESIAN_POINT('Ctrl Pts',(73.1317392313921,-1.32882358290705,15.6999999999999));
#9096=CARTESIAN_POINT('Ctrl Pts',(73.1317392313921,-1.32882358290705,17.6999999999999));
#9097=CARTESIAN_POINT('Ctrl Pts',(73.3871439408905,-0.719080664080695,15.6999999999999));
#9098=CARTESIAN_POINT('Ctrl Pts',(73.3871439408905,-0.719080664080695,17.6999999999999));
#9099=CARTESIAN_POINT('Ctrl Pts',(73.4138067913816,-0.0579032068981911,
15.6999999999999));
#9100=CARTESIAN_POINT('Ctrl Pts',(73.4138067913816,-0.0579032068981911,
17.6999999999999));
#9101=CARTESIAN_POINT('Ctrl Pts',(73.4277556070786,0.287995386965338,15.6999999999999));
#9102=CARTESIAN_POINT('Ctrl Pts',(73.4277556070786,0.287995386965338,17.6999999999999));
#9103=CARTESIAN_POINT('',(73.009950889061,-1.61957616721862,17.6999999999999));
#9104=CARTESIAN_POINT('Ctrl Pts',(73.009950889061,-1.61957616721862,17.6999999999999));
#9105=CARTESIAN_POINT('Ctrl Pts',(73.1317392313921,-1.32882358290705,17.6999999999999));
#9106=CARTESIAN_POINT('Ctrl Pts',(73.3871439408905,-0.719080664080695,17.6999999999999));
#9107=CARTESIAN_POINT('Ctrl Pts',(73.4138067913816,-0.0579032068981911,
17.6999999999999));
#9108=CARTESIAN_POINT('Ctrl Pts',(73.4277556070786,0.287995386965338,17.6999999999999));
#9109=CARTESIAN_POINT('',(73.009950889061,-1.61957616721862,15.6999999999999));
#9110=CARTESIAN_POINT('Ctrl Pts',(71.8210027346116,-2.8562741986441,15.6999999999999));
#9111=CARTESIAN_POINT('Ctrl Pts',(71.8210027346116,-2.8562741986441,17.6999999999999));
#9112=CARTESIAN_POINT('Ctrl Pts',(72.0640505648659,-2.69768329520486,15.6999999999999));
#9113=CARTESIAN_POINT('Ctrl Pts',(72.0640505648659,-2.69768329520486,17.6999999999999));
#9114=CARTESIAN_POINT('Ctrl Pts',(72.5553751123739,-2.37708959235361,15.6999999999999));
#9115=CARTESIAN_POINT('Ctrl Pts',(72.5553751123739,-2.37708959235361,17.6999999999999));
#9116=CARTESIAN_POINT('Ctrl Pts',(72.8573543658313,-1.87386581682968,15.6999999999999));
#9117=CARTESIAN_POINT('Ctrl Pts',(72.8573543658313,-1.87386581682968,17.6999999999999));
#9118=CARTESIAN_POINT('Ctrl Pts',(73.009950889061,-1.61957616721862,15.6999999999999));
#9119=CARTESIAN_POINT('Ctrl Pts',(73.009950889061,-1.61957616721862,17.6999999999999));
#9120=CARTESIAN_POINT('',(71.8210027346116,-2.8562741986441,17.6999999999999));
#9121=CARTESIAN_POINT('Ctrl Pts',(71.8210027346116,-2.8562741986441,17.6999999999999));
#9122=CARTESIAN_POINT('Ctrl Pts',(72.0640505648659,-2.69768329520486,17.6999999999999));
#9123=CARTESIAN_POINT('Ctrl Pts',(72.5553751123739,-2.37708959235361,17.6999999999999));
#9124=CARTESIAN_POINT('Ctrl Pts',(72.8573543658313,-1.87386581682968,17.6999999999999));
#9125=CARTESIAN_POINT('Ctrl Pts',(73.009950889061,-1.61957616721862,17.6999999999999));
#9126=CARTESIAN_POINT('',(71.8210027346116,-2.8562741986441,15.6999999999999));
#9127=CARTESIAN_POINT('Ctrl Pts',(70.1235268244248,-3.27885265266174,15.6999999999999));
#9128=CARTESIAN_POINT('Ctrl Pts',(70.1235268244248,-3.27885265266174,17.6999999999999));
#9129=CARTESIAN_POINT('Ctrl Pts',(70.4240335955647,-3.26222592384569,15.6999999999999));
#9130=CARTESIAN_POINT('Ctrl Pts',(70.4240335955647,-3.26222592384569,17.6999999999999));
#9131=CARTESIAN_POINT('Ctrl Pts',(71.0169586849182,-3.22941999194765,15.6999999999999));
#9132=CARTESIAN_POINT('Ctrl Pts',(71.0169586849182,-3.22941999194765,17.6999999999999));
#9133=CARTESIAN_POINT('Ctrl Pts',(71.5554366200718,-2.97951978266687,15.6999999999999));
#9134=CARTESIAN_POINT('Ctrl Pts',(71.5554366200718,-2.97951978266687,17.6999999999999));
#9135=CARTESIAN_POINT('Ctrl Pts',(71.8210027346116,-2.8562741986441,15.6999999999999));
#9136=CARTESIAN_POINT('Ctrl Pts',(71.8210027346116,-2.8562741986441,17.6999999999999));
#9137=CARTESIAN_POINT('',(70.1235268244248,-3.27885265266174,17.6999999999999));
#9138=CARTESIAN_POINT('Ctrl Pts',(70.1235268244248,-3.27885265266174,17.6999999999999));
#9139=CARTESIAN_POINT('Ctrl Pts',(70.4240335955647,-3.26222592384569,17.6999999999999));
#9140=CARTESIAN_POINT('Ctrl Pts',(71.0169586849182,-3.22941999194765,17.6999999999999));
#9141=CARTESIAN_POINT('Ctrl Pts',(71.5554366200718,-2.97951978266687,17.6999999999999));
#9142=CARTESIAN_POINT('Ctrl Pts',(71.8210027346116,-2.8562741986441,17.6999999999999));
#9143=CARTESIAN_POINT('',(70.1235268244248,-3.27885265266174,15.6999999999999));
#9144=CARTESIAN_POINT('Ctrl Pts',(68.356814158867,-2.74406428252929,15.6999999999999));
#9145=CARTESIAN_POINT('Ctrl Pts',(68.356814158867,-2.74406428252929,17.6999999999999));
#9146=CARTESIAN_POINT('Ctrl Pts',(68.6165170598514,-2.89996340163487,15.6999999999999));
#9147=CARTESIAN_POINT('Ctrl Pts',(68.6165170598514,-2.89996340163487,17.6999999999999));
#9148=CARTESIAN_POINT('Ctrl Pts',(69.1595458301045,-3.2259424592832,15.6999999999999));
#9149=CARTESIAN_POINT('Ctrl Pts',(69.1595458301045,-3.2259424592832,17.6999999999999));
#9150=CARTESIAN_POINT('Ctrl Pts',(69.7930140637869,-3.26071174098146,15.6999999999999));
#9151=CARTESIAN_POINT('Ctrl Pts',(69.7930140637869,-3.26071174098146,17.6999999999999));
#9152=CARTESIAN_POINT('Ctrl Pts',(70.1235268244248,-3.27885265266174,15.6999999999999));
#9153=CARTESIAN_POINT('Ctrl Pts',(70.1235268244248,-3.27885265266174,17.6999999999999));
#9154=CARTESIAN_POINT('',(68.356814158867,-2.74406428252929,17.6999999999999));
#9155=CARTESIAN_POINT('Ctrl Pts',(68.356814158867,-2.74406428252929,17.6999999999999));
#9156=CARTESIAN_POINT('Ctrl Pts',(68.6165170598514,-2.89996340163487,17.6999999999999));
#9157=CARTESIAN_POINT('Ctrl Pts',(69.1595458301045,-3.2259424592832,17.6999999999999));
#9158=CARTESIAN_POINT('Ctrl Pts',(69.7930140637869,-3.26071174098146,17.6999999999999));
#9159=CARTESIAN_POINT('Ctrl Pts',(70.1235268244248,-3.27885265266174,17.6999999999999));
#9160=CARTESIAN_POINT('',(68.356814158867,-2.74406428252929,15.6999999999999));
#9161=CARTESIAN_POINT('Ctrl Pts',(67.35886074395,-1.23997146999114,15.6999999999999));
#9162=CARTESIAN_POINT('Ctrl Pts',(67.35886074395,-1.23997146999114,17.6999999999999));
#9163=CARTESIAN_POINT('Ctrl Pts',(67.4667267977052,-1.54180246580716,15.6999999999999));
#9164=CARTESIAN_POINT('Ctrl Pts',(67.4667267977052,-1.54180246580716,17.6999999999999));
#9165=CARTESIAN_POINT('Ctrl Pts',(67.67560050779,-2.12627327677947,15.6999999999999));
#9166=CARTESIAN_POINT('Ctrl Pts',(67.67560050779,-2.12627327677947,17.6999999999999));
#9167=CARTESIAN_POINT('Ctrl Pts',(68.1347685575093,-2.54269166592333,15.6999999999999));
#9168=CARTESIAN_POINT('Ctrl Pts',(68.1347685575093,-2.54269166592333,17.6999999999999));
#9169=CARTESIAN_POINT('Ctrl Pts',(68.356814158867,-2.74406428252929,15.6999999999999));
#9170=CARTESIAN_POINT('Ctrl Pts',(68.356814158867,-2.74406428252929,17.6999999999999));
#9171=CARTESIAN_POINT('',(67.35886074395,-1.23997146999114,17.6999999999999));
#9172=CARTESIAN_POINT('Ctrl Pts',(67.35886074395,-1.23997146999114,17.6999999999999));
#9173=CARTESIAN_POINT('Ctrl Pts',(67.4667267977052,-1.54180246580716,17.6999999999999));
#9174=CARTESIAN_POINT('Ctrl Pts',(67.67560050779,-2.12627327677947,17.6999999999999));
#9175=CARTESIAN_POINT('Ctrl Pts',(68.1347685575093,-2.54269166592333,17.6999999999999));
#9176=CARTESIAN_POINT('Ctrl Pts',(68.356814158867,-2.74406428252929,17.6999999999999));
#9177=CARTESIAN_POINT('',(67.35886074395,-1.23997146999114,15.6999999999999));
#9178=CARTESIAN_POINT('Origin',(68.2708642611008,-1.02510149394744,15.6999999999999));
#9179=CARTESIAN_POINT('',(68.2708642611008,-1.02510149394744,17.6999999999999));
#9180=CARTESIAN_POINT('',(67.35886074395,-1.23997146999114,17.6999999999999));
#9181=CARTESIAN_POINT('',(68.2708642611008,-1.02510149394744,15.6999999999999));
#9182=CARTESIAN_POINT('Ctrl Pts',(68.9775512346726,-2.13765258704894,15.6999999999999));
#9183=CARTESIAN_POINT('Ctrl Pts',(68.9775512346726,-2.13765258704894,17.6999999999999));
#9184=CARTESIAN_POINT('Ctrl Pts',(68.8294952335755,-1.99467756714531,15.6999999999999));
#9185=CARTESIAN_POINT('Ctrl Pts',(68.8294952335755,-1.99467756714531,17.6999999999999));
#9186=CARTESIAN_POINT('Ctrl Pts',(68.5054277584024,-1.68173142940245,15.6999999999999));
#9187=CARTESIAN_POINT('Ctrl Pts',(68.5054277584024,-1.68173142940245,17.6999999999999));
#9188=CARTESIAN_POINT('Ctrl Pts',(68.3534229590554,-1.25621380738395,15.6999999999999));
#9189=CARTESIAN_POINT('Ctrl Pts',(68.3534229590554,-1.25621380738395,17.6999999999999));
#9190=CARTESIAN_POINT('Ctrl Pts',(68.2708642611008,-1.02510149394744,15.6999999999999));
#9191=CARTESIAN_POINT('Ctrl Pts',(68.2708642611008,-1.02510149394744,17.6999999999999));
#9192=CARTESIAN_POINT('',(68.9775512346726,-2.13765258704894,17.6999999999999));
#9193=CARTESIAN_POINT('Ctrl Pts',(68.9775512346726,-2.13765258704894,17.6999999999999));
#9194=CARTESIAN_POINT('Ctrl Pts',(68.8294952335755,-1.99467756714531,17.6999999999999));
#9195=CARTESIAN_POINT('Ctrl Pts',(68.5054277584024,-1.68173142940245,17.6999999999999));
#9196=CARTESIAN_POINT('Ctrl Pts',(68.3534229590554,-1.25621380738395,17.6999999999999));
#9197=CARTESIAN_POINT('Ctrl Pts',(68.2708642611008,-1.02510149394744,17.6999999999999));
#9198=CARTESIAN_POINT('',(68.9775512346726,-2.13765258704894,15.6999999999999));
#9199=CARTESIAN_POINT('Ctrl Pts',(70.1426265367966,-2.48621995364898,15.6999999999999));
#9200=CARTESIAN_POINT('Ctrl Pts',(70.1426265367966,-2.48621995364898,17.6999999999999));
#9201=CARTESIAN_POINT('Ctrl Pts',(69.923072003239,-2.47493506401509,15.6999999999999));
#9202=CARTESIAN_POINT('Ctrl Pts',(69.923072003239,-2.47493506401509,17.6999999999999));
#9203=CARTESIAN_POINT('Ctrl Pts',(69.5054887141656,-2.45347168881717,15.6999999999999));
#9204=CARTESIAN_POINT('Ctrl Pts',(69.5054887141656,-2.45347168881717,17.6999999999999));
#9205=CARTESIAN_POINT('Ctrl Pts',(69.1473770250759,-2.23924459493923,15.6999999999999));
#9206=CARTESIAN_POINT('Ctrl Pts',(69.1473770250759,-2.23924459493923,17.6999999999999));
#9207=CARTESIAN_POINT('Ctrl Pts',(68.9775512346726,-2.13765258704894,15.6999999999999));
#9208=CARTESIAN_POINT('Ctrl Pts',(68.9775512346726,-2.13765258704894,17.6999999999999));
#9209=CARTESIAN_POINT('',(70.1426265367966,-2.48621995364898,17.6999999999999));
#9210=CARTESIAN_POINT('Ctrl Pts',(70.1426265367966,-2.48621995364898,17.6999999999999));
#9211=CARTESIAN_POINT('Ctrl Pts',(69.923072003239,-2.47493506401509,17.6999999999999));
#9212=CARTESIAN_POINT('Ctrl Pts',(69.5054887141656,-2.45347168881717,17.6999999999999));
#9213=CARTESIAN_POINT('Ctrl Pts',(69.1473770250759,-2.23924459493923,17.6999999999999));
#9214=CARTESIAN_POINT('Ctrl Pts',(68.9775512346726,-2.13765258704894,17.6999999999999));
#9215=CARTESIAN_POINT('',(70.1426265367966,-2.48621995364898,15.6999999999999));
#9216=CARTESIAN_POINT('Ctrl Pts',(71.4915344843369,-2.09945316230529,15.6999999999999));
#9217=CARTESIAN_POINT('Ctrl Pts',(71.4915344843369,-2.09945316230529,17.6999999999999));
#9218=CARTESIAN_POINT('Ctrl Pts',(71.2935396991923,-2.212178816443,15.6999999999999));
#9219=CARTESIAN_POINT('Ctrl Pts',(71.2935396991923,-2.212178816443,17.6999999999999));
#9220=CARTESIAN_POINT('Ctrl Pts',(70.8760554003775,-2.44986785780714,15.6999999999999));
#9221=CARTESIAN_POINT('Ctrl Pts',(70.8760554003775,-2.44986785780714,17.6999999999999));
#9222=CARTESIAN_POINT('Ctrl Pts',(70.3953526951155,-2.47369368697863,15.6999999999999));
#9223=CARTESIAN_POINT('Ctrl Pts',(70.3953526951155,-2.47369368697863,17.6999999999999));
#9224=CARTESIAN_POINT('Ctrl Pts',(70.1426265367966,-2.48621995364898,15.6999999999999));
#9225=CARTESIAN_POINT('Ctrl Pts',(70.1426265367966,-2.48621995364898,17.6999999999999));
#9226=CARTESIAN_POINT('',(71.4915344843369,-2.09945316230529,17.6999999999999));
#9227=CARTESIAN_POINT('Ctrl Pts',(71.4915344843369,-2.09945316230529,17.6999999999999));
#9228=CARTESIAN_POINT('Ctrl Pts',(71.2935396991923,-2.212178816443,17.6999999999999));
#9229=CARTESIAN_POINT('Ctrl Pts',(70.8760554003775,-2.44986785780714,17.6999999999999));
#9230=CARTESIAN_POINT('Ctrl Pts',(70.3953526951155,-2.47369368697863,17.6999999999999));
#9231=CARTESIAN_POINT('Ctrl Pts',(70.1426265367966,-2.48621995364898,17.6999999999999));
#9232=CARTESIAN_POINT('',(71.4915344843369,-2.09945316230529,15.6999999999999));
#9233=CARTESIAN_POINT('Ctrl Pts',(72.2531316408616,-1.06091345464462,15.6999999999999));
#9234=CARTESIAN_POINT('Ctrl Pts',(72.2531316408616,-1.06091345464462,17.6999999999999));
#9235=CARTESIAN_POINT('Ctrl Pts',(72.1672886338564,-1.26655419006966,15.6999999999999));
#9236=CARTESIAN_POINT('Ctrl Pts',(72.1672886338564,-1.26655419006966,17.6999999999999));
#9237=CARTESIAN_POINT('Ctrl Pts',(71.9970901343333,-1.67427225390757,15.6999999999999));
#9238=CARTESIAN_POINT('Ctrl Pts',(71.9970901343333,-1.67427225390757,17.6999999999999));
#9239=CARTESIAN_POINT('Ctrl Pts',(71.659068277497,-1.95855439010559,15.6999999999999));
#9240=CARTESIAN_POINT('Ctrl Pts',(71.659068277497,-1.95855439010559,17.6999999999999));
#9241=CARTESIAN_POINT('Ctrl Pts',(71.4915344843369,-2.09945316230529,15.6999999999999));
#9242=CARTESIAN_POINT('Ctrl Pts',(71.4915344843369,-2.09945316230529,17.6999999999999));
#9243=CARTESIAN_POINT('',(72.2531316408616,-1.06091345464462,17.6999999999999));
#9244=CARTESIAN_POINT('Ctrl Pts',(72.2531316408616,-1.06091345464462,17.6999999999999));
#9245=CARTESIAN_POINT('Ctrl Pts',(72.1672886338564,-1.26655419006966,17.6999999999999));
#9246=CARTESIAN_POINT('Ctrl Pts',(71.9970901343333,-1.67427225390757,17.6999999999999));
#9247=CARTESIAN_POINT('Ctrl Pts',(71.659068277497,-1.95855439010559,17.6999999999999));
#9248=CARTESIAN_POINT('Ctrl Pts',(71.4915344843369,-2.09945316230529,17.6999999999999));
#9249=CARTESIAN_POINT('',(72.2531316408616,-1.06091345464462,15.6999999999999));
#9250=CARTESIAN_POINT('Ctrl Pts',(72.4727771410447,0.283220458872382,15.6999999999999));
#9251=CARTESIAN_POINT('Ctrl Pts',(72.4727771410447,0.283220458872382,17.6999999999999));
#9252=CARTESIAN_POINT('Ctrl Pts',(72.4636866613511,0.0543089974180133,15.6999999999999));
#9253=CARTESIAN_POINT('Ctrl Pts',(72.4636866613511,0.0543089974180133,17.6999999999999));
#9254=CARTESIAN_POINT('Ctrl Pts',(72.4455363705057,-0.402741647132189,15.6999999999999));
#9255=CARTESIAN_POINT('Ctrl Pts',(72.4455363705057,-0.402741647132189,17.6999999999999));
#9256=CARTESIAN_POINT('Ctrl Pts',(72.3171942642014,-0.841770127577942,15.6999999999999));
#9257=CARTESIAN_POINT('Ctrl Pts',(72.3171942642014,-0.841770127577942,17.6999999999999));
#9258=CARTESIAN_POINT('Ctrl Pts',(72.2531316408616,-1.06091345464462,15.6999999999999));
#9259=CARTESIAN_POINT('Ctrl Pts',(72.2531316408616,-1.06091345464462,17.6999999999999));
#9260=CARTESIAN_POINT('',(72.4727771410447,0.283220458872382,17.6999999999999));
#9261=CARTESIAN_POINT('Ctrl Pts',(72.4727771410447,0.283220458872382,17.6999999999999));
#9262=CARTESIAN_POINT('Ctrl Pts',(72.4636866613511,0.0543089974180133,17.6999999999999));
#9263=CARTESIAN_POINT('Ctrl Pts',(72.4455363705057,-0.402741647132189,17.6999999999999));
#9264=CARTESIAN_POINT('Ctrl Pts',(72.3171942642014,-0.841770127577942,17.6999999999999));
#9265=CARTESIAN_POINT('Ctrl Pts',(72.2531316408616,-1.06091345464462,17.6999999999999));
#9266=CARTESIAN_POINT('',(72.4727771410447,0.283220458872382,15.6999999999999));
#9267=CARTESIAN_POINT('Ctrl Pts',(72.2125432619553,1.84222464645631,15.6999999999999));
#9268=CARTESIAN_POINT('Ctrl Pts',(72.2125432619553,1.84222464645631,17.6999999999999));
#9269=CARTESIAN_POINT('Ctrl Pts',(72.2883793547795,1.60314900314831,15.6999999999999));
#9270=CARTESIAN_POINT('Ctrl Pts',(72.2883793547795,1.60314900314831,17.6999999999999));
#9271=CARTESIAN_POINT('Ctrl Pts',(72.4491722065466,1.09624453267815,15.6999999999999));
#9272=CARTESIAN_POINT('Ctrl Pts',(72.4491722065466,1.09624453267815,17.6999999999999));
#9273=CARTESIAN_POINT('Ctrl Pts',(72.4646168077517,0.564286581636788,15.6999999999999));
#9274=CARTESIAN_POINT('Ctrl Pts',(72.4646168077517,0.564286581636788,17.6999999999999));
#9275=CARTESIAN_POINT('Ctrl Pts',(72.4727771410447,0.283220458872382,15.6999999999999));
#9276=CARTESIAN_POINT('Ctrl Pts',(72.4727771410447,0.283220458872382,17.6999999999999));
#9277=CARTESIAN_POINT('',(72.2125432619553,1.84222464645631,17.6999999999999));
#9278=CARTESIAN_POINT('Ctrl Pts',(72.2125432619553,1.84222464645631,17.6999999999999));
#9279=CARTESIAN_POINT('Ctrl Pts',(72.2883793547795,1.60314900314831,17.6999999999999));
#9280=CARTESIAN_POINT('Ctrl Pts',(72.4491722065466,1.09624453267815,17.6999999999999));
#9281=CARTESIAN_POINT('Ctrl Pts',(72.4646168077517,0.564286581636788,17.6999999999999));
#9282=CARTESIAN_POINT('Ctrl Pts',(72.4727771410447,0.283220458872382,17.6999999999999));
#9283=CARTESIAN_POINT('',(72.2125432619553,1.84222464645631,15.6999999999999));
#9284=CARTESIAN_POINT('Ctrl Pts',(71.403198016594,2.83779089535004,15.6999999999999));
#9285=CARTESIAN_POINT('Ctrl Pts',(71.403198016594,2.83779089535004,17.6999999999999));
#9286=CARTESIAN_POINT('Ctrl Pts',(71.5753996682942,2.71078960124753,15.6999999999999));
#9287=CARTESIAN_POINT('Ctrl Pts',(71.5753996682942,2.71078960124753,17.6999999999999));
#9288=CARTESIAN_POINT('Ctrl Pts',(71.9304225204297,2.44895493699199,15.6999999999999));
#9289=CARTESIAN_POINT('Ctrl Pts',(71.9304225204297,2.44895493699199,17.6999999999999));
#9290=CARTESIAN_POINT('Ctrl Pts',(72.1166462219362,2.0484613046958,15.6999999999999));
#9291=CARTESIAN_POINT('Ctrl Pts',(72.1166462219362,2.0484613046958,17.6999999999999));
#9292=CARTESIAN_POINT('Ctrl Pts',(72.2125432619553,1.84222464645631,15.6999999999999));
#9293=CARTESIAN_POINT('Ctrl Pts',(72.2125432619553,1.84222464645631,17.6999999999999));
#9294=CARTESIAN_POINT('',(71.403198016594,2.83779089535004,17.6999999999999));
#9295=CARTESIAN_POINT('Ctrl Pts',(71.403198016594,2.83779089535004,17.6999999999999));
#9296=CARTESIAN_POINT('Ctrl Pts',(71.5753996682942,2.71078960124753,17.6999999999999));
#9297=CARTESIAN_POINT('Ctrl Pts',(71.9304225204297,2.44895493699199,17.6999999999999));
#9298=CARTESIAN_POINT('Ctrl Pts',(72.1166462219362,2.0484613046958,17.6999999999999));
#9299=CARTESIAN_POINT('Ctrl Pts',(72.2125432619553,1.84222464645631,17.6999999999999));
#9300=CARTESIAN_POINT('',(71.403198016594,2.83779089535004,15.6999999999999));
#9301=CARTESIAN_POINT('Ctrl Pts',(70.2142498621445,3.16725854957825,15.6999999999999));
#9302=CARTESIAN_POINT('Ctrl Pts',(70.2142498621445,3.16725854957825,17.6999999999999));
#9303=CARTESIAN_POINT('Ctrl Pts',(70.4237688787266,3.15351894350176,15.6999999999999));
#9304=CARTESIAN_POINT('Ctrl Pts',(70.4237688787266,3.15351894350176,17.6999999999999));
#9305=CARTESIAN_POINT('Ctrl Pts',(70.8428986174036,3.12603371758619,15.6999999999999));
#9306=CARTESIAN_POINT('Ctrl Pts',(70.8428986174036,3.12603371758619,17.6999999999999));
#9307=CARTESIAN_POINT('Ctrl Pts',(71.216404309204,2.93388585006862,15.6999999999999));
#9308=CARTESIAN_POINT('Ctrl Pts',(71.216404309204,2.93388585006862,17.6999999999999));
#9309=CARTESIAN_POINT('Ctrl Pts',(71.403198016594,2.83779089535004,15.6999999999999));
#9310=CARTESIAN_POINT('Ctrl Pts',(71.403198016594,2.83779089535004,17.6999999999999));
#9311=CARTESIAN_POINT('',(70.2142498621445,3.16725854957825,17.6999999999999));
#9312=CARTESIAN_POINT('Ctrl Pts',(70.2142498621445,3.16725854957825,17.6999999999999));
#9313=CARTESIAN_POINT('Ctrl Pts',(70.4237688787266,3.15351894350176,17.6999999999999));
#9314=CARTESIAN_POINT('Ctrl Pts',(70.8428986174036,3.12603371758619,17.6999999999999));
#9315=CARTESIAN_POINT('Ctrl Pts',(71.216404309204,2.93388585006862,17.6999999999999));
#9316=CARTESIAN_POINT('Ctrl Pts',(71.403198016594,2.83779089535004,17.6999999999999));
#9317=CARTESIAN_POINT('',(70.2142498621445,3.16725854957825,15.6999999999999));
#9318=CARTESIAN_POINT('Ctrl Pts',(68.8963792452317,2.71841828907258,15.6999999999999));
#9319=CARTESIAN_POINT('Ctrl Pts',(68.8963792452317,2.71841828907258,17.6999999999999));
#9320=CARTESIAN_POINT('Ctrl Pts',(69.0896627198997,2.8493010191688,15.6999999999999));
#9321=CARTESIAN_POINT('Ctrl Pts',(69.0896627198997,2.8493010191688,17.6999999999999));
#9322=CARTESIAN_POINT('Ctrl Pts',(69.4874788780828,3.11868392916065,15.6999999999999));
#9323=CARTESIAN_POINT('Ctrl Pts',(69.4874788780828,3.11868392916065,17.6999999999999));
#9324=CARTESIAN_POINT('Ctrl Pts',(69.9674685796372,3.15076462317386,15.6999999999999));
#9325=CARTESIAN_POINT('Ctrl Pts',(69.9674685796372,3.15076462317386,17.6999999999999));
#9326=CARTESIAN_POINT('Ctrl Pts',(70.2142498621445,3.16725854957825,15.6999999999999));
#9327=CARTESIAN_POINT('Ctrl Pts',(70.2142498621445,3.16725854957825,17.6999999999999));
#9328=CARTESIAN_POINT('',(68.8963792452317,2.71841828907258,17.6999999999999));
#9329=CARTESIAN_POINT('Ctrl Pts',(68.8963792452317,2.71841828907258,17.6999999999999));
#9330=CARTESIAN_POINT('Ctrl Pts',(69.0896627198997,2.8493010191688,17.6999999999999));
#9331=CARTESIAN_POINT('Ctrl Pts',(69.4874788780828,3.11868392916065,17.6999999999999));
#9332=CARTESIAN_POINT('Ctrl Pts',(69.9674685796372,3.15076462317386,17.6999999999999));
#9333=CARTESIAN_POINT('Ctrl Pts',(70.2142498621445,3.16725854957825,17.6999999999999));
#9334=CARTESIAN_POINT('',(68.8963792452317,2.71841828907258,15.6999999999999));
#9335=CARTESIAN_POINT('Ctrl Pts',(68.1658170351487,1.38622169578797,15.6999999999999));
#9336=CARTESIAN_POINT('Ctrl Pts',(68.1658170351487,1.38622169578797,17.6999999999999));
#9337=CARTESIAN_POINT('Ctrl Pts',(68.2371143052675,1.65653394348774,15.6999999999999));
#9338=CARTESIAN_POINT('Ctrl Pts',(68.2371143052675,1.65653394348774,17.6999999999999));
#9339=CARTESIAN_POINT('Ctrl Pts',(68.3705978563211,2.16261557404846,15.6999999999999));
#9340=CARTESIAN_POINT('Ctrl Pts',(68.3705978563211,2.16261557404846,17.6999999999999));
#9341=CARTESIAN_POINT('Ctrl Pts',(68.7292794484525,2.54177734534822,15.6999999999999));
#9342=CARTESIAN_POINT('Ctrl Pts',(68.7292794484525,2.54177734534822,17.6999999999999));
#9343=CARTESIAN_POINT('Ctrl Pts',(68.8963792452317,2.71841828907258,15.6999999999999));
#9344=CARTESIAN_POINT('Ctrl Pts',(68.8963792452317,2.71841828907258,17.6999999999999));
#9345=CARTESIAN_POINT('Ctrl Pts',(68.1658170351487,1.38622169578797,17.6999999999999));
#9346=CARTESIAN_POINT('Ctrl Pts',(68.2371143052675,1.65653394348774,17.6999999999999));
#9347=CARTESIAN_POINT('Ctrl Pts',(68.3705978563211,2.16261557404846,17.6999999999999));
#9348=CARTESIAN_POINT('Ctrl Pts',(68.7292794484525,2.54177734534822,17.6999999999999));
#9349=CARTESIAN_POINT('Ctrl Pts',(68.8963792452317,2.71841828907258,17.6999999999999));
#9350=CARTESIAN_POINT('Origin',(69.6603597679835,1.30982374037034,17.6999999999999));
#9351=CARTESIAN_POINT('Origin',(60.7695005068284,-1.23042161380523,15.6999999999999));
#9352=CARTESIAN_POINT('',(60.7695005068284,3.84051923835999,17.6999999999999));
#9353=CARTESIAN_POINT('',(60.7695005068284,3.84051923835999,15.6999999999999));
#9354=CARTESIAN_POINT('',(60.7695005068284,-1.23042161380523,17.6999999999999));
#9355=CARTESIAN_POINT('',(60.7695005068284,3.84051923835999,17.6999999999999));
#9356=CARTESIAN_POINT('',(60.7695005068284,-1.23042161380523,15.6999999999999));
#9357=CARTESIAN_POINT('Origin',(60.0007436403733,-1.23042161380523,15.6999999999999));
#9358=CARTESIAN_POINT('',(60.0007436403733,-1.23042161380523,17.6999999999999));
#9359=CARTESIAN_POINT('',(60.7695005068284,-1.23042161380523,17.6999999999999));
#9360=CARTESIAN_POINT('',(60.0007436403733,-1.23042161380523,15.6999999999999));
#9361=CARTESIAN_POINT('Origin',(60.0007436403733,-0.518961798303064,15.6999999999999));
#9362=CARTESIAN_POINT('',(60.0007436403733,-0.518961798303064,17.6999999999999));
#9363=CARTESIAN_POINT('',(60.0007436403733,-1.23042161380523,17.6999999999999));
#9364=CARTESIAN_POINT('',(60.0007436403733,-0.518961798303064,15.6999999999999));
#9365=CARTESIAN_POINT('Ctrl Pts',(59.3656823763352,-1.1182113996672,15.6999999999999));
#9366=CARTESIAN_POINT('Ctrl Pts',(59.3656823763352,-1.1182113996672,17.6999999999999));
#9367=CARTESIAN_POINT('Ctrl Pts',(59.4908863955423,-1.03706155706781,15.6999999999999));
#9368=CARTESIAN_POINT('Ctrl Pts',(59.4908863955423,-1.03706155706781,17.6999999999999));
#9369=CARTESIAN_POINT('Ctrl Pts',(59.7392416410369,-0.876092370868672,15.6999999999999));
#9370=CARTESIAN_POINT('Ctrl Pts',(59.7392416410369,-0.876092370868672,17.6999999999999));
#9371=CARTESIAN_POINT('Ctrl Pts',(59.9140579583166,-0.637347536632864,15.6999999999999));
#9372=CARTESIAN_POINT('Ctrl Pts',(59.9140579583166,-0.637347536632864,17.6999999999999));
#9373=CARTESIAN_POINT('Ctrl Pts',(60.0007436403733,-0.518961798303064,15.6999999999999));
#9374=CARTESIAN_POINT('Ctrl Pts',(60.0007436403733,-0.518961798303064,17.6999999999999));
#9375=CARTESIAN_POINT('',(59.3656823763352,-1.1182113996672,17.6999999999999));
#9376=CARTESIAN_POINT('Ctrl Pts',(59.3656823763352,-1.1182113996672,17.6999999999999));
#9377=CARTESIAN_POINT('Ctrl Pts',(59.4908863955423,-1.03706155706781,17.6999999999999));
#9378=CARTESIAN_POINT('Ctrl Pts',(59.7392416410369,-0.876092370868672,17.6999999999999));
#9379=CARTESIAN_POINT('Ctrl Pts',(59.9140579583166,-0.637347536632864,17.6999999999999));
#9380=CARTESIAN_POINT('Ctrl Pts',(60.0007436403733,-0.518961798303064,17.6999999999999));
#9381=CARTESIAN_POINT('',(59.3656823763352,-1.1182113996672,15.6999999999999));
#9382=CARTESIAN_POINT('Ctrl Pts',(58.4632251390916,-1.34501929198974,15.6999999999999));
#9383=CARTESIAN_POINT('Ctrl Pts',(58.4632251390916,-1.34501929198974,17.6999999999999));
#9384=CARTESIAN_POINT('Ctrl Pts',(58.625468884918,-1.33663403864706,15.6999999999999));
#9385=CARTESIAN_POINT('Ctrl Pts',(58.625468884918,-1.33663403864706,17.6999999999999));
#9386=CARTESIAN_POINT('Ctrl Pts',(58.9414111439406,-1.32030517573732,15.6999999999999));
#9387=CARTESIAN_POINT('Ctrl Pts',(58.9414111439406,-1.32030517573732,17.6999999999999));
#9388=CARTESIAN_POINT('Ctrl Pts',(59.2268318729965,-1.18435027590113,15.6999999999999));
#9389=CARTESIAN_POINT('Ctrl Pts',(59.2268318729965,-1.18435027590113,17.6999999999999));
#9390=CARTESIAN_POINT('Ctrl Pts',(59.3656823763352,-1.1182113996672,15.6999999999999));
#9391=CARTESIAN_POINT('Ctrl Pts',(59.3656823763352,-1.1182113996672,17.6999999999999));
#9392=CARTESIAN_POINT('',(58.4632251390916,-1.34501929198974,17.6999999999999));
#9393=CARTESIAN_POINT('Ctrl Pts',(58.4632251390916,-1.34501929198974,17.6999999999999));
#9394=CARTESIAN_POINT('Ctrl Pts',(58.625468884918,-1.33663403864706,17.6999999999999));
#9395=CARTESIAN_POINT('Ctrl Pts',(58.9414111439406,-1.32030517573732,17.6999999999999));
#9396=CARTESIAN_POINT('Ctrl Pts',(59.2268318729965,-1.18435027590113,17.6999999999999));
#9397=CARTESIAN_POINT('Ctrl Pts',(59.3656823763352,-1.1182113996672,17.6999999999999));
#9398=CARTESIAN_POINT('',(58.4632251390916,-1.34501929198974,15.6999999999999));
#9399=CARTESIAN_POINT('Ctrl Pts',(57.5392816194993,-1.11104930555099,15.6999999999999));
#9400=CARTESIAN_POINT('Ctrl Pts',(57.5392816194993,-1.11104930555099,17.6999999999999));
#9401=CARTESIAN_POINT('Ctrl Pts',(57.6738085654059,-1.17919728015914,15.6999999999999));
#9402=CARTESIAN_POINT('Ctrl Pts',(57.6738085654059,-1.17919728015914,17.6999999999999));
#9403=CARTESIAN_POINT('Ctrl Pts',(57.9635985463154,-1.32599761170336,15.6999999999999));
#9404=CARTESIAN_POINT('Ctrl Pts',(57.9635985463154,-1.32599761170336,17.6999999999999));
#9405=CARTESIAN_POINT('Ctrl Pts',(58.288923340454,-1.33838330996844,15.6999999999999));
#9406=CARTESIAN_POINT('Ctrl Pts',(58.288923340454,-1.33838330996844,17.6999999999999));
#9407=CARTESIAN_POINT('Ctrl Pts',(58.4632251390916,-1.34501929198974,15.6999999999999));
#9408=CARTESIAN_POINT('Ctrl Pts',(58.4632251390916,-1.34501929198974,17.6999999999999));
#9409=CARTESIAN_POINT('',(57.5392816194993,-1.11104930555099,17.6999999999999));
#9410=CARTESIAN_POINT('Ctrl Pts',(57.5392816194993,-1.11104930555099,17.6999999999999));
#9411=CARTESIAN_POINT('Ctrl Pts',(57.6738085654059,-1.17919728015914,17.6999999999999));
#9412=CARTESIAN_POINT('Ctrl Pts',(57.9635985463154,-1.32599761170336,17.6999999999999));
#9413=CARTESIAN_POINT('Ctrl Pts',(58.288923340454,-1.33838330996844,17.6999999999999));
#9414=CARTESIAN_POINT('Ctrl Pts',(58.4632251390916,-1.34501929198974,17.6999999999999));
#9415=CARTESIAN_POINT('',(57.5392816194993,-1.11104930555099,15.6999999999999));
#9416=CARTESIAN_POINT('Ctrl Pts',(57.030753863762,-0.456888329141076,15.6999999999999));
#9417=CARTESIAN_POINT('Ctrl Pts',(57.030753863762,-0.456888329141076,17.6999999999999));
#9418=CARTESIAN_POINT('Ctrl Pts',(57.0883533701484,-0.588803770436962,15.6999999999999));
#9419=CARTESIAN_POINT('Ctrl Pts',(57.0883533701484,-0.588803770436962,17.6999999999999));
#9420=CARTESIAN_POINT('Ctrl Pts',(57.2024406999798,-0.850088656457076,15.6999999999999));
#9421=CARTESIAN_POINT('Ctrl Pts',(57.2024406999798,-0.850088656457076,17.6999999999999));
#9422=CARTESIAN_POINT('Ctrl Pts',(57.4277330731524,-1.02462933881511,15.6999999999999));
#9423=CARTESIAN_POINT('Ctrl Pts',(57.4277330731524,-1.02462933881511,17.6999999999999));
#9424=CARTESIAN_POINT('Ctrl Pts',(57.5392816194993,-1.11104930555099,15.6999999999999));
#9425=CARTESIAN_POINT('Ctrl Pts',(57.5392816194993,-1.11104930555099,17.6999999999999));
#9426=CARTESIAN_POINT('',(57.030753863762,-0.456888329141076,17.6999999999999));
#9427=CARTESIAN_POINT('Ctrl Pts',(57.030753863762,-0.456888329141076,17.6999999999999));
#9428=CARTESIAN_POINT('Ctrl Pts',(57.0883533701484,-0.588803770436962,17.6999999999999));
#9429=CARTESIAN_POINT('Ctrl Pts',(57.2024406999798,-0.850088656457076,17.6999999999999));
#9430=CARTESIAN_POINT('Ctrl Pts',(57.4277330731524,-1.02462933881511,17.6999999999999));
#9431=CARTESIAN_POINT('Ctrl Pts',(57.5392816194993,-1.11104930555099,17.6999999999999));
#9432=CARTESIAN_POINT('',(57.030753863762,-0.456888329141076,15.6999999999999));
#9433=CARTESIAN_POINT('Ctrl Pts',(55.464591754387,-1.34501929198974,15.6999999999999));
#9434=CARTESIAN_POINT('Ctrl Pts',(55.464591754387,-1.34501929198974,17.6999999999999));
#9435=CARTESIAN_POINT('Ctrl Pts',(55.7739408781646,-1.30352733595557,15.6999999999999));
#9436=CARTESIAN_POINT('Ctrl Pts',(55.7739408781646,-1.30352733595557,17.6999999999999));
#9437=CARTESIAN_POINT('Ctrl Pts',(56.4129454618114,-1.2178198034223,15.6999999999999));
#9438=CARTESIAN_POINT('Ctrl Pts',(56.4129454618114,-1.2178198034223,17.6999999999999));
#9439=CARTESIAN_POINT('Ctrl Pts',(56.8205006235057,-0.715849372039694,15.6999999999999));
#9440=CARTESIAN_POINT('Ctrl Pts',(56.8205006235057,-0.715849372039694,17.6999999999999));
#9441=CARTESIAN_POINT('Ctrl Pts',(57.030753863762,-0.456888329141076,15.6999999999999));
#9442=CARTESIAN_POINT('Ctrl Pts',(57.030753863762,-0.456888329141076,17.6999999999999));
#9443=CARTESIAN_POINT('',(55.464591754387,-1.34501929198974,17.6999999999999));
#9444=CARTESIAN_POINT('Ctrl Pts',(55.464591754387,-1.34501929198974,17.6999999999999));
#9445=CARTESIAN_POINT('Ctrl Pts',(55.7739408781646,-1.30352733595557,17.6999999999999));
#9446=CARTESIAN_POINT('Ctrl Pts',(56.4129454618114,-1.2178198034223,17.6999999999999));
#9447=CARTESIAN_POINT('Ctrl Pts',(56.8205006235057,-0.715849372039694,17.6999999999999));
#9448=CARTESIAN_POINT('Ctrl Pts',(57.030753863762,-0.456888329141076,17.6999999999999));
#9449=CARTESIAN_POINT('',(55.464591754387,-1.34501929198974,15.6999999999999));
#9450=CARTESIAN_POINT('Ctrl Pts',(54.3042895922166,-0.927215766065057,15.6999999999999));
#9451=CARTESIAN_POINT('Ctrl Pts',(54.3042895922166,-0.927215766065057,17.6999999999999));
#9452=CARTESIAN_POINT('Ctrl Pts',(54.462122440499,-1.04890457011144,15.6999999999999));
#9453=CARTESIAN_POINT('Ctrl Pts',(54.462122440499,-1.04890457011144,17.6999999999999));
#9454=CARTESIAN_POINT('Ctrl Pts',(54.8024450447285,-1.31129260371338,15.6999999999999));
#9455=CARTESIAN_POINT('Ctrl Pts',(54.8024450447285,-1.31129260371338,17.6999999999999));
#9456=CARTESIAN_POINT('Ctrl Pts',(55.2334667836501,-1.33324685587064,15.6999999999999));
#9457=CARTESIAN_POINT('Ctrl Pts',(55.2334667836501,-1.33324685587064,17.6999999999999));
#9458=CARTESIAN_POINT('Ctrl Pts',(55.464591754387,-1.34501929198974,15.6999999999999));
#9459=CARTESIAN_POINT('Ctrl Pts',(55.464591754387,-1.34501929198974,17.6999999999999));
#9460=CARTESIAN_POINT('',(54.3042895922166,-0.927215766065057,17.6999999999999));
#9461=CARTESIAN_POINT('Ctrl Pts',(54.3042895922166,-0.927215766065057,17.6999999999999));
#9462=CARTESIAN_POINT('Ctrl Pts',(54.462122440499,-1.04890457011144,17.6999999999999));
#9463=CARTESIAN_POINT('Ctrl Pts',(54.8024450447285,-1.31129260371338,17.6999999999999));
#9464=CARTESIAN_POINT('Ctrl Pts',(55.2334667836501,-1.33324685587064,17.6999999999999));
#9465=CARTESIAN_POINT('Ctrl Pts',(55.464591754387,-1.34501929198974,17.6999999999999));
#9466=CARTESIAN_POINT('',(54.3042895922166,-0.927215766065057,15.6999999999999));
#9467=CARTESIAN_POINT('Ctrl Pts',(53.8984248766404,0.359619308359687,15.6999999999999));
#9468=CARTESIAN_POINT('Ctrl Pts',(53.8984248766404,0.359619308359687,17.6999999999999));
#9469=CARTESIAN_POINT('Ctrl Pts',(53.9065115920407,0.0988124795934431,15.6999999999999));
#9470=CARTESIAN_POINT('Ctrl Pts',(53.9065115920407,0.0988124795934431,17.6999999999999));
#9471=CARTESIAN_POINT('Ctrl Pts',(53.9210816966874,-0.371091875837715,15.6999999999999));
#9472=CARTESIAN_POINT('Ctrl Pts',(53.9210816966874,-0.371091875837715,17.6999999999999));
#9473=CARTESIAN_POINT('Ctrl Pts',(54.1862813432464,-0.755958317401086,15.6999999999999));
#9474=CARTESIAN_POINT('Ctrl Pts',(54.1862813432464,-0.755958317401086,17.6999999999999));
#9475=CARTESIAN_POINT('Ctrl Pts',(54.3042895922166,-0.927215766065057,15.6999999999999));
#9476=CARTESIAN_POINT('Ctrl Pts',(54.3042895922166,-0.927215766065057,17.6999999999999));
#9477=CARTESIAN_POINT('',(53.8984248766404,0.359619308359687,17.6999999999999));
#9478=CARTESIAN_POINT('Ctrl Pts',(53.8984248766404,0.359619308359687,17.6999999999999));
#9479=CARTESIAN_POINT('Ctrl Pts',(53.9065115920407,0.0988124795934431,17.6999999999999));
#9480=CARTESIAN_POINT('Ctrl Pts',(53.9210816966874,-0.371091875837715,17.6999999999999));
#9481=CARTESIAN_POINT('Ctrl Pts',(54.1862813432464,-0.755958317401086,17.6999999999999));
#9482=CARTESIAN_POINT('Ctrl Pts',(54.3042895922166,-0.927215766065057,17.6999999999999));
#9483=CARTESIAN_POINT('',(53.8984248766404,0.359619308359687,15.6999999999999));
#9484=CARTESIAN_POINT('Origin',(53.8984248766404,3.84051923835999,15.6999999999999));
#9485=CARTESIAN_POINT('',(53.8984248766404,3.84051923835999,17.6999999999999));
#9486=CARTESIAN_POINT('',(53.8984248766404,0.359619308359687,17.6999999999999));
#9487=CARTESIAN_POINT('',(53.8984248766404,3.84051923835999,15.6999999999999));
#9488=CARTESIAN_POINT('Origin',(54.7531316408616,3.84051923835999,15.6999999999999));
#9489=CARTESIAN_POINT('',(54.7531316408616,3.84051923835999,17.6999999999999));
#9490=CARTESIAN_POINT('',(53.8984248766404,3.84051923835999,17.6999999999999));
#9491=CARTESIAN_POINT('',(54.7531316408616,3.84051923835999,15.6999999999999));
#9492=CARTESIAN_POINT('Origin',(54.7531316408616,0.646112609751288,15.6999999999999));
#9493=CARTESIAN_POINT('',(54.7531316408616,0.646112609751288,17.6999999999999));
#9494=CARTESIAN_POINT('',(54.7531316408616,3.84051923835999,17.6999999999999));
#9495=CARTESIAN_POINT('',(54.7531316408616,0.646112609751288,15.6999999999999));
#9496=CARTESIAN_POINT('Ctrl Pts',(54.8366925844651,-0.0963836423086484,
15.6999999999999));
#9497=CARTESIAN_POINT('Ctrl Pts',(54.8366925844651,-0.0963836423086484,
17.6999999999999));
#9498=CARTESIAN_POINT('Ctrl Pts',(54.8125190316248,0.00287393037037176,
15.6999999999999));
#9499=CARTESIAN_POINT('Ctrl Pts',(54.8125190316248,0.00287393037037176,
17.6999999999999));
#9500=CARTESIAN_POINT('Ctrl Pts',(54.7532188896013,0.246362680066219,15.6999999999999));
#9501=CARTESIAN_POINT('Ctrl Pts',(54.7532188896013,0.246362680066219,17.6999999999999));
#9502=CARTESIAN_POINT('Ctrl Pts',(54.7531640972497,0.497406291353579,15.6999999999999));
#9503=CARTESIAN_POINT('Ctrl Pts',(54.7531640972497,0.497406291353579,17.6999999999999));
#9504=CARTESIAN_POINT('Ctrl Pts',(54.7531316408616,0.646112609751288,15.6999999999999));
#9505=CARTESIAN_POINT('Ctrl Pts',(54.7531316408616,0.646112609751288,17.6999999999999));
#9506=CARTESIAN_POINT('',(54.8366925844651,-0.0963836423086484,17.6999999999999));
#9507=CARTESIAN_POINT('Ctrl Pts',(54.8366925844651,-0.0963836423086484,
17.6999999999999));
#9508=CARTESIAN_POINT('Ctrl Pts',(54.8125190316248,0.00287393037037176,
17.6999999999999));
#9509=CARTESIAN_POINT('Ctrl Pts',(54.7532188896013,0.246362680066219,17.6999999999999));
#9510=CARTESIAN_POINT('Ctrl Pts',(54.7531640972497,0.497406291353579,17.6999999999999));
#9511=CARTESIAN_POINT('Ctrl Pts',(54.7531316408616,0.646112609751288,17.6999999999999));
#9512=CARTESIAN_POINT('',(54.8366925844651,-0.0963836423086484,15.6999999999999));
#9513=CARTESIAN_POINT('Ctrl Pts',(55.1398942598801,-0.461663257234033,15.6999999999999));
#9514=CARTESIAN_POINT('Ctrl Pts',(55.1398942598801,-0.461663257234033,17.6999999999999));
#9515=CARTESIAN_POINT('Ctrl Pts',(55.0726368889687,-0.412584277419767,15.6999999999999));
#9516=CARTESIAN_POINT('Ctrl Pts',(55.0726368889687,-0.412584277419767,17.6999999999999));
#9517=CARTESIAN_POINT('Ctrl Pts',(54.9406802679518,-0.316293027085551,15.6999999999999));
#9518=CARTESIAN_POINT('Ctrl Pts',(54.9406802679518,-0.316293027085551,17.6999999999999));
#9519=CARTESIAN_POINT('Ctrl Pts',(54.870904251289,-0.168733235560189,15.6999999999999));
#9520=CARTESIAN_POINT('Ctrl Pts',(54.870904251289,-0.168733235560189,17.6999999999999));
#9521=CARTESIAN_POINT('Ctrl Pts',(54.8366925844651,-0.0963836423086484,
15.6999999999999));
#9522=CARTESIAN_POINT('Ctrl Pts',(54.8366925844651,-0.0963836423086484,
17.6999999999999));
#9523=CARTESIAN_POINT('',(55.1398942598801,-0.461663257234033,17.6999999999999));
#9524=CARTESIAN_POINT('Ctrl Pts',(55.1398942598801,-0.461663257234033,17.6999999999999));
#9525=CARTESIAN_POINT('Ctrl Pts',(55.0726368889687,-0.412584277419767,17.6999999999999));
#9526=CARTESIAN_POINT('Ctrl Pts',(54.9406802679518,-0.316293027085551,17.6999999999999));
#9527=CARTESIAN_POINT('Ctrl Pts',(54.870904251289,-0.168733235560189,17.6999999999999));
#9528=CARTESIAN_POINT('Ctrl Pts',(54.8366925844651,-0.0963836423086484,
17.6999999999999));
#9529=CARTESIAN_POINT('',(55.1398942598801,-0.461663257234033,15.6999999999999));
#9530=CARTESIAN_POINT('Ctrl Pts',(55.6555841097337,-0.600135277860101,15.6999999999999));
#9531=CARTESIAN_POINT('Ctrl Pts',(55.6555841097337,-0.600135277860101,17.6999999999999));
#9532=CARTESIAN_POINT('Ctrl Pts',(55.5614566203482,-0.595211151333869,15.6999999999999));
#9533=CARTESIAN_POINT('Ctrl Pts',(55.5614566203482,-0.595211151333869,17.6999999999999));
#9534=CARTESIAN_POINT('Ctrl Pts',(55.3795247293357,-0.585693680334148,15.6999999999999));
#9535=CARTESIAN_POINT('Ctrl Pts',(55.3795247293357,-0.585693680334148,17.6999999999999));
#9536=CARTESIAN_POINT('Ctrl Pts',(55.2178986313952,-0.502037568667213,15.6999999999999));
#9537=CARTESIAN_POINT('Ctrl Pts',(55.2178986313952,-0.502037568667213,17.6999999999999));
#9538=CARTESIAN_POINT('Ctrl Pts',(55.1398942598801,-0.461663257234033,15.6999999999999));
#9539=CARTESIAN_POINT('Ctrl Pts',(55.1398942598801,-0.461663257234033,17.6999999999999));
#9540=CARTESIAN_POINT('',(55.6555841097337,-0.600135277860101,17.6999999999999));
#9541=CARTESIAN_POINT('Ctrl Pts',(55.6555841097337,-0.600135277860101,17.6999999999999));
#9542=CARTESIAN_POINT('Ctrl Pts',(55.5614566203482,-0.595211151333869,17.6999999999999));
#9543=CARTESIAN_POINT('Ctrl Pts',(55.3795247293357,-0.585693680334148,17.6999999999999));
#9544=CARTESIAN_POINT('Ctrl Pts',(55.2178986313952,-0.502037568667213,17.6999999999999));
#9545=CARTESIAN_POINT('Ctrl Pts',(55.1398942598801,-0.461663257234033,17.6999999999999));
#9546=CARTESIAN_POINT('',(55.6555841097337,-0.600135277860101,15.6999999999999));
#9547=CARTESIAN_POINT('Ctrl Pts',(56.5437171587449,-0.244405221097406,15.6999999999999));
#9548=CARTESIAN_POINT('Ctrl Pts',(56.5437171587449,-0.244405221097406,17.6999999999999));
#9549=CARTESIAN_POINT('Ctrl Pts',(56.4168141163721,-0.348150256590566,15.6999999999999));
#9550=CARTESIAN_POINT('Ctrl Pts',(56.4168141163721,-0.348150256590566,17.6999999999999));
#9551=CARTESIAN_POINT('Ctrl Pts',(56.1583230813336,-0.559470340832079,15.6999999999999));
#9552=CARTESIAN_POINT('Ctrl Pts',(56.1583230813336,-0.559470340832079,17.6999999999999));
#9553=CARTESIAN_POINT('Ctrl Pts',(55.8251764420797,-0.586417500037266,15.6999999999999));
#9554=CARTESIAN_POINT('Ctrl Pts',(55.8251764420797,-0.586417500037266,17.6999999999999));
#9555=CARTESIAN_POINT('Ctrl Pts',(55.6555841097337,-0.600135277860101,15.6999999999999));
#9556=CARTESIAN_POINT('Ctrl Pts',(55.6555841097337,-0.600135277860101,17.6999999999999));
#9557=CARTESIAN_POINT('',(56.5437171587449,-0.244405221097406,17.6999999999999));
#9558=CARTESIAN_POINT('Ctrl Pts',(56.5437171587449,-0.244405221097406,17.6999999999999));
#9559=CARTESIAN_POINT('Ctrl Pts',(56.4168141163721,-0.348150256590566,17.6999999999999));
#9560=CARTESIAN_POINT('Ctrl Pts',(56.1583230813336,-0.559470340832079,17.6999999999999));
#9561=CARTESIAN_POINT('Ctrl Pts',(55.8251764420797,-0.586417500037266,17.6999999999999));
#9562=CARTESIAN_POINT('Ctrl Pts',(55.6555841097337,-0.600135277860101,17.6999999999999));
#9563=CARTESIAN_POINT('',(56.5437171587449,-0.244405221097406,15.6999999999999));
#9564=CARTESIAN_POINT('Ctrl Pts',(56.897058261345,0.894407678492133,15.6999999999999));
#9565=CARTESIAN_POINT('Ctrl Pts',(56.897058261345,0.894407678492133,17.6999999999999));
#9566=CARTESIAN_POINT('Ctrl Pts',(56.8910638040307,0.661089227007789,15.6999999999999));
#9567=CARTESIAN_POINT('Ctrl Pts',(56.8910638040307,0.661089227007789,17.6999999999999));
#9568=CARTESIAN_POINT('Ctrl Pts',(56.8803835639331,0.245389030914512,15.6999999999999));
#9569=CARTESIAN_POINT('Ctrl Pts',(56.8803835639331,0.245389030914512,17.6999999999999));
#9570=CARTESIAN_POINT('Ctrl Pts',(56.6463816970811,-0.0950452018390435,
15.6999999999999));
#9571=CARTESIAN_POINT('Ctrl Pts',(56.6463816970811,-0.0950452018390435,
17.6999999999999));
#9572=CARTESIAN_POINT('Ctrl Pts',(56.5437171587449,-0.244405221097406,15.6999999999999));
#9573=CARTESIAN_POINT('Ctrl Pts',(56.5437171587449,-0.244405221097406,17.6999999999999));
#9574=CARTESIAN_POINT('',(56.897058261345,0.894407678492133,17.6999999999999));
#9575=CARTESIAN_POINT('Ctrl Pts',(56.897058261345,0.894407678492133,17.6999999999999));
#9576=CARTESIAN_POINT('Ctrl Pts',(56.8910638040307,0.661089227007789,17.6999999999999));
#9577=CARTESIAN_POINT('Ctrl Pts',(56.8803835639331,0.245389030914512,17.6999999999999));
#9578=CARTESIAN_POINT('Ctrl Pts',(56.6463816970811,-0.0950452018390435,
17.6999999999999));
#9579=CARTESIAN_POINT('Ctrl Pts',(56.5437171587449,-0.244405221097406,17.6999999999999));
#9580=CARTESIAN_POINT('',(56.897058261345,0.894407678492133,15.6999999999999));
#9581=CARTESIAN_POINT('Origin',(56.897058261345,3.84051923835999,15.6999999999999));
#9582=CARTESIAN_POINT('',(56.897058261345,3.84051923835999,17.6999999999999));
#9583=CARTESIAN_POINT('',(56.897058261345,0.894407678492133,17.6999999999999));
#9584=CARTESIAN_POINT('',(56.897058261345,3.84051923835999,15.6999999999999));
#9585=CARTESIAN_POINT('Origin',(57.7565381655198,3.84051923835999,15.6999999999999));
#9586=CARTESIAN_POINT('',(57.7565381655198,3.84051923835999,17.6999999999999));
#9587=CARTESIAN_POINT('',(56.897058261345,3.84051923835999,17.6999999999999));
#9588=CARTESIAN_POINT('',(57.7565381655198,3.84051923835999,15.6999999999999));
#9589=CARTESIAN_POINT('Origin',(57.7565381655198,0.545839715845648,15.6999999999999));
#9590=CARTESIAN_POINT('',(57.7565381655198,0.545839715845648,17.6999999999999));
#9591=CARTESIAN_POINT('',(57.7565381655198,3.84051923835999,17.6999999999999));
#9592=CARTESIAN_POINT('',(57.7565381655198,0.545839715845648,15.6999999999999));
#9593=CARTESIAN_POINT('Ctrl Pts',(57.9666373857957,-0.313641380422052,15.6999999999999));
#9594=CARTESIAN_POINT('Ctrl Pts',(57.9666373857957,-0.313641380422052,17.6999999999999));
#9595=CARTESIAN_POINT('Ctrl Pts',(57.9056049193425,-0.196527065351461,15.6999999999999));
#9596=CARTESIAN_POINT('Ctrl Pts',(57.9056049193425,-0.196527065351461,17.6999999999999));
#9597=CARTESIAN_POINT('Ctrl Pts',(57.7659353066786,0.0714829295561636,15.6999999999999));
#9598=CARTESIAN_POINT('Ctrl Pts',(57.7659353066786,0.0714829295561636,17.6999999999999));
#9599=CARTESIAN_POINT('Ctrl Pts',(57.7599231471259,0.374969770490785,15.6999999999999));
#9600=CARTESIAN_POINT('Ctrl Pts',(57.7599231471259,0.374969770490785,17.6999999999999));
#9601=CARTESIAN_POINT('Ctrl Pts',(57.7565381655198,0.545839715845648,15.6999999999999));
#9602=CARTESIAN_POINT('Ctrl Pts',(57.7565381655198,0.545839715845648,17.6999999999999));
#9603=CARTESIAN_POINT('',(57.9666373857957,-0.313641380422052,17.6999999999999));
#9604=CARTESIAN_POINT('Ctrl Pts',(57.9666373857957,-0.313641380422052,17.6999999999999));
#9605=CARTESIAN_POINT('Ctrl Pts',(57.9056049193425,-0.196527065351461,17.6999999999999));
#9606=CARTESIAN_POINT('Ctrl Pts',(57.7659353066786,0.0714829295561636,17.6999999999999));
#9607=CARTESIAN_POINT('Ctrl Pts',(57.7599231471259,0.374969770490785,17.6999999999999));
#9608=CARTESIAN_POINT('Ctrl Pts',(57.7565381655198,0.545839715845648,17.6999999999999));
#9609=CARTESIAN_POINT('',(57.9666373857957,-0.313641380422052,15.6999999999999));
#9610=CARTESIAN_POINT('Ctrl Pts',(58.6542222628098,-0.600135277860101,15.6999999999999));
#9611=CARTESIAN_POINT('Ctrl Pts',(58.6542222628098,-0.600135277860101,17.6999999999999));
#9612=CARTESIAN_POINT('Ctrl Pts',(58.5099806054745,-0.59291036120928,15.6999999999999));
#9613=CARTESIAN_POINT('Ctrl Pts',(58.5099806054745,-0.59291036120928,17.6999999999999));
#9614=CARTESIAN_POINT('Ctrl Pts',(58.2444459478653,-0.579610002598788,15.6999999999999));
#9615=CARTESIAN_POINT('Ctrl Pts',(58.2444459478653,-0.579610002598788,17.6999999999999));
#9616=CARTESIAN_POINT('Ctrl Pts',(58.0537465500669,-0.397038033957835,15.6999999999999));
#9617=CARTESIAN_POINT('Ctrl Pts',(58.0537465500669,-0.397038033957835,17.6999999999999));
#9618=CARTESIAN_POINT('Ctrl Pts',(57.9666373857957,-0.313641380422052,15.6999999999999));
#9619=CARTESIAN_POINT('Ctrl Pts',(57.9666373857957,-0.313641380422052,17.6999999999999));
#9620=CARTESIAN_POINT('',(58.6542222628098,-0.600135277860101,17.6999999999999));
#9621=CARTESIAN_POINT('Ctrl Pts',(58.6542222628098,-0.600135277860101,17.6999999999999));
#9622=CARTESIAN_POINT('Ctrl Pts',(58.5099806054745,-0.59291036120928,17.6999999999999));
#9623=CARTESIAN_POINT('Ctrl Pts',(58.2444459478653,-0.579610002598788,17.6999999999999));
#9624=CARTESIAN_POINT('Ctrl Pts',(58.0537465500669,-0.397038033957835,17.6999999999999));
#9625=CARTESIAN_POINT('Ctrl Pts',(57.9666373857957,-0.313641380422052,17.6999999999999));
#9626=CARTESIAN_POINT('',(58.6542222628098,-0.600135277860101,15.6999999999999));
#9627=CARTESIAN_POINT('Ctrl Pts',(59.325093997429,-0.409139346234735,15.6999999999999));
#9628=CARTESIAN_POINT('Ctrl Pts',(59.325093997429,-0.409139346234735,17.6999999999999));
#9629=CARTESIAN_POINT('Ctrl Pts',(59.2201241930619,-0.464846341890537,15.6999999999999));
#9630=CARTESIAN_POINT('Ctrl Pts',(59.2201241930619,-0.464846341890537,17.6999999999999));
#9631=CARTESIAN_POINT('Ctrl Pts',(59.0101084186844,-0.576300753961129,15.6999999999999));
#9632=CARTESIAN_POINT('Ctrl Pts',(59.0101084186844,-0.576300753961129,17.6999999999999));
#9633=CARTESIAN_POINT('Ctrl Pts',(58.7728796597266,-0.592188515908509,15.6999999999999));
#9634=CARTESIAN_POINT('Ctrl Pts',(58.7728796597266,-0.592188515908509,17.6999999999999));
#9635=CARTESIAN_POINT('Ctrl Pts',(58.6542222628098,-0.600135277860101,15.6999999999999));
#9636=CARTESIAN_POINT('Ctrl Pts',(58.6542222628098,-0.600135277860101,17.6999999999999));
#9637=CARTESIAN_POINT('',(59.325093997429,-0.409139346234735,17.6999999999999));
#9638=CARTESIAN_POINT('Ctrl Pts',(59.325093997429,-0.409139346234735,17.6999999999999));
#9639=CARTESIAN_POINT('Ctrl Pts',(59.2201241930619,-0.464846341890537,17.6999999999999));
#9640=CARTESIAN_POINT('Ctrl Pts',(59.0101084186844,-0.576300753961129,17.6999999999999));
#9641=CARTESIAN_POINT('Ctrl Pts',(58.7728796597266,-0.592188515908509,17.6999999999999));
#9642=CARTESIAN_POINT('Ctrl Pts',(58.6542222628098,-0.600135277860101,17.6999999999999));
#9643=CARTESIAN_POINT('',(59.325093997429,-0.409139346234735,15.6999999999999));
#9644=CARTESIAN_POINT('Ctrl Pts',(59.7715470919114,0.149523664362494,15.6999999999999));
#9645=CARTESIAN_POINT('Ctrl Pts',(59.7715470919114,0.149523664362494,17.6999999999999));
#9646=CARTESIAN_POINT('Ctrl Pts',(59.7194928667264,0.0350640158782134,15.6999999999999));
#9647=CARTESIAN_POINT('Ctrl Pts',(59.7194928667264,0.0350640158782134,17.6999999999999));
#9648=CARTESIAN_POINT('Ctrl Pts',(59.6176134159914,-0.18895403601779,15.6999999999999));
#9649=CARTESIAN_POINT('Ctrl Pts',(59.6176134159914,-0.18895403601779,17.6999999999999));
#9650=CARTESIAN_POINT('Ctrl Pts',(59.4211678058609,-0.336822638450819,15.6999999999999));
#9651=CARTESIAN_POINT('Ctrl Pts',(59.4211678058609,-0.336822638450819,17.6999999999999));
#9652=CARTESIAN_POINT('Ctrl Pts',(59.325093997429,-0.409139346234735,15.6999999999999));
#9653=CARTESIAN_POINT('Ctrl Pts',(59.325093997429,-0.409139346234735,17.6999999999999));
#9654=CARTESIAN_POINT('',(59.7715470919114,0.149523664362494,17.6999999999999));
#9655=CARTESIAN_POINT('Ctrl Pts',(59.7715470919114,0.149523664362494,17.6999999999999));
#9656=CARTESIAN_POINT('Ctrl Pts',(59.7194928667264,0.0350640158782134,17.6999999999999));
#9657=CARTESIAN_POINT('Ctrl Pts',(59.6176134159914,-0.18895403601779,17.6999999999999));
#9658=CARTESIAN_POINT('Ctrl Pts',(59.4211678058609,-0.336822638450819,17.6999999999999));
#9659=CARTESIAN_POINT('Ctrl Pts',(59.325093997429,-0.409139346234735,17.6999999999999));
#9660=CARTESIAN_POINT('',(59.7715470919114,0.149523664362494,15.6999999999999));
#9661=CARTESIAN_POINT('Ctrl Pts',(59.9100206026536,1.20955054844147,15.6999999999999));
#9662=CARTESIAN_POINT('Ctrl Pts',(59.9100206026536,1.20955054844147,17.6999999999999));
#9663=CARTESIAN_POINT('Ctrl Pts',(59.908312598665,1.00441632466902,15.6999999999999));
#9664=CARTESIAN_POINT('Ctrl Pts',(59.908312598665,1.00441632466902,17.6999999999999));
#9665=CARTESIAN_POINT('Ctrl Pts',(59.9053191995084,0.644903925076717,15.6999999999999));
#9666=CARTESIAN_POINT('Ctrl Pts',(59.9053191995084,0.644903925076717,17.6999999999999));
#9667=CARTESIAN_POINT('Ctrl Pts',(59.8117336509465,0.298341145447625,15.6999999999999));
#9668=CARTESIAN_POINT('Ctrl Pts',(59.8117336509465,0.298341145447625,17.6999999999999));
#9669=CARTESIAN_POINT('Ctrl Pts',(59.7715470919114,0.149523664362494,15.6999999999999));
#9670=CARTESIAN_POINT('Ctrl Pts',(59.7715470919114,0.149523664362494,17.6999999999999));
#9671=CARTESIAN_POINT('',(59.9100206026536,1.20955054844147,17.6999999999999));
#9672=CARTESIAN_POINT('Ctrl Pts',(59.9100206026536,1.20955054844147,17.6999999999999));
#9673=CARTESIAN_POINT('Ctrl Pts',(59.908312598665,1.00441632466902,17.6999999999999));
#9674=CARTESIAN_POINT('Ctrl Pts',(59.9053191995084,0.644903925076717,17.6999999999999));
#9675=CARTESIAN_POINT('Ctrl Pts',(59.8117336509465,0.298341145447625,17.6999999999999));
#9676=CARTESIAN_POINT('Ctrl Pts',(59.7715470919114,0.149523664362494,17.6999999999999));
#9677=CARTESIAN_POINT('',(59.9100206026536,1.20955054844147,15.6999999999999));
#9678=CARTESIAN_POINT('Origin',(59.9100206026536,3.84051923835999,15.6999999999999));
#9679=CARTESIAN_POINT('',(59.9100206026536,3.84051923835999,17.6999999999999));
#9680=CARTESIAN_POINT('',(59.9100206026536,1.20955054844147,17.6999999999999));
#9681=CARTESIAN_POINT('',(59.9100206026536,3.84051923835999,15.6999999999999));
#9682=CARTESIAN_POINT('Origin',(60.7695005068284,3.84051923835999,15.6999999999999));
#9683=CARTESIAN_POINT('',(59.9100206026536,3.84051923835999,17.6999999999999));
#9684=CARTESIAN_POINT('Origin',(69.6603597679835,1.30982374037034,17.6999999999999));
#9685=CARTESIAN_POINT('Origin',(43.8615892061692,3.09563522423035,15.6999999999999));
#9686=CARTESIAN_POINT('',(43.8615892061692,3.84051923835999,17.6999999999999));
#9687=CARTESIAN_POINT('',(43.8615892061692,3.84051923835999,15.6999999999999));
#9688=CARTESIAN_POINT('',(43.8615892061692,3.09563522423035,17.6999999999999));
#9689=CARTESIAN_POINT('',(43.8615892061692,3.84051923835999,17.6999999999999));
#9690=CARTESIAN_POINT('',(43.8615892061692,3.09563522423035,15.6999999999999));
#9691=CARTESIAN_POINT('Ctrl Pts',(45.470728648613,3.9551169165445,15.6999999999999));
#9692=CARTESIAN_POINT('Ctrl Pts',(45.470728648613,3.9551169165445,17.6999999999999));
#9693=CARTESIAN_POINT('Ctrl Pts',(45.1486705172254,3.91821324089159,15.6999999999999));
#9694=CARTESIAN_POINT('Ctrl Pts',(45.1486705172254,3.91821324089159,17.6999999999999));
#9695=CARTESIAN_POINT('Ctrl Pts',(44.4995476531982,3.8438321981595,15.6999999999999));
#9696=CARTESIAN_POINT('Ctrl Pts',(44.4995476531982,3.8438321981595,17.6999999999999));
#9697=CARTESIAN_POINT('Ctrl Pts',(44.0753326604245,3.34631331528117,15.6999999999999));
#9698=CARTESIAN_POINT('Ctrl Pts',(44.0753326604245,3.34631331528117,17.6999999999999));
#9699=CARTESIAN_POINT('Ctrl Pts',(43.8615892061692,3.09563522423035,15.6999999999999));
#9700=CARTESIAN_POINT('Ctrl Pts',(43.8615892061692,3.09563522423035,17.6999999999999));
#9701=CARTESIAN_POINT('',(45.470728648613,3.9551169165445,17.6999999999999));
#9702=CARTESIAN_POINT('Ctrl Pts',(45.470728648613,3.9551169165445,17.6999999999999));
#9703=CARTESIAN_POINT('Ctrl Pts',(45.1486705172254,3.91821324089159,17.6999999999999));
#9704=CARTESIAN_POINT('Ctrl Pts',(44.4995476531982,3.8438321981595,17.6999999999999));
#9705=CARTESIAN_POINT('Ctrl Pts',(44.0753326604245,3.34631331528117,17.6999999999999));
#9706=CARTESIAN_POINT('Ctrl Pts',(43.8615892061692,3.09563522423035,17.6999999999999));
#9707=CARTESIAN_POINT('',(45.470728648613,3.9551169165445,15.6999999999999));
#9708=CARTESIAN_POINT('Ctrl Pts',(46.3087222704392,3.78322069729096,15.6999999999999));
#9709=CARTESIAN_POINT('Ctrl Pts',(46.3087222704392,3.78322069729096,17.6999999999999));
#9710=CARTESIAN_POINT('Ctrl Pts',(46.1755096164689,3.83335454036661,15.6999999999999));
#9711=CARTESIAN_POINT('Ctrl Pts',(46.1755096164689,3.83335454036661,17.6999999999999));
#9712=CARTESIAN_POINT('Ctrl Pts',(45.9053484162673,3.93502820883849,15.6999999999999));
#9713=CARTESIAN_POINT('Ctrl Pts',(45.9053484162673,3.93502820883849,17.6999999999999));
#9714=CARTESIAN_POINT('Ctrl Pts',(45.6169313516069,3.94835923181671,15.6999999999999));
#9715=CARTESIAN_POINT('Ctrl Pts',(45.6169313516069,3.94835923181671,17.6999999999999));
#9716=CARTESIAN_POINT('Ctrl Pts',(45.470728648613,3.9551169165445,15.6999999999999));
#9717=CARTESIAN_POINT('Ctrl Pts',(45.470728648613,3.9551169165445,17.6999999999999));
#9718=CARTESIAN_POINT('',(46.3087222704392,3.78322069729096,17.6999999999999));
#9719=CARTESIAN_POINT('Ctrl Pts',(46.3087222704392,3.78322069729096,17.6999999999999));
#9720=CARTESIAN_POINT('Ctrl Pts',(46.1755096164689,3.83335454036661,17.6999999999999));
#9721=CARTESIAN_POINT('Ctrl Pts',(45.9053484162673,3.93502820883849,17.6999999999999));
#9722=CARTESIAN_POINT('Ctrl Pts',(45.6169313516069,3.94835923181671,17.6999999999999));
#9723=CARTESIAN_POINT('Ctrl Pts',(45.470728648613,3.9551169165445,17.6999999999999));
#9724=CARTESIAN_POINT('',(46.3087222704392,3.78322069729096,15.6999999999999));
#9725=CARTESIAN_POINT('Ctrl Pts',(46.8864867815476,3.35109238708741,15.6999999999999));
#9726=CARTESIAN_POINT('Ctrl Pts',(46.8864867815476,3.35109238708741,17.6999999999999));
#9727=CARTESIAN_POINT('Ctrl Pts',(46.8110715861994,3.4359329172544,15.6999999999999));
#9728=CARTESIAN_POINT('Ctrl Pts',(46.8110715861994,3.4359329172544,17.6999999999999));
#9729=CARTESIAN_POINT('Ctrl Pts',(46.6483028105125,3.61904441302328,15.6999999999999));
#9730=CARTESIAN_POINT('Ctrl Pts',(46.6483028105125,3.61904441302328,17.6999999999999));
#9731=CARTESIAN_POINT('Ctrl Pts',(46.4273185305261,3.72588321468697,15.6999999999999));
#9732=CARTESIAN_POINT('Ctrl Pts',(46.4273185305261,3.72588321468697,17.6999999999999));
#9733=CARTESIAN_POINT('Ctrl Pts',(46.3087222704392,3.78322069729096,15.6999999999999));
#9734=CARTESIAN_POINT('Ctrl Pts',(46.3087222704392,3.78322069729096,17.6999999999999));
#9735=CARTESIAN_POINT('',(46.8864867815476,3.35109238708741,17.6999999999999));
#9736=CARTESIAN_POINT('Ctrl Pts',(46.8864867815476,3.35109238708741,17.6999999999999));
#9737=CARTESIAN_POINT('Ctrl Pts',(46.8110715861994,3.4359329172544,17.6999999999999));
#9738=CARTESIAN_POINT('Ctrl Pts',(46.6483028105125,3.61904441302328,17.6999999999999));
#9739=CARTESIAN_POINT('Ctrl Pts',(46.4273185305261,3.72588321468697,17.6999999999999));
#9740=CARTESIAN_POINT('Ctrl Pts',(46.3087222704392,3.78322069729096,17.6999999999999));
#9741=CARTESIAN_POINT('',(46.8864867815476,3.35109238708741,15.6999999999999));
#9742=CARTESIAN_POINT('Ctrl Pts',(47.1514938005906,2.71364336097962,15.6999999999999));
#9743=CARTESIAN_POINT('Ctrl Pts',(47.1514938005906,2.71364336097962,17.6999999999999));
#9744=CARTESIAN_POINT('Ctrl Pts',(47.1229352305108,2.83227232103084,15.6999999999999));
#9745=CARTESIAN_POINT('Ctrl Pts',(47.1229352305108,2.83227232103084,17.6999999999999));
#9746=CARTESIAN_POINT('Ctrl Pts',(47.0683560575864,3.0589878220653,15.6999999999999));
#9747=CARTESIAN_POINT('Ctrl Pts',(47.0683560575864,3.0589878220653,17.6999999999999));
#9748=CARTESIAN_POINT('Ctrl Pts',(46.9452009424281,3.25679017839005,15.6999999999999));
#9749=CARTESIAN_POINT('Ctrl Pts',(46.9452009424281,3.25679017839005,17.6999999999999));
#9750=CARTESIAN_POINT('Ctrl Pts',(46.8864867815476,3.35109238708741,15.6999999999999));
#9751=CARTESIAN_POINT('Ctrl Pts',(46.8864867815476,3.35109238708741,17.6999999999999));
#9752=CARTESIAN_POINT('',(47.1514938005906,2.71364336097962,17.6999999999999));
#9753=CARTESIAN_POINT('Ctrl Pts',(47.1514938005906,2.71364336097962,17.6999999999999));
#9754=CARTESIAN_POINT('Ctrl Pts',(47.1229352305108,2.83227232103084,17.6999999999999));
#9755=CARTESIAN_POINT('Ctrl Pts',(47.0683560575864,3.0589878220653,17.6999999999999));
#9756=CARTESIAN_POINT('Ctrl Pts',(46.9452009424281,3.25679017839005,17.6999999999999));
#9757=CARTESIAN_POINT('Ctrl Pts',(46.8864867815476,3.35109238708741,17.6999999999999));
#9758=CARTESIAN_POINT('',(47.1514938005906,2.71364336097962,15.6999999999999));
#9759=CARTESIAN_POINT('Ctrl Pts',(47.2040174135667,1.91146080578095,15.6999999999999));
#9760=CARTESIAN_POINT('Ctrl Pts',(47.2040174135667,1.91146080578095,17.6999999999999));
#9761=CARTESIAN_POINT('Ctrl Pts',(47.2039414340779,2.07014594340765,15.6999999999999));
#9762=CARTESIAN_POINT('Ctrl Pts',(47.2039414340779,2.07014594340765,17.6999999999999));
#9763=CARTESIAN_POINT('Ctrl Pts',(47.2038127892132,2.3388240878912,15.6999999999999));
#9764=CARTESIAN_POINT('Ctrl Pts',(47.2038127892132,2.3388240878912,17.6999999999999));
#9765=CARTESIAN_POINT('Ctrl Pts',(47.16669095214,2.6047692132423,15.6999999999999));
#9766=CARTESIAN_POINT('Ctrl Pts',(47.16669095214,2.6047692132423,17.6999999999999));
#9767=CARTESIAN_POINT('Ctrl Pts',(47.1514938005906,2.71364336097962,15.6999999999999));
#9768=CARTESIAN_POINT('Ctrl Pts',(47.1514938005906,2.71364336097962,17.6999999999999));
#9769=CARTESIAN_POINT('',(47.2040174135667,1.91146080578095,17.6999999999999));
#9770=CARTESIAN_POINT('Ctrl Pts',(47.2040174135667,1.91146080578095,17.6999999999999));
#9771=CARTESIAN_POINT('Ctrl Pts',(47.2039414340779,2.07014594340765,17.6999999999999));
#9772=CARTESIAN_POINT('Ctrl Pts',(47.2038127892132,2.3388240878912,17.6999999999999));
#9773=CARTESIAN_POINT('Ctrl Pts',(47.16669095214,2.6047692132423,17.6999999999999));
#9774=CARTESIAN_POINT('Ctrl Pts',(47.1514938005906,2.71364336097962,17.6999999999999));
#9775=CARTESIAN_POINT('',(47.2040174135667,1.91146080578095,15.6999999999999));
#9776=CARTESIAN_POINT('Origin',(47.2040174135667,-1.23042161380523,15.6999999999999));
#9777=CARTESIAN_POINT('',(47.2040174135667,-1.23042161380523,17.6999999999999));
#9778=CARTESIAN_POINT('',(47.2040174135667,1.91146080578095,17.6999999999999));
#9779=CARTESIAN_POINT('',(47.2040174135667,-1.23042161380523,15.6999999999999));
#9780=CARTESIAN_POINT('Origin',(46.3445375093919,-1.23042161380523,15.6999999999999));
#9781=CARTESIAN_POINT('',(46.3445375093919,-1.23042161380523,17.6999999999999));
#9782=CARTESIAN_POINT('',(47.2040174135667,-1.23042161380523,17.6999999999999));
#9783=CARTESIAN_POINT('',(46.3445375093919,-1.23042161380523,15.6999999999999));
#9784=CARTESIAN_POINT('Origin',(46.3445375093919,1.58199255550629,15.6999999999999));
#9785=CARTESIAN_POINT('',(46.3445375093919,1.58199255550629,17.6999999999999));
#9786=CARTESIAN_POINT('',(46.3445375093919,-1.23042161380523,17.6999999999999));
#9787=CARTESIAN_POINT('',(46.3445375093919,1.58199255550629,15.6999999999999));
#9788=CARTESIAN_POINT('Ctrl Pts',(46.2920138964158,2.48922352875001,15.6999999999999));
#9789=CARTESIAN_POINT('Ctrl Pts',(46.2920138964158,2.48922352875001,17.6999999999999));
#9790=CARTESIAN_POINT('Ctrl Pts',(46.3071307297606,2.37476251091197,15.6999999999999));
#9791=CARTESIAN_POINT('Ctrl Pts',(46.3071307297606,2.37476251091197,17.6999999999999));
#9792=CARTESIAN_POINT('Ctrl Pts',(46.3468679868684,2.07388157964222,15.6999999999999));
#9793=CARTESIAN_POINT('Ctrl Pts',(46.3468679868684,2.07388157964222,17.6999999999999));
#9794=CARTESIAN_POINT('Ctrl Pts',(46.3454290477796,1.77016770499451,15.6999999999999));
#9795=CARTESIAN_POINT('Ctrl Pts',(46.3454290477796,1.77016770499451,17.6999999999999));
#9796=CARTESIAN_POINT('Ctrl Pts',(46.3445375093919,1.58199255550629,15.6999999999999));
#9797=CARTESIAN_POINT('Ctrl Pts',(46.3445375093919,1.58199255550629,17.6999999999999));
#9798=CARTESIAN_POINT('',(46.2920138964158,2.48922352875001,17.6999999999999));
#9799=CARTESIAN_POINT('Ctrl Pts',(46.2920138964158,2.48922352875001,17.6999999999999));
#9800=CARTESIAN_POINT('Ctrl Pts',(46.3071307297606,2.37476251091197,17.6999999999999));
#9801=CARTESIAN_POINT('Ctrl Pts',(46.3468679868684,2.07388157964222,17.6999999999999));
#9802=CARTESIAN_POINT('Ctrl Pts',(46.3454290477796,1.77016770499451,17.6999999999999));
#9803=CARTESIAN_POINT('Ctrl Pts',(46.3445375093919,1.58199255550629,17.6999999999999));
#9804=CARTESIAN_POINT('',(46.2920138964158,2.48922352875001,15.6999999999999));
#9805=CARTESIAN_POINT('Ctrl Pts',(45.9482190737229,3.02162413681275,15.6999999999999));
#9806=CARTESIAN_POINT('Ctrl Pts',(45.9482190737229,3.02162413681275,17.6999999999999));
#9807=CARTESIAN_POINT('Ctrl Pts',(46.0284310370012,2.950096075856,15.6999999999999));
#9808=CARTESIAN_POINT('Ctrl Pts',(46.0284310370012,2.950096075856,17.6999999999999));
#9809=CARTESIAN_POINT('Ctrl Pts',(46.191838999713,2.8043789753142,15.6999999999999));
#9810=CARTESIAN_POINT('Ctrl Pts',(46.191838999713,2.8043789753142,17.6999999999999));
#9811=CARTESIAN_POINT('Ctrl Pts',(46.2582182080707,2.59554652585735,15.6999999999999));
#9812=CARTESIAN_POINT('Ctrl Pts',(46.2582182080707,2.59554652585735,17.6999999999999));
#9813=CARTESIAN_POINT('Ctrl Pts',(46.2920138964158,2.48922352875001,15.6999999999999));
#9814=CARTESIAN_POINT('Ctrl Pts',(46.2920138964158,2.48922352875001,17.6999999999999));
#9815=CARTESIAN_POINT('',(45.9482190737229,3.02162413681275,17.6999999999999));
#9816=CARTESIAN_POINT('Ctrl Pts',(45.9482190737229,3.02162413681275,17.6999999999999));
#9817=CARTESIAN_POINT('Ctrl Pts',(46.0284310370012,2.950096075856,17.6999999999999));
#9818=CARTESIAN_POINT('Ctrl Pts',(46.191838999713,2.8043789753142,17.6999999999999));
#9819=CARTESIAN_POINT('Ctrl Pts',(46.2582182080707,2.59554652585735,17.6999999999999));
#9820=CARTESIAN_POINT('Ctrl Pts',(46.2920138964158,2.48922352875001,17.6999999999999));
#9821=CARTESIAN_POINT('',(45.9482190737229,3.02162413681275,15.6999999999999));
#9822=CARTESIAN_POINT('Ctrl Pts',(45.2988336214524,3.21500783050782,15.6999999999999));
#9823=CARTESIAN_POINT('Ctrl Pts',(45.2988336214524,3.21500783050782,17.6999999999999));
#9824=CARTESIAN_POINT('Ctrl Pts',(45.4203604443893,3.2085346390171,15.6999999999999));
#9825=CARTESIAN_POINT('Ctrl Pts',(45.4203604443893,3.2085346390171,17.6999999999999));
#9826=CARTESIAN_POINT('Ctrl Pts',(45.6527576062582,3.19615587937934,15.6999999999999));
#9827=CARTESIAN_POINT('Ctrl Pts',(45.6527576062582,3.19615587937934,17.6999999999999));
#9828=CARTESIAN_POINT('Ctrl Pts',(45.8527893783317,3.07799531499768,15.6999999999999));
#9829=CARTESIAN_POINT('Ctrl Pts',(45.8527893783317,3.07799531499768,17.6999999999999));
#9830=CARTESIAN_POINT('Ctrl Pts',(45.9482190737229,3.02162413681275,15.6999999999999));
#9831=CARTESIAN_POINT('Ctrl Pts',(45.9482190737229,3.02162413681275,17.6999999999999));
#9832=CARTESIAN_POINT('',(45.2988336214524,3.21500783050782,17.6999999999999));
#9833=CARTESIAN_POINT('Ctrl Pts',(45.2988336214524,3.21500783050782,17.6999999999999));
#9834=CARTESIAN_POINT('Ctrl Pts',(45.4203604443893,3.2085346390171,17.6999999999999));
#9835=CARTESIAN_POINT('Ctrl Pts',(45.6527576062582,3.19615587937934,17.6999999999999));
#9836=CARTESIAN_POINT('Ctrl Pts',(45.8527893783317,3.07799531499768,17.6999999999999));
#9837=CARTESIAN_POINT('Ctrl Pts',(45.9482190737229,3.02162413681275,17.6999999999999));
#9838=CARTESIAN_POINT('',(45.2988336214524,3.21500783050782,15.6999999999999));
#9839=CARTESIAN_POINT('Ctrl Pts',(44.5730493196946,3.01684920871979,15.6999999999999));
#9840=CARTESIAN_POINT('Ctrl Pts',(44.5730493196946,3.01684920871979,17.6999999999999));
#9841=CARTESIAN_POINT('Ctrl Pts',(44.6877839413038,3.07464543311796,15.6999999999999));
#9842=CARTESIAN_POINT('Ctrl Pts',(44.6877839413038,3.07464543311796,17.6999999999999));
#9843=CARTESIAN_POINT('Ctrl Pts',(44.9163404519179,3.18977810353455,15.6999999999999));
#9844=CARTESIAN_POINT('Ctrl Pts',(44.9163404519179,3.18977810353455,17.6999999999999));
#9845=CARTESIAN_POINT('Ctrl Pts',(45.1716757892518,3.20662034114993,15.6999999999999));
#9846=CARTESIAN_POINT('Ctrl Pts',(45.1716757892518,3.20662034114993,17.6999999999999));
#9847=CARTESIAN_POINT('Ctrl Pts',(45.2988336214524,3.21500783050782,15.6999999999999));
#9848=CARTESIAN_POINT('Ctrl Pts',(45.2988336214524,3.21500783050782,17.6999999999999));
#9849=CARTESIAN_POINT('',(44.5730493196946,3.01684920871979,17.6999999999999));
#9850=CARTESIAN_POINT('Ctrl Pts',(44.5730493196946,3.01684920871979,17.6999999999999));
#9851=CARTESIAN_POINT('Ctrl Pts',(44.6877839413038,3.07464543311796,17.6999999999999));
#9852=CARTESIAN_POINT('Ctrl Pts',(44.9163404519179,3.18977810353455,17.6999999999999));
#9853=CARTESIAN_POINT('Ctrl Pts',(45.1716757892518,3.20662034114993,17.6999999999999));
#9854=CARTESIAN_POINT('Ctrl Pts',(45.2988336214524,3.21500783050782,17.6999999999999));
#9855=CARTESIAN_POINT('',(44.5730493196946,3.01684920871979,15.6999999999999));
#9856=CARTESIAN_POINT('Ctrl Pts',(44.0931699404221,2.47728591049439,15.6999999999999));
#9857=CARTESIAN_POINT('Ctrl Pts',(44.0931699404221,2.47728591049439,17.6999999999999));
#9858=CARTESIAN_POINT('Ctrl Pts',(44.1492922242443,2.58564585286225,15.6999999999999));
#9859=CARTESIAN_POINT('Ctrl Pts',(44.1492922242443,2.58564585286225,17.6999999999999));
#9860=CARTESIAN_POINT('Ctrl Pts',(44.2634312909044,2.8060236037821,15.6999999999999));
#9861=CARTESIAN_POINT('Ctrl Pts',(44.2634312909044,2.8060236037821,17.6999999999999));
#9862=CARTESIAN_POINT('Ctrl Pts',(44.4687075735883,2.94580065954755,15.6999999999999));
#9863=CARTESIAN_POINT('Ctrl Pts',(44.4687075735883,2.94580065954755,17.6999999999999));
#9864=CARTESIAN_POINT('Ctrl Pts',(44.5730493196946,3.01684920871979,15.6999999999999));
#9865=CARTESIAN_POINT('Ctrl Pts',(44.5730493196946,3.01684920871979,17.6999999999999));
#9866=CARTESIAN_POINT('',(44.0931699404221,2.47728591049439,17.6999999999999));
#9867=CARTESIAN_POINT('Ctrl Pts',(44.0931699404221,2.47728591049439,17.6999999999999));
#9868=CARTESIAN_POINT('Ctrl Pts',(44.1492922242443,2.58564585286225,17.6999999999999));
#9869=CARTESIAN_POINT('Ctrl Pts',(44.2634312909044,2.8060236037821,17.6999999999999));
#9870=CARTESIAN_POINT('Ctrl Pts',(44.4687075735883,2.94580065954755,17.6999999999999));
#9871=CARTESIAN_POINT('Ctrl Pts',(44.5730493196946,3.01684920871979,17.6999999999999));
#9872=CARTESIAN_POINT('',(44.0931699404221,2.47728591049439,15.6999999999999));
#9873=CARTESIAN_POINT('Ctrl Pts',(43.9523122438889,1.48649518574006,15.6999999999999));
#9874=CARTESIAN_POINT('Ctrl Pts',(43.9523122438889,1.48649518574006,17.6999999999999));
#9875=CARTESIAN_POINT('Ctrl Pts',(43.9540502802803,1.6788485139039,15.6999999999999));
#9876=CARTESIAN_POINT('Ctrl Pts',(43.9540502802803,1.6788485139039,17.6999999999999));
#9877=CARTESIAN_POINT('Ctrl Pts',(43.9570961635708,2.01594490098053,15.6999999999999));
#9878=CARTESIAN_POINT('Ctrl Pts',(43.9570961635708,2.01594490098053,17.6999999999999));
#9879=CARTESIAN_POINT('Ctrl Pts',(44.0522938044743,2.33870051763219,15.6999999999999));
#9880=CARTESIAN_POINT('Ctrl Pts',(44.0522938044743,2.33870051763219,17.6999999999999));
#9881=CARTESIAN_POINT('Ctrl Pts',(44.0931699404221,2.47728591049439,15.6999999999999));
#9882=CARTESIAN_POINT('Ctrl Pts',(44.0931699404221,2.47728591049439,17.6999999999999));
#9883=CARTESIAN_POINT('',(43.9523122438889,1.48649518574006,17.6999999999999));
#9884=CARTESIAN_POINT('Ctrl Pts',(43.9523122438889,1.48649518574006,17.6999999999999));
#9885=CARTESIAN_POINT('Ctrl Pts',(43.9540502802803,1.6788485139039,17.6999999999999));
#9886=CARTESIAN_POINT('Ctrl Pts',(43.9570961635708,2.01594490098053,17.6999999999999));
#9887=CARTESIAN_POINT('Ctrl Pts',(44.0522938044743,2.33870051763219,17.6999999999999));
#9888=CARTESIAN_POINT('Ctrl Pts',(44.0931699404221,2.47728591049439,17.6999999999999));
#9889=CARTESIAN_POINT('',(43.9523122438889,1.48649518574006,15.6999999999999));
#9890=CARTESIAN_POINT('Origin',(43.9523122438889,-1.23042161380523,15.6999999999999));
#9891=CARTESIAN_POINT('',(43.9523122438889,-1.23042161380523,17.6999999999999));
#9892=CARTESIAN_POINT('',(43.9523122438889,1.48649518574006,17.6999999999999));
#9893=CARTESIAN_POINT('',(43.9523122438889,-1.23042161380523,15.6999999999999));
#9894=CARTESIAN_POINT('Origin',(43.0928323397141,-1.23042161380523,15.6999999999999));
#9895=CARTESIAN_POINT('',(43.0928323397141,-1.23042161380523,17.6999999999999));
#9896=CARTESIAN_POINT('',(43.9523122438889,-1.23042161380523,17.6999999999999));
#9897=CARTESIAN_POINT('',(43.0928323397141,-1.23042161380523,15.6999999999999));
#9898=CARTESIAN_POINT('Origin',(43.0928323397141,3.84051923835999,15.6999999999999));
#9899=CARTESIAN_POINT('',(43.0928323397141,3.84051923835999,17.6999999999999));
#9900=CARTESIAN_POINT('',(43.0928323397141,-1.23042161380523,17.6999999999999));
#9901=CARTESIAN_POINT('',(43.0928323397141,3.84051923835999,15.6999999999999));
#9902=CARTESIAN_POINT('Origin',(43.8615892061692,3.84051923835999,15.6999999999999));
#9903=CARTESIAN_POINT('',(43.0928323397141,3.84051923835999,17.6999999999999));
#9904=CARTESIAN_POINT('Origin',(69.6603597679835,1.30982374037034,17.6999999999999));
#9905=CARTESIAN_POINT('Origin',(35.5484912523728,0.818008829004828,15.6999999999999));
#9906=CARTESIAN_POINT('',(38.380007518242,0.818008829004828,15.6999999999999));
#9907=CARTESIAN_POINT('',(35.5484912523728,0.818008829004828,15.6999999999999));
#9908=CARTESIAN_POINT('',(30.1389361449569,0.818008829004828,15.6999999999999));
#9909=CARTESIAN_POINT('',(38.380007518242,0.818008829004828,17.6999999999999));
#9910=CARTESIAN_POINT('',(38.380007518242,0.818008829004828,15.6999999999999));
#9911=CARTESIAN_POINT('',(35.5484912523728,0.818008829004828,17.6999999999999));
#9912=CARTESIAN_POINT('',(38.380007518242,0.818008829004828,17.6999999999999));
#9913=CARTESIAN_POINT('',(35.5484912523728,0.818008829004828,15.6999999999999));
#9914=CARTESIAN_POINT('Ctrl Pts',(35.8731839785081,-0.141745161168512,15.6999999999999));
#9915=CARTESIAN_POINT('Ctrl Pts',(35.8731839785081,-0.141745161168512,17.6999999999999));
#9916=CARTESIAN_POINT('Ctrl Pts',(35.7921445539364,-0.0118122840393797,
15.6999999999999));
#9917=CARTESIAN_POINT('Ctrl Pts',(35.7921445539364,-0.0118122840393797,
17.6999999999999));
#9918=CARTESIAN_POINT('Ctrl Pts',(35.609258912324,0.281413608492613,15.6999999999999));
#9919=CARTESIAN_POINT('Ctrl Pts',(35.609258912324,0.281413608492613,17.6999999999999));
#9920=CARTESIAN_POINT('Ctrl Pts',(35.5702273387866,0.626073182780276,15.6999999999999));
#9921=CARTESIAN_POINT('Ctrl Pts',(35.5702273387866,0.626073182780276,17.6999999999999));
#9922=CARTESIAN_POINT('Ctrl Pts',(35.5484912523728,0.818008829004828,15.6999999999999));
#9923=CARTESIAN_POINT('Ctrl Pts',(35.5484912523728,0.818008829004828,17.6999999999999));
#9924=CARTESIAN_POINT('',(35.8731839785081,-0.141745161168512,15.6999999999999));
#9925=CARTESIAN_POINT('Ctrl Pts',(35.5484912523728,0.818008829004828,15.6999999999999));
#9926=CARTESIAN_POINT('Ctrl Pts',(35.5702273387866,0.626073182780276,15.6999999999999));
#9927=CARTESIAN_POINT('Ctrl Pts',(35.609258912324,0.281413608492613,15.6999999999999));
#9928=CARTESIAN_POINT('Ctrl Pts',(35.7921445539364,-0.0118122840393797,
15.6999999999999));
#9929=CARTESIAN_POINT('Ctrl Pts',(35.8731839785081,-0.141745161168512,15.6999999999999));
#9930=CARTESIAN_POINT('',(35.8731839785081,-0.141745161168512,17.6999999999999));
#9931=CARTESIAN_POINT('Ctrl Pts',(35.8731839785081,-0.141745161168512,17.6999999999999));
#9932=CARTESIAN_POINT('Ctrl Pts',(35.7921445539364,-0.0118122840393797,
17.6999999999999));
#9933=CARTESIAN_POINT('Ctrl Pts',(35.609258912324,0.281413608492613,17.6999999999999));
#9934=CARTESIAN_POINT('Ctrl Pts',(35.5702273387866,0.626073182780276,17.6999999999999));
#9935=CARTESIAN_POINT('Ctrl Pts',(35.5484912523728,0.818008829004828,17.6999999999999));
#9936=CARTESIAN_POINT('',(35.8731839785081,-0.141745161168512,15.6999999999999));
#9937=CARTESIAN_POINT('Ctrl Pts',(36.9379851946336,-0.638334404580529,15.6999999999999));
#9938=CARTESIAN_POINT('Ctrl Pts',(36.9379851946336,-0.638334404580529,17.6999999999999));
#9939=CARTESIAN_POINT('Ctrl Pts',(36.7303795609675,-0.618006213097127,15.6999999999999));
#9940=CARTESIAN_POINT('Ctrl Pts',(36.7303795609675,-0.618006213097127,17.6999999999999));
#9941=CARTESIAN_POINT('Ctrl Pts',(36.3169703333947,-0.577526281070697,15.6999999999999));
#9942=CARTESIAN_POINT('Ctrl Pts',(36.3169703333947,-0.577526281070697,17.6999999999999));
#9943=CARTESIAN_POINT('Ctrl Pts',(36.0206822595421,-0.286582796181117,15.6999999999999));
#9944=CARTESIAN_POINT('Ctrl Pts',(36.0206822595421,-0.286582796181117,17.6999999999999));
#9945=CARTESIAN_POINT('Ctrl Pts',(35.8731839785081,-0.141745161168512,15.6999999999999));
#9946=CARTESIAN_POINT('Ctrl Pts',(35.8731839785081,-0.141745161168512,17.6999999999999));
#9947=CARTESIAN_POINT('',(36.9379851946336,-0.638334404580529,15.6999999999999));
#9948=CARTESIAN_POINT('Ctrl Pts',(35.8731839785081,-0.141745161168512,15.6999999999999));
#9949=CARTESIAN_POINT('Ctrl Pts',(36.0206822595421,-0.286582796181117,15.6999999999999));
#9950=CARTESIAN_POINT('Ctrl Pts',(36.3169703333947,-0.577526281070697,15.6999999999999));
#9951=CARTESIAN_POINT('Ctrl Pts',(36.7303795609675,-0.618006213097127,15.6999999999999));
#9952=CARTESIAN_POINT('Ctrl Pts',(36.9379851946336,-0.638334404580529,15.6999999999999));
#9953=CARTESIAN_POINT('',(36.9379851946336,-0.638334404580529,17.6999999999999));
#9954=CARTESIAN_POINT('Ctrl Pts',(36.9379851946336,-0.638334404580529,17.6999999999999));
#9955=CARTESIAN_POINT('Ctrl Pts',(36.7303795609675,-0.618006213097127,17.6999999999999));
#9956=CARTESIAN_POINT('Ctrl Pts',(36.3169703333947,-0.577526281070697,17.6999999999999));
#9957=CARTESIAN_POINT('Ctrl Pts',(36.0206822595421,-0.286582796181117,17.6999999999999));
#9958=CARTESIAN_POINT('Ctrl Pts',(35.8731839785081,-0.141745161168512,17.6999999999999));
#9959=CARTESIAN_POINT('',(36.9379851946336,-0.638334404580529,15.6999999999999));
#9960=CARTESIAN_POINT('Ctrl Pts',(37.9335544237595,-0.242018055074151,15.6999999999999));
#9961=CARTESIAN_POINT('Ctrl Pts',(37.9335544237595,-0.242018055074151,17.6999999999999));
#9962=CARTESIAN_POINT('Ctrl Pts',(37.7899644152443,-0.357604992330753,15.6999999999999));
#9963=CARTESIAN_POINT('Ctrl Pts',(37.7899644152443,-0.357604992330753,17.6999999999999));
#9964=CARTESIAN_POINT('Ctrl Pts',(37.4990517364871,-0.591783581038637,15.6999999999999));
#9965=CARTESIAN_POINT('Ctrl Pts',(37.4990517364871,-0.591783581038637,17.6999999999999));
#9966=CARTESIAN_POINT('Ctrl Pts',(37.1266003333211,-0.622685298131642,15.6999999999999));
#9967=CARTESIAN_POINT('Ctrl Pts',(37.1266003333211,-0.622685298131642,17.6999999999999));
#9968=CARTESIAN_POINT('Ctrl Pts',(36.9379851946336,-0.638334404580529,15.6999999999999));
#9969=CARTESIAN_POINT('Ctrl Pts',(36.9379851946336,-0.638334404580529,17.6999999999999));
#9970=CARTESIAN_POINT('',(37.9335544237595,-0.242018055074151,15.6999999999999));
#9971=CARTESIAN_POINT('Ctrl Pts',(36.9379851946336,-0.638334404580529,15.6999999999999));
#9972=CARTESIAN_POINT('Ctrl Pts',(37.1266003333211,-0.622685298131642,15.6999999999999));
#9973=CARTESIAN_POINT('Ctrl Pts',(37.4990517364871,-0.591783581038637,15.6999999999999));
#9974=CARTESIAN_POINT('Ctrl Pts',(37.7899644152443,-0.357604992330753,15.6999999999999));
#9975=CARTESIAN_POINT('Ctrl Pts',(37.9335544237595,-0.242018055074151,15.6999999999999));
#9976=CARTESIAN_POINT('',(37.9335544237595,-0.242018055074151,17.6999999999999));
#9977=CARTESIAN_POINT('Ctrl Pts',(37.9335544237595,-0.242018055074151,17.6999999999999));
#9978=CARTESIAN_POINT('Ctrl Pts',(37.7899644152443,-0.357604992330753,17.6999999999999));
#9979=CARTESIAN_POINT('Ctrl Pts',(37.4990517364871,-0.591783581038637,17.6999999999999));
#9980=CARTESIAN_POINT('Ctrl Pts',(37.1266003333211,-0.622685298131642,17.6999999999999));
#9981=CARTESIAN_POINT('Ctrl Pts',(36.9379851946336,-0.638334404580529,17.6999999999999));
#9982=CARTESIAN_POINT('',(37.9335544237595,-0.242018055074151,15.6999999999999));
#9983=CARTESIAN_POINT('Ctrl Pts',(38.380007518242,0.818008829004828,15.6999999999999));
#9984=CARTESIAN_POINT('Ctrl Pts',(38.380007518242,0.818008829004828,17.6999999999999));
#9985=CARTESIAN_POINT('Ctrl Pts',(38.3538832903867,0.611188106192768,15.6999999999999));
#9986=CARTESIAN_POINT('Ctrl Pts',(38.3538832903867,0.611188106192768,17.6999999999999));
#9987=CARTESIAN_POINT('Ctrl Pts',(38.3038699058211,0.215241309086832,15.6999999999999));
#9988=CARTESIAN_POINT('Ctrl Pts',(38.3038699058211,0.215241309086832,17.6999999999999));
#9989=CARTESIAN_POINT('Ctrl Pts',(38.0532597062912,-0.0942079741333379,
15.6999999999999));
#9990=CARTESIAN_POINT('Ctrl Pts',(38.0532597062912,-0.0942079741333379,
17.6999999999999));
#9991=CARTESIAN_POINT('Ctrl Pts',(37.9335544237595,-0.242018055074151,15.6999999999999));
#9992=CARTESIAN_POINT('Ctrl Pts',(37.9335544237595,-0.242018055074151,17.6999999999999));
#9993=CARTESIAN_POINT('Ctrl Pts',(37.9335544237595,-0.242018055074151,15.6999999999999));
#9994=CARTESIAN_POINT('Ctrl Pts',(38.0532597062912,-0.0942079741333379,
15.6999999999999));
#9995=CARTESIAN_POINT('Ctrl Pts',(38.3038699058211,0.215241309086832,15.6999999999999));
#9996=CARTESIAN_POINT('Ctrl Pts',(38.3538832903867,0.611188106192768,15.6999999999999));
#9997=CARTESIAN_POINT('Ctrl Pts',(38.380007518242,0.818008829004828,15.6999999999999));
#9998=CARTESIAN_POINT('Ctrl Pts',(38.380007518242,0.818008829004828,17.6999999999999));
#9999=CARTESIAN_POINT('Ctrl Pts',(38.3538832903867,0.611188106192768,17.6999999999999));
#10000=CARTESIAN_POINT('Ctrl Pts',(38.3038699058211,0.215241309086832,17.6999999999999));
#10001=CARTESIAN_POINT('Ctrl Pts',(38.0532597062912,-0.0942079741333379,
17.6999999999999));
#10002=CARTESIAN_POINT('Ctrl Pts',(37.9335544237595,-0.242018055074151,
17.6999999999999));
#10003=CARTESIAN_POINT('Origin',(34.6699092516404,2.31732671345002,15.6999999999999));
#10004=CARTESIAN_POINT('',(35.5580423006516,2.20750396335847,17.6999999999999));
#10005=CARTESIAN_POINT('',(35.5580423006516,2.20750396335847,15.6999999999999));
#10006=CARTESIAN_POINT('',(34.6699092516404,2.31732671345002,17.6999999999999));
#10007=CARTESIAN_POINT('',(35.5580423006516,2.20750396335847,17.6999999999999));
#10008=CARTESIAN_POINT('',(34.6699092516404,2.31732671345002,15.6999999999999));
#10009=CARTESIAN_POINT('Ctrl Pts',(35.4482171663743,3.5253757723642,15.6999999999999));
#10010=CARTESIAN_POINT('Ctrl Pts',(35.4482171663743,3.5253757723642,17.6999999999999));
#10011=CARTESIAN_POINT('Ctrl Pts',(35.2726704745012,3.3635105302747,15.6999999999999));
#10012=CARTESIAN_POINT('Ctrl Pts',(35.2726704745012,3.3635105302747,17.6999999999999));
#10013=CARTESIAN_POINT('Ctrl Pts',(34.9094099316608,3.02856114967938,15.6999999999999));
#10014=CARTESIAN_POINT('Ctrl Pts',(34.9094099316608,3.02856114967938,17.6999999999999));
#10015=CARTESIAN_POINT('Ctrl Pts',(34.7515057749293,2.55964025191148,15.6999999999999));
#10016=CARTESIAN_POINT('Ctrl Pts',(34.7515057749293,2.55964025191148,17.6999999999999));
#10017=CARTESIAN_POINT('Ctrl Pts',(34.6699092516404,2.31732671345002,15.6999999999999));
#10018=CARTESIAN_POINT('Ctrl Pts',(34.6699092516404,2.31732671345002,17.6999999999999));
#10019=CARTESIAN_POINT('',(35.4482171663743,3.5253757723642,17.6999999999999));
#10020=CARTESIAN_POINT('Ctrl Pts',(35.4482171663743,3.5253757723642,17.6999999999999));
#10021=CARTESIAN_POINT('Ctrl Pts',(35.2726704745012,3.3635105302747,17.6999999999999));
#10022=CARTESIAN_POINT('Ctrl Pts',(34.9094099316608,3.02856114967938,17.6999999999999));
#10023=CARTESIAN_POINT('Ctrl Pts',(34.7515057749293,2.55964025191148,17.6999999999999));
#10024=CARTESIAN_POINT('Ctrl Pts',(34.6699092516404,2.31732671345002,17.6999999999999));
#10025=CARTESIAN_POINT('',(35.4482171663743,3.5253757723642,15.6999999999999));
#10026=CARTESIAN_POINT('Ctrl Pts',(36.8997857698899,3.9551169165445,15.6999999999999));
#10027=CARTESIAN_POINT('Ctrl Pts',(36.8997857698899,3.9551169165445,17.6999999999999));
#10028=CARTESIAN_POINT('Ctrl Pts',(36.6247186838467,3.94174174334218,15.6999999999999));
#10029=CARTESIAN_POINT('Ctrl Pts',(36.6247186838467,3.94174174334218,17.6999999999999));
#10030=CARTESIAN_POINT('Ctrl Pts',(36.1047011425323,3.91645582206612,15.6999999999999));
#10031=CARTESIAN_POINT('Ctrl Pts',(36.1047011425323,3.91645582206612,17.6999999999999));
#10032=CARTESIAN_POINT('Ctrl Pts',(35.6584299459362,3.65060354221803,15.6999999999999));
#10033=CARTESIAN_POINT('Ctrl Pts',(35.6584299459362,3.65060354221803,17.6999999999999));
#10034=CARTESIAN_POINT('Ctrl Pts',(35.4482171663743,3.5253757723642,15.6999999999999));
#10035=CARTESIAN_POINT('Ctrl Pts',(35.4482171663743,3.5253757723642,17.6999999999999));
#10036=CARTESIAN_POINT('',(36.8997857698899,3.9551169165445,17.6999999999999));
#10037=CARTESIAN_POINT('Ctrl Pts',(36.8997857698899,3.9551169165445,17.6999999999999));
#10038=CARTESIAN_POINT('Ctrl Pts',(36.6247186838467,3.94174174334218,17.6999999999999));
#10039=CARTESIAN_POINT('Ctrl Pts',(36.1047011425323,3.91645582206612,17.6999999999999));
#10040=CARTESIAN_POINT('Ctrl Pts',(35.6584299459362,3.65060354221803,17.6999999999999));
#10041=CARTESIAN_POINT('Ctrl Pts',(35.4482171663743,3.5253757723642,17.6999999999999));
#10042=CARTESIAN_POINT('',(36.8997857698899,3.9551169165445,15.6999999999999));
#10043=CARTESIAN_POINT('Ctrl Pts',(38.664111865471,3.2699192055536,15.6999999999999));
#10044=CARTESIAN_POINT('Ctrl Pts',(38.664111865471,3.2699192055536,17.6999999999999));
#10045=CARTESIAN_POINT('Ctrl Pts',(38.4198216395328,3.46965392299181,15.6999999999999));
#10046=CARTESIAN_POINT('Ctrl Pts',(38.4198216395328,3.46965392299181,17.6999999999999));
#10047=CARTESIAN_POINT('Ctrl Pts',(37.9077569787382,3.88832433823725,15.6999999999999));
#10048=CARTESIAN_POINT('Ctrl Pts',(37.9077569787382,3.88832433823725,17.6999999999999));
#10049=CARTESIAN_POINT('Ctrl Pts',(37.245894245736,3.93218225603752,15.6999999999999));
#10050=CARTESIAN_POINT('Ctrl Pts',(37.245894245736,3.93218225603752,17.6999999999999));
#10051=CARTESIAN_POINT('Ctrl Pts',(36.8997857698899,3.9551169165445,15.6999999999999));
#10052=CARTESIAN_POINT('Ctrl Pts',(36.8997857698899,3.9551169165445,17.6999999999999));
#10053=CARTESIAN_POINT('',(38.664111865471,3.2699192055536,17.6999999999999));
#10054=CARTESIAN_POINT('Ctrl Pts',(38.664111865471,3.2699192055536,17.6999999999999));
#10055=CARTESIAN_POINT('Ctrl Pts',(38.4198216395328,3.46965392299181,17.6999999999999));
#10056=CARTESIAN_POINT('Ctrl Pts',(37.9077569787382,3.88832433823725,17.6999999999999));
#10057=CARTESIAN_POINT('Ctrl Pts',(37.245894245736,3.93218225603752,17.6999999999999));
#10058=CARTESIAN_POINT('Ctrl Pts',(36.8997857698899,3.9551169165445,17.6999999999999));
#10059=CARTESIAN_POINT('',(38.664111865471,3.2699192055536,15.6999999999999));
#10060=CARTESIAN_POINT('Ctrl Pts',(39.3158862719041,1.34802286709077,15.6999999999999));
#10061=CARTESIAN_POINT('Ctrl Pts',(39.3158862719041,1.34802286709077,17.6999999999999));
#10062=CARTESIAN_POINT('Ctrl Pts',(39.2977638837522,1.72716410052615,15.6999999999999));
#10063=CARTESIAN_POINT('Ctrl Pts',(39.2977638837522,1.72716410052615,17.6999999999999));
#10064=CARTESIAN_POINT('Ctrl Pts',(39.2640241417695,2.43303836411019,15.6999999999999));
#10065=CARTESIAN_POINT('Ctrl Pts',(39.2640241417695,2.43303836411019,17.6999999999999));
#10066=CARTESIAN_POINT('Ctrl Pts',(38.8539334530658,3.00511707326404,15.6999999999999));
#10067=CARTESIAN_POINT('Ctrl Pts',(38.8539334530658,3.00511707326404,17.6999999999999));
#10068=CARTESIAN_POINT('Ctrl Pts',(38.664111865471,3.2699192055536,15.6999999999999));
#10069=CARTESIAN_POINT('Ctrl Pts',(38.664111865471,3.2699192055536,17.6999999999999));
#10070=CARTESIAN_POINT('',(39.3158862719041,1.34802286709077,17.6999999999999));
#10071=CARTESIAN_POINT('Ctrl Pts',(39.3158862719041,1.34802286709077,17.6999999999999));
#10072=CARTESIAN_POINT('Ctrl Pts',(39.2977638837522,1.72716410052615,17.6999999999999));
#10073=CARTESIAN_POINT('Ctrl Pts',(39.2640241417695,2.43303836411019,17.6999999999999));
#10074=CARTESIAN_POINT('Ctrl Pts',(38.8539334530658,3.00511707326404,17.6999999999999));
#10075=CARTESIAN_POINT('Ctrl Pts',(38.664111865471,3.2699192055536,17.6999999999999));
#10076=CARTESIAN_POINT('',(39.3158862719041,1.34802286709077,15.6999999999999));
#10077=CARTESIAN_POINT('Ctrl Pts',(38.6569497713547,-0.638334404580529,
15.6999999999999));
#10078=CARTESIAN_POINT('Ctrl Pts',(38.6569497713547,-0.638334404580529,
17.6999999999999));
#10079=CARTESIAN_POINT('Ctrl Pts',(38.8488342568886,-0.364484988096561,
15.6999999999999));
#10080=CARTESIAN_POINT('Ctrl Pts',(38.8488342568886,-0.364484988096561,
17.6999999999999));
#10081=CARTESIAN_POINT('Ctrl Pts',(39.2648324378059,0.229210009108072,15.6999999999999));
#10082=CARTESIAN_POINT('Ctrl Pts',(39.2648324378059,0.229210009108072,17.6999999999999));
#10083=CARTESIAN_POINT('Ctrl Pts',(39.2980114849381,0.956308085146528,15.6999999999999));
#10084=CARTESIAN_POINT('Ctrl Pts',(39.2980114849381,0.956308085146528,17.6999999999999));
#10085=CARTESIAN_POINT('Ctrl Pts',(39.3158862719041,1.34802286709077,15.6999999999999));
#10086=CARTESIAN_POINT('Ctrl Pts',(39.3158862719041,1.34802286709077,17.6999999999999));
#10087=CARTESIAN_POINT('',(38.6569497713547,-0.638334404580529,17.6999999999999));
#10088=CARTESIAN_POINT('Ctrl Pts',(38.6569497713547,-0.638334404580529,
17.6999999999999));
#10089=CARTESIAN_POINT('Ctrl Pts',(38.8488342568886,-0.364484988096561,
17.6999999999999));
#10090=CARTESIAN_POINT('Ctrl Pts',(39.2648324378059,0.229210009108072,17.6999999999999));
#10091=CARTESIAN_POINT('Ctrl Pts',(39.2980114849381,0.956308085146528,17.6999999999999));
#10092=CARTESIAN_POINT('Ctrl Pts',(39.3158862719041,1.34802286709077,17.6999999999999));
#10093=CARTESIAN_POINT('',(38.6569497713547,-0.638334404580529,15.6999999999999));
#10094=CARTESIAN_POINT('Ctrl Pts',(36.9475362429124,-1.34501929198974,15.6999999999999));
#10095=CARTESIAN_POINT('Ctrl Pts',(36.9475362429124,-1.34501929198974,17.6999999999999));
#10096=CARTESIAN_POINT('Ctrl Pts',(37.2786335813467,-1.31846920947884,15.6999999999999));
#10097=CARTESIAN_POINT('Ctrl Pts',(37.2786335813467,-1.31846920947884,17.6999999999999));
#10098=CARTESIAN_POINT('Ctrl Pts',(37.9254874158272,-1.26659919820312,15.6999999999999));
#10099=CARTESIAN_POINT('Ctrl Pts',(37.9254874158272,-1.26659919820312,17.6999999999999));
#10100=CARTESIAN_POINT('Ctrl Pts',(38.4170146875034,-0.844418511027725,
15.6999999999999));
#10101=CARTESIAN_POINT('Ctrl Pts',(38.4170146875034,-0.844418511027725,
17.6999999999999));
#10102=CARTESIAN_POINT('Ctrl Pts',(38.6569497713547,-0.638334404580529,
15.6999999999999));
#10103=CARTESIAN_POINT('Ctrl Pts',(38.6569497713547,-0.638334404580529,
17.6999999999999));
#10104=CARTESIAN_POINT('',(36.9475362429124,-1.34501929198974,17.6999999999999));
#10105=CARTESIAN_POINT('Ctrl Pts',(36.9475362429124,-1.34501929198974,17.6999999999999));
#10106=CARTESIAN_POINT('Ctrl Pts',(37.2786335813467,-1.31846920947884,17.6999999999999));
#10107=CARTESIAN_POINT('Ctrl Pts',(37.9254874158272,-1.26659919820312,17.6999999999999));
#10108=CARTESIAN_POINT('Ctrl Pts',(38.4170146875034,-0.844418511027725,
17.6999999999999));
#10109=CARTESIAN_POINT('Ctrl Pts',(38.6569497713547,-0.638334404580529,
17.6999999999999));
#10110=CARTESIAN_POINT('',(36.9475362429124,-1.34501929198974,15.6999999999999));
#10111=CARTESIAN_POINT('Ctrl Pts',(35.2858731874924,-0.652659188859399,
15.6999999999999));
#10112=CARTESIAN_POINT('Ctrl Pts',(35.2858731874924,-0.652659188859399,
17.6999999999999));
#10113=CARTESIAN_POINT('Ctrl Pts',(35.5196196676725,-0.854573636183256,
15.6999999999999));
#10114=CARTESIAN_POINT('Ctrl Pts',(35.5196196676725,-0.854573636183256,
17.6999999999999));
#10115=CARTESIAN_POINT('Ctrl Pts',(35.9969221302321,-1.26687615667389,15.6999999999999));
#10116=CARTESIAN_POINT('Ctrl Pts',(35.9969221302321,-1.26687615667389,17.6999999999999));
#10117=CARTESIAN_POINT('Ctrl Pts',(36.6263528598179,-1.31861712077057,15.6999999999999));
#10118=CARTESIAN_POINT('Ctrl Pts',(36.6263528598179,-1.31861712077057,17.6999999999999));
#10119=CARTESIAN_POINT('Ctrl Pts',(36.9475362429124,-1.34501929198974,15.6999999999999));
#10120=CARTESIAN_POINT('Ctrl Pts',(36.9475362429124,-1.34501929198974,17.6999999999999));
#10121=CARTESIAN_POINT('',(35.2858731874924,-0.652659188859399,17.6999999999999));
#10122=CARTESIAN_POINT('Ctrl Pts',(35.2858731874924,-0.652659188859399,
17.6999999999999));
#10123=CARTESIAN_POINT('Ctrl Pts',(35.5196196676725,-0.854573636183256,
17.6999999999999));
#10124=CARTESIAN_POINT('Ctrl Pts',(35.9969221302321,-1.26687615667389,17.6999999999999));
#10125=CARTESIAN_POINT('Ctrl Pts',(36.6263528598179,-1.31861712077057,17.6999999999999));
#10126=CARTESIAN_POINT('Ctrl Pts',(36.9475362429124,-1.34501929198974,17.6999999999999));
#10127=CARTESIAN_POINT('',(35.2858731874924,-0.652659188859399,15.6999999999999));
#10128=CARTESIAN_POINT('Ctrl Pts',(34.6412608751755,1.29549925411469,15.6999999999999));
#10129=CARTESIAN_POINT('Ctrl Pts',(34.6412608751755,1.29549925411469,17.6999999999999));
#10130=CARTESIAN_POINT('Ctrl Pts',(34.6586630421727,0.911225118042984,15.6999999999999));
#10131=CARTESIAN_POINT('Ctrl Pts',(34.6586630421727,0.911225118042984,17.6999999999999));
#10132=CARTESIAN_POINT('Ctrl Pts',(34.6909462695751,0.198347846968145,15.6999999999999));
#10133=CARTESIAN_POINT('Ctrl Pts',(34.6909462695751,0.198347846968145,17.6999999999999));
#10134=CARTESIAN_POINT('Ctrl Pts',(35.0981645669706,-0.38415334059698,15.6999999999999));
#10135=CARTESIAN_POINT('Ctrl Pts',(35.0981645669706,-0.38415334059698,17.6999999999999));
#10136=CARTESIAN_POINT('Ctrl Pts',(35.2858731874924,-0.652659188859399,
15.6999999999999));
#10137=CARTESIAN_POINT('Ctrl Pts',(35.2858731874924,-0.652659188859399,
17.6999999999999));
#10138=CARTESIAN_POINT('',(34.6412608751755,1.29549925411469,17.6999999999999));
#10139=CARTESIAN_POINT('Ctrl Pts',(34.6412608751755,1.29549925411469,17.6999999999999));
#10140=CARTESIAN_POINT('Ctrl Pts',(34.6586630421727,0.911225118042984,17.6999999999999));
#10141=CARTESIAN_POINT('Ctrl Pts',(34.6909462695751,0.198347846968145,17.6999999999999));
#10142=CARTESIAN_POINT('Ctrl Pts',(35.0981645669706,-0.38415334059698,17.6999999999999));
#10143=CARTESIAN_POINT('Ctrl Pts',(35.2858731874924,-0.652659188859399,
17.6999999999999));
#10144=CARTESIAN_POINT('',(34.6412608751755,1.29549925411469,15.6999999999999));
#10145=CARTESIAN_POINT('Ctrl Pts',(34.6460340151292,1.52469401443726,15.6999999999999));
#10146=CARTESIAN_POINT('Ctrl Pts',(34.6460340151292,1.52469401443726,17.6999999999999));
#10147=CARTESIAN_POINT('Ctrl Pts',(34.6446571592692,1.4801318463292,15.6999999999999));
#10148=CARTESIAN_POINT('Ctrl Pts',(34.6446571592692,1.4801318463292,17.6999999999999));
#10149=CARTESIAN_POINT('Ctrl Pts',(34.6422971172726,1.40374869595454,15.6999999999999));
#10150=CARTESIAN_POINT('Ctrl Pts',(34.6422971172726,1.40374869595454,17.6999999999999));
#10151=CARTESIAN_POINT('Ctrl Pts',(34.6415656162292,1.32733356104061,15.6999999999999));
#10152=CARTESIAN_POINT('Ctrl Pts',(34.6415656162292,1.32733356104061,17.6999999999999));
#10153=CARTESIAN_POINT('Ctrl Pts',(34.6412608751755,1.29549925411469,15.6999999999999));
#10154=CARTESIAN_POINT('Ctrl Pts',(34.6412608751755,1.29549925411469,17.6999999999999));
#10155=CARTESIAN_POINT('',(34.6460340151292,1.52469401443726,17.6999999999999));
#10156=CARTESIAN_POINT('Ctrl Pts',(34.6460340151292,1.52469401443726,17.6999999999999));
#10157=CARTESIAN_POINT('Ctrl Pts',(34.6446571592692,1.4801318463292,17.6999999999999));
#10158=CARTESIAN_POINT('Ctrl Pts',(34.6422971172726,1.40374869595454,17.6999999999999));
#10159=CARTESIAN_POINT('Ctrl Pts',(34.6415656162292,1.32733356104061,17.6999999999999));
#10160=CARTESIAN_POINT('Ctrl Pts',(34.6412608751755,1.29549925411469,17.6999999999999));
#10161=CARTESIAN_POINT('',(34.6460340151292,1.52469401443726,15.6999999999999));
#10162=CARTESIAN_POINT('Origin',(38.4277532228928,1.52469401443726,15.6999999999999));
#10163=CARTESIAN_POINT('',(38.4277532228928,1.52469401443726,17.6999999999999));
#10164=CARTESIAN_POINT('',(34.6460340151292,1.52469401443726,17.6999999999999));
#10165=CARTESIAN_POINT('',(38.4277532228928,1.52469401443726,15.6999999999999));
#10166=CARTESIAN_POINT('Ctrl Pts',(37.9550407061082,2.80436639869935,15.6999999999999));
#10167=CARTESIAN_POINT('Ctrl Pts',(37.9550407061082,2.80436639869935,17.6999999999999));
#10168=CARTESIAN_POINT('Ctrl Pts',(38.0813395404774,2.62993436160242,15.6999999999999));
#10169=CARTESIAN_POINT('Ctrl Pts',(38.0813395404774,2.62993436160242,17.6999999999999));
#10170=CARTESIAN_POINT('Ctrl Pts',(38.3570962871317,2.24908515343393,15.6999999999999));
#10171=CARTESIAN_POINT('Ctrl Pts',(38.3570962871317,2.24908515343393,17.6999999999999));
#10172=CARTESIAN_POINT('Ctrl Pts',(38.4029181475131,1.77930891313876,15.6999999999999));
#10173=CARTESIAN_POINT('Ctrl Pts',(38.4029181475131,1.77930891313876,17.6999999999999));
#10174=CARTESIAN_POINT('Ctrl Pts',(38.4277532228928,1.52469401443726,15.6999999999999));
#10175=CARTESIAN_POINT('Ctrl Pts',(38.4277532228928,1.52469401443726,17.6999999999999));
#10176=CARTESIAN_POINT('',(37.9550407061082,2.80436639869935,17.6999999999999));
#10177=CARTESIAN_POINT('Ctrl Pts',(37.9550407061082,2.80436639869935,17.6999999999999));
#10178=CARTESIAN_POINT('Ctrl Pts',(38.0813395404774,2.62993436160242,17.6999999999999));
#10179=CARTESIAN_POINT('Ctrl Pts',(38.3570962871317,2.24908515343393,17.6999999999999));
#10180=CARTESIAN_POINT('Ctrl Pts',(38.4029181475131,1.77930891313876,17.6999999999999));
#10181=CARTESIAN_POINT('Ctrl Pts',(38.4277532228928,1.52469401443726,17.6999999999999));
#10182=CARTESIAN_POINT('',(37.9550407061082,2.80436639869935,15.6999999999999));
#10183=CARTESIAN_POINT('Ctrl Pts',(36.8950126299363,3.24843173111207,15.6999999999999));
#10184=CARTESIAN_POINT('Ctrl Pts',(36.8950126299363,3.24843173111207,17.6999999999999));
#10185=CARTESIAN_POINT('Ctrl Pts',(37.0972778750403,3.23062202115123,15.6999999999999));
#10186=CARTESIAN_POINT('Ctrl Pts',(37.0972778750403,3.23062202115123,17.6999999999999));
#10187=CARTESIAN_POINT('Ctrl Pts',(37.4981061091408,3.1953285895497,15.6999999999999));
#10188=CARTESIAN_POINT('Ctrl Pts',(37.4981061091408,3.1953285895497,17.6999999999999));
#10189=CARTESIAN_POINT('Ctrl Pts',(37.8036699554973,2.93388217772383,15.6999999999999));
#10190=CARTESIAN_POINT('Ctrl Pts',(37.8036699554973,2.93388217772383,17.6999999999999));
#10191=CARTESIAN_POINT('Ctrl Pts',(37.9550407061082,2.80436639869935,15.6999999999999));
#10192=CARTESIAN_POINT('Ctrl Pts',(37.9550407061082,2.80436639869935,17.6999999999999));
#10193=CARTESIAN_POINT('',(36.8950126299363,3.24843173111207,17.6999999999999));
#10194=CARTESIAN_POINT('Ctrl Pts',(36.8950126299363,3.24843173111207,17.6999999999999));
#10195=CARTESIAN_POINT('Ctrl Pts',(37.0972778750403,3.23062202115123,17.6999999999999));
#10196=CARTESIAN_POINT('Ctrl Pts',(37.4981061091408,3.1953285895497,17.6999999999999));
#10197=CARTESIAN_POINT('Ctrl Pts',(37.8036699554973,2.93388217772383,17.6999999999999));
#10198=CARTESIAN_POINT('Ctrl Pts',(37.9550407061082,2.80436639869935,17.6999999999999));
#10199=CARTESIAN_POINT('',(36.8950126299363,3.24843173111207,15.6999999999999));
#10200=CARTESIAN_POINT('Ctrl Pts',(36.0880563387376,3.00013725841767,15.6999999999999));
#10201=CARTESIAN_POINT('Ctrl Pts',(36.0880563387376,3.00013725841767,17.6999999999999));
#10202=CARTESIAN_POINT('Ctrl Pts',(36.2077704968018,3.07253314866503,15.6999999999999));
#10203=CARTESIAN_POINT('Ctrl Pts',(36.2077704968018,3.07253314866503,17.6999999999999));
#10204=CARTESIAN_POINT('Ctrl Pts',(36.4556777700506,3.22245249016862,15.6999999999999));
#10205=CARTESIAN_POINT('Ctrl Pts',(36.4556777700506,3.22245249016862,17.6999999999999));
#10206=CARTESIAN_POINT('Ctrl Pts',(36.7452661632216,3.23957675534205,15.6999999999999));
#10207=CARTESIAN_POINT('Ctrl Pts',(36.7452661632216,3.23957675534205,17.6999999999999));
#10208=CARTESIAN_POINT('Ctrl Pts',(36.8950126299363,3.24843173111207,15.6999999999999));
#10209=CARTESIAN_POINT('Ctrl Pts',(36.8950126299363,3.24843173111207,17.6999999999999));
#10210=CARTESIAN_POINT('',(36.0880563387376,3.00013725841767,17.6999999999999));
#10211=CARTESIAN_POINT('Ctrl Pts',(36.0880563387376,3.00013725841767,17.6999999999999));
#10212=CARTESIAN_POINT('Ctrl Pts',(36.2077704968018,3.07253314866503,17.6999999999999));
#10213=CARTESIAN_POINT('Ctrl Pts',(36.4556777700506,3.22245249016862,17.6999999999999));
#10214=CARTESIAN_POINT('Ctrl Pts',(36.7452661632216,3.23957675534205,17.6999999999999));
#10215=CARTESIAN_POINT('Ctrl Pts',(36.8950126299363,3.24843173111207,17.6999999999999));
#10216=CARTESIAN_POINT('',(36.0880563387376,3.00013725841767,15.6999999999999));
#10217=CARTESIAN_POINT('Ctrl Pts',(35.5580423006516,2.20750396335847,15.6999999999999));
#10218=CARTESIAN_POINT('Ctrl Pts',(35.5580423006516,2.20750396335847,17.6999999999999));
#10219=CARTESIAN_POINT('Ctrl Pts',(35.6234091831347,2.3721361984323,15.6999999999999));
#10220=CARTESIAN_POINT('Ctrl Pts',(35.6234091831347,2.3721361984323,17.6999999999999));
#10221=CARTESIAN_POINT('Ctrl Pts',(35.7437012741375,2.67510239555264,15.6999999999999));
#10222=CARTESIAN_POINT('Ctrl Pts',(35.7437012741375,2.67510239555264,17.6999999999999));
#10223=CARTESIAN_POINT('Ctrl Pts',(35.9801116678658,2.8982488737222,15.6999999999999));
#10224=CARTESIAN_POINT('Ctrl Pts',(35.9801116678658,2.8982488737222,17.6999999999999));
#10225=CARTESIAN_POINT('Ctrl Pts',(36.0880563387376,3.00013725841767,15.6999999999999));
#10226=CARTESIAN_POINT('Ctrl Pts',(36.0880563387376,3.00013725841767,17.6999999999999));
#10227=CARTESIAN_POINT('Ctrl Pts',(35.5580423006516,2.20750396335847,17.6999999999999));
#10228=CARTESIAN_POINT('Ctrl Pts',(35.6234091831347,2.3721361984323,17.6999999999999));
#10229=CARTESIAN_POINT('Ctrl Pts',(35.7437012741375,2.67510239555264,17.6999999999999));
#10230=CARTESIAN_POINT('Ctrl Pts',(35.9801116678658,2.8982488737222,17.6999999999999));
#10231=CARTESIAN_POINT('Ctrl Pts',(36.0880563387376,3.00013725841767,17.6999999999999));
#10232=CARTESIAN_POINT('Origin',(69.6603597679835,1.30982374037034,17.6999999999999));
#10233=CARTESIAN_POINT('Origin',(24.7293810375411,40.9886482291694,15.7));
#10234=CARTESIAN_POINT('Origin',(39.7456262239915,3.83096938217408,15.6999999999999));
#10235=CARTESIAN_POINT('',(39.8697755465012,3.07176058376557,17.6999999999999));
#10236=CARTESIAN_POINT('',(39.8697755465012,3.07176058376557,15.6999999999999));
#10237=CARTESIAN_POINT('',(39.7456262239915,3.83096938217408,17.6999999999999));
#10238=CARTESIAN_POINT('',(39.8697755465012,3.07176058376557,17.6999999999999));
#10239=CARTESIAN_POINT('',(39.7456262239915,3.83096938217408,15.6999999999999));
#10240=CARTESIAN_POINT('Ctrl Pts',(40.395011676262,3.90736763561494,15.6999999999999));
#10241=CARTESIAN_POINT('Ctrl Pts',(40.395011676262,3.90736763561494,17.6999999999999));
#10242=CARTESIAN_POINT('Ctrl Pts',(40.2928682974407,3.90343589110642,15.6999999999999));
#10243=CARTESIAN_POINT('Ctrl Pts',(40.2928682974407,3.90343589110642,17.6999999999999));
#10244=CARTESIAN_POINT('Ctrl Pts',(40.0744570283625,3.89502871564673,15.6999999999999));
#10245=CARTESIAN_POINT('Ctrl Pts',(40.0744570283625,3.89502871564673,17.6999999999999));
#10246=CARTESIAN_POINT('Ctrl Pts',(39.8598623896125,3.85322366167248,15.6999999999999));
#10247=CARTESIAN_POINT('Ctrl Pts',(39.8598623896125,3.85322366167248,17.6999999999999));
#10248=CARTESIAN_POINT('Ctrl Pts',(39.7456262239915,3.83096938217408,15.6999999999999));
#10249=CARTESIAN_POINT('Ctrl Pts',(39.7456262239915,3.83096938217408,17.6999999999999));
#10250=CARTESIAN_POINT('',(40.395011676262,3.90736763561494,17.6999999999999));
#10251=CARTESIAN_POINT('Ctrl Pts',(40.395011676262,3.90736763561494,17.6999999999999));
#10252=CARTESIAN_POINT('Ctrl Pts',(40.2928682974407,3.90343589110642,17.6999999999999));
#10253=CARTESIAN_POINT('Ctrl Pts',(40.0744570283625,3.89502871564673,17.6999999999999));
#10254=CARTESIAN_POINT('Ctrl Pts',(39.8598623896125,3.85322366167248,17.6999999999999));
#10255=CARTESIAN_POINT('Ctrl Pts',(39.7456262239915,3.83096938217408,17.6999999999999));
#10256=CARTESIAN_POINT('',(40.395011676262,3.90736763561494,15.6999999999999));
#10257=CARTESIAN_POINT('Ctrl Pts',(41.1207959780198,3.75934605682618,15.6999999999999));
#10258=CARTESIAN_POINT('Ctrl Pts',(41.1207959780198,3.75934605682618,17.6999999999999));
#10259=CARTESIAN_POINT('Ctrl Pts',(41.0186594070053,3.80236757124144,15.6999999999999));
#10260=CARTESIAN_POINT('Ctrl Pts',(41.0186594070053,3.80236757124144,17.6999999999999));
#10261=CARTESIAN_POINT('Ctrl Pts',(40.7872972560367,3.89982091252918,15.6999999999999));
#10262=CARTESIAN_POINT('Ctrl Pts',(40.7872972560367,3.89982091252918,17.6999999999999));
#10263=CARTESIAN_POINT('Ctrl Pts',(40.5355969685688,3.90466307973608,15.6999999999999));
#10264=CARTESIAN_POINT('Ctrl Pts',(40.5355969685688,3.90466307973608,17.6999999999999));
#10265=CARTESIAN_POINT('Ctrl Pts',(40.395011676262,3.90736763561494,15.6999999999999));
#10266=CARTESIAN_POINT('Ctrl Pts',(40.395011676262,3.90736763561494,17.6999999999999));
#10267=CARTESIAN_POINT('',(41.1207959780198,3.75934605682618,17.6999999999999));
#10268=CARTESIAN_POINT('Ctrl Pts',(41.1207959780198,3.75934605682618,17.6999999999999));
#10269=CARTESIAN_POINT('Ctrl Pts',(41.0186594070053,3.80236757124144,17.6999999999999));
#10270=CARTESIAN_POINT('Ctrl Pts',(40.7872972560367,3.89982091252918,17.6999999999999));
#10271=CARTESIAN_POINT('Ctrl Pts',(40.5355969685688,3.90466307973608,17.6999999999999));
#10272=CARTESIAN_POINT('Ctrl Pts',(40.395011676262,3.90736763561494,17.6999999999999));
#10273=CARTESIAN_POINT('',(41.1207959780198,3.75934605682618,15.6999999999999));
#10274=CARTESIAN_POINT('Ctrl Pts',(41.4836881288987,3.37019150341279,15.6999999999999));
#10275=CARTESIAN_POINT('Ctrl Pts',(41.4836881288987,3.37019150341279,17.6999999999999));
#10276=CARTESIAN_POINT('Ctrl Pts',(41.4409616152492,3.44744386763377,15.6999999999999));
#10277=CARTESIAN_POINT('Ctrl Pts',(41.4409616152492,3.44744386763377,17.6999999999999));
#10278=CARTESIAN_POINT('Ctrl Pts',(41.3525902493122,3.60722514546224,15.6999999999999));
#10279=CARTESIAN_POINT('Ctrl Pts',(41.3525902493122,3.60722514546224,17.6999999999999));
#10280=CARTESIAN_POINT('Ctrl Pts',(41.1997432533153,3.70753489082673,15.6999999999999));
#10281=CARTESIAN_POINT('Ctrl Pts',(41.1997432533153,3.70753489082673,17.6999999999999));
#10282=CARTESIAN_POINT('Ctrl Pts',(41.1207959780198,3.75934605682618,15.6999999999999));
#10283=CARTESIAN_POINT('Ctrl Pts',(41.1207959780198,3.75934605682618,17.6999999999999));
#10284=CARTESIAN_POINT('',(41.4836881288987,3.37019150341279,17.6999999999999));
#10285=CARTESIAN_POINT('Ctrl Pts',(41.4836881288987,3.37019150341279,17.6999999999999));
#10286=CARTESIAN_POINT('Ctrl Pts',(41.4409616152492,3.44744386763377,17.6999999999999));
#10287=CARTESIAN_POINT('Ctrl Pts',(41.3525902493122,3.60722514546224,17.6999999999999));
#10288=CARTESIAN_POINT('Ctrl Pts',(41.1997432533153,3.70753489082673,17.6999999999999));
#10289=CARTESIAN_POINT('Ctrl Pts',(41.1207959780198,3.75934605682618,17.6999999999999));
#10290=CARTESIAN_POINT('',(41.4836881288987,3.37019150341279,15.6999999999999));
#10291=CARTESIAN_POINT('Ctrl Pts',(41.5887353548508,2.35552613819367,15.6999999999999));
#10292=CARTESIAN_POINT('Ctrl Pts',(41.5887353548508,2.35552613819367,17.6999999999999));
#10293=CARTESIAN_POINT('Ctrl Pts',(41.5910223025433,2.57038264893978,15.6999999999999));
#10294=CARTESIAN_POINT('Ctrl Pts',(41.5910223025433,2.57038264893978,17.6999999999999));
#10295=CARTESIAN_POINT('Ctrl Pts',(41.5946737570514,2.91343324750331,15.6999999999999));
#10296=CARTESIAN_POINT('Ctrl Pts',(41.5946737570514,2.91343324750331,17.6999999999999));
#10297=CARTESIAN_POINT('Ctrl Pts',(41.5138798780538,3.24593820218392,15.6999999999999));
#10298=CARTESIAN_POINT('Ctrl Pts',(41.5138798780538,3.24593820218392,17.6999999999999));
#10299=CARTESIAN_POINT('Ctrl Pts',(41.4836881288987,3.37019150341279,15.6999999999999));
#10300=CARTESIAN_POINT('Ctrl Pts',(41.4836881288987,3.37019150341279,17.6999999999999));
#10301=CARTESIAN_POINT('',(41.5887353548508,2.35552613819367,17.6999999999999));
#10302=CARTESIAN_POINT('Ctrl Pts',(41.5887353548508,2.35552613819367,17.6999999999999));
#10303=CARTESIAN_POINT('Ctrl Pts',(41.5910223025433,2.57038264893978,17.6999999999999));
#10304=CARTESIAN_POINT('Ctrl Pts',(41.5946737570514,2.91343324750331,17.6999999999999));
#10305=CARTESIAN_POINT('Ctrl Pts',(41.5138798780538,3.24593820218392,17.6999999999999));
#10306=CARTESIAN_POINT('Ctrl Pts',(41.4836881288987,3.37019150341279,17.6999999999999));
#10307=CARTESIAN_POINT('',(41.5887353548508,2.35552613819367,15.6999999999999));
#10308=CARTESIAN_POINT('Origin',(41.5887353548508,-0.561936151139673,15.6999999999999));
#10309=CARTESIAN_POINT('',(41.5887353548508,-0.561936151139673,17.6999999999999));
#10310=CARTESIAN_POINT('',(41.5887353548508,2.35552613819367,17.6999999999999));
#10311=CARTESIAN_POINT('',(41.5887353548508,-0.561936151139673,15.6999999999999));
#10312=CARTESIAN_POINT('Origin',(42.2190234789353,-0.561936151139673,15.6999999999999));
#10313=CARTESIAN_POINT('',(42.2190234789353,-0.561936151139673,17.6999999999999));
#10314=CARTESIAN_POINT('',(41.5887353548508,-0.561936151139673,17.6999999999999));
#10315=CARTESIAN_POINT('',(42.2190234789353,-0.561936151139673,15.6999999999999));
#10316=CARTESIAN_POINT('Origin',(42.2190234789353,-1.23042220985168,15.6999999999999));
#10317=CARTESIAN_POINT('',(42.2190234789353,-1.23042220985168,17.6999999999999));
#10318=CARTESIAN_POINT('',(42.2190234789353,-0.561936151139673,17.6999999999999));
#10319=CARTESIAN_POINT('',(42.2190234789353,-1.23042220985168,15.6999999999999));
#10320=CARTESIAN_POINT('Origin',(41.5887353548508,-1.23042220985168,15.6999999999999));
#10321=CARTESIAN_POINT('',(41.5887353548508,-1.23042220985168,17.6999999999999));
#10322=CARTESIAN_POINT('',(42.2190234789353,-1.23042220985168,17.6999999999999));
#10323=CARTESIAN_POINT('',(41.5887353548508,-1.23042220985168,15.6999999999999));
#10324=CARTESIAN_POINT('Origin',(41.5887353548508,-2.48621995364898,15.6999999999999));
#10325=CARTESIAN_POINT('',(41.5887353548508,-2.48621995364898,17.6999999999999));
#10326=CARTESIAN_POINT('',(41.5887353548508,-1.23042220985168,17.6999999999999));
#10327=CARTESIAN_POINT('',(41.5887353548508,-2.48621995364898,15.6999999999999));
#10328=CARTESIAN_POINT('Origin',(40.7340285906296,-3.00190920745605,15.6999999999999));
#10329=CARTESIAN_POINT('',(40.7340285906296,-3.00190920745605,17.6999999999999));
#10330=CARTESIAN_POINT('',(41.5887353548508,-2.48621995364898,17.6999999999999));
#10331=CARTESIAN_POINT('',(40.7340285906296,-3.00190920745605,15.6999999999999));
#10332=CARTESIAN_POINT('Origin',(40.7340285906296,-1.23042220985168,15.6999999999999));
#10333=CARTESIAN_POINT('',(40.7340285906296,-1.23042220985168,17.6999999999999));
#10334=CARTESIAN_POINT('',(40.7340285906296,-3.00190920745605,17.6999999999999));
#10335=CARTESIAN_POINT('',(40.7340285906296,-1.23042220985168,15.6999999999999));
#10336=CARTESIAN_POINT('Origin',(39.8697755465012,-1.23042220985168,15.6999999999999));
#10337=CARTESIAN_POINT('',(39.8697755465012,-1.23042220985168,17.6999999999999));
#10338=CARTESIAN_POINT('',(40.7340285906296,-1.23042220985168,17.6999999999999));
#10339=CARTESIAN_POINT('',(39.8697755465012,-1.23042220985168,15.6999999999999));
#10340=CARTESIAN_POINT('Origin',(39.8697755465012,-0.561936151139673,15.6999999999999));
#10341=CARTESIAN_POINT('',(39.8697755465012,-0.561936151139673,17.6999999999999));
#10342=CARTESIAN_POINT('',(39.8697755465012,-1.23042220985168,17.6999999999999));
#10343=CARTESIAN_POINT('',(39.8697755465012,-0.561936151139673,15.6999999999999));
#10344=CARTESIAN_POINT('Origin',(40.7340285906296,-0.561936151139673,15.6999999999999));
#10345=CARTESIAN_POINT('',(40.7340285906296,-0.561936151139673,17.6999999999999));
#10346=CARTESIAN_POINT('',(39.8697755465012,-0.561936151139673,17.6999999999999));
#10347=CARTESIAN_POINT('',(40.7340285906296,-0.561936151139673,15.6999999999999));
#10348=CARTESIAN_POINT('Origin',(40.7340285906296,2.40327541912324,15.6999999999999));
#10349=CARTESIAN_POINT('',(40.7340285906296,2.40327541912324,17.6999999999999));
#10350=CARTESIAN_POINT('',(40.7340285906296,-0.561936151139673,17.6999999999999));
#10351=CARTESIAN_POINT('',(40.7340285906296,2.40327541912324,15.6999999999999));
#10352=CARTESIAN_POINT('Ctrl Pts',(40.6886670717698,2.87598972404725,15.6999999999999));
#10353=CARTESIAN_POINT('Ctrl Pts',(40.6886670717698,2.87598972404725,17.6999999999999));
#10354=CARTESIAN_POINT('Ctrl Pts',(40.7016802911344,2.81928591441824,15.6999999999999));
#10355=CARTESIAN_POINT('Ctrl Pts',(40.7016802911344,2.81928591441824,17.6999999999999));
#10356=CARTESIAN_POINT('Ctrl Pts',(40.7372888536649,2.66412514333454,15.6999999999999));
#10357=CARTESIAN_POINT('Ctrl Pts',(40.7372888536649,2.66412514333454,17.6999999999999));
#10358=CARTESIAN_POINT('Ctrl Pts',(40.735294257619,2.50453991267852,15.6999999999999));
#10359=CARTESIAN_POINT('Ctrl Pts',(40.735294257619,2.50453991267852,17.6999999999999));
#10360=CARTESIAN_POINT('Ctrl Pts',(40.7340285906296,2.40327541912324,15.6999999999999));
#10361=CARTESIAN_POINT('Ctrl Pts',(40.7340285906296,2.40327541912324,17.6999999999999));
#10362=CARTESIAN_POINT('',(40.6886670717698,2.87598972404725,17.6999999999999));
#10363=CARTESIAN_POINT('Ctrl Pts',(40.6886670717698,2.87598972404725,17.6999999999999));
#10364=CARTESIAN_POINT('Ctrl Pts',(40.7016802911344,2.81928591441824,17.6999999999999));
#10365=CARTESIAN_POINT('Ctrl Pts',(40.7372888536649,2.66412514333454,17.6999999999999));
#10366=CARTESIAN_POINT('Ctrl Pts',(40.735294257619,2.50453991267852,17.6999999999999));
#10367=CARTESIAN_POINT('Ctrl Pts',(40.7340285906296,2.40327541912324,17.6999999999999));
#10368=CARTESIAN_POINT('',(40.6886670717698,2.87598972404725,15.6999999999999));
#10369=CARTESIAN_POINT('Ctrl Pts',(40.5406472811204,3.04311101520783,15.6999999999999));
#10370=CARTESIAN_POINT('Ctrl Pts',(40.5406472811204,3.04311101520783,17.6999999999999));
#10371=CARTESIAN_POINT('Ctrl Pts',(40.5723800323112,3.02085706951359,15.6999999999999));
#10372=CARTESIAN_POINT('Ctrl Pts',(40.5723800323112,3.02085706951359,17.6999999999999));
#10373=CARTESIAN_POINT('Ctrl Pts',(40.6350493040459,2.97690756883848,15.6999999999999));
#10374=CARTESIAN_POINT('Ctrl Pts',(40.6350493040459,2.97690756883848,17.6999999999999));
#10375=CARTESIAN_POINT('Ctrl Pts',(40.6709465105488,2.9093428628075,15.6999999999999));
#10376=CARTESIAN_POINT('Ctrl Pts',(40.6709465105488,2.9093428628075,17.6999999999999));
#10377=CARTESIAN_POINT('Ctrl Pts',(40.6886670717698,2.87598972404725,15.6999999999999));
#10378=CARTESIAN_POINT('Ctrl Pts',(40.6886670717698,2.87598972404725,17.6999999999999));
#10379=CARTESIAN_POINT('',(40.5406472811204,3.04311101520783,17.6999999999999));
#10380=CARTESIAN_POINT('Ctrl Pts',(40.5406472811204,3.04311101520783,17.6999999999999));
#10381=CARTESIAN_POINT('Ctrl Pts',(40.5723800323112,3.02085706951359,17.6999999999999));
#10382=CARTESIAN_POINT('Ctrl Pts',(40.6350493040459,2.97690756883848,17.6999999999999));
#10383=CARTESIAN_POINT('Ctrl Pts',(40.6709465105488,2.9093428628075,17.6999999999999));
#10384=CARTESIAN_POINT('Ctrl Pts',(40.6886670717698,2.87598972404725,17.6999999999999));
#10385=CARTESIAN_POINT('',(40.5406472811204,3.04311101520783,15.6999999999999));
#10386=CARTESIAN_POINT('Ctrl Pts',(40.2469918856126,3.10518508041627,15.6999999999999));
#10387=CARTESIAN_POINT('Ctrl Pts',(40.2469918856126,3.10518508041627,17.6999999999999));
#10388=CARTESIAN_POINT('Ctrl Pts',(40.3042284661053,3.10410084569928,15.6999999999999));
#10389=CARTESIAN_POINT('Ctrl Pts',(40.3042284661053,3.10410084569928,17.6999999999999));
#10390=CARTESIAN_POINT('Ctrl Pts',(40.4063946729703,3.1021655073644,15.6999999999999));
#10391=CARTESIAN_POINT('Ctrl Pts',(40.4063946729703,3.1021655073644,17.6999999999999));
#10392=CARTESIAN_POINT('Ctrl Pts',(40.4996405483603,3.06114889031145,15.6999999999999));
#10393=CARTESIAN_POINT('Ctrl Pts',(40.4996405483603,3.06114889031145,17.6999999999999));
#10394=CARTESIAN_POINT('Ctrl Pts',(40.5406472811204,3.04311101520783,15.6999999999999));
#10395=CARTESIAN_POINT('Ctrl Pts',(40.5406472811204,3.04311101520783,17.6999999999999));
#10396=CARTESIAN_POINT('',(40.2469918856126,3.10518508041627,17.6999999999999));
#10397=CARTESIAN_POINT('Ctrl Pts',(40.2469918856126,3.10518508041627,17.6999999999999));
#10398=CARTESIAN_POINT('Ctrl Pts',(40.3042284661053,3.10410084569928,17.6999999999999));
#10399=CARTESIAN_POINT('Ctrl Pts',(40.4063946729703,3.1021655073644,17.6999999999999));
#10400=CARTESIAN_POINT('Ctrl Pts',(40.4996405483603,3.06114889031145,17.6999999999999));
#10401=CARTESIAN_POINT('Ctrl Pts',(40.5406472811204,3.04311101520783,17.6999999999999));
#10402=CARTESIAN_POINT('',(40.2469918856126,3.10518508041627,15.6999999999999));
#10403=CARTESIAN_POINT('Ctrl Pts',(39.8697755465012,3.07176058376557,15.6999999999999));
#10404=CARTESIAN_POINT('Ctrl Pts',(39.8697755465012,3.07176058376557,17.6999999999999));
#10405=CARTESIAN_POINT('Ctrl Pts',(39.9400924941599,3.08146135561012,15.6999999999999));
#10406=CARTESIAN_POINT('Ctrl Pts',(39.9400924941599,3.08146135561012,17.6999999999999));
#10407=CARTESIAN_POINT('Ctrl Pts',(40.0653135601618,3.09873657917803,15.6999999999999));
#10408=CARTESIAN_POINT('Ctrl Pts',(40.0653135601618,3.09873657917803,17.6999999999999));
#10409=CARTESIAN_POINT('Ctrl Pts',(40.1916143529415,3.1032195069935,15.6999999999999));
#10410=CARTESIAN_POINT('Ctrl Pts',(40.1916143529415,3.1032195069935,17.6999999999999));
#10411=CARTESIAN_POINT('Ctrl Pts',(40.2469918856126,3.10518508041627,15.6999999999999));
#10412=CARTESIAN_POINT('Ctrl Pts',(40.2469918856126,3.10518508041627,17.6999999999999));
#10413=CARTESIAN_POINT('Ctrl Pts',(39.8697755465012,3.07176058376557,17.6999999999999));
#10414=CARTESIAN_POINT('Ctrl Pts',(39.9400924941599,3.08146135561012,17.6999999999999));
#10415=CARTESIAN_POINT('Ctrl Pts',(40.0653135601618,3.09873657917803,17.6999999999999));
#10416=CARTESIAN_POINT('Ctrl Pts',(40.1916143529415,3.1032195069935,17.6999999999999));
#10417=CARTESIAN_POINT('Ctrl Pts',(40.2469918856126,3.10518508041627,17.6999999999999));
#10418=CARTESIAN_POINT('Origin',(69.6603597679835,1.30982374037034,17.6999999999999));
#10419=CARTESIAN_POINT('Ctrl Pts',(51.4488980898362,2.78049235428101,15.6999999999999));
#10420=CARTESIAN_POINT('Ctrl Pts',(51.4488980898362,2.78049235428101,17.6999999999999));
#10421=CARTESIAN_POINT('Ctrl Pts',(51.5640295506453,2.58671496901312,15.6999999999999));
#10422=CARTESIAN_POINT('Ctrl Pts',(51.5640295506453,2.58671496901312,17.6999999999999));
#10423=CARTESIAN_POINT('Ctrl Pts',(51.8273526268276,2.14351676042012,15.6999999999999));
#10424=CARTESIAN_POINT('Ctrl Pts',(51.8273526268276,2.14351676042012,17.6999999999999));
#10425=CARTESIAN_POINT('Ctrl Pts',(51.8387835109465,1.62532397237737,15.6999999999999));
#10426=CARTESIAN_POINT('Ctrl Pts',(51.8387835109465,1.62532397237737,17.6999999999999));
#10427=CARTESIAN_POINT('Ctrl Pts',(51.8452165255051,1.3336980828119,15.6999999999999));
#10428=CARTESIAN_POINT('Ctrl Pts',(51.8452165255051,1.3336980828119,17.6999999999999));
#10429=CARTESIAN_POINT('',(51.8452165255051,1.3336980828119,15.6999999999999));
#10430=CARTESIAN_POINT('',(51.4488980898362,2.78049235428101,15.6999999999999));
#10431=CARTESIAN_POINT('Ctrl Pts',(51.8452165255051,1.3336980828119,15.6999999999999));
#10432=CARTESIAN_POINT('Ctrl Pts',(51.8387835109465,1.62532397237737,15.6999999999999));
#10433=CARTESIAN_POINT('Ctrl Pts',(51.8273526268276,2.14351676042012,15.6999999999999));
#10434=CARTESIAN_POINT('Ctrl Pts',(51.5640295506453,2.58671496901312,15.6999999999999));
#10435=CARTESIAN_POINT('Ctrl Pts',(51.4488980898362,2.78049235428101,15.6999999999999));
#10436=CARTESIAN_POINT('',(51.8452165255051,1.3336980828119,17.6999999999999));
#10437=CARTESIAN_POINT('',(51.8452165255051,1.3336980828119,15.6999999999999));
#10438=CARTESIAN_POINT('',(51.4488980898362,2.78049235428101,17.6999999999999));
#10439=CARTESIAN_POINT('Ctrl Pts',(51.4488980898362,2.78049235428101,17.6999999999999));
#10440=CARTESIAN_POINT('Ctrl Pts',(51.5640295506453,2.58671496901312,17.6999999999999));
#10441=CARTESIAN_POINT('Ctrl Pts',(51.8273526268276,2.14351676042012,17.6999999999999));
#10442=CARTESIAN_POINT('Ctrl Pts',(51.8387835109465,1.62532397237737,17.6999999999999));
#10443=CARTESIAN_POINT('Ctrl Pts',(51.8452165255051,1.3336980828119,17.6999999999999));
#10444=CARTESIAN_POINT('',(51.4488980898362,2.78049235428101,15.6999999999999));
#10445=CARTESIAN_POINT('Ctrl Pts',(50.4891440996629,3.24843232715851,15.6999999999999));
#10446=CARTESIAN_POINT('Ctrl Pts',(50.4891440996629,3.24843232715851,17.6999999999999));
#10447=CARTESIAN_POINT('Ctrl Pts',(50.6715200656482,3.22710147315529,15.6999999999999));
#10448=CARTESIAN_POINT('Ctrl Pts',(50.6715200656482,3.22710147315529,17.6999999999999));
#10449=CARTESIAN_POINT('Ctrl Pts',(51.0453864026094,3.18337373629394,15.6999999999999));
#10450=CARTESIAN_POINT('Ctrl Pts',(51.0453864026094,3.18337373629394,17.6999999999999));
#10451=CARTESIAN_POINT('Ctrl Pts',(51.3122257879153,2.91695116730622,15.6999999999999));
#10452=CARTESIAN_POINT('Ctrl Pts',(51.3122257879153,2.91695116730622,17.6999999999999));
#10453=CARTESIAN_POINT('Ctrl Pts',(51.4488980898362,2.78049235428101,15.6999999999999));
#10454=CARTESIAN_POINT('Ctrl Pts',(51.4488980898362,2.78049235428101,17.6999999999999));
#10455=CARTESIAN_POINT('',(50.4891440996629,3.24843232715851,15.6999999999999));
#10456=CARTESIAN_POINT('Ctrl Pts',(51.4488980898362,2.78049235428101,15.6999999999999));
#10457=CARTESIAN_POINT('Ctrl Pts',(51.3122257879153,2.91695116730622,15.6999999999999));
#10458=CARTESIAN_POINT('Ctrl Pts',(51.0453864026094,3.18337373629394,15.6999999999999));
#10459=CARTESIAN_POINT('Ctrl Pts',(50.6715200656482,3.22710147315529,15.6999999999999));
#10460=CARTESIAN_POINT('Ctrl Pts',(50.4891440996629,3.24843232715851,15.6999999999999));
#10461=CARTESIAN_POINT('',(50.4891440996629,3.24843232715851,17.6999999999999));
#10462=CARTESIAN_POINT('Ctrl Pts',(50.4891440996629,3.24843232715851,17.6999999999999));
#10463=CARTESIAN_POINT('Ctrl Pts',(50.6715200656482,3.22710147315529,17.6999999999999));
#10464=CARTESIAN_POINT('Ctrl Pts',(51.0453864026094,3.18337373629394,17.6999999999999));
#10465=CARTESIAN_POINT('Ctrl Pts',(51.3122257879153,2.91695116730622,17.6999999999999));
#10466=CARTESIAN_POINT('Ctrl Pts',(51.4488980898362,2.78049235428101,17.6999999999999));
#10467=CARTESIAN_POINT('',(50.4891440996629,3.24843232715851,15.6999999999999));
#10468=CARTESIAN_POINT('Ctrl Pts',(49.5079038271409,2.76377980793244,15.6999999999999));
#10469=CARTESIAN_POINT('Ctrl Pts',(49.5079038271409,2.76377980793244,17.6999999999999));
#10470=CARTESIAN_POINT('Ctrl Pts',(49.6479280139448,2.90510176887128,15.6999999999999));
#10471=CARTESIAN_POINT('Ctrl Pts',(49.6479280139448,2.90510176887128,17.6999999999999));
#10472=CARTESIAN_POINT('Ctrl Pts',(49.9200791880806,3.17977529834167,15.6999999999999));
#10473=CARTESIAN_POINT('Ctrl Pts',(49.9200791880806,3.17977529834167,17.6999999999999));
#10474=CARTESIAN_POINT('Ctrl Pts',(50.303161181143,3.22599370137722,15.6999999999999));
#10475=CARTESIAN_POINT('Ctrl Pts',(50.303161181143,3.22599370137722,17.6999999999999));
#10476=CARTESIAN_POINT('Ctrl Pts',(50.4891440996629,3.24843232715851,15.6999999999999));
#10477=CARTESIAN_POINT('Ctrl Pts',(50.4891440996629,3.24843232715851,17.6999999999999));
#10478=CARTESIAN_POINT('',(49.5079038271409,2.76377980793244,15.6999999999999));
#10479=CARTESIAN_POINT('Ctrl Pts',(50.4891440996629,3.24843232715851,15.6999999999999));
#10480=CARTESIAN_POINT('Ctrl Pts',(50.303161181143,3.22599370137722,15.6999999999999));
#10481=CARTESIAN_POINT('Ctrl Pts',(49.9200791880806,3.17977529834167,15.6999999999999));
#10482=CARTESIAN_POINT('Ctrl Pts',(49.6479280139448,2.90510176887128,15.6999999999999));
#10483=CARTESIAN_POINT('Ctrl Pts',(49.5079038271409,2.76377980793244,15.6999999999999));
#10484=CARTESIAN_POINT('',(49.5079038271409,2.76377980793244,17.6999999999999));
#10485=CARTESIAN_POINT('Ctrl Pts',(49.5079038271409,2.76377980793244,17.6999999999999));
#10486=CARTESIAN_POINT('Ctrl Pts',(49.6479280139448,2.90510176887128,17.6999999999999));
#10487=CARTESIAN_POINT('Ctrl Pts',(49.9200791880806,3.17977529834167,17.6999999999999));
#10488=CARTESIAN_POINT('Ctrl Pts',(50.303161181143,3.22599370137722,17.6999999999999));
#10489=CARTESIAN_POINT('Ctrl Pts',(50.4891440996629,3.24843232715851,17.6999999999999));
#10490=CARTESIAN_POINT('',(49.5079038271409,2.76377980793244,15.6999999999999));
#10491=CARTESIAN_POINT('Ctrl Pts',(49.0996501574021,1.262074757464,15.6999999999999));
#10492=CARTESIAN_POINT('Ctrl Pts',(49.0996501574021,1.262074757464,17.6999999999999));
#10493=CARTESIAN_POINT('Ctrl Pts',(49.1061467391285,1.56486618079558,15.6999999999999));
#10494=CARTESIAN_POINT('Ctrl Pts',(49.1061467391285,1.56486618079558,17.6999999999999));
#10495=CARTESIAN_POINT('Ctrl Pts',(49.1176771246468,2.10227215668737,15.6999999999999));
#10496=CARTESIAN_POINT('Ctrl Pts',(49.1176771246468,2.10227215668737,17.6999999999999));
#10497=CARTESIAN_POINT('Ctrl Pts',(49.3893151888487,2.56274976288531,15.6999999999999));
#10498=CARTESIAN_POINT('Ctrl Pts',(49.3893151888487,2.56274976288531,17.6999999999999));
#10499=CARTESIAN_POINT('Ctrl Pts',(49.5079038271409,2.76377980793244,15.6999999999999));
#10500=CARTESIAN_POINT('Ctrl Pts',(49.5079038271409,2.76377980793244,17.6999999999999));
#10501=CARTESIAN_POINT('',(49.0996501574021,1.262074757464,15.6999999999999));
#10502=CARTESIAN_POINT('Ctrl Pts',(49.5079038271409,2.76377980793244,15.6999999999999));
#10503=CARTESIAN_POINT('Ctrl Pts',(49.3893151888487,2.56274976288531,15.6999999999999));
#10504=CARTESIAN_POINT('Ctrl Pts',(49.1176771246468,2.10227215668737,15.6999999999999));
#10505=CARTESIAN_POINT('Ctrl Pts',(49.1061467391285,1.56486618079558,15.6999999999999));
#10506=CARTESIAN_POINT('Ctrl Pts',(49.0996501574021,1.262074757464,15.6999999999999));
#10507=CARTESIAN_POINT('',(49.0996501574021,1.262074757464,17.6999999999999));
#10508=CARTESIAN_POINT('Ctrl Pts',(49.0996501574021,1.262074757464,17.6999999999999));
#10509=CARTESIAN_POINT('Ctrl Pts',(49.1061467391285,1.56486618079558,17.6999999999999));
#10510=CARTESIAN_POINT('Ctrl Pts',(49.1176771246468,2.10227215668737,17.6999999999999));
#10511=CARTESIAN_POINT('Ctrl Pts',(49.3893151888487,2.56274976288531,17.6999999999999));
#10512=CARTESIAN_POINT('Ctrl Pts',(49.5079038271409,2.76377980793244,17.6999999999999));
#10513=CARTESIAN_POINT('',(49.0996501574021,1.262074757464,15.6999999999999));
#10514=CARTESIAN_POINT('Ctrl Pts',(49.4983527788621,-0.189493846051629,
15.6999999999999));
#10515=CARTESIAN_POINT('Ctrl Pts',(49.4983527788621,-0.189493846051629,
17.6999999999999));
#10516=CARTESIAN_POINT('Ctrl Pts',(49.3824758024104,0.00704137740891505,
15.6999999999999));
#10517=CARTESIAN_POINT('Ctrl Pts',(49.3824758024104,0.00704137740891505,
17.6999999999999));
#10518=CARTESIAN_POINT('Ctrl Pts',(49.1198787692184,0.452423783636752,15.6999999999999));
#10519=CARTESIAN_POINT('Ctrl Pts',(49.1198787692184,0.452423783636752,17.6999999999999));
#10520=CARTESIAN_POINT('Ctrl Pts',(49.1069011203999,0.971854681777885,15.6999999999999));
#10521=CARTESIAN_POINT('Ctrl Pts',(49.1069011203999,0.971854681777885,17.6999999999999));
#10522=CARTESIAN_POINT('Ctrl Pts',(49.0996501574021,1.262074757464,15.6999999999999));
#10523=CARTESIAN_POINT('Ctrl Pts',(49.0996501574021,1.262074757464,17.6999999999999));
#10524=CARTESIAN_POINT('',(49.4983527788621,-0.189493846051629,15.6999999999999));
#10525=CARTESIAN_POINT('Ctrl Pts',(49.0996501574021,1.262074757464,15.6999999999999));
#10526=CARTESIAN_POINT('Ctrl Pts',(49.1069011203999,0.971854681777885,15.6999999999999));
#10527=CARTESIAN_POINT('Ctrl Pts',(49.1198787692184,0.452423783636752,15.6999999999999));
#10528=CARTESIAN_POINT('Ctrl Pts',(49.3824758024104,0.00704137740891508,
15.6999999999999));
#10529=CARTESIAN_POINT('Ctrl Pts',(49.4983527788621,-0.189493846051629,
15.6999999999999));
#10530=CARTESIAN_POINT('',(49.4983527788621,-0.189493846051629,17.6999999999999));
#10531=CARTESIAN_POINT('Ctrl Pts',(49.4983527788621,-0.189493846051629,
17.6999999999999));
#10532=CARTESIAN_POINT('Ctrl Pts',(49.3824758024104,0.00704137740891508,
17.6999999999999));
#10533=CARTESIAN_POINT('Ctrl Pts',(49.1198787692184,0.452423783636752,17.6999999999999));
#10534=CARTESIAN_POINT('Ctrl Pts',(49.1069011203999,0.971854681777885,17.6999999999999));
#10535=CARTESIAN_POINT('Ctrl Pts',(49.0996501574021,1.262074757464,17.6999999999999));
#10536=CARTESIAN_POINT('',(49.4983527788621,-0.189493846051629,15.6999999999999));
#10537=CARTESIAN_POINT('Ctrl Pts',(50.4509446749192,-0.671758603208001,
15.6999999999999));
#10538=CARTESIAN_POINT('Ctrl Pts',(50.4509446749192,-0.671758603208001,
17.6999999999999));
#10539=CARTESIAN_POINT('Ctrl Pts',(50.270616025616,-0.64897654360056,15.6999999999999));
#10540=CARTESIAN_POINT('Ctrl Pts',(50.270616025616,-0.64897654360056,17.6999999999999));
#10541=CARTESIAN_POINT('Ctrl Pts',(49.8967850903708,-0.601748115490144,
15.6999999999999));
#10542=CARTESIAN_POINT('Ctrl Pts',(49.8967850903708,-0.601748115490144,
17.6999999999999));
#10543=CARTESIAN_POINT('Ctrl Pts',(49.6342474527343,-0.330102822481363,
15.6999999999999));
#10544=CARTESIAN_POINT('Ctrl Pts',(49.6342474527343,-0.330102822481363,
17.6999999999999));
#10545=CARTESIAN_POINT('Ctrl Pts',(49.4983527788621,-0.189493846051629,
15.6999999999999));
#10546=CARTESIAN_POINT('Ctrl Pts',(49.4983527788621,-0.189493846051629,
17.6999999999999));
#10547=CARTESIAN_POINT('',(50.4509446749192,-0.671758603208001,15.6999999999999));
#10548=CARTESIAN_POINT('Ctrl Pts',(49.4983527788621,-0.189493846051629,
15.6999999999999));
#10549=CARTESIAN_POINT('Ctrl Pts',(49.6342474527343,-0.330102822481363,
15.6999999999999));
#10550=CARTESIAN_POINT('Ctrl Pts',(49.8967850903708,-0.601748115490144,
15.6999999999999));
#10551=CARTESIAN_POINT('Ctrl Pts',(50.270616025616,-0.64897654360056,15.6999999999999));
#10552=CARTESIAN_POINT('Ctrl Pts',(50.4509446749192,-0.671758603208001,
15.6999999999999));
#10553=CARTESIAN_POINT('',(50.4509446749192,-0.671758603208001,17.6999999999999));
#10554=CARTESIAN_POINT('Ctrl Pts',(50.4509446749192,-0.671758603208001,
17.6999999999999));
#10555=CARTESIAN_POINT('Ctrl Pts',(50.270616025616,-0.64897654360056,17.6999999999999));
#10556=CARTESIAN_POINT('Ctrl Pts',(49.8967850903708,-0.601748115490144,
17.6999999999999));
#10557=CARTESIAN_POINT('Ctrl Pts',(49.6342474527343,-0.330102822481363,
17.6999999999999));
#10558=CARTESIAN_POINT('Ctrl Pts',(49.4983527788621,-0.189493846051629,
17.6999999999999));
#10559=CARTESIAN_POINT('',(50.4509446749192,-0.671758603208001,15.6999999999999));
#10560=CARTESIAN_POINT('Ctrl Pts',(51.4226386675339,-0.158457111470636,
15.6999999999999));
#10561=CARTESIAN_POINT('Ctrl Pts',(51.4226386675339,-0.158457111470636,
17.6999999999999));
#10562=CARTESIAN_POINT('Ctrl Pts',(51.2821115322407,-0.308032209631085,
15.6999999999999));
#10563=CARTESIAN_POINT('Ctrl Pts',(51.2821115322407,-0.308032209631085,
17.6999999999999));
#10564=CARTESIAN_POINT('Ctrl Pts',(51.0157504008849,-0.591543236064038,
15.6999999999999));
#10565=CARTESIAN_POINT('Ctrl Pts',(51.0157504008849,-0.591543236064038,
17.6999999999999));
#10566=CARTESIAN_POINT('Ctrl Pts',(50.6321599846685,-0.646021872974272,
15.6999999999999));
#10567=CARTESIAN_POINT('Ctrl Pts',(50.6321599846685,-0.646021872974272,
17.6999999999999));
#10568=CARTESIAN_POINT('Ctrl Pts',(50.4509446749192,-0.671758603208001,
15.6999999999999));
#10569=CARTESIAN_POINT('Ctrl Pts',(50.4509446749192,-0.671758603208001,
17.6999999999999));
#10570=CARTESIAN_POINT('',(51.4226386675339,-0.158457111470636,15.6999999999999));
#10571=CARTESIAN_POINT('Ctrl Pts',(50.4509446749192,-0.671758603208001,
15.6999999999999));
#10572=CARTESIAN_POINT('Ctrl Pts',(50.6321599846685,-0.646021872974272,
15.6999999999999));
#10573=CARTESIAN_POINT('Ctrl Pts',(51.0157504008849,-0.591543236064038,
15.6999999999999));
#10574=CARTESIAN_POINT('Ctrl Pts',(51.2821115322407,-0.308032209631085,
15.6999999999999));
#10575=CARTESIAN_POINT('Ctrl Pts',(51.4226386675339,-0.158457111470636,
15.6999999999999));
#10576=CARTESIAN_POINT('',(51.4226386675339,-0.158457111470636,17.6999999999999));
#10577=CARTESIAN_POINT('Ctrl Pts',(51.4226386675339,-0.158457111470636,
17.6999999999999));
#10578=CARTESIAN_POINT('Ctrl Pts',(51.2821115322407,-0.308032209631085,
17.6999999999999));
#10579=CARTESIAN_POINT('Ctrl Pts',(51.0157504008849,-0.591543236064038,
17.6999999999999));
#10580=CARTESIAN_POINT('Ctrl Pts',(50.6321599846685,-0.646021872974272,
17.6999999999999));
#10581=CARTESIAN_POINT('Ctrl Pts',(50.4509446749192,-0.671758603208001,
17.6999999999999));
#10582=CARTESIAN_POINT('',(51.4226386675339,-0.158457111470636,15.6999999999999));
#10583=CARTESIAN_POINT('Ctrl Pts',(51.8452165255051,1.3336980828119,15.6999999999999));
#10584=CARTESIAN_POINT('Ctrl Pts',(51.8452165255051,1.3336980828119,17.6999999999999));
#10585=CARTESIAN_POINT('Ctrl Pts',(51.8362267632623,1.03826682959813,15.6999999999999));
#10586=CARTESIAN_POINT('Ctrl Pts',(51.8362267632623,1.03826682959813,17.6999999999999));
#10587=CARTESIAN_POINT('Ctrl Pts',(51.8199435697116,0.503150978137941,15.6999999999999));
#10588=CARTESIAN_POINT('Ctrl Pts',(51.8199435697116,0.503150978137941,17.6999999999999));
#10589=CARTESIAN_POINT('Ctrl Pts',(51.545544979599,0.0462114186192253,15.6999999999999));
#10590=CARTESIAN_POINT('Ctrl Pts',(51.545544979599,0.0462114186192253,17.6999999999999));
#10591=CARTESIAN_POINT('Ctrl Pts',(51.4226386675339,-0.158457111470636,
15.6999999999999));
#10592=CARTESIAN_POINT('Ctrl Pts',(51.4226386675339,-0.158457111470636,
17.6999999999999));
#10593=CARTESIAN_POINT('Ctrl Pts',(51.4226386675339,-0.158457111470636,
15.6999999999999));
#10594=CARTESIAN_POINT('Ctrl Pts',(51.545544979599,0.0462114186192253,15.6999999999999));
#10595=CARTESIAN_POINT('Ctrl Pts',(51.8199435697116,0.503150978137941,15.6999999999999));
#10596=CARTESIAN_POINT('Ctrl Pts',(51.8362267632623,1.03826682959813,15.6999999999999));
#10597=CARTESIAN_POINT('Ctrl Pts',(51.8452165255051,1.3336980828119,15.6999999999999));
#10598=CARTESIAN_POINT('Ctrl Pts',(51.8452165255051,1.3336980828119,17.6999999999999));
#10599=CARTESIAN_POINT('Ctrl Pts',(51.8362267632623,1.03826682959813,17.6999999999999));
#10600=CARTESIAN_POINT('Ctrl Pts',(51.8199435697116,0.503150978137941,17.6999999999999));
#10601=CARTESIAN_POINT('Ctrl Pts',(51.545544979599,0.0462114186192253,17.6999999999999));
#10602=CARTESIAN_POINT('Ctrl Pts',(51.4226386675339,-0.158457111470636,
17.6999999999999));
#10603=CARTESIAN_POINT('Origin',(52.623524440239,-1.23042161380523,15.6999999999999));
#10604=CARTESIAN_POINT('',(52.623524440239,5.78390305126435,17.6999999999999));
#10605=CARTESIAN_POINT('',(52.623524440239,5.78390305126435,15.6999999999999));
#10606=CARTESIAN_POINT('',(52.623524440239,-1.23042161380523,17.6999999999999));
#10607=CARTESIAN_POINT('',(52.623524440239,5.78390305126435,17.6999999999999));
#10608=CARTESIAN_POINT('',(52.623524440239,-1.23042161380523,15.6999999999999));
#10609=CARTESIAN_POINT('Origin',(51.8404433855515,-1.23042161380523,15.6999999999999));
#10610=CARTESIAN_POINT('',(51.8404433855515,-1.23042161380523,17.6999999999999));
#10611=CARTESIAN_POINT('',(52.623524440239,-1.23042161380523,17.6999999999999));
#10612=CARTESIAN_POINT('',(51.8404433855515,-1.23042161380523,15.6999999999999));
#10613=CARTESIAN_POINT('Origin',(51.8404433855515,-0.571485709302362,15.6999999999999));
#10614=CARTESIAN_POINT('',(51.8404433855515,-0.571485709302362,17.6999999999999));
#10615=CARTESIAN_POINT('',(51.8404433855515,-1.23042161380523,17.6999999999999));
#10616=CARTESIAN_POINT('',(51.8404433855515,-0.571485709302362,15.6999999999999));
#10617=CARTESIAN_POINT('Ctrl Pts',(51.2149284014207,-1.15163559829467,15.6999999999999));
#10618=CARTESIAN_POINT('Ctrl Pts',(51.2149284014207,-1.15163559829467,17.6999999999999));
#10619=CARTESIAN_POINT('Ctrl Pts',(51.3300475519216,-1.07639500666641,15.6999999999999));
#10620=CARTESIAN_POINT('Ctrl Pts',(51.3300475519216,-1.07639500666641,17.6999999999999));
#10621=CARTESIAN_POINT('Ctrl Pts',(51.5713177619745,-0.918703490809563,
15.6999999999999));
#10622=CARTESIAN_POINT('Ctrl Pts',(51.5713177619745,-0.918703490809563,
17.6999999999999));
#10623=CARTESIAN_POINT('Ctrl Pts',(51.7480413245513,-0.690700068012481,
15.6999999999999));
#10624=CARTESIAN_POINT('Ctrl Pts',(51.7480413245513,-0.690700068012481,
17.6999999999999));
#10625=CARTESIAN_POINT('Ctrl Pts',(51.8404433855515,-0.571485709302362,
15.6999999999999));
#10626=CARTESIAN_POINT('Ctrl Pts',(51.8404433855515,-0.571485709302362,
17.6999999999999));
#10627=CARTESIAN_POINT('',(51.2149284014207,-1.15163559829467,17.6999999999999));
#10628=CARTESIAN_POINT('Ctrl Pts',(51.2149284014207,-1.15163559829467,17.6999999999999));
#10629=CARTESIAN_POINT('Ctrl Pts',(51.3300475519216,-1.07639500666641,17.6999999999999));
#10630=CARTESIAN_POINT('Ctrl Pts',(51.5713177619745,-0.918703490809563,
17.6999999999999));
#10631=CARTESIAN_POINT('Ctrl Pts',(51.7480413245513,-0.690700068012481,
17.6999999999999));
#10632=CARTESIAN_POINT('Ctrl Pts',(51.8404433855515,-0.571485709302362,
17.6999999999999));
#10633=CARTESIAN_POINT('',(51.2149284014207,-1.15163559829467,15.6999999999999));
#10634=CARTESIAN_POINT('Ctrl Pts',(50.3697726854783,-1.34501929198974,15.6999999999999));
#10635=CARTESIAN_POINT('Ctrl Pts',(50.3697726854783,-1.34501929198974,17.6999999999999));
#10636=CARTESIAN_POINT('Ctrl Pts',(50.5253499191775,-1.33898035852601,15.6999999999999));
#10637=CARTESIAN_POINT('Ctrl Pts',(50.5253499191775,-1.33898035852601,17.6999999999999));
#10638=CARTESIAN_POINT('Ctrl Pts',(50.8196158650343,-1.3275580416136,15.6999999999999));
#10639=CARTESIAN_POINT('Ctrl Pts',(50.8196158650343,-1.3275580416136,17.6999999999999));
#10640=CARTESIAN_POINT('Ctrl Pts',(51.0882976202146,-1.20798897537902,15.6999999999999));
#10641=CARTESIAN_POINT('Ctrl Pts',(51.0882976202146,-1.20798897537902,17.6999999999999));
#10642=CARTESIAN_POINT('Ctrl Pts',(51.2149284014207,-1.15163559829467,15.6999999999999));
#10643=CARTESIAN_POINT('Ctrl Pts',(51.2149284014207,-1.15163559829467,17.6999999999999));
#10644=CARTESIAN_POINT('',(50.3697726854783,-1.34501929198974,17.6999999999999));
#10645=CARTESIAN_POINT('Ctrl Pts',(50.3697726854783,-1.34501929198974,17.6999999999999));
#10646=CARTESIAN_POINT('Ctrl Pts',(50.5253499191775,-1.33898035852601,17.6999999999999));
#10647=CARTESIAN_POINT('Ctrl Pts',(50.8196158650343,-1.3275580416136,17.6999999999999));
#10648=CARTESIAN_POINT('Ctrl Pts',(51.0882976202146,-1.20798897537902,17.6999999999999));
#10649=CARTESIAN_POINT('Ctrl Pts',(51.2149284014207,-1.15163559829467,17.6999999999999));
#10650=CARTESIAN_POINT('',(50.3697726854783,-1.34501929198974,15.6999999999999));
#10651=CARTESIAN_POINT('Ctrl Pts',(49.2237994799119,-1.01077611362212,15.6999999999999));
#10652=CARTESIAN_POINT('Ctrl Pts',(49.2237994799119,-1.01077611362212,17.6999999999999));
#10653=CARTESIAN_POINT('Ctrl Pts',(49.3979535833311,-1.10825075452314,15.6999999999999));
#10654=CARTESIAN_POINT('Ctrl Pts',(49.3979535833311,-1.10825075452314,17.6999999999999));
#10655=CARTESIAN_POINT('Ctrl Pts',(49.7540007573374,-1.30753156243222,15.6999999999999));
#10656=CARTESIAN_POINT('Ctrl Pts',(49.7540007573374,-1.30753156243222,17.6999999999999));
#10657=CARTESIAN_POINT('Ctrl Pts',(50.1615624838498,-1.33234361228909,15.6999999999999));
#10658=CARTESIAN_POINT('Ctrl Pts',(50.1615624838498,-1.33234361228909,17.6999999999999));
#10659=CARTESIAN_POINT('Ctrl Pts',(50.3697726854783,-1.34501929198974,15.6999999999999));
#10660=CARTESIAN_POINT('Ctrl Pts',(50.3697726854783,-1.34501929198974,17.6999999999999));
#10661=CARTESIAN_POINT('',(49.2237994799119,-1.01077611362212,17.6999999999999));
#10662=CARTESIAN_POINT('Ctrl Pts',(49.2237994799119,-1.01077611362212,17.6999999999999));
#10663=CARTESIAN_POINT('Ctrl Pts',(49.3979535833311,-1.10825075452314,17.6999999999999));
#10664=CARTESIAN_POINT('Ctrl Pts',(49.7540007573374,-1.30753156243222,17.6999999999999));
#10665=CARTESIAN_POINT('Ctrl Pts',(50.1615624838498,-1.33234361228909,17.6999999999999));
#10666=CARTESIAN_POINT('Ctrl Pts',(50.3697726854783,-1.34501929198974,17.6999999999999));
#10667=CARTESIAN_POINT('',(49.2237994799119,-1.01077611362212,15.6999999999999));
#10668=CARTESIAN_POINT('Ctrl Pts',(48.4741399416428,-0.0677340737509091,
15.6999999999999));
#10669=CARTESIAN_POINT('Ctrl Pts',(48.4741399416428,-0.0677340737509091,
17.6999999999999));
#10670=CARTESIAN_POINT('Ctrl Pts',(48.5664150521735,-0.257702883624673,
15.6999999999999));
#10671=CARTESIAN_POINT('Ctrl Pts',(48.5664150521735,-0.257702883624673,
17.6999999999999));
#10672=CARTESIAN_POINT('Ctrl Pts',(48.7463362603099,-0.628110652135181,
15.6999999999999));
#10673=CARTESIAN_POINT('Ctrl Pts',(48.7463362603099,-0.628110652135181,
17.6999999999999));
#10674=CARTESIAN_POINT('Ctrl Pts',(49.0673985032219,-0.885427710928438,
15.6999999999999));
#10675=CARTESIAN_POINT('Ctrl Pts',(49.0673985032219,-0.885427710928438,
17.6999999999999));
#10676=CARTESIAN_POINT('Ctrl Pts',(49.2237994799119,-1.01077611362212,15.6999999999999));
#10677=CARTESIAN_POINT('Ctrl Pts',(49.2237994799119,-1.01077611362212,17.6999999999999));
#10678=CARTESIAN_POINT('',(48.4741399416428,-0.0677340737509091,17.6999999999999));
#10679=CARTESIAN_POINT('Ctrl Pts',(48.4741399416428,-0.0677340737509091,
17.6999999999999));
#10680=CARTESIAN_POINT('Ctrl Pts',(48.5664150521735,-0.257702883624673,
17.6999999999999));
#10681=CARTESIAN_POINT('Ctrl Pts',(48.7463362603099,-0.628110652135181,
17.6999999999999));
#10682=CARTESIAN_POINT('Ctrl Pts',(49.0673985032219,-0.885427710928438,
17.6999999999999));
#10683=CARTESIAN_POINT('Ctrl Pts',(49.2237994799119,-1.01077611362212,17.6999999999999));
#10684=CARTESIAN_POINT('',(48.4741399416428,-0.0677340737509091,15.6999999999999));
#10685=CARTESIAN_POINT('Ctrl Pts',(48.2210681566697,1.26684968555695,15.6999999999999));
#10686=CARTESIAN_POINT('Ctrl Pts',(48.2210681566697,1.26684968555695,17.6999999999999));
#10687=CARTESIAN_POINT('Ctrl Pts',(48.2305305163549,1.03243596883513,15.6999999999999));
#10688=CARTESIAN_POINT('Ctrl Pts',(48.2305305163549,1.03243596883513,17.6999999999999));
#10689=CARTESIAN_POINT('Ctrl Pts',(48.2489989423924,0.574912419375482,15.6999999999999));
#10690=CARTESIAN_POINT('Ctrl Pts',(48.2489989423924,0.574912419375482,17.6999999999999));
#10691=CARTESIAN_POINT('Ctrl Pts',(48.4003393141699,0.142923756648277,15.6999999999999));
#10692=CARTESIAN_POINT('Ctrl Pts',(48.4003393141699,0.142923756648277,17.6999999999999));
#10693=CARTESIAN_POINT('Ctrl Pts',(48.4741399416428,-0.0677340737509091,
15.6999999999999));
#10694=CARTESIAN_POINT('Ctrl Pts',(48.4741399416428,-0.0677340737509091,
17.6999999999999));
#10695=CARTESIAN_POINT('',(48.2210681566697,1.26684968555695,17.6999999999999));
#10696=CARTESIAN_POINT('Ctrl Pts',(48.2210681566697,1.26684968555695,17.6999999999999));
#10697=CARTESIAN_POINT('Ctrl Pts',(48.2305305163549,1.03243596883513,17.6999999999999));
#10698=CARTESIAN_POINT('Ctrl Pts',(48.2489989423924,0.574912419375482,17.6999999999999));
#10699=CARTESIAN_POINT('Ctrl Pts',(48.4003393141699,0.142923756648277,17.6999999999999));
#10700=CARTESIAN_POINT('Ctrl Pts',(48.4741399416428,-0.0677340737509091,
17.6999999999999));
#10701=CARTESIAN_POINT('',(48.2210681566697,1.26684968555695,15.6999999999999));
#10702=CARTESIAN_POINT('Ctrl Pts',(48.5003993639451,2.66828243816621,15.6999999999999));
#10703=CARTESIAN_POINT('Ctrl Pts',(48.5003993639451,2.66828243816621,17.6999999999999));
#10704=CARTESIAN_POINT('Ctrl Pts',(48.4189534298365,2.45000052870555,15.6999999999999));
#10705=CARTESIAN_POINT('Ctrl Pts',(48.4189534298365,2.45000052870555,17.6999999999999));
#10706=CARTESIAN_POINT('Ctrl Pts',(48.250369716523,1.99818208928531,15.6999999999999));
#10707=CARTESIAN_POINT('Ctrl Pts',(48.250369716523,1.99818208928531,17.6999999999999));
#10708=CARTESIAN_POINT('Ctrl Pts',(48.2310527411788,1.51605314864452,15.6999999999999));
#10709=CARTESIAN_POINT('Ctrl Pts',(48.2310527411788,1.51605314864452,17.6999999999999));
#10710=CARTESIAN_POINT('Ctrl Pts',(48.2210681566697,1.26684968555695,15.6999999999999));
#10711=CARTESIAN_POINT('Ctrl Pts',(48.2210681566697,1.26684968555695,17.6999999999999));
#10712=CARTESIAN_POINT('',(48.5003993639451,2.66828243816621,17.6999999999999));
#10713=CARTESIAN_POINT('Ctrl Pts',(48.5003993639451,2.66828243816621,17.6999999999999));
#10714=CARTESIAN_POINT('Ctrl Pts',(48.4189534298365,2.45000052870555,17.6999999999999));
#10715=CARTESIAN_POINT('Ctrl Pts',(48.250369716523,1.99818208928531,17.6999999999999));
#10716=CARTESIAN_POINT('Ctrl Pts',(48.2310527411788,1.51605314864452,17.6999999999999));
#10717=CARTESIAN_POINT('Ctrl Pts',(48.2210681566697,1.26684968555695,17.6999999999999));
#10718=CARTESIAN_POINT('',(48.5003993639451,2.66828243816621,15.6999999999999));
#10719=CARTESIAN_POINT('Ctrl Pts',(49.312133563469,3.62326150024659,15.6999999999999));
#10720=CARTESIAN_POINT('Ctrl Pts',(49.312133563469,3.62326150024659,17.6999999999999));
#10721=CARTESIAN_POINT('Ctrl Pts',(49.1442160546719,3.49824863437282,15.6999999999999));
#10722=CARTESIAN_POINT('Ctrl Pts',(49.1442160546719,3.49824863437282,17.6999999999999));
#10723=CARTESIAN_POINT('Ctrl Pts',(48.8006058882192,3.24243438391529,15.6999999999999));
#10724=CARTESIAN_POINT('Ctrl Pts',(48.8006058882192,3.24243438391529,17.6999999999999));
#10725=CARTESIAN_POINT('Ctrl Pts',(48.6019664643856,2.8625318752264,15.6999999999999));
#10726=CARTESIAN_POINT('Ctrl Pts',(48.6019664643856,2.8625318752264,17.6999999999999));
#10727=CARTESIAN_POINT('Ctrl Pts',(48.5003993639451,2.66828243816621,15.6999999999999));
#10728=CARTESIAN_POINT('Ctrl Pts',(48.5003993639451,2.66828243816621,17.6999999999999));
#10729=CARTESIAN_POINT('',(49.312133563469,3.62326150024659,17.6999999999999));
#10730=CARTESIAN_POINT('Ctrl Pts',(49.312133563469,3.62326150024659,17.6999999999999));
#10731=CARTESIAN_POINT('Ctrl Pts',(49.1442160546719,3.49824863437282,17.6999999999999));
#10732=CARTESIAN_POINT('Ctrl Pts',(48.8006058882192,3.24243438391529,17.6999999999999));
#10733=CARTESIAN_POINT('Ctrl Pts',(48.6019664643856,2.8625318752264,17.6999999999999));
#10734=CARTESIAN_POINT('Ctrl Pts',(48.5003993639451,2.66828243816621,17.6999999999999));
#10735=CARTESIAN_POINT('',(49.312133563469,3.62326150024659,15.6999999999999));
#10736=CARTESIAN_POINT('Ctrl Pts',(50.4318473467332,3.9551169165445,15.6999999999999));
#10737=CARTESIAN_POINT('Ctrl Pts',(50.4318473467332,3.9551169165445,17.6999999999999));
#10738=CARTESIAN_POINT('Ctrl Pts',(50.236869185312,3.94034784561654,15.6999999999999));
#10739=CARTESIAN_POINT('Ctrl Pts',(50.236869185312,3.94034784561654,17.6999999999999));
#10740=CARTESIAN_POINT('Ctrl Pts',(49.839975583826,3.91028422357563,15.6999999999999));
#10741=CARTESIAN_POINT('Ctrl Pts',(49.839975583826,3.91028422357563,17.6999999999999));
#10742=CARTESIAN_POINT('Ctrl Pts',(49.490119275824,3.72004413956593,15.6999999999999));
#10743=CARTESIAN_POINT('Ctrl Pts',(49.490119275824,3.72004413956593,17.6999999999999));
#10744=CARTESIAN_POINT('Ctrl Pts',(49.312133563469,3.62326150024659,15.6999999999999));
#10745=CARTESIAN_POINT('Ctrl Pts',(49.312133563469,3.62326150024659,17.6999999999999));
#10746=CARTESIAN_POINT('',(50.4318473467332,3.9551169165445,17.6999999999999));
#10747=CARTESIAN_POINT('Ctrl Pts',(50.4318473467332,3.9551169165445,17.6999999999999));
#10748=CARTESIAN_POINT('Ctrl Pts',(50.236869185312,3.94034784561654,17.6999999999999));
#10749=CARTESIAN_POINT('Ctrl Pts',(49.839975583826,3.91028422357563,17.6999999999999));
#10750=CARTESIAN_POINT('Ctrl Pts',(49.490119275824,3.72004413956593,17.6999999999999));
#10751=CARTESIAN_POINT('Ctrl Pts',(49.312133563469,3.62326150024659,17.6999999999999));
#10752=CARTESIAN_POINT('',(50.4318473467332,3.9551169165445,15.6999999999999));
#10753=CARTESIAN_POINT('Ctrl Pts',(51.2029931673508,3.77367084110505,15.6999999999999));
#10754=CARTESIAN_POINT('Ctrl Pts',(51.2029931673508,3.77367084110505,17.6999999999999));
#10755=CARTESIAN_POINT('Ctrl Pts',(51.0836340575205,3.82658139083266,15.6999999999999));
#10756=CARTESIAN_POINT('Ctrl Pts',(51.0836340575205,3.82658139083266,17.6999999999999));
#10757=CARTESIAN_POINT('Ctrl Pts',(50.8381359736436,3.93540792777211,15.6999999999999));
#10758=CARTESIAN_POINT('Ctrl Pts',(50.8381359736436,3.93540792777211,17.6999999999999));
#10759=CARTESIAN_POINT('Ctrl Pts',(50.569747562744,3.94842740167982,15.6999999999999));
#10760=CARTESIAN_POINT('Ctrl Pts',(50.569747562744,3.94842740167982,17.6999999999999));
#10761=CARTESIAN_POINT('Ctrl Pts',(50.4318473467332,3.9551169165445,15.6999999999999));
#10762=CARTESIAN_POINT('Ctrl Pts',(50.4318473467332,3.9551169165445,17.6999999999999));
#10763=CARTESIAN_POINT('',(51.2029931673508,3.77367084110505,17.6999999999999));
#10764=CARTESIAN_POINT('Ctrl Pts',(51.2029931673508,3.77367084110505,17.6999999999999));
#10765=CARTESIAN_POINT('Ctrl Pts',(51.0836340575205,3.82658139083266,17.6999999999999));
#10766=CARTESIAN_POINT('Ctrl Pts',(50.8381359736436,3.93540792777211,17.6999999999999));
#10767=CARTESIAN_POINT('Ctrl Pts',(50.569747562744,3.94842740167982,17.6999999999999));
#10768=CARTESIAN_POINT('Ctrl Pts',(50.4318473467332,3.9551169165445,17.6999999999999));
#10769=CARTESIAN_POINT('',(51.2029931673508,3.77367084110505,15.6999999999999));
#10770=CARTESIAN_POINT('Ctrl Pts',(51.7640445360642,3.31528072441346,15.6999999999999));
#10771=CARTESIAN_POINT('Ctrl Pts',(51.7640445360642,3.31528072441346,17.6999999999999));
#10772=CARTESIAN_POINT('Ctrl Pts',(51.6844940414013,3.40427995668687,15.6999999999999));
#10773=CARTESIAN_POINT('Ctrl Pts',(51.6844940414013,3.40427995668687,17.6999999999999));
#10774=CARTESIAN_POINT('Ctrl Pts',(51.5216275896628,3.58649113248465,15.6999999999999));
#10775=CARTESIAN_POINT('Ctrl Pts',(51.5216275896628,3.58649113248465,17.6999999999999));
#10776=CARTESIAN_POINT('Ctrl Pts',(51.3108291901602,3.71032327438017,15.6999999999999));
#10777=CARTESIAN_POINT('Ctrl Pts',(51.3108291901602,3.71032327438017,17.6999999999999));
#10778=CARTESIAN_POINT('Ctrl Pts',(51.2029931673508,3.77367084110505,15.6999999999999));
#10779=CARTESIAN_POINT('Ctrl Pts',(51.2029931673508,3.77367084110505,17.6999999999999));
#10780=CARTESIAN_POINT('',(51.7640445360642,3.31528072441346,17.6999999999999));
#10781=CARTESIAN_POINT('Ctrl Pts',(51.7640445360642,3.31528072441346,17.6999999999999));
#10782=CARTESIAN_POINT('Ctrl Pts',(51.6844940414013,3.40427995668687,17.6999999999999));
#10783=CARTESIAN_POINT('Ctrl Pts',(51.5216275896628,3.58649113248465,17.6999999999999));
#10784=CARTESIAN_POINT('Ctrl Pts',(51.3108291901602,3.71032327438017,17.6999999999999));
#10785=CARTESIAN_POINT('Ctrl Pts',(51.2029931673508,3.77367084110505,17.6999999999999));
#10786=CARTESIAN_POINT('',(51.7640445360642,3.31528072441346,15.6999999999999));
#10787=CARTESIAN_POINT('Origin',(51.7640445360642,5.78390305126435,15.6999999999999));
#10788=CARTESIAN_POINT('',(51.7640445360642,5.78390305126435,17.6999999999999));
#10789=CARTESIAN_POINT('',(51.7640445360642,3.31528072441346,17.6999999999999));
#10790=CARTESIAN_POINT('',(51.7640445360642,5.78390305126435,15.6999999999999));
#10791=CARTESIAN_POINT('Origin',(52.623524440239,5.78390305126435,15.6999999999999));
#10792=CARTESIAN_POINT('',(51.7640445360642,5.78390305126435,17.6999999999999));
#10793=CARTESIAN_POINT('Origin',(69.6603597679835,1.30982374037034,17.6999999999999));
#10794=CARTESIAN_POINT('Origin',(24.7293810375411,40.9886482291694,15.7));
#10795=CARTESIAN_POINT('Ctrl Pts',(65.2197072634202,2.76377980793244,15.6999999999999));
#10796=CARTESIAN_POINT('Ctrl Pts',(65.2197072634202,2.76377980793244,17.6999999999999));
#10797=CARTESIAN_POINT('Ctrl Pts',(65.3432584037571,2.56686986335623,15.6999999999999));
#10798=CARTESIAN_POINT('Ctrl Pts',(65.3432584037571,2.56686986335623,17.6999999999999));
#10799=CARTESIAN_POINT('Ctrl Pts',(65.6214867652023,2.12344270370132,15.6999999999999));
#10800=CARTESIAN_POINT('Ctrl Pts',(65.6214867652023,2.12344270370132,17.6999999999999));
#10801=CARTESIAN_POINT('Ctrl Pts',(65.6363892465411,1.59746124796212,15.6999999999999));
#10802=CARTESIAN_POINT('Ctrl Pts',(65.6363892465411,1.59746124796212,17.6999999999999));
#10803=CARTESIAN_POINT('Ctrl Pts',(65.644674075554,1.3050491103006,15.6999999999999));
#10804=CARTESIAN_POINT('Ctrl Pts',(65.644674075554,1.3050491103006,17.6999999999999));
#10805=CARTESIAN_POINT('',(65.644674075554,1.3050491103006,15.6999999999999));
#10806=CARTESIAN_POINT('',(65.2197072634202,2.76377980793244,15.6999999999999));
#10807=CARTESIAN_POINT('Ctrl Pts',(65.644674075554,1.3050491103006,15.6999999999999));
#10808=CARTESIAN_POINT('Ctrl Pts',(65.6363892465411,1.59746124796212,15.6999999999999));
#10809=CARTESIAN_POINT('Ctrl Pts',(65.6214867652023,2.12344270370132,15.6999999999999));
#10810=CARTESIAN_POINT('Ctrl Pts',(65.3432584037571,2.56686986335623,15.6999999999999));
#10811=CARTESIAN_POINT('Ctrl Pts',(65.2197072634202,2.76377980793244,15.6999999999999));
#10812=CARTESIAN_POINT('',(65.644674075554,1.3050491103006,17.6999999999999));
#10813=CARTESIAN_POINT('',(65.644674075554,1.3050491103006,15.6999999999999));
#10814=CARTESIAN_POINT('',(65.2197072634202,2.76377980793244,17.6999999999999));
#10815=CARTESIAN_POINT('Ctrl Pts',(65.2197072634202,2.76377980793244,17.6999999999999));
#10816=CARTESIAN_POINT('Ctrl Pts',(65.3432584037571,2.56686986335623,17.6999999999999));
#10817=CARTESIAN_POINT('Ctrl Pts',(65.6214867652023,2.12344270370132,17.6999999999999));
#10818=CARTESIAN_POINT('Ctrl Pts',(65.6363892465411,1.59746124796212,17.6999999999999));
#10819=CARTESIAN_POINT('Ctrl Pts',(65.644674075554,1.3050491103006,17.6999999999999));
#10820=CARTESIAN_POINT('',(65.2197072634202,2.76377980793244,15.6999999999999));
#10821=CARTESIAN_POINT('Ctrl Pts',(64.1501281389695,3.24843173111207,15.6999999999999));
#10822=CARTESIAN_POINT('Ctrl Pts',(64.1501281389695,3.24843173111207,17.6999999999999));
#10823=CARTESIAN_POINT('Ctrl Pts',(64.3558455397541,3.22823882788458,15.6999999999999));
#10824=CARTESIAN_POINT('Ctrl Pts',(64.3558455397541,3.22823882788458,17.6999999999999));
#10825=CARTESIAN_POINT('Ctrl Pts',(64.7672752407215,3.18785352209682,15.6999999999999));
#10826=CARTESIAN_POINT('Ctrl Pts',(64.7672752407215,3.18785352209682,17.6999999999999));
#10827=CARTESIAN_POINT('Ctrl Pts',(65.0688978356187,2.90513654434843,15.6999999999999));
#10828=CARTESIAN_POINT('Ctrl Pts',(65.0688978356187,2.90513654434843,17.6999999999999));
#10829=CARTESIAN_POINT('Ctrl Pts',(65.2197072634202,2.76377980793244,15.6999999999999));
#10830=CARTESIAN_POINT('Ctrl Pts',(65.2197072634202,2.76377980793244,17.6999999999999));
#10831=CARTESIAN_POINT('',(64.1501281389695,3.24843173111207,15.6999999999999));
#10832=CARTESIAN_POINT('Ctrl Pts',(65.2197072634202,2.76377980793244,15.6999999999999));
#10833=CARTESIAN_POINT('Ctrl Pts',(65.0688978356187,2.90513654434843,15.6999999999999));
#10834=CARTESIAN_POINT('Ctrl Pts',(64.7672752407215,3.18785352209682,15.6999999999999));
#10835=CARTESIAN_POINT('Ctrl Pts',(64.3558455397541,3.22823882788458,15.6999999999999));
#10836=CARTESIAN_POINT('Ctrl Pts',(64.1501281389695,3.24843173111207,15.6999999999999));
#10837=CARTESIAN_POINT('',(64.1501281389695,3.24843173111207,17.6999999999999));
#10838=CARTESIAN_POINT('Ctrl Pts',(64.1501281389695,3.24843173111207,17.6999999999999));
#10839=CARTESIAN_POINT('Ctrl Pts',(64.3558455397541,3.22823882788458,17.6999999999999));
#10840=CARTESIAN_POINT('Ctrl Pts',(64.7672752407215,3.18785352209682,17.6999999999999));
#10841=CARTESIAN_POINT('Ctrl Pts',(65.0688978356187,2.90513654434843,17.6999999999999));
#10842=CARTESIAN_POINT('Ctrl Pts',(65.2197072634202,2.76377980793244,17.6999999999999));
#10843=CARTESIAN_POINT('',(64.1501281389695,3.24843173111207,15.6999999999999));
#10844=CARTESIAN_POINT('Ctrl Pts',(63.085326922844,2.76139264190919,15.6999999999999));
#10845=CARTESIAN_POINT('Ctrl Pts',(63.085326922844,2.76139264190919,17.6999999999999));
#10846=CARTESIAN_POINT('Ctrl Pts',(63.2356236782856,2.90344536163883,15.6999999999999));
#10847=CARTESIAN_POINT('Ctrl Pts',(63.2356236782856,2.90344536163883,17.6999999999999));
#10848=CARTESIAN_POINT('Ctrl Pts',(63.5353409031969,3.1867225809199,15.6999999999999));
#10849=CARTESIAN_POINT('Ctrl Pts',(63.5353409031969,3.1867225809199,17.6999999999999));
#10850=CARTESIAN_POINT('Ctrl Pts',(63.9455988853745,3.22790214673818,15.6999999999999));
#10851=CARTESIAN_POINT('Ctrl Pts',(63.9455988853745,3.22790214673818,17.6999999999999));
#10852=CARTESIAN_POINT('Ctrl Pts',(64.1501281389695,3.24843173111207,15.6999999999999));
#10853=CARTESIAN_POINT('Ctrl Pts',(64.1501281389695,3.24843173111207,17.6999999999999));
#10854=CARTESIAN_POINT('',(63.085326922844,2.76139264190919,15.6999999999999));
#10855=CARTESIAN_POINT('Ctrl Pts',(64.1501281389695,3.24843173111207,15.6999999999999));
#10856=CARTESIAN_POINT('Ctrl Pts',(63.9455988853745,3.22790214673818,15.6999999999999));
#10857=CARTESIAN_POINT('Ctrl Pts',(63.5353409031969,3.1867225809199,15.6999999999999));
#10858=CARTESIAN_POINT('Ctrl Pts',(63.2356236782856,2.90344536163883,15.6999999999999));
#10859=CARTESIAN_POINT('Ctrl Pts',(63.085326922844,2.76139264190919,15.6999999999999));
#10860=CARTESIAN_POINT('',(63.085326922844,2.76139264190919,17.6999999999999));
#10861=CARTESIAN_POINT('Ctrl Pts',(63.085326922844,2.76139264190919,17.6999999999999));
#10862=CARTESIAN_POINT('Ctrl Pts',(63.2356236782856,2.90344536163883,17.6999999999999));
#10863=CARTESIAN_POINT('Ctrl Pts',(63.5353409031969,3.1867225809199,17.6999999999999));
#10864=CARTESIAN_POINT('Ctrl Pts',(63.9455988853745,3.22790214673818,17.6999999999999));
#10865=CARTESIAN_POINT('Ctrl Pts',(64.1501281389695,3.24843173111207,17.6999999999999));
#10866=CARTESIAN_POINT('',(63.085326922844,2.76139264190919,15.6999999999999));
#10867=CARTESIAN_POINT('Ctrl Pts',(62.6603601107102,1.27639954174287,15.6999999999999));
#10868=CARTESIAN_POINT('Ctrl Pts',(62.6603601107102,1.27639954174287,17.6999999999999));
#10869=CARTESIAN_POINT('Ctrl Pts',(62.6680923472832,1.57503386211163,15.6999999999999));
#10870=CARTESIAN_POINT('Ctrl Pts',(62.6680923472832,1.57503386211163,17.6999999999999));
#10871=CARTESIAN_POINT('Ctrl Pts',(62.6819321444356,2.10955429194881,15.6999999999999));
#10872=CARTESIAN_POINT('Ctrl Pts',(62.6819321444356,2.10955429194881,17.6999999999999));
#10873=CARTESIAN_POINT('Ctrl Pts',(62.9618139202877,2.56181020779193,15.6999999999999));
#10874=CARTESIAN_POINT('Ctrl Pts',(62.9618139202877,2.56181020779193,17.6999999999999));
#10875=CARTESIAN_POINT('Ctrl Pts',(63.085326922844,2.76139264190919,15.6999999999999));
#10876=CARTESIAN_POINT('Ctrl Pts',(63.085326922844,2.76139264190919,17.6999999999999));
#10877=CARTESIAN_POINT('',(62.6603601107102,1.27639954174287,15.6999999999999));
#10878=CARTESIAN_POINT('Ctrl Pts',(63.085326922844,2.76139264190919,15.6999999999999));
#10879=CARTESIAN_POINT('Ctrl Pts',(62.9618139202877,2.56181020779193,15.6999999999999));
#10880=CARTESIAN_POINT('Ctrl Pts',(62.6819321444356,2.10955429194881,15.6999999999999));
#10881=CARTESIAN_POINT('Ctrl Pts',(62.6680923472832,1.57503386211163,15.6999999999999));
#10882=CARTESIAN_POINT('Ctrl Pts',(62.6603601107102,1.27639954174287,15.6999999999999));
#10883=CARTESIAN_POINT('',(62.6603601107102,1.27639954174287,17.6999999999999));
#10884=CARTESIAN_POINT('Ctrl Pts',(62.6603601107102,1.27639954174287,17.6999999999999));
#10885=CARTESIAN_POINT('Ctrl Pts',(62.6680923472832,1.57503386211163,17.6999999999999));
#10886=CARTESIAN_POINT('Ctrl Pts',(62.6819321444356,2.10955429194881,17.6999999999999));
#10887=CARTESIAN_POINT('Ctrl Pts',(62.9618139202877,2.56181020779193,17.6999999999999));
#10888=CARTESIAN_POINT('Ctrl Pts',(63.085326922844,2.76139264190919,17.6999999999999));
#10889=CARTESIAN_POINT('',(62.6603601107102,1.27639954174287,15.6999999999999));
#10890=CARTESIAN_POINT('Ctrl Pts',(63.0877158770066,-0.148907553307946,
15.6999999999999));
#10891=CARTESIAN_POINT('Ctrl Pts',(63.0877158770066,-0.148907553307946,
17.6999999999999));
#10892=CARTESIAN_POINT('Ctrl Pts',(62.9634080245082,0.0450465423436597,
15.6999999999999));
#10893=CARTESIAN_POINT('Ctrl Pts',(62.9634080245082,0.0450465423436597,
17.6999999999999));
#10894=CARTESIAN_POINT('Ctrl Pts',(62.6865140357382,0.477076555765052,15.6999999999999));
#10895=CARTESIAN_POINT('Ctrl Pts',(62.6865140357382,0.477076555765052,17.6999999999999));
#10896=CARTESIAN_POINT('Ctrl Pts',(62.6696521038332,0.992415257134492,15.6999999999999));
#10897=CARTESIAN_POINT('Ctrl Pts',(62.6696521038332,0.992415257134492,17.6999999999999));
#10898=CARTESIAN_POINT('Ctrl Pts',(62.6603601107102,1.27639954174287,15.6999999999999));
#10899=CARTESIAN_POINT('Ctrl Pts',(62.6603601107102,1.27639954174287,17.6999999999999));
#10900=CARTESIAN_POINT('',(63.0877158770066,-0.148907553307946,15.6999999999999));
#10901=CARTESIAN_POINT('Ctrl Pts',(62.6603601107102,1.27639954174287,15.6999999999999));
#10902=CARTESIAN_POINT('Ctrl Pts',(62.6696521038332,0.992415257134492,15.6999999999999));
#10903=CARTESIAN_POINT('Ctrl Pts',(62.6865140357382,0.477076555765052,15.6999999999999));
#10904=CARTESIAN_POINT('Ctrl Pts',(62.9634080245082,0.0450465423436597,
15.6999999999999));
#10905=CARTESIAN_POINT('Ctrl Pts',(63.0877158770066,-0.148907553307946,
15.6999999999999));
#10906=CARTESIAN_POINT('',(63.0877158770066,-0.148907553307946,17.6999999999999));
#10907=CARTESIAN_POINT('Ctrl Pts',(63.0877158770066,-0.148907553307946,
17.6999999999999));
#10908=CARTESIAN_POINT('Ctrl Pts',(62.9634080245082,0.0450465423436597,
17.6999999999999));
#10909=CARTESIAN_POINT('Ctrl Pts',(62.6865140357382,0.477076555765052,17.6999999999999));
#10910=CARTESIAN_POINT('Ctrl Pts',(62.6696521038332,0.992415257134492,17.6999999999999));
#10911=CARTESIAN_POINT('Ctrl Pts',(62.6603601107102,1.27639954174287,17.6999999999999));
#10912=CARTESIAN_POINT('',(63.0877158770066,-0.148907553307946,15.6999999999999));
#10913=CARTESIAN_POINT('Ctrl Pts',(64.1501281389695,-0.633559476487573,
15.6999999999999));
#10914=CARTESIAN_POINT('Ctrl Pts',(64.1501281389695,-0.633559476487573,
17.6999999999999));
#10915=CARTESIAN_POINT('Ctrl Pts',(63.9467463356643,-0.612968105294799,
15.6999999999999));
#10916=CARTESIAN_POINT('Ctrl Pts',(63.9467463356643,-0.612968105294799,
17.6999999999999));
#10917=CARTESIAN_POINT('Ctrl Pts',(63.5379554559511,-0.571580111838156,
15.6999999999999));
#10918=CARTESIAN_POINT('Ctrl Pts',(63.5379554559511,-0.571580111838156,
17.6999999999999));
#10919=CARTESIAN_POINT('Ctrl Pts',(63.2382911011687,-0.290263440760292,
15.6999999999999));
#10920=CARTESIAN_POINT('Ctrl Pts',(63.2382911011687,-0.290263440760292,
17.6999999999999));
#10921=CARTESIAN_POINT('Ctrl Pts',(63.0877158770066,-0.148907553307946,
15.6999999999999));
#10922=CARTESIAN_POINT('Ctrl Pts',(63.0877158770066,-0.148907553307946,
17.6999999999999));
#10923=CARTESIAN_POINT('',(64.1501281389695,-0.633559476487573,15.6999999999999));
#10924=CARTESIAN_POINT('Ctrl Pts',(63.0877158770066,-0.148907553307946,
15.6999999999999));
#10925=CARTESIAN_POINT('Ctrl Pts',(63.2382911011687,-0.290263440760292,
15.6999999999999));
#10926=CARTESIAN_POINT('Ctrl Pts',(63.5379554559511,-0.571580111838156,
15.6999999999999));
#10927=CARTESIAN_POINT('Ctrl Pts',(63.9467463356643,-0.612968105294799,
15.6999999999999));
#10928=CARTESIAN_POINT('Ctrl Pts',(64.1501281389695,-0.633559476487573,
15.6999999999999));
#10929=CARTESIAN_POINT('',(64.1501281389695,-0.633559476487573,17.6999999999999));
#10930=CARTESIAN_POINT('Ctrl Pts',(64.1501281389695,-0.633559476487573,
17.6999999999999));
#10931=CARTESIAN_POINT('Ctrl Pts',(63.9467463356643,-0.612968105294799,
17.6999999999999));
#10932=CARTESIAN_POINT('Ctrl Pts',(63.5379554559511,-0.571580111838156,
17.6999999999999));
#10933=CARTESIAN_POINT('Ctrl Pts',(63.2382911011687,-0.290263440760292,
17.6999999999999));
#10934=CARTESIAN_POINT('Ctrl Pts',(63.0877158770066,-0.148907553307946,
17.6999999999999));
#10935=CARTESIAN_POINT('',(64.1501281389695,-0.633559476487573,15.6999999999999));
#10936=CARTESIAN_POINT('Ctrl Pts',(65.2197072634202,-0.151295017354425,
15.6999999999999));
#10937=CARTESIAN_POINT('Ctrl Pts',(65.2197072634202,-0.151295017354425,
17.6999999999999));
#10938=CARTESIAN_POINT('Ctrl Pts',(65.068812255918,-0.291955421011342,15.6999999999999));
#10939=CARTESIAN_POINT('Ctrl Pts',(65.068812255918,-0.291955421011342,17.6999999999999));
#10940=CARTESIAN_POINT('Ctrl Pts',(64.7667775417794,-0.573504330497484,
15.6999999999999));
#10941=CARTESIAN_POINT('Ctrl Pts',(64.7667775417794,-0.573504330497484,
17.6999999999999));
#10942=CARTESIAN_POINT('Ctrl Pts',(64.355788929971,-0.613530285229542,15.6999999999999));
#10943=CARTESIAN_POINT('Ctrl Pts',(64.355788929971,-0.613530285229542,17.6999999999999));
#10944=CARTESIAN_POINT('Ctrl Pts',(64.1501281389695,-0.633559476487573,
15.6999999999999));
#10945=CARTESIAN_POINT('Ctrl Pts',(64.1501281389695,-0.633559476487573,
17.6999999999999));
#10946=CARTESIAN_POINT('',(65.2197072634202,-0.151295017354425,15.6999999999999));
#10947=CARTESIAN_POINT('Ctrl Pts',(64.1501281389695,-0.633559476487573,
15.6999999999999));
#10948=CARTESIAN_POINT('Ctrl Pts',(64.355788929971,-0.613530285229542,15.6999999999999));
#10949=CARTESIAN_POINT('Ctrl Pts',(64.7667775417794,-0.573504330497484,
15.6999999999999));
#10950=CARTESIAN_POINT('Ctrl Pts',(65.068812255918,-0.291955421011342,15.6999999999999));
#10951=CARTESIAN_POINT('Ctrl Pts',(65.2197072634202,-0.151295017354425,
15.6999999999999));
#10952=CARTESIAN_POINT('',(65.2197072634202,-0.151295017354425,17.6999999999999));
#10953=CARTESIAN_POINT('Ctrl Pts',(65.2197072634202,-0.151295017354425,
17.6999999999999));
#10954=CARTESIAN_POINT('Ctrl Pts',(65.068812255918,-0.291955421011342,17.6999999999999));
#10955=CARTESIAN_POINT('Ctrl Pts',(64.7667775417794,-0.573504330497484,
17.6999999999999));
#10956=CARTESIAN_POINT('Ctrl Pts',(64.355788929971,-0.613530285229542,17.6999999999999));
#10957=CARTESIAN_POINT('Ctrl Pts',(64.1501281389695,-0.633559476487573,
17.6999999999999));
#10958=CARTESIAN_POINT('',(65.2197072634202,-0.151295017354425,15.6999999999999));
#10959=CARTESIAN_POINT('Ctrl Pts',(65.644674075554,1.3050491103006,15.6999999999999));
#10960=CARTESIAN_POINT('Ctrl Pts',(65.644674075554,1.3050491103006,17.6999999999999));
#10961=CARTESIAN_POINT('Ctrl Pts',(65.6364689852358,1.01279118493387,15.6999999999999));
#10962=CARTESIAN_POINT('Ctrl Pts',(65.6364689852358,1.01279118493387,17.6999999999999));
#10963=CARTESIAN_POINT('Ctrl Pts',(65.6217205758616,0.487466129510759,15.6999999999999));
#10964=CARTESIAN_POINT('Ctrl Pts',(65.6217205758616,0.487466129510759,17.6999999999999));
#10965=CARTESIAN_POINT('Ctrl Pts',(65.3432529575467,0.0450074105210208,
15.6999999999999));
#10966=CARTESIAN_POINT('Ctrl Pts',(65.3432529575467,0.0450074105210208,
17.6999999999999));
#10967=CARTESIAN_POINT('Ctrl Pts',(65.2197072634202,-0.151295017354425,
15.6999999999999));
#10968=CARTESIAN_POINT('Ctrl Pts',(65.2197072634202,-0.151295017354425,
17.6999999999999));
#10969=CARTESIAN_POINT('Ctrl Pts',(65.2197072634202,-0.151295017354425,
15.6999999999999));
#10970=CARTESIAN_POINT('Ctrl Pts',(65.3432529575467,0.0450074105210208,
15.6999999999999));
#10971=CARTESIAN_POINT('Ctrl Pts',(65.6217205758616,0.487466129510759,15.6999999999999));
#10972=CARTESIAN_POINT('Ctrl Pts',(65.6364689852358,1.01279118493387,15.6999999999999));
#10973=CARTESIAN_POINT('Ctrl Pts',(65.644674075554,1.3050491103006,15.6999999999999));
#10974=CARTESIAN_POINT('Ctrl Pts',(65.644674075554,1.3050491103006,17.6999999999999));
#10975=CARTESIAN_POINT('Ctrl Pts',(65.6364689852358,1.01279118493387,17.6999999999999));
#10976=CARTESIAN_POINT('Ctrl Pts',(65.6217205758616,0.487466129510759,17.6999999999999));
#10977=CARTESIAN_POINT('Ctrl Pts',(65.3432529575467,0.0450074105210208,
17.6999999999999));
#10978=CARTESIAN_POINT('Ctrl Pts',(65.2197072634202,-0.151295017354425,
17.6999999999999));
#10979=CARTESIAN_POINT('Ctrl Pts',(65.7449481615525,-0.781581353299554,
15.6999999999999));
#10980=CARTESIAN_POINT('Ctrl Pts',(65.7449481615525,-0.781581353299554,
17.6999999999999));
#10981=CARTESIAN_POINT('Ctrl Pts',(65.972888620535,-0.507485864836961,15.6999999999999));
#10982=CARTESIAN_POINT('Ctrl Pts',(65.972888620535,-0.507485864836961,17.6999999999999));
#10983=CARTESIAN_POINT('Ctrl Pts',(66.4724167219548,0.0931902923079564,
15.6999999999999));
#10984=CARTESIAN_POINT('Ctrl Pts',(66.4724167219548,0.0931902923079564,
17.6999999999999));
#10985=CARTESIAN_POINT('Ctrl Pts',(66.5084424468953,0.878231369945306,15.6999999999999));
#10986=CARTESIAN_POINT('Ctrl Pts',(66.5084424468953,0.878231369945306,17.6999999999999));
#10987=CARTESIAN_POINT('Ctrl Pts',(66.52802921624,1.3050491103006,15.6999999999999));
#10988=CARTESIAN_POINT('Ctrl Pts',(66.52802921624,1.3050491103006,17.6999999999999));
#10989=CARTESIAN_POINT('',(66.52802921624,1.3050491103006,17.6999999999999));
#10990=CARTESIAN_POINT('',(66.52802921624,1.3050491103006,15.6999999999999));
#10991=CARTESIAN_POINT('',(65.7449481615525,-0.781581353299554,17.6999999999999));
#10992=CARTESIAN_POINT('Ctrl Pts',(65.7449481615525,-0.781581353299554,
17.6999999999999));
#10993=CARTESIAN_POINT('Ctrl Pts',(65.972888620535,-0.507485864836961,17.6999999999999));
#10994=CARTESIAN_POINT('Ctrl Pts',(66.4724167219548,0.0931902923079564,
17.6999999999999));
#10995=CARTESIAN_POINT('Ctrl Pts',(66.5084424468953,0.878231369945306,17.6999999999999));
#10996=CARTESIAN_POINT('Ctrl Pts',(66.52802921624,1.3050491103006,17.6999999999999));
#10997=CARTESIAN_POINT('',(65.7449481615525,-0.781581353299554,15.6999999999999));
#10998=CARTESIAN_POINT('Ctrl Pts',(64.1501281389695,-1.34501929198974,15.6999999999999));
#10999=CARTESIAN_POINT('Ctrl Pts',(64.1501281389695,-1.34501929198974,17.6999999999999));
#11000=CARTESIAN_POINT('Ctrl Pts',(64.4490376767491,-1.32383560449694,15.6999999999999));
#11001=CARTESIAN_POINT('Ctrl Pts',(64.4490376767491,-1.32383560449694,17.6999999999999));
#11002=CARTESIAN_POINT('Ctrl Pts',(65.0330941428361,-1.2824435841966,15.6999999999999));
#11003=CARTESIAN_POINT('Ctrl Pts',(65.0330941428361,-1.2824435841966,17.6999999999999));
#11004=CARTESIAN_POINT('Ctrl Pts',(65.5114205566796,-0.945891947996441,
15.6999999999999));
#11005=CARTESIAN_POINT('Ctrl Pts',(65.5114205566796,-0.945891947996441,
17.6999999999999));
#11006=CARTESIAN_POINT('Ctrl Pts',(65.7449481615525,-0.781581353299554,
15.6999999999999));
#11007=CARTESIAN_POINT('Ctrl Pts',(65.7449481615525,-0.781581353299554,
17.6999999999999));
#11008=CARTESIAN_POINT('',(64.1501281389695,-1.34501929198974,17.6999999999999));
#11009=CARTESIAN_POINT('Ctrl Pts',(64.1501281389695,-1.34501929198974,17.6999999999999));
#11010=CARTESIAN_POINT('Ctrl Pts',(64.4490376767491,-1.32383560449694,17.6999999999999));
#11011=CARTESIAN_POINT('Ctrl Pts',(65.0330941428361,-1.2824435841966,17.6999999999999));
#11012=CARTESIAN_POINT('Ctrl Pts',(65.5114205566796,-0.945891947996441,
17.6999999999999));
#11013=CARTESIAN_POINT('Ctrl Pts',(65.7449481615525,-0.781581353299554,
17.6999999999999));
#11014=CARTESIAN_POINT('',(64.1501281389695,-1.34501929198974,15.6999999999999));
#11015=CARTESIAN_POINT('Ctrl Pts',(62.4407193788987,-0.659821580998834,
15.6999999999999));
#11016=CARTESIAN_POINT('Ctrl Pts',(62.4407193788987,-0.659821580998834,
17.6999999999999));
#11017=CARTESIAN_POINT('Ctrl Pts',(62.6821790928268,-0.859633533622066,
15.6999999999999));
#11018=CARTESIAN_POINT('Ctrl Pts',(62.6821790928268,-0.859633533622066,
17.6999999999999));
#11019=CARTESIAN_POINT('Ctrl Pts',(63.1779333977138,-1.2698785143244,15.6999999999999));
#11020=CARTESIAN_POINT('Ctrl Pts',(63.1779333977138,-1.2698785143244,17.6999999999999));
#11021=CARTESIAN_POINT('Ctrl Pts',(63.8205178089907,-1.31954376175889,15.6999999999999));
#11022=CARTESIAN_POINT('Ctrl Pts',(63.8205178089907,-1.31954376175889,17.6999999999999));
#11023=CARTESIAN_POINT('Ctrl Pts',(64.1501281389695,-1.34501929198974,15.6999999999999));
#11024=CARTESIAN_POINT('Ctrl Pts',(64.1501281389695,-1.34501929198974,17.6999999999999));
#11025=CARTESIAN_POINT('',(62.4407193788987,-0.659821580998834,17.6999999999999));
#11026=CARTESIAN_POINT('Ctrl Pts',(62.4407193788987,-0.659821580998834,
17.6999999999999));
#11027=CARTESIAN_POINT('Ctrl Pts',(62.6821790928268,-0.859633533622066,
17.6999999999999));
#11028=CARTESIAN_POINT('Ctrl Pts',(63.1779333977138,-1.2698785143244,17.6999999999999));
#11029=CARTESIAN_POINT('Ctrl Pts',(63.8205178089907,-1.31954376175889,17.6999999999999));
#11030=CARTESIAN_POINT('Ctrl Pts',(64.1501281389695,-1.34501929198974,17.6999999999999));
#11031=CARTESIAN_POINT('',(62.4407193788987,-0.659821580998834,15.6999999999999));
#11032=CARTESIAN_POINT('Ctrl Pts',(61.7770049700242,1.23342518890626,15.6999999999999));
#11033=CARTESIAN_POINT('Ctrl Pts',(61.7770049700242,1.23342518890626,17.6999999999999));
#11034=CARTESIAN_POINT('Ctrl Pts',(61.7966354677137,0.861276448095641,15.6999999999999));
#11035=CARTESIAN_POINT('Ctrl Pts',(61.7966354677137,0.861276448095641,17.6999999999999));
#11036=CARTESIAN_POINT('Ctrl Pts',(61.8334784424137,0.16281903457711,15.6999999999999));
#11037=CARTESIAN_POINT('Ctrl Pts',(61.8334784424137,0.16281903457711,17.6999999999999));
#11038=CARTESIAN_POINT('Ctrl Pts',(62.2473601463269,-0.397874224434097,
15.6999999999999));
#11039=CARTESIAN_POINT('Ctrl Pts',(62.2473601463269,-0.397874224434097,
17.6999999999999));
#11040=CARTESIAN_POINT('Ctrl Pts',(62.4407193788987,-0.659821580998834,
15.6999999999999));
#11041=CARTESIAN_POINT('Ctrl Pts',(62.4407193788987,-0.659821580998834,
17.6999999999999));
#11042=CARTESIAN_POINT('',(61.7770049700242,1.23342518890626,17.6999999999999));
#11043=CARTESIAN_POINT('Ctrl Pts',(61.7770049700242,1.23342518890626,17.6999999999999));
#11044=CARTESIAN_POINT('Ctrl Pts',(61.7966354677137,0.861276448095641,17.6999999999999));
#11045=CARTESIAN_POINT('Ctrl Pts',(61.8334784424137,0.16281903457711,17.6999999999999));
#11046=CARTESIAN_POINT('Ctrl Pts',(62.2473601463269,-0.397874224434097,
17.6999999999999));
#11047=CARTESIAN_POINT('Ctrl Pts',(62.4407193788987,-0.659821580998834,
17.6999999999999));
#11048=CARTESIAN_POINT('',(61.7770049700242,1.23342518890626,15.6999999999999));
#11049=CARTESIAN_POINT('Ctrl Pts',(62.070660365532,2.77332966411835,15.6999999999999));
#11050=CARTESIAN_POINT('Ctrl Pts',(62.070660365532,2.77332966411835,17.6999999999999));
#11051=CARTESIAN_POINT('Ctrl Pts',(61.9852860123842,2.55394130756778,15.6999999999999));
#11052=CARTESIAN_POINT('Ctrl Pts',(61.9852860123842,2.55394130756778,17.6999999999999));
#11053=CARTESIAN_POINT('Ctrl Pts',(61.7930436850109,2.05993196276083,15.6999999999999));
#11054=CARTESIAN_POINT('Ctrl Pts',(61.7930436850109,2.05993196276083,17.6999999999999));
#11055=CARTESIAN_POINT('Ctrl Pts',(61.7827353810821,1.52872462905707,15.6999999999999));
#11056=CARTESIAN_POINT('Ctrl Pts',(61.7827353810821,1.52872462905707,17.6999999999999));
#11057=CARTESIAN_POINT('Ctrl Pts',(61.7770049700242,1.23342518890626,15.6999999999999));
#11058=CARTESIAN_POINT('Ctrl Pts',(61.7770049700242,1.23342518890626,17.6999999999999));
#11059=CARTESIAN_POINT('',(62.070660365532,2.77332966411835,17.6999999999999));
#11060=CARTESIAN_POINT('Ctrl Pts',(62.070660365532,2.77332966411835,17.6999999999999));
#11061=CARTESIAN_POINT('Ctrl Pts',(61.9852860123842,2.55394130756778,17.6999999999999));
#11062=CARTESIAN_POINT('Ctrl Pts',(61.7930436850109,2.05993196276083,17.6999999999999));
#11063=CARTESIAN_POINT('Ctrl Pts',(61.7827353810821,1.52872462905707,17.6999999999999));
#11064=CARTESIAN_POINT('Ctrl Pts',(61.7770049700242,1.23342518890626,17.6999999999999));
#11065=CARTESIAN_POINT('',(62.070660365532,2.77332966411835,15.6999999999999));
#11066=CARTESIAN_POINT('Ctrl Pts',(62.9253671297532,3.64474837864167,15.6999999999999));
#11067=CARTESIAN_POINT('Ctrl Pts',(62.9253671297532,3.64474837864167,17.6999999999999));
#11068=CARTESIAN_POINT('Ctrl Pts',(62.7496566182834,3.53115831980861,15.6999999999999));
#11069=CARTESIAN_POINT('Ctrl Pts',(62.7496566182834,3.53115831980861,17.6999999999999));
#11070=CARTESIAN_POINT('Ctrl Pts',(62.3993949587142,3.3047276857809,15.6999999999999));
#11071=CARTESIAN_POINT('Ctrl Pts',(62.3993949587142,3.3047276857809,17.6999999999999));
#11072=CARTESIAN_POINT('Ctrl Pts',(62.1799964941887,2.95007103441955,15.6999999999999));
#11073=CARTESIAN_POINT('Ctrl Pts',(62.1799964941887,2.95007103441955,17.6999999999999));
#11074=CARTESIAN_POINT('Ctrl Pts',(62.070660365532,2.77332966411835,15.6999999999999));
#11075=CARTESIAN_POINT('Ctrl Pts',(62.070660365532,2.77332966411835,17.6999999999999));
#11076=CARTESIAN_POINT('',(62.9253671297532,3.64474837864167,17.6999999999999));
#11077=CARTESIAN_POINT('Ctrl Pts',(62.9253671297532,3.64474837864167,17.6999999999999));
#11078=CARTESIAN_POINT('Ctrl Pts',(62.7496566182834,3.53115831980861,17.6999999999999));
#11079=CARTESIAN_POINT('Ctrl Pts',(62.3993949587142,3.3047276857809,17.6999999999999));
#11080=CARTESIAN_POINT('Ctrl Pts',(62.1799964941887,2.95007103441955,17.6999999999999));
#11081=CARTESIAN_POINT('Ctrl Pts',(62.070660365532,2.77332966411835,17.6999999999999));
#11082=CARTESIAN_POINT('',(62.9253671297532,3.64474837864167,15.6999999999999));
#11083=CARTESIAN_POINT('Ctrl Pts',(64.1501281389695,3.9551169165445,15.6999999999999));
#11084=CARTESIAN_POINT('Ctrl Pts',(64.1501281389695,3.9551169165445,17.6999999999999));
#11085=CARTESIAN_POINT('Ctrl Pts',(63.9340318430049,3.94265999703801,15.6999999999999));
#11086=CARTESIAN_POINT('Ctrl Pts',(63.9340318430049,3.94265999703801,17.6999999999999));
#11087=CARTESIAN_POINT('Ctrl Pts',(63.5057199114154,3.91796985956173,15.6999999999999));
#11088=CARTESIAN_POINT('Ctrl Pts',(63.5057199114154,3.91796985956173,17.6999999999999));
#11089=CARTESIAN_POINT('Ctrl Pts',(63.1176460272607,3.73527043141139,15.6999999999999));
#11090=CARTESIAN_POINT('Ctrl Pts',(63.1176460272607,3.73527043141139,17.6999999999999));
#11091=CARTESIAN_POINT('Ctrl Pts',(62.9253671297532,3.64474837864167,15.6999999999999));
#11092=CARTESIAN_POINT('Ctrl Pts',(62.9253671297532,3.64474837864167,17.6999999999999));
#11093=CARTESIAN_POINT('',(64.1501281389695,3.9551169165445,17.6999999999999));
#11094=CARTESIAN_POINT('Ctrl Pts',(64.1501281389695,3.9551169165445,17.6999999999999));
#11095=CARTESIAN_POINT('Ctrl Pts',(63.9340318430049,3.94265999703801,17.6999999999999));
#11096=CARTESIAN_POINT('Ctrl Pts',(63.5057199114154,3.91796985956173,17.6999999999999));
#11097=CARTESIAN_POINT('Ctrl Pts',(63.1176460272607,3.73527043141139,17.6999999999999));
#11098=CARTESIAN_POINT('Ctrl Pts',(62.9253671297532,3.64474837864167,17.6999999999999));
#11099=CARTESIAN_POINT('',(64.1501281389695,3.9551169165445,15.6999999999999));
#11100=CARTESIAN_POINT('Ctrl Pts',(65.8714816698533,3.27230637157685,15.6999999999999));
#11101=CARTESIAN_POINT('Ctrl Pts',(65.8714816698533,3.27230637157685,17.6999999999999));
#11102=CARTESIAN_POINT('Ctrl Pts',(65.6301026210562,3.47139961182541,15.6999999999999));
#11103=CARTESIAN_POINT('Ctrl Pts',(65.6301026210562,3.47139961182541,17.6999999999999));
#11104=CARTESIAN_POINT('Ctrl Pts',(65.1308704665057,3.88317415390386,15.6999999999999));
#11105=CARTESIAN_POINT('Ctrl Pts',(65.1308704665057,3.88317415390386,17.6999999999999));
#11106=CARTESIAN_POINT('Ctrl Pts',(64.4841558480779,3.93061417457337,15.6999999999999));
#11107=CARTESIAN_POINT('Ctrl Pts',(64.4841558480779,3.93061417457337,17.6999999999999));
#11108=CARTESIAN_POINT('Ctrl Pts',(64.1501281389695,3.9551169165445,15.6999999999999));
#11109=CARTESIAN_POINT('Ctrl Pts',(64.1501281389695,3.9551169165445,17.6999999999999));
#11110=CARTESIAN_POINT('',(65.8714816698533,3.27230637157685,17.6999999999999));
#11111=CARTESIAN_POINT('Ctrl Pts',(65.8714816698533,3.27230637157685,17.6999999999999));
#11112=CARTESIAN_POINT('Ctrl Pts',(65.6301026210562,3.47139961182541,17.6999999999999));
#11113=CARTESIAN_POINT('Ctrl Pts',(65.1308704665057,3.88317415390386,17.6999999999999));
#11114=CARTESIAN_POINT('Ctrl Pts',(64.4841558480779,3.93061417457337,17.6999999999999));
#11115=CARTESIAN_POINT('Ctrl Pts',(64.1501281389695,3.9551169165445,17.6999999999999));
#11116=CARTESIAN_POINT('',(65.8714816698533,3.27230637157685,15.6999999999999));
#11117=CARTESIAN_POINT('Ctrl Pts',(66.52802921624,1.3050491103006,15.6999999999999));
#11118=CARTESIAN_POINT('Ctrl Pts',(66.52802921624,1.3050491103006,17.6999999999999));
#11119=CARTESIAN_POINT('Ctrl Pts',(66.5111597437556,1.69639485482831,15.6999999999999));
#11120=CARTESIAN_POINT('Ctrl Pts',(66.5111597437556,1.69639485482831,17.6999999999999));
#11121=CARTESIAN_POINT('Ctrl Pts',(66.4800414987372,2.41829014683378,15.6999999999999));
#11122=CARTESIAN_POINT('Ctrl Pts',(66.4800414987372,2.41829014683378,17.6999999999999));
#11123=CARTESIAN_POINT('Ctrl Pts',(66.0626167949488,3.00407884454931,15.6999999999999));
#11124=CARTESIAN_POINT('Ctrl Pts',(66.0626167949488,3.00407884454931,17.6999999999999));
#11125=CARTESIAN_POINT('Ctrl Pts',(65.8714816698533,3.27230637157685,15.6999999999999));
#11126=CARTESIAN_POINT('Ctrl Pts',(65.8714816698533,3.27230637157685,17.6999999999999));
#11127=CARTESIAN_POINT('Ctrl Pts',(66.52802921624,1.3050491103006,17.6999999999999));
#11128=CARTESIAN_POINT('Ctrl Pts',(66.5111597437556,1.69639485482831,17.6999999999999));
#11129=CARTESIAN_POINT('Ctrl Pts',(66.4800414987372,2.41829014683378,17.6999999999999));
#11130=CARTESIAN_POINT('Ctrl Pts',(66.0626167949488,3.00407884454931,17.6999999999999));
#11131=CARTESIAN_POINT('Ctrl Pts',(65.8714816698533,3.27230637157685,17.6999999999999));
#11132=CARTESIAN_POINT('Origin',(69.6603597679835,1.30982374037034,17.6999999999999));
#11133=CARTESIAN_POINT('Origin',(24.7293810375411,40.9886482291694,15.7));
#11134=CARTESIAN_POINT('Origin',(33.6003348955613,-1.23042161380523,15.6999999999999));
#11135=CARTESIAN_POINT('',(33.6003348955613,3.84051923835999,17.6999999999999));
#11136=CARTESIAN_POINT('',(33.6003348955613,3.84051923835999,15.6999999999999));
#11137=CARTESIAN_POINT('',(33.6003348955613,-1.23042161380523,17.6999999999999));
#11138=CARTESIAN_POINT('',(33.6003348955613,3.84051923835999,17.6999999999999));
#11139=CARTESIAN_POINT('',(33.6003348955613,-1.23042161380523,15.6999999999999));
#11140=CARTESIAN_POINT('Origin',(32.826800120781,-1.23042161380523,15.6999999999999));
#11141=CARTESIAN_POINT('',(32.826800120781,-1.23042161380523,17.6999999999999));
#11142=CARTESIAN_POINT('',(33.6003348955613,-1.23042161380523,17.6999999999999));
#11143=CARTESIAN_POINT('',(32.826800120781,-1.23042161380523,15.6999999999999));
#11144=CARTESIAN_POINT('Origin',(32.826800120781,-0.461663257234033,15.6999999999999));
#11145=CARTESIAN_POINT('',(32.826800120781,-0.461663257234033,17.6999999999999));
#11146=CARTESIAN_POINT('',(32.826800120781,-1.23042161380523,17.6999999999999));
#11147=CARTESIAN_POINT('',(32.826800120781,-0.461663257234033,15.6999999999999));
#11148=CARTESIAN_POINT('Ctrl Pts',(32.2800777086716,-1.1731230727362,15.6999999999999));
#11149=CARTESIAN_POINT('Ctrl Pts',(32.2800777086716,-1.1731230727362,17.6999999999999));
#11150=CARTESIAN_POINT('Ctrl Pts',(32.3717075077167,-1.08861432525215,15.6999999999999));
#11151=CARTESIAN_POINT('Ctrl Pts',(32.3717075077167,-1.08861432525215,17.6999999999999));
#11152=CARTESIAN_POINT('Ctrl Pts',(32.5940747420273,-0.883528461822074,
15.6999999999999));
#11153=CARTESIAN_POINT('Ctrl Pts',(32.5940747420273,-0.883528461822074,
17.6999999999999));
#11154=CARTESIAN_POINT('Ctrl Pts',(32.7406332649986,-0.617859364586044,
15.6999999999999));
#11155=CARTESIAN_POINT('Ctrl Pts',(32.7406332649986,-0.617859364586044,
17.6999999999999));
#11156=CARTESIAN_POINT('Ctrl Pts',(32.826800120781,-0.461663257234033,15.6999999999999));
#11157=CARTESIAN_POINT('Ctrl Pts',(32.826800120781,-0.461663257234033,17.6999999999999));
#11158=CARTESIAN_POINT('',(32.2800777086716,-1.1731230727362,17.6999999999999));
#11159=CARTESIAN_POINT('Ctrl Pts',(32.2800777086716,-1.1731230727362,17.6999999999999));
#11160=CARTESIAN_POINT('Ctrl Pts',(32.3717075077167,-1.08861432525215,17.6999999999999));
#11161=CARTESIAN_POINT('Ctrl Pts',(32.5940747420273,-0.883528461822074,
17.6999999999999));
#11162=CARTESIAN_POINT('Ctrl Pts',(32.7406332649986,-0.617859364586044,
17.6999999999999));
#11163=CARTESIAN_POINT('Ctrl Pts',(32.826800120781,-0.461663257234033,17.6999999999999));
#11164=CARTESIAN_POINT('',(32.2800777086716,-1.1731230727362,15.6999999999999));
#11165=CARTESIAN_POINT('Ctrl Pts',(31.7285726198655,-1.34501929198974,15.6999999999999));
#11166=CARTESIAN_POINT('Ctrl Pts',(31.7285726198655,-1.34501929198974,17.6999999999999));
#11167=CARTESIAN_POINT('Ctrl Pts',(31.8268723834724,-1.33777782422008,15.6999999999999));
#11168=CARTESIAN_POINT('Ctrl Pts',(31.8268723834724,-1.33777782422008,17.6999999999999));
#11169=CARTESIAN_POINT('Ctrl Pts',(32.0240197025958,-1.3232545343878,15.6999999999999));
#11170=CARTESIAN_POINT('Ctrl Pts',(32.0240197025958,-1.3232545343878,17.6999999999999));
#11171=CARTESIAN_POINT('Ctrl Pts',(32.1945670794697,-1.22325950840398,15.6999999999999));
#11172=CARTESIAN_POINT('Ctrl Pts',(32.1945670794697,-1.22325950840398,17.6999999999999));
#11173=CARTESIAN_POINT('Ctrl Pts',(32.2800777086716,-1.1731230727362,15.6999999999999));
#11174=CARTESIAN_POINT('Ctrl Pts',(32.2800777086716,-1.1731230727362,17.6999999999999));
#11175=CARTESIAN_POINT('',(31.7285726198655,-1.34501929198974,17.6999999999999));
#11176=CARTESIAN_POINT('Ctrl Pts',(31.7285726198655,-1.34501929198974,17.6999999999999));
#11177=CARTESIAN_POINT('Ctrl Pts',(31.8268723834724,-1.33777782422008,17.6999999999999));
#11178=CARTESIAN_POINT('Ctrl Pts',(32.0240197025958,-1.3232545343878,17.6999999999999));
#11179=CARTESIAN_POINT('Ctrl Pts',(32.1945670794697,-1.22325950840398,17.6999999999999));
#11180=CARTESIAN_POINT('Ctrl Pts',(32.2800777086716,-1.1731230727362,17.6999999999999));
#11181=CARTESIAN_POINT('',(31.7285726198655,-1.34501929198974,15.6999999999999));
#11182=CARTESIAN_POINT('Ctrl Pts',(30.8452174791794,-1.0680752507376,15.6999999999999));
#11183=CARTESIAN_POINT('Ctrl Pts',(30.8452174791794,-1.0680752507376,17.6999999999999));
#11184=CARTESIAN_POINT('Ctrl Pts',(30.9901289096294,-1.14878697475552,15.6999999999999));
#11185=CARTESIAN_POINT('Ctrl Pts',(30.9901289096294,-1.14878697475552,17.6999999999999));
#11186=CARTESIAN_POINT('Ctrl Pts',(31.2658581582647,-1.30236066421824,15.6999999999999));
#11187=CARTESIAN_POINT('Ctrl Pts',(31.2658581582647,-1.30236066421824,17.6999999999999));
#11188=CARTESIAN_POINT('Ctrl Pts',(31.5796813813115,-1.33129269286435,15.6999999999999));
#11189=CARTESIAN_POINT('Ctrl Pts',(31.5796813813115,-1.33129269286435,17.6999999999999));
#11190=CARTESIAN_POINT('Ctrl Pts',(31.7285726198655,-1.34501929198974,15.6999999999999));
#11191=CARTESIAN_POINT('Ctrl Pts',(31.7285726198655,-1.34501929198974,17.6999999999999));
#11192=CARTESIAN_POINT('',(30.8452174791794,-1.0680752507376,17.6999999999999));
#11193=CARTESIAN_POINT('Ctrl Pts',(30.8452174791794,-1.0680752507376,17.6999999999999));
#11194=CARTESIAN_POINT('Ctrl Pts',(30.9901289096294,-1.14878697475552,17.6999999999999));
#11195=CARTESIAN_POINT('Ctrl Pts',(31.2658581582647,-1.30236066421824,17.6999999999999));
#11196=CARTESIAN_POINT('Ctrl Pts',(31.5796813813115,-1.33129269286435,17.6999999999999));
#11197=CARTESIAN_POINT('Ctrl Pts',(31.7285726198655,-1.34501929198974,17.6999999999999));
#11198=CARTESIAN_POINT('',(30.8452174791794,-1.0680752507376,15.6999999999999));
#11199=CARTESIAN_POINT('Origin',(31.1412618288499,-0.270667325608667,15.6999999999999));
#11200=CARTESIAN_POINT('',(31.1412618288499,-0.270667325608667,17.6999999999999));
#11201=CARTESIAN_POINT('',(30.8452174791794,-1.0680752507376,17.6999999999999));
#11202=CARTESIAN_POINT('',(31.1412618288499,-0.270667325608667,15.6999999999999));
#11203=CARTESIAN_POINT('Ctrl Pts',(31.7715499529343,-0.456888329141076,
15.6999999999999));
#11204=CARTESIAN_POINT('Ctrl Pts',(31.7715499529343,-0.456888329141076,
17.6999999999999));
#11205=CARTESIAN_POINT('Ctrl Pts',(31.6645896297818,-0.447975167000918,
15.6999999999999));
#11206=CARTESIAN_POINT('Ctrl Pts',(31.6645896297818,-0.447975167000918,
17.6999999999999));
#11207=CARTESIAN_POINT('Ctrl Pts',(31.4418900925962,-0.429417284741694,
15.6999999999999));
#11208=CARTESIAN_POINT('Ctrl Pts',(31.4418900925962,-0.429417284741694,
17.6999999999999));
#11209=CARTESIAN_POINT('Ctrl Pts',(31.2440706202097,-0.324956603747406,
15.6999999999999));
#11210=CARTESIAN_POINT('Ctrl Pts',(31.2440706202097,-0.324956603747406,
17.6999999999999));
#11211=CARTESIAN_POINT('Ctrl Pts',(31.1412618288499,-0.270667325608667,
15.6999999999999));
#11212=CARTESIAN_POINT('Ctrl Pts',(31.1412618288499,-0.270667325608667,
17.6999999999999));
#11213=CARTESIAN_POINT('',(31.7715499529343,-0.456888329141076,17.6999999999999));
#11214=CARTESIAN_POINT('Ctrl Pts',(31.7715499529343,-0.456888329141076,
17.6999999999999));
#11215=CARTESIAN_POINT('Ctrl Pts',(31.6645896297818,-0.447975167000918,
17.6999999999999));
#11216=CARTESIAN_POINT('Ctrl Pts',(31.4418900925962,-0.429417284741694,
17.6999999999999));
#11217=CARTESIAN_POINT('Ctrl Pts',(31.2440706202097,-0.324956603747406,
17.6999999999999));
#11218=CARTESIAN_POINT('Ctrl Pts',(31.1412618288499,-0.270667325608667,
17.6999999999999));
#11219=CARTESIAN_POINT('',(31.7715499529343,-0.456888329141076,15.6999999999999));
#11220=CARTESIAN_POINT('Ctrl Pts',(32.277688754509,-0.287379573934015,15.6999999999999));
#11221=CARTESIAN_POINT('Ctrl Pts',(32.277688754509,-0.287379573934015,17.6999999999999));
#11222=CARTESIAN_POINT('Ctrl Pts',(32.2004738189076,-0.33681966174115,15.6999999999999));
#11223=CARTESIAN_POINT('Ctrl Pts',(32.2004738189076,-0.33681966174115,17.6999999999999));
#11224=CARTESIAN_POINT('Ctrl Pts',(32.0459723001422,-0.435745712700136,
15.6999999999999));
#11225=CARTESIAN_POINT('Ctrl Pts',(32.0459723001422,-0.435745712700136,
17.6999999999999));
#11226=CARTESIAN_POINT('Ctrl Pts',(31.8630523440536,-0.44983861187662,15.6999999999999));
#11227=CARTESIAN_POINT('Ctrl Pts',(31.8630523440536,-0.44983861187662,17.6999999999999));
#11228=CARTESIAN_POINT('Ctrl Pts',(31.7715499529343,-0.456888329141076,
15.6999999999999));
#11229=CARTESIAN_POINT('Ctrl Pts',(31.7715499529343,-0.456888329141076,
17.6999999999999));
#11230=CARTESIAN_POINT('',(32.277688754509,-0.287379573934015,17.6999999999999));
#11231=CARTESIAN_POINT('Ctrl Pts',(32.277688754509,-0.287379573934015,17.6999999999999));
#11232=CARTESIAN_POINT('Ctrl Pts',(32.2004738189076,-0.33681966174115,17.6999999999999));
#11233=CARTESIAN_POINT('Ctrl Pts',(32.0459723001422,-0.435745712700136,
17.6999999999999));
#11234=CARTESIAN_POINT('Ctrl Pts',(31.8630523440536,-0.44983861187662,17.6999999999999));
#11235=CARTESIAN_POINT('Ctrl Pts',(31.7715499529343,-0.456888329141076,
17.6999999999999));
#11236=CARTESIAN_POINT('',(32.277688754509,-0.287379573934015,15.6999999999999));
#11237=CARTESIAN_POINT('Ctrl Pts',(32.5976083406907,0.182947564966742,15.6999999999999));
#11238=CARTESIAN_POINT('Ctrl Pts',(32.5976083406907,0.182947564966742,17.6999999999999));
#11239=CARTESIAN_POINT('Ctrl Pts',(32.5616229713122,0.0890862677560644,
15.6999999999999));
#11240=CARTESIAN_POINT('Ctrl Pts',(32.5616229713122,0.0890862677560644,
17.6999999999999));
#11241=CARTESIAN_POINT('Ctrl Pts',(32.4918110594064,-0.0930054190990171,
15.6999999999999));
#11242=CARTESIAN_POINT('Ctrl Pts',(32.4918110594064,-0.0930054190990171,
17.6999999999999));
#11243=CARTESIAN_POINT('Ctrl Pts',(32.347576107541,-0.223937817197117,15.6999999999999));
#11244=CARTESIAN_POINT('Ctrl Pts',(32.347576107541,-0.223937817197117,17.6999999999999));
#11245=CARTESIAN_POINT('Ctrl Pts',(32.277688754509,-0.287379573934015,15.6999999999999));
#11246=CARTESIAN_POINT('Ctrl Pts',(32.277688754509,-0.287379573934015,17.6999999999999));
#11247=CARTESIAN_POINT('',(32.5976083406907,0.182947564966742,17.6999999999999));
#11248=CARTESIAN_POINT('Ctrl Pts',(32.5976083406907,0.182947564966742,17.6999999999999));
#11249=CARTESIAN_POINT('Ctrl Pts',(32.5616229713122,0.0890862677560644,
17.6999999999999));
#11250=CARTESIAN_POINT('Ctrl Pts',(32.4918110594064,-0.0930054190990171,
17.6999999999999));
#11251=CARTESIAN_POINT('Ctrl Pts',(32.347576107541,-0.223937817197117,17.6999999999999));
#11252=CARTESIAN_POINT('Ctrl Pts',(32.277688754509,-0.287379573934015,17.6999999999999));
#11253=CARTESIAN_POINT('',(32.5976083406907,0.182947564966742,15.6999999999999));
#11254=CARTESIAN_POINT('Ctrl Pts',(32.7408549913865,1.18567650402314,15.6999999999999));
#11255=CARTESIAN_POINT('Ctrl Pts',(32.7408549913865,1.18567650402314,17.6999999999999));
#11256=CARTESIAN_POINT('Ctrl Pts',(32.7356816055097,1.01040957783774,15.6999999999999));
#11257=CARTESIAN_POINT('Ctrl Pts',(32.7356816055097,1.01040957783774,17.6999999999999));
#11258=CARTESIAN_POINT('Ctrl Pts',(32.7256538836776,0.670684681220821,15.6999999999999));
#11259=CARTESIAN_POINT('Ctrl Pts',(32.7256538836776,0.670684681220821,17.6999999999999));
#11260=CARTESIAN_POINT('Ctrl Pts',(32.6393751509072,0.342041142883899,15.6999999999999));
#11261=CARTESIAN_POINT('Ctrl Pts',(32.6393751509072,0.342041142883899,17.6999999999999));
#11262=CARTESIAN_POINT('Ctrl Pts',(32.5976083406907,0.182947564966742,15.6999999999999));
#11263=CARTESIAN_POINT('Ctrl Pts',(32.5976083406907,0.182947564966742,17.6999999999999));
#11264=CARTESIAN_POINT('',(32.7408549913865,1.18567650402314,17.6999999999999));
#11265=CARTESIAN_POINT('Ctrl Pts',(32.7408549913865,1.18567650402314,17.6999999999999));
#11266=CARTESIAN_POINT('Ctrl Pts',(32.7356816055097,1.01040957783774,17.6999999999999));
#11267=CARTESIAN_POINT('Ctrl Pts',(32.7256538836776,0.670684681220821,17.6999999999999));
#11268=CARTESIAN_POINT('Ctrl Pts',(32.6393751509072,0.342041142883899,17.6999999999999));
#11269=CARTESIAN_POINT('Ctrl Pts',(32.5976083406907,0.182947564966742,17.6999999999999));
#11270=CARTESIAN_POINT('',(32.7408549913865,1.18567650402314,15.6999999999999));
#11271=CARTESIAN_POINT('Origin',(32.7408549913865,3.84051923835999,15.6999999999999));
#11272=CARTESIAN_POINT('',(32.7408549913865,3.84051923835999,17.6999999999999));
#11273=CARTESIAN_POINT('',(32.7408549913865,1.18567650402314,17.6999999999999));
#11274=CARTESIAN_POINT('',(32.7408549913865,3.84051923835999,15.6999999999999));
#11275=CARTESIAN_POINT('Origin',(33.6003348955613,3.84051923835999,15.6999999999999));
#11276=CARTESIAN_POINT('',(32.7408549913865,3.84051923835999,17.6999999999999));
#11277=CARTESIAN_POINT('Origin',(69.6603597679835,1.30982374037034,17.6999999999999));
#11278=CARTESIAN_POINT('Origin',(86.8643138536912,-1.23042161380523,15.6999999999999));
#11279=CARTESIAN_POINT('',(86.8643138536912,3.84051923835999,17.6999999999999));
#11280=CARTESIAN_POINT('',(86.8643138536912,3.84051923835999,15.6999999999999));
#11281=CARTESIAN_POINT('',(86.8643138536912,-1.23042161380523,17.6999999999999));
#11282=CARTESIAN_POINT('',(86.8643138536912,3.84051923835999,17.6999999999999));
#11283=CARTESIAN_POINT('',(86.8643138536912,-1.23042161380523,15.6999999999999));
#11284=CARTESIAN_POINT('Origin',(86.0907814630967,-1.23042161380523,15.6999999999999));
#11285=CARTESIAN_POINT('',(86.0907814630967,-1.23042161380523,17.6999999999999));
#11286=CARTESIAN_POINT('',(86.8643138536912,-1.23042161380523,17.6999999999999));
#11287=CARTESIAN_POINT('',(86.0907814630967,-1.23042161380523,15.6999999999999));
#11288=CARTESIAN_POINT('Origin',(86.0907814630967,-0.509412240140374,15.6999999999999));
#11289=CARTESIAN_POINT('',(86.0907814630967,-0.509412240140374,17.6999999999999));
#11290=CARTESIAN_POINT('',(86.0907814630967,-1.23042161380523,17.6999999999999));
#11291=CARTESIAN_POINT('',(86.0907814630967,-0.509412240140374,15.6999999999999));
#11292=CARTESIAN_POINT('Ctrl Pts',(84.4768641123276,-1.34501929198974,15.6999999999999));
#11293=CARTESIAN_POINT('Ctrl Pts',(84.4768641123276,-1.34501929198974,17.6999999999999));
#11294=CARTESIAN_POINT('Ctrl Pts',(84.8065167008808,-1.31227857840316,15.6999999999999));
#11295=CARTESIAN_POINT('Ctrl Pts',(84.8065167008808,-1.31227857840316,17.6999999999999));
#11296=CARTESIAN_POINT('Ctrl Pts',(85.4563444543486,-1.24773843797751,15.6999999999999));
#11297=CARTESIAN_POINT('Ctrl Pts',(85.4563444543486,-1.24773843797751,17.6999999999999));
#11298=CARTESIAN_POINT('Ctrl Pts',(85.881368717986,-0.753116364811982,15.6999999999999));
#11299=CARTESIAN_POINT('Ctrl Pts',(85.881368717986,-0.753116364811982,17.6999999999999));
#11300=CARTESIAN_POINT('Ctrl Pts',(86.0907814630967,-0.509412240140374,
15.6999999999999));
#11301=CARTESIAN_POINT('Ctrl Pts',(86.0907814630967,-0.509412240140374,
17.6999999999999));
#11302=CARTESIAN_POINT('',(84.4768641123276,-1.34501929198974,17.6999999999999));
#11303=CARTESIAN_POINT('Ctrl Pts',(84.4768641123276,-1.34501929198974,17.6999999999999));
#11304=CARTESIAN_POINT('Ctrl Pts',(84.8065167008808,-1.31227857840316,17.6999999999999));
#11305=CARTESIAN_POINT('Ctrl Pts',(85.4563444543486,-1.24773843797751,17.6999999999999));
#11306=CARTESIAN_POINT('Ctrl Pts',(85.881368717986,-0.753116364811982,17.6999999999999));
#11307=CARTESIAN_POINT('Ctrl Pts',(86.0907814630967,-0.509412240140374,
17.6999999999999));
#11308=CARTESIAN_POINT('',(84.4768641123276,-1.34501929198974,15.6999999999999));
#11309=CARTESIAN_POINT('Ctrl Pts',(83.6340949663621,-1.18028516685241,15.6999999999999));
#11310=CARTESIAN_POINT('Ctrl Pts',(83.6340949663621,-1.18028516685241,17.6999999999999));
#11311=CARTESIAN_POINT('Ctrl Pts',(83.7670323443521,-1.2283249794526,15.6999999999999));
#11312=CARTESIAN_POINT('Ctrl Pts',(83.7670323443521,-1.2283249794526,17.6999999999999));
#11313=CARTESIAN_POINT('Ctrl Pts',(84.0393442141614,-1.32673079572667,15.6999999999999));
#11314=CARTESIAN_POINT('Ctrl Pts',(84.0393442141614,-1.32673079572667,17.6999999999999));
#11315=CARTESIAN_POINT('Ctrl Pts',(84.3287437975654,-1.3388278071353,15.6999999999999));
#11316=CARTESIAN_POINT('Ctrl Pts',(84.3287437975654,-1.3388278071353,17.6999999999999));
#11317=CARTESIAN_POINT('Ctrl Pts',(84.4768641123276,-1.34501929198974,15.6999999999999));
#11318=CARTESIAN_POINT('Ctrl Pts',(84.4768641123276,-1.34501929198974,17.6999999999999));
#11319=CARTESIAN_POINT('',(83.6340949663621,-1.18028516685241,17.6999999999999));
#11320=CARTESIAN_POINT('Ctrl Pts',(83.6340949663621,-1.18028516685241,17.6999999999999));
#11321=CARTESIAN_POINT('Ctrl Pts',(83.7670323443521,-1.2283249794526,17.6999999999999));
#11322=CARTESIAN_POINT('Ctrl Pts',(84.0393442141614,-1.32673079572667,17.6999999999999));
#11323=CARTESIAN_POINT('Ctrl Pts',(84.3287437975654,-1.3388278071353,17.6999999999999));
#11324=CARTESIAN_POINT('Ctrl Pts',(84.4768641123276,-1.34501929198974,17.6999999999999));
#11325=CARTESIAN_POINT('',(83.6340949663621,-1.18028516685241,15.6999999999999));
#11326=CARTESIAN_POINT('Ctrl Pts',(83.0587194094163,-0.748157154672082,
15.6999999999999));
#11327=CARTESIAN_POINT('Ctrl Pts',(83.0587194094163,-0.748157154672082,
17.6999999999999));
#11328=CARTESIAN_POINT('Ctrl Pts',(83.1340812218803,-0.834511699128485,
15.6999999999999));
#11329=CARTESIAN_POINT('Ctrl Pts',(83.1340812218803,-0.834511699128485,
17.6999999999999));
#11330=CARTESIAN_POINT('Ctrl Pts',(83.2950068074693,-1.0189108686886,15.6999999999999));
#11331=CARTESIAN_POINT('Ctrl Pts',(83.2950068074693,-1.0189108686886,17.6999999999999));
#11332=CARTESIAN_POINT('Ctrl Pts',(83.5163874010204,-1.12426735777405,15.6999999999999));
#11333=CARTESIAN_POINT('Ctrl Pts',(83.5163874010204,-1.12426735777405,17.6999999999999));
#11334=CARTESIAN_POINT('Ctrl Pts',(83.6340949663621,-1.18028516685241,15.6999999999999));
#11335=CARTESIAN_POINT('Ctrl Pts',(83.6340949663621,-1.18028516685241,17.6999999999999));
#11336=CARTESIAN_POINT('',(83.0587194094163,-0.748157154672082,17.6999999999999));
#11337=CARTESIAN_POINT('Ctrl Pts',(83.0587194094163,-0.748157154672082,
17.6999999999999));
#11338=CARTESIAN_POINT('Ctrl Pts',(83.1340812218803,-0.834511699128485,
17.6999999999999));
#11339=CARTESIAN_POINT('Ctrl Pts',(83.2950068074693,-1.0189108686886,17.6999999999999));
#11340=CARTESIAN_POINT('Ctrl Pts',(83.5163874010204,-1.12426735777405,17.6999999999999));
#11341=CARTESIAN_POINT('Ctrl Pts',(83.6340949663621,-1.18028516685241,17.6999999999999));
#11342=CARTESIAN_POINT('',(83.0587194094163,-0.748157154672082,15.6999999999999));
#11343=CARTESIAN_POINT('Ctrl Pts',(82.7913258203965,-0.113095592610772,
15.6999999999999));
#11344=CARTESIAN_POINT('Ctrl Pts',(82.7913258203965,-0.113095592610772,
17.6999999999999));
#11345=CARTESIAN_POINT('Ctrl Pts',(82.8204048949748,-0.229820144491565,
15.6999999999999));
#11346=CARTESIAN_POINT('Ctrl Pts',(82.8204048949748,-0.229820144491565,
17.6999999999999));
#11347=CARTESIAN_POINT('Ctrl Pts',(82.8766283647552,-0.455503368956374,
15.6999999999999));
#11348=CARTESIAN_POINT('Ctrl Pts',(82.8766283647552,-0.455503368956374,
17.6999999999999));
#11349=CARTESIAN_POINT('Ctrl Pts',(82.9994309620022,-0.652869719657278,
15.6999999999999));
#11350=CARTESIAN_POINT('Ctrl Pts',(82.9994309620022,-0.652869719657278,
17.6999999999999));
#11351=CARTESIAN_POINT('Ctrl Pts',(83.0587194094163,-0.748157154672082,
15.6999999999999));
#11352=CARTESIAN_POINT('Ctrl Pts',(83.0587194094163,-0.748157154672082,
17.6999999999999));
#11353=CARTESIAN_POINT('',(82.7913258203965,-0.113095592610772,17.6999999999999));
#11354=CARTESIAN_POINT('Ctrl Pts',(82.7913258203965,-0.113095592610772,
17.6999999999999));
#11355=CARTESIAN_POINT('Ctrl Pts',(82.8204048949748,-0.229820144491565,
17.6999999999999));
#11356=CARTESIAN_POINT('Ctrl Pts',(82.8766283647552,-0.455503368956374,
17.6999999999999));
#11357=CARTESIAN_POINT('Ctrl Pts',(82.9994309620022,-0.652869719657278,
17.6999999999999));
#11358=CARTESIAN_POINT('Ctrl Pts',(83.0587194094163,-0.748157154672082,
17.6999999999999));
#11359=CARTESIAN_POINT('',(82.7913258203965,-0.113095592610772,15.6999999999999));
#11360=CARTESIAN_POINT('Ctrl Pts',(82.7435777315598,0.722511459238593,15.6999999999999));
#11361=CARTESIAN_POINT('Ctrl Pts',(82.7435777315598,0.722511459238593,17.6999999999999));
#11362=CARTESIAN_POINT('Ctrl Pts',(82.7432058372621,0.553112574440147,15.6999999999999));
#11363=CARTESIAN_POINT('Ctrl Pts',(82.7432058372621,0.553112574440147,17.6999999999999));
#11364=CARTESIAN_POINT('Ctrl Pts',(82.7425919446989,0.273482808141561,15.6999999999999));
#11365=CARTESIAN_POINT('Ctrl Pts',(82.7425919446989,0.273482808141561,17.6999999999999));
#11366=CARTESIAN_POINT('Ctrl Pts',(82.7775465941335,-0.00379274780083927,
15.6999999999999));
#11367=CARTESIAN_POINT('Ctrl Pts',(82.7775465941335,-0.00379274780083927,
17.6999999999999));
#11368=CARTESIAN_POINT('Ctrl Pts',(82.7913258203965,-0.113095592610772,
15.6999999999999));
#11369=CARTESIAN_POINT('Ctrl Pts',(82.7913258203965,-0.113095592610772,
17.6999999999999));
#11370=CARTESIAN_POINT('',(82.7435777315598,0.722511459238593,17.6999999999999));
#11371=CARTESIAN_POINT('Ctrl Pts',(82.7435777315598,0.722511459238593,17.6999999999999));
#11372=CARTESIAN_POINT('Ctrl Pts',(82.7432058372621,0.553112574440147,17.6999999999999));
#11373=CARTESIAN_POINT('Ctrl Pts',(82.7425919446989,0.273482808141561,17.6999999999999));
#11374=CARTESIAN_POINT('Ctrl Pts',(82.7775465941335,-0.00379274780083927,
17.6999999999999));
#11375=CARTESIAN_POINT('Ctrl Pts',(82.7913258203965,-0.113095592610772,
17.6999999999999));
#11376=CARTESIAN_POINT('',(82.7435777315598,0.722511459238593,15.6999999999999));
#11377=CARTESIAN_POINT('Origin',(82.7435777315598,3.84051923835999,15.6999999999999));
#11378=CARTESIAN_POINT('',(82.7435777315598,3.84051923835999,17.6999999999999));
#11379=CARTESIAN_POINT('',(82.7435777315598,0.722511459238593,17.6999999999999));
#11380=CARTESIAN_POINT('',(82.7435777315598,3.84051923835999,15.6999999999999));
#11381=CARTESIAN_POINT('Origin',(83.6030576357346,3.84051923835999,15.6999999999999));
#11382=CARTESIAN_POINT('',(83.6030576357346,3.84051923835999,17.6999999999999));
#11383=CARTESIAN_POINT('',(82.7435777315598,3.84051923835999,17.6999999999999));
#11384=CARTESIAN_POINT('',(83.6030576357346,3.84051923835999,15.6999999999999));
#11385=CARTESIAN_POINT('Origin',(83.6030576357346,0.755935359842841,15.6999999999999));
#11386=CARTESIAN_POINT('',(83.6030576357346,0.755935359842841,17.6999999999999));
#11387=CARTESIAN_POINT('',(83.6030576357346,3.84051923835999,17.6999999999999));
#11388=CARTESIAN_POINT('',(83.6030576357346,0.755935359842841,15.6999999999999));
#11389=CARTESIAN_POINT('Ctrl Pts',(83.7033317217332,-0.0295349470304807,
15.6999999999999));
#11390=CARTESIAN_POINT('Ctrl Pts',(83.7033317217332,-0.0295349470304807,
17.6999999999999));
#11391=CARTESIAN_POINT('Ctrl Pts',(83.6742622433807,0.0787271675148693,
15.6999999999999));
#11392=CARTESIAN_POINT('Ctrl Pts',(83.6742622433807,0.0787271675148693,
17.6999999999999));
#11393=CARTESIAN_POINT('Ctrl Pts',(83.6053090444133,0.335526379195565,15.6999999999999));
#11394=CARTESIAN_POINT('Ctrl Pts',(83.6053090444133,0.335526379195565,17.6999999999999));
#11395=CARTESIAN_POINT('Ctrl Pts',(83.6038826733696,0.601874822366251,15.6999999999999));
#11396=CARTESIAN_POINT('Ctrl Pts',(83.6038826733696,0.601874822366251,17.6999999999999));
#11397=CARTESIAN_POINT('Ctrl Pts',(83.6030576357346,0.755935359842841,15.6999999999999));
#11398=CARTESIAN_POINT('Ctrl Pts',(83.6030576357346,0.755935359842841,17.6999999999999));
#11399=CARTESIAN_POINT('',(83.7033317217332,-0.0295349470304807,17.6999999999999));
#11400=CARTESIAN_POINT('Ctrl Pts',(83.7033317217332,-0.0295349470304807,
17.6999999999999));
#11401=CARTESIAN_POINT('Ctrl Pts',(83.6742622433807,0.0787271675148693,
17.6999999999999));
#11402=CARTESIAN_POINT('Ctrl Pts',(83.6053090444133,0.335526379195565,17.6999999999999));
#11403=CARTESIAN_POINT('Ctrl Pts',(83.6038826733696,0.601874822366251,17.6999999999999));
#11404=CARTESIAN_POINT('Ctrl Pts',(83.6030576357346,0.755935359842841,17.6999999999999));
#11405=CARTESIAN_POINT('',(83.7033317217332,-0.0295349470304807,15.6999999999999));
#11406=CARTESIAN_POINT('Ctrl Pts',(84.0590617784959,-0.444951008908685,
15.6999999999999));
#11407=CARTESIAN_POINT('Ctrl Pts',(84.0590617784959,-0.444951008908685,
17.6999999999999));
#11408=CARTESIAN_POINT('Ctrl Pts',(83.9807063378112,-0.38968882947082,15.6999999999999));
#11409=CARTESIAN_POINT('Ctrl Pts',(83.9807063378112,-0.38968882947082,17.6999999999999));
#11410=CARTESIAN_POINT('Ctrl Pts',(83.8268851941964,-0.281202532086651,
15.6999999999999));
#11411=CARTESIAN_POINT('Ctrl Pts',(83.8268851941964,-0.281202532086651,
17.6999999999999));
#11412=CARTESIAN_POINT('Ctrl Pts',(83.743997158017,-0.112366873489376,15.6999999999999));
#11413=CARTESIAN_POINT('Ctrl Pts',(83.743997158017,-0.112366873489376,17.6999999999999));
#11414=CARTESIAN_POINT('Ctrl Pts',(83.7033317217332,-0.0295349470304807,
15.6999999999999));
#11415=CARTESIAN_POINT('Ctrl Pts',(83.7033317217332,-0.0295349470304807,
17.6999999999999));
#11416=CARTESIAN_POINT('',(84.0590617784959,-0.444951008908685,17.6999999999999));
#11417=CARTESIAN_POINT('Ctrl Pts',(84.0590617784959,-0.444951008908685,
17.6999999999999));
#11418=CARTESIAN_POINT('Ctrl Pts',(83.9807063378112,-0.38968882947082,17.6999999999999));
#11419=CARTESIAN_POINT('Ctrl Pts',(83.8268851941964,-0.281202532086651,
17.6999999999999));
#11420=CARTESIAN_POINT('Ctrl Pts',(83.743997158017,-0.112366873489376,17.6999999999999));
#11421=CARTESIAN_POINT('Ctrl Pts',(83.7033317217332,-0.0295349470304807,
17.6999999999999));
#11422=CARTESIAN_POINT('',(84.0590617784959,-0.444951008908685,15.6999999999999));
#11423=CARTESIAN_POINT('Ctrl Pts',(84.6583101877671,-0.600135277860101,
15.6999999999999));
#11424=CARTESIAN_POINT('Ctrl Pts',(84.6583101877671,-0.600135277860101,
17.6999999999999));
#11425=CARTESIAN_POINT('Ctrl Pts',(84.5490970901912,-0.594679393881,15.6999999999999));
#11426=CARTESIAN_POINT('Ctrl Pts',(84.5490970901912,-0.594679393881,17.6999999999999));
#11427=CARTESIAN_POINT('Ctrl Pts',(84.3384502861773,-0.58415625564229,15.6999999999999));
#11428=CARTESIAN_POINT('Ctrl Pts',(84.3384502861773,-0.58415625564229,17.6999999999999));
#11429=CARTESIAN_POINT('Ctrl Pts',(84.1498697941239,-0.490196077597419,
15.6999999999999));
#11430=CARTESIAN_POINT('Ctrl Pts',(84.1498697941239,-0.490196077597419,
17.6999999999999));
#11431=CARTESIAN_POINT('Ctrl Pts',(84.0590617784959,-0.444951008908685,
15.6999999999999));
#11432=CARTESIAN_POINT('Ctrl Pts',(84.0590617784959,-0.444951008908685,
17.6999999999999));
#11433=CARTESIAN_POINT('',(84.6583101877671,-0.600135277860101,17.6999999999999));
#11434=CARTESIAN_POINT('Ctrl Pts',(84.6583101877671,-0.600135277860101,
17.6999999999999));
#11435=CARTESIAN_POINT('Ctrl Pts',(84.5490970901912,-0.594679393881,17.6999999999999));
#11436=CARTESIAN_POINT('Ctrl Pts',(84.3384502861773,-0.58415625564229,17.6999999999999));
#11437=CARTESIAN_POINT('Ctrl Pts',(84.1498697941239,-0.490196077597419,
17.6999999999999));
#11438=CARTESIAN_POINT('Ctrl Pts',(84.0590617784959,-0.444951008908685,
17.6999999999999));
#11439=CARTESIAN_POINT('',(84.6583101877671,-0.600135277860101,15.6999999999999));
#11440=CARTESIAN_POINT('Ctrl Pts',(85.6061289438706,-0.251567613236841,
15.6999999999999));
#11441=CARTESIAN_POINT('Ctrl Pts',(85.6061289438706,-0.251567613236841,
17.6999999999999));
#11442=CARTESIAN_POINT('Ctrl Pts',(85.4660638201935,-0.353230285158606,
15.6999999999999));
#11443=CARTESIAN_POINT('Ctrl Pts',(85.4660638201935,-0.353230285158606,
17.6999999999999));
#11444=CARTESIAN_POINT('Ctrl Pts',(85.1831120012119,-0.558603594285166,
15.6999999999999));
#11445=CARTESIAN_POINT('Ctrl Pts',(85.1831120012119,-0.558603594285166,
17.6999999999999));
#11446=CARTESIAN_POINT('Ctrl Pts',(84.8344032237355,-0.586199654807305,
15.6999999999999));
#11447=CARTESIAN_POINT('Ctrl Pts',(84.8344032237355,-0.586199654807305,
17.6999999999999));
#11448=CARTESIAN_POINT('Ctrl Pts',(84.6583101877671,-0.600135277860101,
15.6999999999999));
#11449=CARTESIAN_POINT('Ctrl Pts',(84.6583101877671,-0.600135277860101,
17.6999999999999));
#11450=CARTESIAN_POINT('',(85.6061289438706,-0.251567613236841,17.6999999999999));
#11451=CARTESIAN_POINT('Ctrl Pts',(85.6061289438706,-0.251567613236841,
17.6999999999999));
#11452=CARTESIAN_POINT('Ctrl Pts',(85.4660638201935,-0.353230285158606,
17.6999999999999));
#11453=CARTESIAN_POINT('Ctrl Pts',(85.1831120012119,-0.558603594285166,
17.6999999999999));
#11454=CARTESIAN_POINT('Ctrl Pts',(84.8344032237355,-0.586199654807305,
17.6999999999999));
#11455=CARTESIAN_POINT('Ctrl Pts',(84.6583101877671,-0.600135277860101,
17.6999999999999));
#11456=CARTESIAN_POINT('',(85.6061289438706,-0.251567613236841,15.6999999999999));
#11457=CARTESIAN_POINT('Ctrl Pts',(86.0048315653306,1.07107882583863,15.6999999999999));
#11458=CARTESIAN_POINT('Ctrl Pts',(86.0048315653306,1.07107882583863,17.6999999999999));
#11459=CARTESIAN_POINT('Ctrl Pts',(86.0027583245963,0.787911667397749,15.6999999999999));
#11460=CARTESIAN_POINT('Ctrl Pts',(86.0027583245963,0.787911667397749,17.6999999999999));
#11461=CARTESIAN_POINT('Ctrl Pts',(85.9992081008949,0.303015369187545,15.6999999999999));
#11462=CARTESIAN_POINT('Ctrl Pts',(85.9992081008949,0.303015369187545,17.6999999999999));
#11463=CARTESIAN_POINT('Ctrl Pts',(85.72161479077,-0.0886322750058777,15.6999999999999));
#11464=CARTESIAN_POINT('Ctrl Pts',(85.72161479077,-0.0886322750058777,17.6999999999999));
#11465=CARTESIAN_POINT('Ctrl Pts',(85.6061289438706,-0.251567613236841,
15.6999999999999));
#11466=CARTESIAN_POINT('Ctrl Pts',(85.6061289438706,-0.251567613236841,
17.6999999999999));
#11467=CARTESIAN_POINT('',(86.0048315653306,1.07107882583863,17.6999999999999));
#11468=CARTESIAN_POINT('Ctrl Pts',(86.0048315653306,1.07107882583863,17.6999999999999));
#11469=CARTESIAN_POINT('Ctrl Pts',(86.0027583245963,0.787911667397749,17.6999999999999));
#11470=CARTESIAN_POINT('Ctrl Pts',(85.9992081008949,0.303015369187545,17.6999999999999));
#11471=CARTESIAN_POINT('Ctrl Pts',(85.72161479077,-0.0886322750058777,17.6999999999999));
#11472=CARTESIAN_POINT('Ctrl Pts',(85.6061289438706,-0.251567613236841,
17.6999999999999));
#11473=CARTESIAN_POINT('',(86.0048315653306,1.07107882583863,15.6999999999999));
#11474=CARTESIAN_POINT('Origin',(86.0048315653306,3.84051923835999,15.6999999999999));
#11475=CARTESIAN_POINT('',(86.0048315653306,3.84051923835999,17.6999999999999));
#11476=CARTESIAN_POINT('',(86.0048315653306,1.07107882583863,17.6999999999999));
#11477=CARTESIAN_POINT('',(86.0048315653306,3.84051923835999,15.6999999999999));
#11478=CARTESIAN_POINT('Origin',(86.8643138536912,3.84051923835999,15.6999999999999));
#11479=CARTESIAN_POINT('',(86.0048315653306,3.84051923835999,17.6999999999999));
#11480=CARTESIAN_POINT('Origin',(69.6603597679835,1.30982374037034,17.6999999999999));
#11481=CARTESIAN_POINT('Origin',(89.0321204790574,-3.15948064243072,15.6999999999999));
#11482=CARTESIAN_POINT('',(89.0321204790574,-2.17107648765319,17.6999999999999));
#11483=CARTESIAN_POINT('',(89.0321204790574,-2.17107648765319,15.6999999999999));
#11484=CARTESIAN_POINT('',(89.0321204790574,-3.15948064243072,17.6999999999999));
#11485=CARTESIAN_POINT('',(89.0321204790574,-2.17107648765319,17.6999999999999));
#11486=CARTESIAN_POINT('',(89.0321204790574,-3.15948064243072,15.6999999999999));
#11487=CARTESIAN_POINT('Origin',(88.1726381906968,-3.15948064243072,15.6999999999999));
#11488=CARTESIAN_POINT('',(88.1726381906968,-3.15948064243072,17.6999999999999));
#11489=CARTESIAN_POINT('',(89.0321204790574,-3.15948064243072,17.6999999999999));
#11490=CARTESIAN_POINT('',(88.1726381906968,-3.15948064243072,15.6999999999999));
#11491=CARTESIAN_POINT('Origin',(88.1726381906968,-2.17107648765319,15.6999999999999));
#11492=CARTESIAN_POINT('',(88.1726381906968,-2.17107648765319,17.6999999999999));
#11493=CARTESIAN_POINT('',(88.1726381906968,-3.15948064243072,17.6999999999999));
#11494=CARTESIAN_POINT('',(88.1726381906968,-2.17107648765319,15.6999999999999));
#11495=CARTESIAN_POINT('Origin',(89.0321204790574,-2.17107648765319,15.6999999999999));
#11496=CARTESIAN_POINT('',(88.1726381906968,-2.17107648765319,17.6999999999999));
#11497=CARTESIAN_POINT('Origin',(69.6603597679835,1.30982374037034,17.6999999999999));
#11498=CARTESIAN_POINT('Ctrl Pts',(100.549171937416,2.76377980793244,15.6999999999999));
#11499=CARTESIAN_POINT('Ctrl Pts',(100.549171937416,2.76377980793244,17.6999999999999));
#11500=CARTESIAN_POINT('Ctrl Pts',(100.672721470779,2.56686971559084,15.6999999999999));
#11501=CARTESIAN_POINT('Ctrl Pts',(100.672721470779,2.56686971559084,17.6999999999999));
#11502=CARTESIAN_POINT('Ctrl Pts',(100.950946641698,2.12344154062083,15.6999999999999));
#11503=CARTESIAN_POINT('Ctrl Pts',(100.950946641698,2.12344154062083,17.6999999999999));
#11504=CARTESIAN_POINT('Ctrl Pts',(100.965851433684,1.59746106346113,15.6999999999999));
#11505=CARTESIAN_POINT('Ctrl Pts',(100.965851433684,1.59746106346113,17.6999999999999));
#11506=CARTESIAN_POINT('Ctrl Pts',(100.974137557457,1.3050491103006,15.6999999999999));
#11507=CARTESIAN_POINT('Ctrl Pts',(100.974137557457,1.3050491103006,17.6999999999999));
#11508=CARTESIAN_POINT('',(100.974137557457,1.3050491103006,15.6999999999999));
#11509=CARTESIAN_POINT('',(100.549171937416,2.76377980793244,15.6999999999999));
#11510=CARTESIAN_POINT('Ctrl Pts',(100.974137557457,1.3050491103006,15.6999999999999));
#11511=CARTESIAN_POINT('Ctrl Pts',(100.965851433684,1.59746106346113,15.6999999999999));
#11512=CARTESIAN_POINT('Ctrl Pts',(100.950946641698,2.12344154062083,15.6999999999999));
#11513=CARTESIAN_POINT('Ctrl Pts',(100.672721470779,2.56686971559084,15.6999999999999));
#11514=CARTESIAN_POINT('Ctrl Pts',(100.549171937416,2.76377980793244,15.6999999999999));
#11515=CARTESIAN_POINT('',(100.974137557457,1.3050491103006,17.6999999999999));
#11516=CARTESIAN_POINT('',(100.974137557457,1.3050491103006,15.6999999999999));
#11517=CARTESIAN_POINT('',(100.549171937416,2.76377980793244,17.6999999999999));
#11518=CARTESIAN_POINT('Ctrl Pts',(100.549171937416,2.76377980793244,17.6999999999999));
#11519=CARTESIAN_POINT('Ctrl Pts',(100.672721470779,2.56686971559084,17.6999999999999));
#11520=CARTESIAN_POINT('Ctrl Pts',(100.950946641698,2.12344154062083,17.6999999999999));
#11521=CARTESIAN_POINT('Ctrl Pts',(100.965851433684,1.59746106346113,17.6999999999999));
#11522=CARTESIAN_POINT('Ctrl Pts',(100.974137557457,1.3050491103006,17.6999999999999));
#11523=CARTESIAN_POINT('',(100.549171937416,2.76377980793244,15.6999999999999));
#11524=CARTESIAN_POINT('Ctrl Pts',(99.4795951971513,3.24843173111207,15.6999999999999));
#11525=CARTESIAN_POINT('Ctrl Pts',(99.4795951971513,3.24843173111207,17.6999999999999));
#11526=CARTESIAN_POINT('Ctrl Pts',(99.6853126848174,3.22823895539331,15.6999999999999));
#11527=CARTESIAN_POINT('Ctrl Pts',(99.6853126848174,3.22823895539331,17.6999999999999));
#11528=CARTESIAN_POINT('Ctrl Pts',(100.096741910113,3.18785396836672,15.6999999999999));
#11529=CARTESIAN_POINT('Ctrl Pts',(100.096741910113,3.18785396836672,17.6999999999999));
#11530=CARTESIAN_POINT('Ctrl Pts',(100.398363333445,2.90513654434683,15.6999999999999));
#11531=CARTESIAN_POINT('Ctrl Pts',(100.398363333445,2.90513654434683,17.6999999999999));
#11532=CARTESIAN_POINT('Ctrl Pts',(100.549171937416,2.76377980793244,15.6999999999999));
#11533=CARTESIAN_POINT('Ctrl Pts',(100.549171937416,2.76377980793244,17.6999999999999));
#11534=CARTESIAN_POINT('',(99.4795951971513,3.24843173111207,15.6999999999999));
#11535=CARTESIAN_POINT('Ctrl Pts',(100.549171937416,2.76377980793244,15.6999999999999));
#11536=CARTESIAN_POINT('Ctrl Pts',(100.398363333445,2.90513654434683,15.6999999999999));
#11537=CARTESIAN_POINT('Ctrl Pts',(100.096741910113,3.18785396836672,15.6999999999999));
#11538=CARTESIAN_POINT('Ctrl Pts',(99.6853126848174,3.22823895539331,15.6999999999999));
#11539=CARTESIAN_POINT('Ctrl Pts',(99.4795951971513,3.24843173111207,15.6999999999999));
#11540=CARTESIAN_POINT('',(99.4795951971513,3.24843173111207,17.6999999999999));
#11541=CARTESIAN_POINT('Ctrl Pts',(99.4795951971513,3.24843173111207,17.6999999999999));
#11542=CARTESIAN_POINT('Ctrl Pts',(99.6853126848174,3.22823895539331,17.6999999999999));
#11543=CARTESIAN_POINT('Ctrl Pts',(100.096741910113,3.18785396836672,17.6999999999999));
#11544=CARTESIAN_POINT('Ctrl Pts',(100.398363333445,2.90513654434683,17.6999999999999));
#11545=CARTESIAN_POINT('Ctrl Pts',(100.549171937416,2.76377980793244,17.6999999999999));
#11546=CARTESIAN_POINT('',(99.4795951971513,3.24843173111207,15.6999999999999));
#11547=CARTESIAN_POINT('Ctrl Pts',(98.4147927889329,2.76139264190919,15.6999999999999));
#11548=CARTESIAN_POINT('Ctrl Pts',(98.4147927889329,2.76139264190919,17.6999999999999));
#11549=CARTESIAN_POINT('Ctrl Pts',(98.5650883272875,2.90344536312949,15.6999999999999));
#11550=CARTESIAN_POINT('Ctrl Pts',(98.5650883272875,2.90344536312949,17.6999999999999));
#11551=CARTESIAN_POINT('Ctrl Pts',(98.8648049959497,3.18672435360815,15.6999999999999));
#11552=CARTESIAN_POINT('Ctrl Pts',(98.8648049959497,3.18672435360815,17.6999999999999));
#11553=CARTESIAN_POINT('Ctrl Pts',(99.2750641000664,3.22790265046889,15.6999999999999));
#11554=CARTESIAN_POINT('Ctrl Pts',(99.2750641000664,3.22790265046889,17.6999999999999));
#11555=CARTESIAN_POINT('Ctrl Pts',(99.4795951971513,3.24843173111207,15.6999999999999));
#11556=CARTESIAN_POINT('Ctrl Pts',(99.4795951971513,3.24843173111207,17.6999999999999));
#11557=CARTESIAN_POINT('',(98.4147927889329,2.76139264190919,15.6999999999999));
#11558=CARTESIAN_POINT('Ctrl Pts',(99.4795951971513,3.24843173111207,15.6999999999999));
#11559=CARTESIAN_POINT('Ctrl Pts',(99.2750641000664,3.22790265046889,15.6999999999999));
#11560=CARTESIAN_POINT('Ctrl Pts',(98.8648049959497,3.18672435360815,15.6999999999999));
#11561=CARTESIAN_POINT('Ctrl Pts',(98.5650883272875,2.90344536312949,15.6999999999999));
#11562=CARTESIAN_POINT('Ctrl Pts',(98.4147927889329,2.76139264190919,15.6999999999999));
#11563=CARTESIAN_POINT('',(98.4147927889329,2.76139264190919,17.6999999999999));
#11564=CARTESIAN_POINT('Ctrl Pts',(98.4147927889329,2.76139264190919,17.6999999999999));
#11565=CARTESIAN_POINT('Ctrl Pts',(98.5650883272875,2.90344536312949,17.6999999999999));
#11566=CARTESIAN_POINT('Ctrl Pts',(98.8648049959497,3.18672435360815,17.6999999999999));
#11567=CARTESIAN_POINT('Ctrl Pts',(99.2750641000664,3.22790265046889,17.6999999999999));
#11568=CARTESIAN_POINT('Ctrl Pts',(99.4795951971513,3.24843173111207,17.6999999999999));
#11569=CARTESIAN_POINT('',(98.4147927889329,2.76139264190919,15.6999999999999));
#11570=CARTESIAN_POINT('Ctrl Pts',(97.989827168892,1.27639954174287,15.6999999999999));
#11571=CARTESIAN_POINT('Ctrl Pts',(97.989827168892,1.27639954174287,17.6999999999999));
#11572=CARTESIAN_POINT('Ctrl Pts',(97.9975607090341,1.57503367618052,15.6999999999999));
#11573=CARTESIAN_POINT('Ctrl Pts',(97.9975607090341,1.57503367618052,17.6999999999999));
#11574=CARTESIAN_POINT('Ctrl Pts',(98.0114028228886,2.10955313477372,15.6999999999999));
#11575=CARTESIAN_POINT('Ctrl Pts',(98.0114028228886,2.10955313477372,17.6999999999999));
#11576=CARTESIAN_POINT('Ctrl Pts',(98.2912813894294,2.56181006287918,15.6999999999999));
#11577=CARTESIAN_POINT('Ctrl Pts',(98.2912813894294,2.56181006287918,17.6999999999999));
#11578=CARTESIAN_POINT('Ctrl Pts',(98.4147927889329,2.76139264190919,15.6999999999999));
#11579=CARTESIAN_POINT('Ctrl Pts',(98.4147927889329,2.76139264190919,17.6999999999999));
#11580=CARTESIAN_POINT('',(97.989827168892,1.27639954174287,15.6999999999999));
#11581=CARTESIAN_POINT('Ctrl Pts',(98.4147927889329,2.76139264190919,15.6999999999999));
#11582=CARTESIAN_POINT('Ctrl Pts',(98.2912813894294,2.56181006287918,15.6999999999999));
#11583=CARTESIAN_POINT('Ctrl Pts',(98.0114028228886,2.10955313477372,15.6999999999999));
#11584=CARTESIAN_POINT('Ctrl Pts',(97.9975607090341,1.57503367618052,15.6999999999999));
#11585=CARTESIAN_POINT('Ctrl Pts',(97.989827168892,1.27639954174287,15.6999999999999));
#11586=CARTESIAN_POINT('',(97.989827168892,1.27639954174287,17.6999999999999));
#11587=CARTESIAN_POINT('Ctrl Pts',(97.989827168892,1.27639954174287,17.6999999999999));
#11588=CARTESIAN_POINT('Ctrl Pts',(97.9975607090341,1.57503367618052,17.6999999999999));
#11589=CARTESIAN_POINT('Ctrl Pts',(98.0114028228886,2.10955313477372,17.6999999999999));
#11590=CARTESIAN_POINT('Ctrl Pts',(98.2912813894294,2.56181006287918,17.6999999999999));
#11591=CARTESIAN_POINT('Ctrl Pts',(98.4147927889329,2.76139264190919,17.6999999999999));
#11592=CARTESIAN_POINT('',(97.989827168892,1.27639954174287,15.6999999999999));
#11593=CARTESIAN_POINT('Ctrl Pts',(98.4171805510026,-0.148907553307946,
15.6999999999999));
#11594=CARTESIAN_POINT('Ctrl Pts',(98.4171805510026,-0.148907553307946,
17.6999999999999));
#11595=CARTESIAN_POINT('Ctrl Pts',(98.2928731144084,0.0450465768499109,
15.6999999999999));
#11596=CARTESIAN_POINT('Ctrl Pts',(98.2928731144084,0.0450465768499109,
17.6999999999999));
#11597=CARTESIAN_POINT('Ctrl Pts',(98.0159799535967,0.477076820762238,15.6999999999999));
#11598=CARTESIAN_POINT('Ctrl Pts',(98.0159799535967,0.477076820762238,17.6999999999999));
#11599=CARTESIAN_POINT('Ctrl Pts',(97.9991187586152,0.992415298242612,15.6999999999999));
#11600=CARTESIAN_POINT('Ctrl Pts',(97.9991187586152,0.992415298242612,17.6999999999999));
#11601=CARTESIAN_POINT('Ctrl Pts',(97.989827168892,1.27639954174287,15.6999999999999));
#11602=CARTESIAN_POINT('Ctrl Pts',(97.989827168892,1.27639954174287,17.6999999999999));
#11603=CARTESIAN_POINT('',(98.4171805510026,-0.148907553307946,15.6999999999999));
#11604=CARTESIAN_POINT('Ctrl Pts',(97.989827168892,1.27639954174287,15.6999999999999));
#11605=CARTESIAN_POINT('Ctrl Pts',(97.9991187586152,0.992415298242612,15.6999999999999));
#11606=CARTESIAN_POINT('Ctrl Pts',(98.0159799535967,0.477076820762238,15.6999999999999));
#11607=CARTESIAN_POINT('Ctrl Pts',(98.2928731144084,0.0450465768499109,
15.6999999999999));
#11608=CARTESIAN_POINT('Ctrl Pts',(98.4171805510026,-0.148907553307946,
15.6999999999999));
#11609=CARTESIAN_POINT('',(98.4171805510026,-0.148907553307946,17.6999999999999));
#11610=CARTESIAN_POINT('Ctrl Pts',(98.4171805510026,-0.148907553307946,
17.6999999999999));
#11611=CARTESIAN_POINT('Ctrl Pts',(98.2928731144084,0.0450465768499109,
17.6999999999999));
#11612=CARTESIAN_POINT('Ctrl Pts',(98.0159799535967,0.477076820762238,17.6999999999999));
#11613=CARTESIAN_POINT('Ctrl Pts',(97.9991187586152,0.992415298242612,17.6999999999999));
#11614=CARTESIAN_POINT('Ctrl Pts',(97.989827168892,1.27639954174287,17.6999999999999));
#11615=CARTESIAN_POINT('',(98.4171805510026,-0.148907553307946,15.6999999999999));
#11616=CARTESIAN_POINT('Ctrl Pts',(99.4795951971513,-0.633559476487573,
15.6999999999999));
#11617=CARTESIAN_POINT('Ctrl Pts',(99.4795951971513,-0.633559476487573,
17.6999999999999));
#11618=CARTESIAN_POINT('Ctrl Pts',(99.2762130087625,-0.612968120441012,
15.6999999999999));
#11619=CARTESIAN_POINT('Ctrl Pts',(99.2762130087625,-0.612968120441012,
17.6999999999999));
#11620=CARTESIAN_POINT('Ctrl Pts',(98.867421433233,-0.571580165344016,15.6999999999999));
#11621=CARTESIAN_POINT('Ctrl Pts',(98.867421433233,-0.571580165344016,17.6999999999999));
#11622=CARTESIAN_POINT('Ctrl Pts',(98.5677561920478,-0.290263440837091,
15.6999999999999));
#11623=CARTESIAN_POINT('Ctrl Pts',(98.5677561920478,-0.290263440837091,
17.6999999999999));
#11624=CARTESIAN_POINT('Ctrl Pts',(98.4171805510026,-0.148907553307946,
15.6999999999999));
#11625=CARTESIAN_POINT('Ctrl Pts',(98.4171805510026,-0.148907553307946,
17.6999999999999));
#11626=CARTESIAN_POINT('',(99.4795951971513,-0.633559476487573,15.6999999999999));
#11627=CARTESIAN_POINT('Ctrl Pts',(98.4171805510026,-0.148907553307946,
15.6999999999999));
#11628=CARTESIAN_POINT('Ctrl Pts',(98.5677561920478,-0.290263440837091,
15.6999999999999));
#11629=CARTESIAN_POINT('Ctrl Pts',(98.867421433233,-0.571580165344016,15.6999999999999));
#11630=CARTESIAN_POINT('Ctrl Pts',(99.2762130087625,-0.612968120441012,
15.6999999999999));
#11631=CARTESIAN_POINT('Ctrl Pts',(99.4795951971513,-0.633559476487573,
15.6999999999999));
#11632=CARTESIAN_POINT('',(99.4795951971513,-0.633559476487573,17.6999999999999));
#11633=CARTESIAN_POINT('Ctrl Pts',(99.4795951971513,-0.633559476487573,
17.6999999999999));
#11634=CARTESIAN_POINT('Ctrl Pts',(99.2762130087625,-0.612968120441012,
17.6999999999999));
#11635=CARTESIAN_POINT('Ctrl Pts',(98.867421433233,-0.571580165344016,17.6999999999999));
#11636=CARTESIAN_POINT('Ctrl Pts',(98.5677561920478,-0.290263440837091,
17.6999999999999));
#11637=CARTESIAN_POINT('Ctrl Pts',(98.4171805510026,-0.148907553307946,
17.6999999999999));
#11638=CARTESIAN_POINT('',(99.4795951971513,-0.633559476487573,15.6999999999999));
#11639=CARTESIAN_POINT('Ctrl Pts',(100.549171937416,-0.151295017354425,
15.6999999999999));
#11640=CARTESIAN_POINT('Ctrl Pts',(100.549171937416,-0.151295017354425,
17.6999999999999));
#11641=CARTESIAN_POINT('Ctrl Pts',(100.398277753472,-0.291955420908245,
15.6999999999999));
#11642=CARTESIAN_POINT('Ctrl Pts',(100.398277753472,-0.291955420908245,
17.6999999999999));
#11643=CARTESIAN_POINT('Ctrl Pts',(100.096244208924,-0.573504776572817,
15.6999999999999));
#11644=CARTESIAN_POINT('Ctrl Pts',(100.096244208924,-0.573504776572817,
17.6999999999999));
#11645=CARTESIAN_POINT('Ctrl Pts',(99.6852560747035,-0.613530412871459,
15.6999999999999));
#11646=CARTESIAN_POINT('Ctrl Pts',(99.6852560747035,-0.613530412871459,
17.6999999999999));
#11647=CARTESIAN_POINT('Ctrl Pts',(99.4795951971513,-0.633559476487573,
15.6999999999999));
#11648=CARTESIAN_POINT('Ctrl Pts',(99.4795951971513,-0.633559476487573,
17.6999999999999));
#11649=CARTESIAN_POINT('',(100.549171937416,-0.151295017354425,15.6999999999999));
#11650=CARTESIAN_POINT('Ctrl Pts',(99.4795951971513,-0.633559476487573,
15.6999999999999));
#11651=CARTESIAN_POINT('Ctrl Pts',(99.6852560747035,-0.613530412871459,
15.6999999999999));
#11652=CARTESIAN_POINT('Ctrl Pts',(100.096244208924,-0.573504776572817,
15.6999999999999));
#11653=CARTESIAN_POINT('Ctrl Pts',(100.398277753472,-0.291955420908245,
15.6999999999999));
#11654=CARTESIAN_POINT('Ctrl Pts',(100.549171937416,-0.151295017354425,
15.6999999999999));
#11655=CARTESIAN_POINT('',(100.549171937416,-0.151295017354425,17.6999999999999));
#11656=CARTESIAN_POINT('Ctrl Pts',(100.549171937416,-0.151295017354425,
17.6999999999999));
#11657=CARTESIAN_POINT('Ctrl Pts',(100.398277753472,-0.291955420908245,
17.6999999999999));
#11658=CARTESIAN_POINT('Ctrl Pts',(100.096244208924,-0.573504776572817,
17.6999999999999));
#11659=CARTESIAN_POINT('Ctrl Pts',(99.6852560747035,-0.613530412871459,
17.6999999999999));
#11660=CARTESIAN_POINT('Ctrl Pts',(99.4795951971513,-0.633559476487573,
17.6999999999999));
#11661=CARTESIAN_POINT('',(100.549171937416,-0.151295017354425,15.6999999999999));
#11662=CARTESIAN_POINT('Ctrl Pts',(100.974137557457,1.3050491103006,15.6999999999999));
#11663=CARTESIAN_POINT('Ctrl Pts',(100.974137557457,1.3050491103006,17.6999999999999));
#11664=CARTESIAN_POINT('Ctrl Pts',(100.965931471204,1.01279133728854,15.6999999999999));
#11665=CARTESIAN_POINT('Ctrl Pts',(100.965931471204,1.01279133728854,17.6999999999999));
#11666=CARTESIAN_POINT('Ctrl Pts',(100.951181286643,0.487467089071111,15.6999999999999));
#11667=CARTESIAN_POINT('Ctrl Pts',(100.951181286643,0.487467089071111,17.6999999999999));
#11668=CARTESIAN_POINT('Ctrl Pts',(100.672716304627,0.0450075322963018,
15.6999999999999));
#11669=CARTESIAN_POINT('Ctrl Pts',(100.672716304627,0.0450075322963018,
17.6999999999999));
#11670=CARTESIAN_POINT('Ctrl Pts',(100.549171937416,-0.151295017354425,
15.6999999999999));
#11671=CARTESIAN_POINT('Ctrl Pts',(100.549171937416,-0.151295017354425,
17.6999999999999));
#11672=CARTESIAN_POINT('Ctrl Pts',(100.549171937416,-0.151295017354425,
15.6999999999999));
#11673=CARTESIAN_POINT('Ctrl Pts',(100.672716304627,0.0450075322963017,
15.6999999999999));
#11674=CARTESIAN_POINT('Ctrl Pts',(100.951181286643,0.487467089071111,15.6999999999999));
#11675=CARTESIAN_POINT('Ctrl Pts',(100.965931471204,1.01279133728854,15.6999999999999));
#11676=CARTESIAN_POINT('Ctrl Pts',(100.974137557457,1.3050491103006,15.6999999999999));
#11677=CARTESIAN_POINT('Ctrl Pts',(100.974137557457,1.3050491103006,17.6999999999999));
#11678=CARTESIAN_POINT('Ctrl Pts',(100.965931471204,1.01279133728854,17.6999999999999));
#11679=CARTESIAN_POINT('Ctrl Pts',(100.951181286643,0.487467089071111,17.6999999999999));
#11680=CARTESIAN_POINT('Ctrl Pts',(100.672716304627,0.0450075322963017,
17.6999999999999));
#11681=CARTESIAN_POINT('Ctrl Pts',(100.549171937416,-0.151295017354425,
17.6999999999999));
#11682=CARTESIAN_POINT('Ctrl Pts',(101.074410451363,-0.781581353299554,
15.6999999999999));
#11683=CARTESIAN_POINT('Ctrl Pts',(101.074410451363,-0.781581353299554,
17.6999999999999));
#11684=CARTESIAN_POINT('Ctrl Pts',(101.302351324744,-0.507485906883571,
15.6999999999999));
#11685=CARTESIAN_POINT('Ctrl Pts',(101.302351324744,-0.507485906883571,
17.6999999999999));
#11686=CARTESIAN_POINT('Ctrl Pts',(101.801880200298,0.0931899969654237,
15.6999999999999));
#11687=CARTESIAN_POINT('Ctrl Pts',(101.801880200298,0.0931899969654237,
17.6999999999999));
#11688=CARTESIAN_POINT('Ctrl Pts',(101.837906702638,0.878231328182417,15.6999999999999));
#11689=CARTESIAN_POINT('Ctrl Pts',(101.837906702638,0.878231328182417,17.6999999999999));
#11690=CARTESIAN_POINT('Ctrl Pts',(101.857493890236,1.3050491103006,15.6999999999999));
#11691=CARTESIAN_POINT('Ctrl Pts',(101.857493890236,1.3050491103006,17.6999999999999));
#11692=CARTESIAN_POINT('',(101.857493890236,1.3050491103006,17.6999999999999));
#11693=CARTESIAN_POINT('',(101.857493890236,1.3050491103006,15.6999999999999));
#11694=CARTESIAN_POINT('',(101.074410451363,-0.781581353299554,17.6999999999999));
#11695=CARTESIAN_POINT('Ctrl Pts',(101.074410451363,-0.781581353299554,
17.6999999999999));
#11696=CARTESIAN_POINT('Ctrl Pts',(101.302351324744,-0.507485906883571,
17.6999999999999));
#11697=CARTESIAN_POINT('Ctrl Pts',(101.801880200298,0.0931899969654237,
17.6999999999999));
#11698=CARTESIAN_POINT('Ctrl Pts',(101.837906702638,0.878231328182417,17.6999999999999));
#11699=CARTESIAN_POINT('Ctrl Pts',(101.857493890236,1.3050491103006,17.6999999999999));
#11700=CARTESIAN_POINT('',(101.074410451363,-0.781581353299554,15.6999999999999));
#11701=CARTESIAN_POINT('Ctrl Pts',(99.4795951971513,-1.34501929198974,15.6999999999999));
#11702=CARTESIAN_POINT('Ctrl Pts',(99.4795951971513,-1.34501929198974,17.6999999999999));
#11703=CARTESIAN_POINT('Ctrl Pts',(99.778503061613,-1.32383533521803,15.6999999999999));
#11704=CARTESIAN_POINT('Ctrl Pts',(99.778503061613,-1.32383533521803,17.6999999999999));
#11705=CARTESIAN_POINT('Ctrl Pts',(100.362557782647,-1.28244268071234,15.6999999999999));
#11706=CARTESIAN_POINT('Ctrl Pts',(100.362557782647,-1.28244268071234,17.6999999999999));
#11707=CARTESIAN_POINT('Ctrl Pts',(100.84088286,-0.945891953705623,15.6999999999999));
#11708=CARTESIAN_POINT('Ctrl Pts',(100.84088286,-0.945891953705623,17.6999999999999));
#11709=CARTESIAN_POINT('Ctrl Pts',(101.074410451363,-0.781581353299554,
15.6999999999999));
#11710=CARTESIAN_POINT('Ctrl Pts',(101.074410451363,-0.781581353299554,
17.6999999999999));
#11711=CARTESIAN_POINT('',(99.4795951971513,-1.34501929198974,17.6999999999999));
#11712=CARTESIAN_POINT('Ctrl Pts',(99.4795951971513,-1.34501929198974,17.6999999999999));
#11713=CARTESIAN_POINT('Ctrl Pts',(99.778503061613,-1.32383533521803,17.6999999999999));
#11714=CARTESIAN_POINT('Ctrl Pts',(100.362557782647,-1.28244268071234,17.6999999999999));
#11715=CARTESIAN_POINT('Ctrl Pts',(100.84088286,-0.945891953705623,17.6999999999999));
#11716=CARTESIAN_POINT('Ctrl Pts',(101.074410451363,-0.781581353299554,
17.6999999999999));
#11717=CARTESIAN_POINT('',(99.4795951971513,-1.34501929198974,15.6999999999999));
#11718=CARTESIAN_POINT('Ctrl Pts',(97.7701816687089,-0.659821580998834,
15.6999999999999));
#11719=CARTESIAN_POINT('Ctrl Pts',(97.7701816687089,-0.659821580998834,
17.6999999999999));
#11720=CARTESIAN_POINT('Ctrl Pts',(98.0116405909926,-0.859633520193052,
15.6999999999999));
#11721=CARTESIAN_POINT('Ctrl Pts',(98.0116405909926,-0.859633520193052,
17.6999999999999));
#11722=CARTESIAN_POINT('Ctrl Pts',(98.5073956720951,-1.26988046068123,15.6999999999999));
#11723=CARTESIAN_POINT('Ctrl Pts',(98.5073956720951,-1.26988046068123,17.6999999999999));
#11724=CARTESIAN_POINT('Ctrl Pts',(99.1499822431707,-1.31954434419565,15.6999999999999));
#11725=CARTESIAN_POINT('Ctrl Pts',(99.1499822431707,-1.31954434419565,17.6999999999999));
#11726=CARTESIAN_POINT('Ctrl Pts',(99.4795951971513,-1.34501929198974,15.6999999999999));
#11727=CARTESIAN_POINT('Ctrl Pts',(99.4795951971513,-1.34501929198974,17.6999999999999));
#11728=CARTESIAN_POINT('',(97.7701816687089,-0.659821580998834,17.6999999999999));
#11729=CARTESIAN_POINT('Ctrl Pts',(97.7701816687089,-0.659821580998834,
17.6999999999999));
#11730=CARTESIAN_POINT('Ctrl Pts',(98.0116405909926,-0.859633520193052,
17.6999999999999));
#11731=CARTESIAN_POINT('Ctrl Pts',(98.5073956720951,-1.26988046068123,17.6999999999999));
#11732=CARTESIAN_POINT('Ctrl Pts',(99.1499822431707,-1.31954434419565,17.6999999999999));
#11733=CARTESIAN_POINT('Ctrl Pts',(99.4795951971513,-1.34501929198974,17.6999999999999));
#11734=CARTESIAN_POINT('',(97.7701816687089,-0.659821580998834,15.6999999999999));
#11735=CARTESIAN_POINT('Ctrl Pts',(97.106470836113,1.23342518890626,15.6999999999999));
#11736=CARTESIAN_POINT('Ctrl Pts',(97.106470836113,1.23342518890626,17.6999999999999));
#11737=CARTESIAN_POINT('Ctrl Pts',(97.1261004268429,0.861276472332709,15.6999999999999));
#11738=CARTESIAN_POINT('Ctrl Pts',(97.1261004268429,0.861276472332709,17.6999999999999));
#11739=CARTESIAN_POINT('Ctrl Pts',(97.1629416938897,0.16281920762742,15.6999999999999));
#11740=CARTESIAN_POINT('Ctrl Pts',(97.1629416938897,0.16281920762742,17.6999999999999));
#11741=CARTESIAN_POINT('Ctrl Pts',(97.5768227645879,-0.39787419945277,15.6999999999999));
#11742=CARTESIAN_POINT('Ctrl Pts',(97.5768227645879,-0.39787419945277,17.6999999999999));
#11743=CARTESIAN_POINT('Ctrl Pts',(97.7701816687089,-0.659821580998834,
15.6999999999999));
#11744=CARTESIAN_POINT('Ctrl Pts',(97.7701816687089,-0.659821580998834,
17.6999999999999));
#11745=CARTESIAN_POINT('',(97.106470836113,1.23342518890626,17.6999999999999));
#11746=CARTESIAN_POINT('Ctrl Pts',(97.106470836113,1.23342518890626,17.6999999999999));
#11747=CARTESIAN_POINT('Ctrl Pts',(97.1261004268429,0.861276472332709,17.6999999999999));
#11748=CARTESIAN_POINT('Ctrl Pts',(97.1629416938897,0.16281920762742,17.6999999999999));
#11749=CARTESIAN_POINT('Ctrl Pts',(97.5768227645879,-0.39787419945277,17.6999999999999));
#11750=CARTESIAN_POINT('Ctrl Pts',(97.7701816687089,-0.659821580998834,
17.6999999999999));
#11751=CARTESIAN_POINT('',(97.106470836113,1.23342518890626,15.6999999999999));
#11752=CARTESIAN_POINT('Ctrl Pts',(97.4001274237138,2.77332966411835,15.6999999999999));
#11753=CARTESIAN_POINT('Ctrl Pts',(97.4001274237138,2.77332966411835,17.6999999999999));
#11754=CARTESIAN_POINT('Ctrl Pts',(97.3147525837342,2.55394133591868,15.6999999999999));
#11755=CARTESIAN_POINT('Ctrl Pts',(97.3147525837342,2.55394133591868,17.6999999999999));
#11756=CARTESIAN_POINT('Ctrl Pts',(97.1225092172329,2.05993220167808,15.6999999999999));
#11757=CARTESIAN_POINT('Ctrl Pts',(97.1225092172329,2.05993220167808,17.6999999999999));
#11758=CARTESIAN_POINT('Ctrl Pts',(97.112201127011,1.52872466938543,15.6999999999999));
#11759=CARTESIAN_POINT('Ctrl Pts',(97.112201127011,1.52872466938543,17.6999999999999));
#11760=CARTESIAN_POINT('Ctrl Pts',(97.106470836113,1.23342518890626,15.6999999999999));
#11761=CARTESIAN_POINT('Ctrl Pts',(97.106470836113,1.23342518890626,17.6999999999999));
#11762=CARTESIAN_POINT('',(97.4001274237138,2.77332966411835,17.6999999999999));
#11763=CARTESIAN_POINT('Ctrl Pts',(97.4001274237138,2.77332966411835,17.6999999999999));
#11764=CARTESIAN_POINT('Ctrl Pts',(97.3147525837342,2.55394133591868,17.6999999999999));
#11765=CARTESIAN_POINT('Ctrl Pts',(97.1225092172329,2.05993220167808,17.6999999999999));
#11766=CARTESIAN_POINT('Ctrl Pts',(97.112201127011,1.52872466938543,17.6999999999999));
#11767=CARTESIAN_POINT('Ctrl Pts',(97.106470836113,1.23342518890626,17.6999999999999));
#11768=CARTESIAN_POINT('',(97.4001274237138,2.77332966411835,15.6999999999999));
#11769=CARTESIAN_POINT('Ctrl Pts',(98.2548329958421,3.64474837864167,15.6999999999999));
#11770=CARTESIAN_POINT('Ctrl Pts',(98.2548329958421,3.64474837864167,17.6999999999999));
#11771=CARTESIAN_POINT('Ctrl Pts',(98.0791213504948,3.53115862639764,15.6999999999999));
#11772=CARTESIAN_POINT('Ctrl Pts',(98.0791213504948,3.53115862639764,17.6999999999999));
#11773=CARTESIAN_POINT('Ctrl Pts',(97.7288585619054,3.30472933482993,15.6999999999999));
#11774=CARTESIAN_POINT('Ctrl Pts',(97.7288585619054,3.30472933482993,17.6999999999999));
#11775=CARTESIAN_POINT('Ctrl Pts',(97.5094621660107,2.95007119938496,15.6999999999999));
#11776=CARTESIAN_POINT('Ctrl Pts',(97.5094621660107,2.95007119938496,17.6999999999999));
#11777=CARTESIAN_POINT('Ctrl Pts',(97.4001274237138,2.77332966411835,15.6999999999999));
#11778=CARTESIAN_POINT('Ctrl Pts',(97.4001274237138,2.77332966411835,17.6999999999999));
#11779=CARTESIAN_POINT('',(98.2548329958421,3.64474837864167,17.6999999999999));
#11780=CARTESIAN_POINT('Ctrl Pts',(98.2548329958421,3.64474837864167,17.6999999999999));
#11781=CARTESIAN_POINT('Ctrl Pts',(98.0791213504948,3.53115862639764,17.6999999999999));
#11782=CARTESIAN_POINT('Ctrl Pts',(97.7288585619054,3.30472933482993,17.6999999999999));
#11783=CARTESIAN_POINT('Ctrl Pts',(97.5094621660107,2.95007119938496,17.6999999999999));
#11784=CARTESIAN_POINT('Ctrl Pts',(97.4001274237138,2.77332966411835,17.6999999999999));
#11785=CARTESIAN_POINT('',(98.2548329958421,3.64474837864167,15.6999999999999));
#11786=CARTESIAN_POINT('Ctrl Pts',(99.4795951971513,3.9551169165445,15.6999999999999));
#11787=CARTESIAN_POINT('Ctrl Pts',(99.4795951971513,3.9551169165445,17.6999999999999));
#11788=CARTESIAN_POINT('Ctrl Pts',(99.2634989180384,3.9426599503869,15.6999999999999));
#11789=CARTESIAN_POINT('Ctrl Pts',(99.2634989180384,3.9426599503869,17.6999999999999));
#11790=CARTESIAN_POINT('Ctrl Pts',(98.8351866473081,3.91796969897085,15.6999999999999));
#11791=CARTESIAN_POINT('Ctrl Pts',(98.8351866473081,3.91796969897085,17.6999999999999));
#11792=CARTESIAN_POINT('Ctrl Pts',(98.4471122954052,3.73527043181719,15.6999999999999));
#11793=CARTESIAN_POINT('Ctrl Pts',(98.4471122954052,3.73527043181719,17.6999999999999));
#11794=CARTESIAN_POINT('Ctrl Pts',(98.2548329958421,3.64474837864167,15.6999999999999));
#11795=CARTESIAN_POINT('Ctrl Pts',(98.2548329958421,3.64474837864167,17.6999999999999));
#11796=CARTESIAN_POINT('',(99.4795951971513,3.9551169165445,17.6999999999999));
#11797=CARTESIAN_POINT('Ctrl Pts',(99.4795951971513,3.9551169165445,17.6999999999999));
#11798=CARTESIAN_POINT('Ctrl Pts',(99.2634989180384,3.9426599503869,17.6999999999999));
#11799=CARTESIAN_POINT('Ctrl Pts',(98.8351866473081,3.91796969897085,17.6999999999999));
#11800=CARTESIAN_POINT('Ctrl Pts',(98.4471122954052,3.73527043181719,17.6999999999999));
#11801=CARTESIAN_POINT('Ctrl Pts',(98.2548329958421,3.64474837864167,17.6999999999999));
#11802=CARTESIAN_POINT('',(99.4795951971513,3.9551169165445,15.6999999999999));
#11803=CARTESIAN_POINT('Ctrl Pts',(101.200945151756,3.27230637157685,15.6999999999999));
#11804=CARTESIAN_POINT('Ctrl Pts',(101.200945151756,3.27230637157685,17.6999999999999));
#11805=CARTESIAN_POINT('Ctrl Pts',(100.959567126709,3.47139960807592,15.6999999999999));
#11806=CARTESIAN_POINT('Ctrl Pts',(100.959567126709,3.47139960807592,17.6999999999999));
#11807=CARTESIAN_POINT('Ctrl Pts',(100.460336548434,3.88317458870496,15.6999999999999));
#11808=CARTESIAN_POINT('Ctrl Pts',(100.460336548434,3.88317458870496,17.6999999999999));
#11809=CARTESIAN_POINT('Ctrl Pts',(99.8136227972409,3.9306143062674,15.6999999999999));
#11810=CARTESIAN_POINT('Ctrl Pts',(99.8136227972409,3.9306143062674,17.6999999999999));
#11811=CARTESIAN_POINT('Ctrl Pts',(99.4795951971513,3.9551169165445,15.6999999999999));
#11812=CARTESIAN_POINT('Ctrl Pts',(99.4795951971513,3.9551169165445,17.6999999999999));
#11813=CARTESIAN_POINT('',(101.200945151756,3.27230637157685,17.6999999999999));
#11814=CARTESIAN_POINT('Ctrl Pts',(101.200945151756,3.27230637157685,17.6999999999999));
#11815=CARTESIAN_POINT('Ctrl Pts',(100.959567126709,3.47139960807592,17.6999999999999));
#11816=CARTESIAN_POINT('Ctrl Pts',(100.460336548434,3.88317458870496,17.6999999999999));
#11817=CARTESIAN_POINT('Ctrl Pts',(99.8136227972409,3.9306143062674,17.6999999999999));
#11818=CARTESIAN_POINT('Ctrl Pts',(99.4795951971513,3.9551169165445,17.6999999999999));
#11819=CARTESIAN_POINT('',(101.200945151756,3.27230637157685,15.6999999999999));
#11820=CARTESIAN_POINT('Ctrl Pts',(101.857493890236,1.3050491103006,15.6999999999999));
#11821=CARTESIAN_POINT('Ctrl Pts',(101.857493890236,1.3050491103006,17.6999999999999));
#11822=CARTESIAN_POINT('Ctrl Pts',(101.840624501403,1.69639490685535,15.6999999999999));
#11823=CARTESIAN_POINT('Ctrl Pts',(101.840624501403,1.69639490685535,17.6999999999999));
#11824=CARTESIAN_POINT('Ctrl Pts',(101.809506401762,2.41829050197218,15.6999999999999));
#11825=CARTESIAN_POINT('Ctrl Pts',(101.809506401762,2.41829050197218,17.6999999999999));
#11826=CARTESIAN_POINT('Ctrl Pts',(101.392080767733,3.00407889358878,15.6999999999999));
#11827=CARTESIAN_POINT('Ctrl Pts',(101.392080767733,3.00407889358878,17.6999999999999));
#11828=CARTESIAN_POINT('Ctrl Pts',(101.200945151756,3.27230637157685,15.6999999999999));
#11829=CARTESIAN_POINT('Ctrl Pts',(101.200945151756,3.27230637157685,17.6999999999999));
#11830=CARTESIAN_POINT('Ctrl Pts',(101.857493890236,1.3050491103006,17.6999999999999));
#11831=CARTESIAN_POINT('Ctrl Pts',(101.840624501403,1.69639490685535,17.6999999999999));
#11832=CARTESIAN_POINT('Ctrl Pts',(101.809506401762,2.41829050197218,17.6999999999999));
#11833=CARTESIAN_POINT('Ctrl Pts',(101.392080767733,3.00407889358878,17.6999999999999));
#11834=CARTESIAN_POINT('Ctrl Pts',(101.200945151756,3.27230637157685,17.6999999999999));
#11835=CARTESIAN_POINT('Origin',(69.6603597679835,1.30982374037034,17.6999999999999));
#11836=CARTESIAN_POINT('Origin',(24.7293810375411,40.9886482291694,15.7));
#11837=CARTESIAN_POINT('Origin',(68.729381037541,23.9886482291695,-19.3000000000001));
#11838=CARTESIAN_POINT('',(112.729381037541,46.9886482291695,-19.3000000000001));
#11839=CARTESIAN_POINT('',(112.729381037541,-5.00035177083055,-19.3000000000001));
#11840=CARTESIAN_POINT('',(112.729381037541,45.9886482291695,-19.3000000000001));
#11841=CARTESIAN_POINT('',(108.729381037541,-5.00035177083056,-19.3000000000001));
#11842=CARTESIAN_POINT('',(90.729381037541,-5.00035177083055,-19.3000000000001));
#11843=CARTESIAN_POINT('',(108.729381037541,46.9886482291695,-19.3000000000001));
#11844=CARTESIAN_POINT('',(108.729381037541,41.9886482291695,-19.3000000000001));
#11845=CARTESIAN_POINT('',(88.729381037541,46.9886482291695,-19.3000000000001));
#11846=CARTESIAN_POINT('Origin',(28.7293810375411,40.9886482291695,-19.3000000000001));
#11847=CARTESIAN_POINT('',(24.729381037541,-5.00035177083062,-19.3000000000001));
#11848=CARTESIAN_POINT('',(24.729381037541,46.9886482291695,-19.3000000000001));
#11849=CARTESIAN_POINT('',(24.7293810375411,40.9886482291694,-19.3000000000001));
#11850=CARTESIAN_POINT('',(28.729381037541,46.9886482291695,-19.3000000000001));
#11851=CARTESIAN_POINT('',(88.729381037541,46.9886482291695,-19.3000000000001));
#11852=CARTESIAN_POINT('',(28.729381037541,-5.00035177083062,-19.3000000000001));
#11853=CARTESIAN_POINT('',(28.729381037541,40.9886482291694,-19.3000000000001));
#11854=CARTESIAN_POINT('',(90.729381037541,-5.00035177083055,-19.3000000000001));
#11855=CARTESIAN_POINT('Origin',(29.3558816380215,40.9886482291694,15.7));
#11856=CARTESIAN_POINT('',(108.102880437061,40.9886482291695,11.6999999999998));
#11857=CARTESIAN_POINT('',(108.102880437061,40.9886482291695,11.6999999999998));
#11858=CARTESIAN_POINT('',(29.3558816380215,40.9886482291694,11.7));
#11859=CARTESIAN_POINT('',(29.3558816380215,40.9886482291694,11.7));
#11860=CARTESIAN_POINT('',(29.3558816380215,40.9886482291694,11.7));
#11861=CARTESIAN_POINT('Origin',(108.729381037541,46.9886482291695,11.6999999999999));
#11862=CARTESIAN_POINT('',(112.729381037541,46.9886482291695,11.6999999999999));
#11863=CARTESIAN_POINT('',(108.729381037541,46.9886482291695,11.6999999999999));
#11864=CARTESIAN_POINT('',(108.729381037541,46.9886482291695,-18.3000000000001));
#11865=CARTESIAN_POINT('',(28.729381037541,46.9886482291694,11.7));
#11866=CARTESIAN_POINT('',(88.729381037541,46.9886482291695,11.6999999999999));
#11867=CARTESIAN_POINT('',(28.729381037541,46.9886482291694,11.6999999999999));
#11868=CARTESIAN_POINT('',(24.729381037541,46.9886482291695,-18.3000000000001));
#11869=CARTESIAN_POINT('Origin',(24.7293810375411,40.9886482291694,15.7));
#11870=CARTESIAN_POINT('Origin',(106.229381037541,8.48864822916944,11.6999999999998));
#11871=CARTESIAN_POINT('',(108.629381037541,8.48864822916944,11.6999999999998));
#11872=CARTESIAN_POINT('',(108.629381037541,8.48864822916944,11.6999999999998));
#11873=CARTESIAN_POINT('Origin',(106.229381037541,8.48864822916944,11.6999999999998));
#11874=CARTESIAN_POINT('Origin',(31.229381037541,8.48864822916938,11.6999999999999));
#11875=CARTESIAN_POINT('',(33.629381037541,8.48864822916938,11.6999999999999));
#11876=CARTESIAN_POINT('',(33.629381037541,8.48864822916938,11.6999999999999));
#11877=CARTESIAN_POINT('Origin',(31.229381037541,8.48864822916938,11.6999999999999));
#11878=CARTESIAN_POINT('Origin',(105.379381037541,16.8886482291694,15.9999999999999));
#11879=CARTESIAN_POINT('',(105.379381037541,37.2442106604232,11.6999999999998));
#11880=CARTESIAN_POINT('',(105.379381037541,37.2442106604232,11.6999999999998));
#11881=CARTESIAN_POINT('',(105.379381037541,13.0853319201739,11.6999999999998));
#11882=CARTESIAN_POINT('',(105.379381037541,20.4386482291694,11.6999999999998));
#11883=CARTESIAN_POINT('',(105.379381037541,13.0853319201739,15.8499999999999));
#11884=CARTESIAN_POINT('Origin',(68.729381037541,11.0886482291694,17.9999999999999));
#11885=CARTESIAN_POINT('',(105.36613765171,11.0886482291695,11.6999999999998));
#11886=CARTESIAN_POINT('',(105.36613765171,11.0886482291695,16.8499999999999));
#11887=CARTESIAN_POINT('',(34.073705470182,11.0886482291694,11.6999999999999));
#11888=CARTESIAN_POINT('',(68.729381037541,11.0886482291694,11.6999999999999));
#11889=CARTESIAN_POINT('',(34.0737054701823,11.0886482291694,16.8500000000008));
#11890=CARTESIAN_POINT('Origin',(32.079381037541,34.0886482291694,15.9999999999999));
#11891=CARTESIAN_POINT('',(32.079381037541,37.2442106604231,11.7));
#11892=CARTESIAN_POINT('',(32.079381037541,37.2442106604231,11.7));
#11893=CARTESIAN_POINT('',(32.079381037541,11.1112868037134,11.6999999999999));
#11894=CARTESIAN_POINT('',(32.079381037541,11.1112868037134,15.8499999999999));
#11895=CARTESIAN_POINT('',(32.079381037541,29.0386482291694,11.7));
#11896=CARTESIAN_POINT('Origin',(34.0680302684534,11.088712651224,15.6999999999999));
#11897=CARTESIAN_POINT('',(51.3232653909723,10.8928398432685,11.6999999999999));
#11898=CARTESIAN_POINT('Origin',(105.379359041972,13.0820156841176,15.6999999999999));
#11899=CARTESIAN_POINT('',(105.414721484018,18.413553419933,11.6999999999998));
#11900=CARTESIAN_POINT('Origin',(108.729381037541,5.98864822916944,11.6999999999999));
#11901=CARTESIAN_POINT('',(108.729381037541,-5.00035177083056,11.6999999999999));
#11902=CARTESIAN_POINT('',(108.729381037541,-5.00035177083055,11.6999999999999));
#11903=CARTESIAN_POINT('',(108.729381037541,9.98864822916944,11.6999999999999));
#11904=CARTESIAN_POINT('Origin',(112.729381037541,-5.00035177083062,11.6999999999999));
#11905=CARTESIAN_POINT('',(28.729381037541,-5.00035177083062,11.6999999999999));
#11906=CARTESIAN_POINT('',(28.729381037541,-5.00035177083062,-18.3000000000001));
#11907=CARTESIAN_POINT('',(48.729381037541,-5.00035177083061,11.6999999999999));
#11908=CARTESIAN_POINT('',(112.729381037541,-5.00035177083055,-18.3000000000001));
#11909=CARTESIAN_POINT('',(24.729381037541,-5.00035177083063,11.6999999999999));
#11910=CARTESIAN_POINT('Origin',(106.229381037541,39.4886482291695,11.6999999999998));
#11911=CARTESIAN_POINT('Origin',(106.229381037541,39.4886482291695,11.6999999999998));
#11912=CARTESIAN_POINT('Origin',(112.729381037541,5.98864822916943,11.6999999999998));
#11913=CARTESIAN_POINT('Origin',(31.229381037541,39.4886482291694,11.7));
#11914=CARTESIAN_POINT('Origin',(31.229381037541,39.4886482291694,11.7));
#11915=CARTESIAN_POINT('Origin',(29.3558816380215,40.9886482291694,11.7));
#11916=CARTESIAN_POINT('',(28.729381037541,16.9886482291694,11.7));
#11917=CARTESIAN_POINT('Origin',(24.7293810375411,40.9886482291695,-18.3000000000001));
#11918=CARTESIAN_POINT('Origin',(28.7293810375411,40.9886482291694,11.7));
#11919=UNCERTAINTY_MEASURE_WITH_UNIT(LENGTH_MEASURE(0.01),#11923,
'DISTANCE_ACCURACY_VALUE',
'Maximum model space distance between geometric entities at asserted c
onnectivities');
#11920=UNCERTAINTY_MEASURE_WITH_UNIT(LENGTH_MEASURE(0.01),#11923,
'DISTANCE_ACCURACY_VALUE',
'Maximum model space distance between geometric entities at asserted c
onnectivities');
#11921=(
GEOMETRIC_REPRESENTATION_CONTEXT(3)
GLOBAL_UNCERTAINTY_ASSIGNED_CONTEXT((#11919))
GLOBAL_UNIT_ASSIGNED_CONTEXT((#11923,#11925,#11926))
REPRESENTATION_CONTEXT('','3D')
);
#11922=(
GEOMETRIC_REPRESENTATION_CONTEXT(3)
GLOBAL_UNCERTAINTY_ASSIGNED_CONTEXT((#11920))
GLOBAL_UNIT_ASSIGNED_CONTEXT((#11923,#11925,#11926))
REPRESENTATION_CONTEXT('','3D')
);
#11923=(
LENGTH_UNIT()
NAMED_UNIT(*)
SI_UNIT(.MILLI.,.METRE.)
);
#11924=(
LENGTH_UNIT()
NAMED_UNIT(*)
SI_UNIT($,.METRE.)
);
#11925=(
NAMED_UNIT(*)
PLANE_ANGLE_UNIT()
SI_UNIT($,.RADIAN.)
);
#11926=(
NAMED_UNIT(*)
SI_UNIT($,.STERADIAN.)
SOLID_ANGLE_UNIT()
);
#11927=SHAPE_DEFINITION_REPRESENTATION(#11928,#11929);
#11928=PRODUCT_DEFINITION_SHAPE('',$,#11931);
#11929=SHAPE_REPRESENTATION('',(#6035),#11921);
#11930=PRODUCT_DEFINITION_CONTEXT('part definition',#11935,'design');
#11931=PRODUCT_DEFINITION('Lid','Lid',#11932,#11930);
#11932=PRODUCT_DEFINITION_FORMATION('',$,#11937);
#11933=PRODUCT_RELATED_PRODUCT_CATEGORY('Lid','Lid',(#11937));
#11934=APPLICATION_PROTOCOL_DEFINITION('international standard',
'automotive_design',2009,#11935);
#11935=APPLICATION_CONTEXT(
'Core Data for Automotive Mechanical Design Process');
#11936=PRODUCT_CONTEXT('part definition',#11935,'mechanical');
#11937=PRODUCT('Lid','Lid',$,(#11936));
#11938=PRESENTATION_STYLE_ASSIGNMENT((#11939));
#11939=SURFACE_STYLE_USAGE(.BOTH.,#11940);
#11940=SURFACE_SIDE_STYLE('',(#11941));
#11941=SURFACE_STYLE_FILL_AREA(#11942);
#11942=FILL_AREA_STYLE('Steel - Satin',(#11943));
#11943=FILL_AREA_STYLE_COLOUR('Steel - Satin',#11944);
#11944=COLOUR_RGB('Steel - Satin',0.627450980392157,0.627450980392157,0.627450980392157);
ENDSEC;
END-ISO-10303-21;
